:020000040800F2
:1000000000000220353B0008B5340008B934000870
:10001000BD340008C1340008C534000800000000E9
:10002000000000000000000000000000C9340008CB
:10003000CD34000800000000D1340008D534000899
:10004000853B0008853B0008853B0008853B000890
:10005000853B0008853B0008853B0008853B000880
:10006000853B0008853B0008853B0008D934000823
:10007000E5340008F1340008853B0008853B0008A2
:10008000853B0008853B0008853B0008853B000850
:10009000FD340008853B0008853B0008853B0008CF
:1000A000853B0008853B0008853B0008853B000830
:1000B000093500081535000821350008853B000882
:1000C000853B0008853B0008853B0008853B000810
:1000D000853B00082D350008853B000839350008B0
:1000E000853B0008853B0008853B0008853B0008F0
:1000F000853B0008853B0008853B0008853B0008E0
:10010000853B0008853B0008853B0008853B0008CF
:10011000853B0008853B0008853B0008853B0008BF
:10012000853B0008853B0008853B0008853B0008AF
:10013000853B0008853B0008853B0008853B00089F
:10014000853B0008853B0008853B0008853B00088F
:1001500045350008853B0008853B0008853B0008C5
:10016000853B0008853B0008853B0008853B00086F
:10017000853B0008853B0008853B0008853B00085F
:10018000853B0008853B0008853B0008853B00084F
:10019000853B000800000000853B0008853B000807
:1001A000853B0008853B0008853B0008853B00082F
:1001B000853B0008853B0008853B0008853B00081F
:1001C000853B0008853B0008853B0008853B00080F
:0801D000853B0008853B000897
:100200000348044B834202D0034B03B118477047A5
:10021000AC020020AC020020000000000548064BA4
:100220001B1AD90F01EBA301491002D0034B03B1F4
:1002300018477047AC020020AC020020000000000C
:1002400010B5064C237843B9FFF7DAFF044B13B11E
:100250000448AFF300800123237010BDB0020020DA
:10026000000000006CC7000808B5044B1BB104492E
:100270000448AFF30080BDE80840CFE7000000006D
:10028000B40200206CC7000853B94AB9002908BF5E
:1002900000281CBF4FF0FF314FF0FF3000F06AB96B
:1002A000ADF1080C6DE904CE00F006F8DDF804E0CD
:1002B000DDE9022304B070472DE9F047089D0E46A2
:1002C00004460F46002B4AD194468C45B2FA82F27E
:1002D00060D942B1C2F12003974020FA03F30CFA2F
:1002E00002FC1F4394404FEA1C4E1FFA8CF6B7FBEA
:1002F000FEF1230C0EFB117743EA074301FB06F0E6
:1003000098420AD91CEB030301F1FF3780F01581F5
:10031000984240F21281023963441B1AA4B2B3FB23
:10032000FEF00EFB103344EA034400FB06F6A6423F
:100330000AD91CEB040400F1FF3380F00081A642CF
:1003400040F2FD806444023840EA0140A41B0021D1
:100350001DB1D4400023C5E90043BDE8F0878B42BE
:1003600005D90DB1C5E9000100210846F5E7B3FA4A
:1003700083F1002946D1B34202D3824200F2F580D4
:10038000841A66EB030201201746002DE5D0C5E96B
:100390000047E2E7002A40F09380A1EB0C034FEA0C
:1003A0001C471FFA8CFE0121B3FBF7F607FB163042
:1003B000230C43EA00430EFB06F0984208D91CEBDD
:1003C000030306F1FF3802D2984200F2D08046467D
:1003D0001B1AA4B2B3FBF7F007FB103344EA034443
:1003E0000EFB00FEA64508D91CEB040400F1FF3308
:1003F00002D2A64500F2B6801846A4EB0E0440EAED
:100400000640A5E7C1F120078B4022FA07FC4CEA21
:10041000030C06FA01FE20FA07F426FA07F344EA71
:100420000E0400FA01F84FEA1C404FEA1449B3FBEE
:10043000F0FE1FFA8CF600FB1E3349EA03430EFB65
:1004400006F9994502FA01F20BD91CEB03030EF1F0
:10045000FF3A80F08580994540F28280AEF1020E2D
:100460006344A3EB0909A4B2B9FBF0F300FB1399B1
:1004700044EA094403FB06F6A64208D91CEB04042F
:1004800003F1FF3068D2A64266D9023B644443EAD6
:100490000E40A41BA0FB02E6B4427346B14652D301
:1004A0004FD05DB1B8EB030264EB090404FA07F71F
:1004B00022FA01F31F43CC40C5E9007400214CE748
:1004C000C2F1200120FA01F30CFA02FC26FA01F134
:1004D000964033434FEA1C471FFA8CFEB1FBF7F0FE
:1004E00007FB1016190C41EA064100FB0EF68E427E
:1004F00004FA02F408D91CEB010100F1FF382DD2F7
:100500008E422BD902386144891B9BB2B1FBF7F6AE
:1005100007FB161143EA014306FB0EF1994208D985
:100520001CEB030306F1FF3814D2994212D9023EA4
:1005300063445B1A46EA004136E73946EDE6184661
:1005400002E7F045ADD2BEEB020366EB0C060138C4
:10055000B146A6E74646ECE7034698E74046D3E7B0
:10056000D6467EE76444023847E708460DE7023E78
:1005700063442DE7704700BF00000000000000004A
:1005800030B490F800F020F007016FF0000C10F08C
:10059000070491F820F040F048804FF000046FF01D
:1005A0000700D1E9002391F840F000F1080082FA39
:1005B0004CF2A4FA8CF283FA4CF3A2FA8CF34BBB04
:1005C000D1E9022382FA4CF200F10800A4FA8CF27D
:1005D00083FA4CF3A2FA8CF3E3B9D1E9042382FA4B
:1005E0004CF200F10800A4FA8CF283FA4CF3A2FA60
:1005F0008CF37BB9D1E9062301F1200182FA4CF298
:1006000000F10800A4FA8CF283FA4CF3A2FA8CF3FE
:10061000002BC6D0002A04BF04301A4612BAB2FA20
:1006200082F200EBD20030BC7047D1E9002304F025
:100630000305C4F100004FEAC50514F0040F91F85A
:1006400040F00CFA05F562EA05021CBF63EA0503F7
:1006500062464FF00004AAE7830730B547D0541E26
:10066000002A3ED0CAB2034601E0013C39D303F868
:10067000012B9D07F9D1032C2CD9CDB205EB052513
:100680000F2C05EB054535D9A4F1100222F00F0C13
:1006900003F1100EE6444FEA121C1A46C2E9005557
:1006A000C2E9025510327245F8D10CF1010214F082
:1006B0000C0F03EB021204F00F0C13D0ACF1040387
:1006C00023F003030433134442F8045B9342FBD149
:1006D0000CF003042CB1C9B21C4403F8011BA34263
:1006E000FBD130BD64461346002CF4D1F9E7034634
:1006F0001446C0E71A46A446E0E700BF88420ED978
:100700008B1883420BD900EB020C002A6ED0624694
:1007100013F801CD02F801CD9942F9D170470F2AA3
:100720000FD8034602F1FF3C002A5FD00CF1010C08
:10073000013B8C4411F8012B03F8012F6145F9D1DD
:10074000704740EA01039B0751D1A2F1100370B535
:1007500001F1200C23F00F0501F1100E00F110043F
:10076000AC441B095EF8105C44F8105C5EF80C5C4D
:1007700044F80C5C5EF8085C44F8085C5EF8045CC5
:1007800044F8045C0EF1100EE64504F11004E9D1C2
:10079000013312F00C0F01EB031102F00F0400EB18
:1007A000031328D0043C24F003064FEA940C1E44A3
:1007B0001C1F8E465EF8045B44F8045FB442F9D116
:1007C0000CF1010402F0030203EB840301EB84014A
:1007D00002F1FF3C4AB10CF1010C013B8C4411F8D1
:1007E000012B03F8012F6145F9D170BD704702F16B
:1007F000FF3C03469AE72246EAE700BF014B186830
:10080000704700BF00000020844641EA000313F057
:1008100003036DD1403A41D351F8043B40F8043B07
:1008200051F8043B40F8043B51F8043B40F8043BCA
:1008300051F8043B40F8043B51F8043B40F8043BBA
:1008400051F8043B40F8043B51F8043B40F8043BAA
:1008500051F8043B40F8043B51F8043B40F8043B9A
:1008600051F8043B40F8043B51F8043B40F8043B8A
:1008700051F8043B40F8043B51F8043B40F8043B7A
:1008800051F8043B40F8043B51F8043B40F8043B6A
:1008900051F8043B40F8043B403ABDD2303211D30A
:1008A00051F8043B40F8043B51F8043B40F8043B4A
:1008B00051F8043B40F8043B51F8043B40F8043B3A
:1008C000103AEDD20C3205D351F8043B40F8043B0A
:1008D000043AF9D2043208D0D2071CBF11F8013B08
:1008E00000F8013B01D30B8803806046704700BFCE
:1008F000082A13D38B078DD010F003038AD0C3F1DD
:100900000403D21ADB071CBF11F8013B00F8013BBE
:1009100080D331F8023B20F8023B7BE7043AD9D37D
:10092000013A11F8013B00F8013BF9D20B78037052
:100930004B7843708B7883706046704770B50F4B6F
:100940000F4DAB42A3EB050607D0B610002455F8B7
:10095000043B01349847A642F9D80BF007FF094D34
:10096000094B5E1BAB424FEAA60606D0002455F8A1
:10097000043B01349847A642F9D870BD1CC9000851
:100980001CC900081CC9000824C90008002301462E
:100990001A46184600F014B838B5074D074C2C1B02
:1009A000A41005D0013C55F8043D9847002CF9D11E
:1009B000BDE838400BF0E0BE28C9000824C9000893
:1009C00070B4164D2C681CB365681F2D23DC38B934
:1009D000AB1C0135656044F82310002070BC7047E3
:1009E00004EB850C0228CCF88820D4F888614FF0FD
:1009F000010202FA05F246EA0206C4F88861CCF860
:100A00000831E5D1D4F88C311343C4F88C31DFE7D9
:100A1000034C2C60D8E74FF0FF30DFE708040020DC
:100A20000C04002008B52DED028BB0EE408A00F0DA
:100A30002FF8B4EE488AF1EE10FA0FD6B5EEC08A60
:100A4000F1EE10FA0ADCB5EE408AF1EE10FA08D1A8
:100A5000FFF7D4FE22239FED090A0360BDEC028B51
:100A600008BDFFF7CBFEBDEC028B034621221A60C6
:100A70000348BDE8084000F005B800BF000080FF53
:100A8000D0C700089FED010A704700BF0000C07F7B
:100A900010EE102A32F000432FD0002A134633DB29
:100AA000B2F1FF4F40DAB2F5000F34DB4FF0000C2B
:100AB0006448C3F31601084400F4000282F07E5239
:100AC0000A43DB1500EE102A7F3B5F4A634401F1C5
:100AD0000F0CF7EE007A0CEA020230EE670A03EB25
:100AE000D05322BBB5EE400AF1EE10FA62D1002BD2
:100AF00040F090809FED550A70479FED557ADFEDED
:100B0000537A87EE270A704770EE407A9FED4F7A4E
:100B100087EE870A7047DFED4F7A60EE277A6FF035
:100B2000180C17EE903AC3E730EE000A7047F0EE6B
:100B3000007A70EE277A07EE103A80EE274A464890
:100B4000C1F55712084402F522720243002A9FEDB4
:100B5000433ADFED434ADFED435ADFED433A9FED81
:100B6000435ADFED437ADFED436A24EE046AF8EE80
:100B7000C72A26EE067AE7EE034AA7EE235AE4EEEA
:100B8000875AE5EE076AE5EE877A67EE867AE6EE43
:100B9000877A2ADDB6EE007A20EE077A27EE007A11
:100BA00077EE877A67EE847A3BBB37EE677A30EE72
:100BB000470A70479FED307AF6EE007AE0EE477A0A
:100BC00020EE007A27EE277A002BF0D007EE903A3D
:100BD0009FED2A6ADFED2A6AF8EEE77AA7EEC67A79
:100BE00037EE400A97EEA60A704770EE677A67EE16
:100BF000847AE3B930EE670A70479FED206ADFED33
:100C0000206AE2EE867A37EE677A37EE400A92EE95
:100C1000A60A704707EE903A9FED180A9FED187AE2
:100C2000F8EEE77A27EE800AA7EE870A7047DFED35
:100C3000136A9FED137AE2EEE67A37EEC00A92EE7F
:100C4000870A704720FB4A00F0FF7F000000000089
:100C5000000000CC0000004C305CCFFF9788173EAE
:100C600025333A3E2549923E4FD01C3E298E633EA5
:100C7000ABAA2A3FCDCCCC3EABAAAA3ED1F71737C0
:100C80008071313F594BD3ED167A93ED177AF4EE1C
:100C9000C07AF1EE10FA30B408DCB4EEC07AF1EEAE
:100CA00010FA8CBFF0EE407AF0EE477A504991F896
:100CB0003330C1ED097A022B50D0032B29D0012B00
:100CC00071D1B7EE007A77EE677A9FED4A7A67EED8
:100CD000877AFCEEE77A17EE903A9BB2B3F5E16FB4
:100CE00075D307EE903A9FED447AF8EE677AF4EE0A
:100CF000C77AF1EE10FA88BFF0EE477AFCEEE77A99
:100D000017EE903A9AB2104655084FF48274234673
:100D100051E09FED387A67EE877AFCEEE77A17EEBE
:100D2000903A9BB2B3F5827F5BD307EE903A9FED8A
:100D3000337AF8EE677AF4EEC77AF1EE10FA88BFEC
:100D4000F0EE477AFCEEE77A17EE903A9BB21C463B
:100D500041F2707040F6B83502462CE09FED257ADE
:100D600067EE877AFCEEE77A17EE903A9BB2B3F51E
:100D7000827F32D307EE903A9FED207AF8EE677AC1
:100D8000F4EEC77AF1EE10FA88BFF0EE477AFCEE87
:100D9000E77A17EE903A9BB21C464FF4E1604FF4AD
:100DA0006175024607E04FF4827447F2305043F613
:100DB000982523460246CB85114B8A851B68C3F8CC
:100DC0009C00C3F8A850C3F81C4230BC70474FF4D5
:100DD000E1604FF46175024697E74FF48274234651
:100DE000DBE74FF482742346B2E700BFE40500203E
:100DF000AC0500200060EA460058E8460050DC469A
:100E0000180A002030B56C4C6C4D9DB03822002182
:100E10002046FFF721FC28463C220021FFF71CFC5E
:100E2000674B684845F81C0C45F8143C1C3D664B64
:100E30002B61EB63654BAB65654BEB65654BAB615C
:100E4000654B2B62654B66496B62664BE9604FF000
:100E5000824065496B60654B68640122644829647F
:100E60006B612021634BAB6384F8342004F002FAF9
:100E70005F480022102104F0FDF95D48002208219E
:100E800004F0F8F900225C48042104F0F3F97F2112
:100E90005A4803F019FD7F21594803F015FD7F21C1
:100EA000584803F011FD04225749544803F048FC08
:100EB0004FF40031554805F083F84FF48011534842
:100EC00005F066F8524808F063F8524808F060F8F8
:100ED000514808F05DF80821504808F03BF901F04E
:100EE000F3FB6C22002001A901F008FC00283ED190
:100EF0004B494FF6FF7301A80DF16C0C10F8012B54
:100F0000534043F300020A4082EA530242F30003D3
:100F10000B40C2F34E02534043F300020A40C3F3B6
:100F20004E035A4042F300030B40C2F34E025340BB
:100F300043F300020A40C3F34E035A4042F3000356
:100F40000B40C2F34E02534043F300020A40C3F386
:100F50004E035A4042F300030B40C2F34E0253408B
:100F600060459BB2CAD12F4A019991420ED003210C
:100F7000264804F0F3FFC021244804F0EFFF2A4B79
:100F8000E3621DB0BDE8304001F046B8BDF808206E
:100F9000012AECD1BDF86C209342E8D123486022AD
:100FA00003A9FFF731FC0023EB622B636B63EB6457
:100FB0002B656B65DBE700BFAC0500200006002059
:100FC0000000A04200004041000020410AD7A33C9D
:100FD000D7A3703F000010429A99193F00000C42BD
:100FE00000000442000040400AD7A33D0000C0407A
:100FF00000040048000020C1000C0048A80900209F
:101000003C090020D008002044060020180A0020D7
:10101000480D0020F80C0020A80C0020580C0020DF
:1010200001A0FFFF5257504430750401E405002031
:10103000B64AB749136810B50133B64C8B422DED53
:10104000028B94ED008A00F2F181B0EE482A136021
:10105000B14AB24BB2F804C0D18859801088518887
:101060009880D9809188D0889FEDAD4ADFEDAD2A78
:10107000D3ED027AD3ED046A9FEDAB3A93ED035AB8
:1010800093ED057ADFEDA93ADFEDA94AA3F800C098
:1010900080B289B206EE100A05EE901A11885288C5
:1010A000B8EE466AB0EE441A92B2A6EE221A89B29F
:1010B00006EE102AB8EE466AF8EE655AA6EE224A07
:1010C00093F8332006EE101AF0EE671AB8EE466A6F
:1010D000D5EE831AF0EE665AD6EE035AF0EE452AA4
:1010E000B0EE476AD1EE232A94EE236AE1EEA47AA9
:1010F000A2EEA45AE5EEA46AA6EE247AC3ED027A23
:1011000083ED035AC3ED046A83ED057A032A00F2E6
:10111000E881DFE802F0D9BEAA029FED866A27EED9
:10112000866AB4EEC26AF1EE10FA40F3B78101228A
:1011300083F8332093F83200821E012A00F2BC802B
:101140007D490A780132D2B2092A0A7000F202817E
:10115000D3ED087AD4ED015AF1EE656AF4EEE76A50
:10116000F1EE10FA08DCF4EEE75AF1EE10FA8CBF5B
:10117000F0EE676AF0EE656ADFED707A94ED116A61
:1011800094ED165A94ED150AD4ED174AC3ED086A8A
:1011900026EE276A36EEC74AD4ED137A26EE046AA5
:1011A00037EE400A76EE277AF4EEC57AF1EE10FAC1
:1011B00000F15381F4EEE47AF1EE10FA88BFF0EE1C
:1011C000647AD4ED123ADFED5E2A94ED103AC4ED64
:1011D000137A63EEA23A20EE630AA4EE030A37EE16
:1011E000800AB4EEC05AF1EE10FA00F32881F4EE52
:1011F000C04AF1EE10FA98BFB0EE640AF4EE404A2D
:10120000F1EE10FA77D1B5EEC04AF1EE10FA72DDC8
:1012100077EEC67AB4EEE75AF1EE10FA08DCF4EE97
:10122000E74AF1EE10FA8CBFB0EE675AB0EE645A9E
:1012300084ED135ADFED437A84ED144A75EEE75AD4
:10124000F0EEE66AF4EEE56AF1EE10FA4CBF012228
:10125000002283F83420BDEC028B84ED157ABDE8C2
:10126000104083ED090AFFF70DBD9FED326A27EEAE
:10127000866AB4EEC26AF1EE10FA3FF758AF9FEDFE
:10128000326A67EE867AF4EEC27AF1EE10FA2EDC5C
:1012900050E79FED2E6A27EE866AB4EEC26AF1EE41
:1012A00010FA40F1F08093F83200022283F83320E4
:1012B000821E012A7FF644AFBDEC028B9FED240A0B
:1012C000BDE81040FFF7DEBC9FED1A6A27EE866A84
:1012D000B4EEC26AF1EE10FA3FF729AF9FED1B6A38
:1012E00067EE867AF4EEC27AF1EE10FADBD40322CE
:1012F00083F833201EE7B4EE405AF1EE10FA99D18C
:10130000B5EEC04AF1EE10FA94D581E79C050020B5
:101310003F0D0300E405002044060020AC0500203A
:101320003333D3BF6840D33994B0D23B9D734E4022
:101330009A99193ECDCC4C3FA4050020ACC5A736E8
:1013400000504348CDCC4C3D3333933F9A99993F5D
:101350000AD7A33C002202280A700BD1634ADFEDB2
:10136000647A128806EE102A68EE277AB8EE466A8A
:1013700026EE278ADFED5F7A94ED095AD4ED0B5AF9
:10138000D4ED0E4A94ED0F4A25EE275A38EE666AE0
:10139000D4ED0D7A25EE065A76EEE77A75EE255AEB
:1013A000F4EEE45AF1EE10FA00F19880F4EEC45A2B
:1013B000F1EE10FA88BFF0EE445AD4ED0A3ADFEDB0
:1013C0004E2A94ED083AC4ED0B5A63EEA23A67EE4A
:1013D000E37AE6EE037A75EEA77AF4EEE74AF1EEE9
:1013E00010FA6EDCB4EEE74AF1EE10FA98BFF0EEB8
:1013F000447AB4EE674AF1EE10FA3AD1B5EEC06A1B
:10140000F1EE10FA35DD75EEC55AF4EEE54AF1EE6F
:1014100010FA08DCB4EEE54AF1EE10FA8CBFF0EEFB
:10142000654AF0EE444AC4ED0B4A27E000231360FE
:1014300000F026FE00F02AFE94ED002A08E6B4EE45
:10144000645AF1EE10FA0BD1B5EEC04AF1EE10FA83
:10145000B0EE450A3FF7DCAE52E7F0EE457AB0E673
:10146000B5EEC04AF1EE10FAB0EE450A7FF5E2AEF5
:10147000CEE6F4EE674AF1EE10FA1CD084ED0C6A69
:10148000C4ED0D6A66E69FED1D6A67EE867AF4EE9E
:10149000C27AF1EE10FA3FF52AAF4BE69FED186ADB
:1014A00067EE867AF4EEC27AF1EE10FA3FF5FBAE03
:1014B00040E6F0EE647AB5EEC06AF1EE10FADDD5E2
:1014C000A1E7F4EE444AF1EE10FAF2D1B5EEC06AAB
:1014D000F1EE10FAF0EE647A95DCECE7F0EE645A87
:1014E0006BE7002283F8332024E600BFA805002024
:1014F0000AD7233C17B7513800409C469A99593F68
:101500009A99993F10B500F0A7FD1A4A1388013344
:101510009BB27C2B01D8138010BD174B17481C7849
:10152000013404F0030400211180B4FA84F252095A
:1015300020211C7003F09EFEA4F10102B2FA82F297
:101540000E481021520903F095FEA4F10202B2FAEE
:1015500082F20A480821520903F08CFEA4F103022A
:10156000B2FA82F2BDE8104005480421520903F0A6
:1015700081BE00BFA2050020A00500200004004895
:10158000000C004838B5C84CC8482DED048B94EDCC
:10159000078A03F053F80221C44802F059FCC348FB
:1015A00002F0EAFC07EE900A9FEDC17AF8EE677A46
:1015B000F4EEC77AF1EE10FA00F10581DFEDBD6AB5
:1015C00067EEA67AB0EE0A7AF4EEC77AF1EE10FA78
:1015D000DFEDB96A88BFF0EE477A86EEA70ADFED45
:1015E000B77AB4EEE70AF1EE10FA40F102819FED0E
:1015F000B47ADFEDB47AB44B9FEDB49AB3F8A82077
:10160000B3F8CA30B248D4ED068A77EEC87A92B2FF
:1016100077EE877AB0EE487AA7EE897A9DB207EE28
:10162000902A84ED077AB8EE678A03F007F8022162
:10163000A74802F00DFCA64802F09EFC07EE100A37
:1016400007EE905AB8EE477ADFEDA26A94F832308E
:1016500037EE487AF8EE677A27EE267A77EEC87A80
:10166000B3EE0E6AC7EE276A76EE687A76EEA77A50
:10167000E7EE898AC4ED068A002B00F09880964D2B
:10168000042B2A7F00F04881002A00F05B81012BA7
:1016900000F09A81022B00F0C7809A1ED2B2022A73
:1016A000D4ED077A29D99FED8D7AF4EEC77AF1EE61
:1016B00010FA73DA9FED8A7AF4EEC77AF1EE10FA37
:1016C00080F284809FED877AF4EEC77AF1EE10FA0B
:1016D00080F2A7809FED847AF4EEC77AF1EE10FADB
:1016E00080F26C819FED817AF4EEC77AF1EE10FA08
:1016F000ACBF4FF4AF73002352E0D4ED027AD5EDC6
:10170000056A95ED067AF4EEE67AF1EE10FAF4EE5B
:10171000C77A4CBF01220022F1EE10FAC8BF42F096
:101720000202032B94ED047AD4ED057AD5ED046A18
:1017300000F09F8095ED036AB4EEC76AF1EE10FAEF
:10174000B0EEE77A95ED026AD4ED077A41D5F4EE72
:10175000C76AF1EE10FA42F0080201D542F0100219
:10176000B4EEE76AF1EE10FA01D542F0400204232C
:1017700003215F4884F83230228604F0EFFB5C4896
:10178000C02104F0EBFBD4ED077A9FED547A594B5E
:10179000E362F4EEC77AF1EE10FA8BDB4FF47A7362
:1017A000BDEC048B544AA3621268D36338BD012395
:1017B000494D84F832302B7FD4ED077A002B7FF42B
:1017C00072AF23866FE79FED4D7A12E74FF44873AF
:1017D000E6E7B4EEE67AF1EE10FABFDCF4EEC67A94
:1017E000F1EE10FAC1DC002AC1D1042B08BF228619
:1017F00059E7F7EE008ADFED427A30EE680AB4EE80
:10180000E70AF1EE10FA88BFB0EE670AFFF70AF9AF
:101810009FED3C7ADFED3C7AE0EE077A88EEA77A1E
:10182000E7E640F28A23BBE738490A88013292B2E0
:10183000632A0A807FF661AFD4ED027AD5ED056A9E
:1018400095ED067AF4EEE76AF1EE10FAB4EEE77A77
:101850004FF00303CCBF01220022F1EE10FA94ED09
:10186000047AD4ED057AD5ED046A84F8323000F1BB
:10187000A88095ED006ADFED265A26EE256AB4EEC3
:10188000C76AF1EE10FA0CDD9FED226A26EE866A39
:10189000B4EEE76AF1EE10FA03D542F0200203231A
:1018A00048E7032346E700BFAC0500203C090020C1
:1018B0008B2E78426840533A33335340AE47813FD2
:1018C000E480E443339388C30075FF1FCDCCCC3D47
:1018D000D00800200000C842E4050020000070424B
:1018E00000004842000034420000204200000C4248
:1018F000180A002030750401580C00200DB762430F
:1019000000007A442CBB84390FCF5B3BA805002034
:10191000CDCC4C3ECDCC4C3F238E13F0400349D16F
:1019200034480188013189B2C72942D900224FF4D5
:10193000803121630380EA622A636A63EA642A656C
:101940006A6538E72C4B2D481A80012184F8321043
:10195000032104F003FB2948C02104F0FFFA284BBF
:10196000E3622A7F94F83230002A7FF496AE042B8B
:10197000D4ED077A22867FF496AED4ED027AD5EDC7
:10198000056A95ED067AF4EEE76AF1EE10FAB4EE28
:10199000E77ACCBF01220022F1EE10FA94ED047A2E
:1019A000D4ED057AD5ED046A48BF42F00202042363
:1019B000C0E60180002AE0D12286DEE74FF4FA7308
:1019C000EEE642F0020254E70B4A0C48022184F88A
:1019D00032100021002311800321EB622B636B6323
:1019E000EB642B656B6504F09FFAC021034804F09B
:1019F0009BFAB6E7A6050020A8050020180A0020DB
:101A00003075040110B59CB000F040FB2F4B1A78E4
:101A10000AB91CB010BD2E482E4901904FF0000CA1
:101A20006022012403A883F800C00294FEF7ECFEB4
:101A3000002229490E924FF6FF730F9210921692D0
:101A40001792189201A80DF16C0C10F8012B53405D
:101A500043F300020A4082EA530242F300030B40C0
:101A6000C2F34E02534043F300020A40C3F34E0355
:101A70005A4042F300030B40C2F34E02534043F37B
:101A800000020A40C3F34E035A4042F300030B40E6
:101A9000C2F34E02534043F300020A40C3F34E0325
:101AA0005A4042F300030B40C2F34E0253406045DC
:101AB0009BB2CAD100201B9300F05EFE0028A8D183
:101AC0006C2201A900F0ACFE1CB010BDAA050020DC
:101AD00052575044E405002001A0FFFF00F038BB3E
:101AE00090B110B4094C84460FCCACE80F000FCC79
:101AF000ACE80F000FCCACE80F0094E803005DF8F1
:101B0000044B8CE803007047704700BFAC05002011
:101B100028B108B502496022FEF776FE08BD70477D
:101B2000E405002007EE900ADFED096A9FED097ACF
:101B3000094BF8EE677A67EEA67AF4EEC77AF1EE13
:101B400010FA88BFF0EE477AC3ED007A704700BF05
:101B50006F12833A00000442E405002007EE900A69
:101B6000DFED096A094BF8EE677AB2EE047A67EEA8
:101B7000A67AF4EEC77AF1EE10FA88BFF0EE477A53
:101B8000C3ED017A704700BF6F12833AE40500206D
:101B900007EE900A9FED0F7AF8EE677AF4EEC77AB7
:101BA000F1EE10FA10D4DFED0C6A9FED0C7A0C4BBD
:101BB00067EEA67AF4EEC77AF1EE10FA88BFF0EE7F
:101BC000477AC3ED037A7047054BF7EE007AC3ED11
:101BD000037A7047FFFF79446F12833A0000044292
:101BE000E405002007EE900A9FED0F7AF8EE677A81
:101BF000F4EEC77AF1EE10FA10D4DFED0C6A0C4B5C
:101C000067EEA67AB2EE087AF4EEC77AF1EE10FA31
:101C100088BFF0EE477AC3ED047A7047DFED057AAE
:101C2000034BC3ED047A70470000C8426F12833A39
:101C3000E4050020CDCCCC3D07EE900A9FED0F7A55
:101C4000F8EE677AF4EEC77AF1EE10FA10D4DFED11
:101C50000C6A9FED0C7A0C4B67EEA67AF4EEC77A0D
:101C6000F1EE10FA88BFF0EE477AC3ED027A7047C2
:101C7000054BF3EE047AC3ED027A704700409C46B0
:101C80006F12833A0000F042E40500200038024B56
:101C900018BF012018777047E4050020014B01228E
:101CA0001A707047AA050020944610B5ACF10A0ED0
:101CB000029C0A46BEF11D0F1FD8DFE81EF0790115
:101CC00066014D013A01920130011E001601030127
:101CD0001E00F900F000E700D800CE00C500BC00EF
:101CE000B300AA008D00A0007300590046002A002E
:101CF0001E001E001E00210021006FF0040010BD18
:101D00009B6A02934FF48071BDE8104063460AF06D
:101D100081BCD4ED047A9FEDBD7ADFEDBD6AF4EEAF
:101D2000C77AF1EE10FAA8BFB0EE677AF6EE007A45
:101D3000E7EE267A22234FF48071FDEEE77ACDEDAF
:101D4000027ABDE810400AF065BCD3ED057A9FED3C
:101D5000AF7ADFEDAF6AF4EEC77AF1EE10FAA8BF02
:101D6000B0EE677AF6EE007AE7EE267A2123E2E714
:101D700094ED037AB5EEC07AF1EE10FA40F23D81AF
:101D8000DFEDA36AF6EE007AE7EE267AFCEEE77A5C
:101D900017EE903A02934FF48071BDE81040202373
:101DA0000AF038BC93ED047AB5EEC07AF1EE10FA81
:101DB00040F22581DFED966AF6EE007AE7EE267AAC
:101DC000FCEEE77A17EE903A02934FF48071BDE88B
:101DD00010401F230AF01EBCD3ED076A9FED8C7ADA
:101DE000F6EE007AE6EE877A1D234FF48071FCEE62
:101DF000E77ACDED027ABDE810400AF00BBCD4EDD5
:101E0000026A9FED837AF6EE007AE6EE877A1E2369
:101E1000EBE7DB8802934FF48071BDE810401C2390
:101E20000AF0F8BB9B8802934FF48071BDE8104024
:101E30001B230AF0EFBB5B8802934FF48071BDE86F
:101E400010401A230AF0E6BB1B8802934FF48071FE
:101E5000BDE8104019230AF0DDBB93F8333002933C
:101E60004FF48071BDE8104018230AF0B1BB93F81D
:101E70003230042B96BF67490023CB5C02934FF4AA
:101E80008071BDE8104017230AF0A2BB1B8E02939D
:101E90004FF48071BDE8104016230AF0BBBB237FCE
:101EA00002934FF48071BDE8104015230AF090BBF7
:101EB00093F8343002934FF48071BDE8104014233E
:101EC0000AF086BBD4ED017A9FED507ADFED506ABF
:101ED000F4EEC77AF1EE10FAA8BFB0EE677AF6EE2C
:101EE000007AE7EE267A122325E794ED007AB5EE24
:101EF000C07AF1EE10FA40F28480DFED456AF6EE2A
:101F0000007AE7EE267AFCEEE77A17EE903A029333
:101F10004FF48071BDE8104011230AF07BBBD3ED74
:101F2000076A9FED3B7AF6EE007AE6EE877A0F239A
:101F30005BE7D3ED057A9FED357ADFED356AF4EE98
:101F4000C77AF1EE10FAA8BFB0EE677AF6EE007A23
:101F5000E7EE267A0D23EEE693ED047AB5EEC07A2D
:101F6000F1EE10FA47D9DFED2A6AF6EE007AE7EED5
:101F7000267AFCEEE77A17EE903A02934FF48071DE
:101F8000BDE810400C230AF045BBD3ED037A9FED6A
:101F90001F7ADFED1F6AF4EEC77AF1EE10FAA8BFE0
:101FA000B0EE677AF6EE007AE7EE267A0B23C2E609
:101FB00093ED027AB5EEC07AF1EE10FA23D9DFED97
:101FC000146AF6EE007AE7EE267AFCEEE77A17EE70
:101FD000903A02934FF48071BDE810400A230AF052
:101FE00019BBD3ED066A9FED0A7AF6EE007AE6EEAB
:101FF000877A0E23F9E60023BFE70023CAE6002311
:10200000E2E6002383E70023E3E700BF00000000CF
:1020100000007A4484C7000810B509480AF0F8F8AF
:10202000084A094B002414801C7001F0EFFD074B97
:102030000749084A1C7000F57A700860148010BDCA
:10204000600700205C0700205E0700204C0600208F
:10205000580700204E060020074A138801339BB220
:10206000B3F57A7F01D213807047044B0020012121
:1020700010801970704700BF5C0700205E070020C9
:10208000014B01221A7070475E0700202DE9F041D4
:10209000ECB00023ADF8163001F0B8FD264A274D0C
:1020A0001368274EC31A002BA4BF01232B702B7873
:1020B000A4BF00F57A7010600BB1337873B1337838
:1020C00013B1204B198811B96CB0BDE8F0811E48DE
:1020D00009F024FE0028F7D13070F5E706A81B4C64
:1020E00014AFFFF7FDFC3846FFF712FD04F11108AD
:1020F00001E044450BD014F8012B009706AB0DF11D
:1021000016012CA8FFF7D0FD0028F2D0D7E7014632
:102110000C4802900C4800904FF484700190BDF878
:1021200016302CAA03200AF07DF80028C7D101231D
:1021300033702870C3E700BF580700205E070020F7
:102140004C0600204E060020500600208CC70008D8
:102150002DE9F04F2DED028BADF2D44D00278DF817
:10216000197000B129B90DF2D44DBDEC028BBDE858
:10217000F08F02230DF11902CDE900320A46B2AB0D
:10218000014692480AF0E2F8B842ECDB9DF81930BB
:10219000002BE8D09DF8C8329FED8D8A8D4C9DF8BC
:1021A000C9B2012BB3ADB94631D0022B7CD030ABD4
:1021B000029370AB4FF4847200930023019259464E
:1021C0001A46FF20ADF8C0300AF02CF878B901F0BB
:1021D0001DFD00F1140603E001F018FD864206D94A
:1021E000BDF8C01070A809F099FD0128F4D09DF841
:1021F000192009F101095FFA89F39A4205F5827500
:10220000B1D915F8043C15F803BC012BCDD100233E
:102210000AAFADF81A30ADF81C30384635F8023C3C
:1022200005930DF1600AFFF75BFC5046FFF770FC69
:102230000DF12008059943460DF11A0228460AF0CF
:1022400009FA0646002840F0778198F80020282AED
:1022500000F0C280CDF800A03B4607A930A8FFF7E8
:1022600023FD0028E6D070AB0DF11E0700934FF45C
:102270008473029759463E8032460193FF203346CD
:1022800009F0D0FF0028B2D101F0C0FC00F1140623
:1022900003E001F0BBFC8642A9D9398870A809F097
:1022A0003DFD0128F5D0A2E70DF120080DF1600AEF
:1022B000002635F8027CA8F80060CAF8006030AB50
:1022C0004246394628460AF0C5F9002840F05881B0
:1022D000BDF8C2C0BCF1040F03D0BCF1010F40F047
:1022E00073819DF8C020002301E0192B4CD014F815
:1022F0003310914204EBC30003F10103F5D183785D
:102300009B0741D5437863453ED1BCF1010FCAF824
:10231000006040F0C680319B1B78CAF80030113A4B
:10232000162A00F2C98001A353F822F02F250008D5
:1023300025250008B9240008B92400081B25000839
:10234000B9240008B9240008B9240008B9240008F9
:10235000B9240008B9240008B9240008B9240008E9
:1023600011250008B924000807250008B924000831
:10237000FD240008B9240008B9240008B924000885
:10238000B9240008BF22000870AB0AAF00934FF4D5
:1023900084720023029759463B80FF2001921A461F
:1023A00009F040FF00287FF422AF01F02FFC00F17C
:1023B000140604E001F02AFC86427FF618AF398843
:1023C00070A809F0ABFC0128F4D010E760070020EA
:1023D00000007A440CC80008BB88009307AA1B239E
:1023E0004FF4807130A80AF015F988BB97ED047A94
:1023F000B5EEC07AF1EE10FA07D9F6EE007AE7EE04
:10240000087AFCEEE77A17EE900A00900C2307AAF0
:102410004FF4807130A80AF0FDF8C8B99AED037A3C
:10242000B5EEC07AF1EE10FA07D9F6EE007AE7EED3
:10243000087AFCEEE77A17EE900A0090202307AAAC
:102440004FF4807130A80AF0E5F800283FF4F2AEAE
:1024500070AB0DF11E0700934FF4847200230297B6
:1024600059463B80FF2001921A4609F0DBFE002806
:102470007FF4BDAE01F0CAFB398800F1140670A8E4
:1024800009F04CFC01287FF4B2AE01F0BFFB86429C
:102490007FF6ADAE398870A809F040FC0128F4D071
:1024A000A5E65346394628460AF008F9002840F0C8
:1024B000AD809DF8C02032E770AB0AAF00934FF4B7
:1024C00084720023029759463B80FF2001921A46EE
:1024D00009F0A8FE00287FF48AAE01F097FB00F116
:1024E000140604E001F092FB86427FF680AE398844
:1024F00070A809F013FC0128F4D078E6DAF800009F
:10250000FFF770FBDBE6DAF80000FFF741FBD6E6E9
:10251000DAF80000FFF790FBD1E69AF80000FFF729
:10252000B5FBCCE6DAF80000FFF718FBC7E6DAF8EF
:102530000000FFF7F7FAC2E670AA0DF11E0700923D
:1025400000204FF484720297BDF81C303880594641
:10255000019230AA09F066FE00287FF448AE01F02F
:1025600055FB00F1140604E001F050FB86427FF6B3
:102570003EAE398870A809F0D1FB0128F4D036E6C8
:10258000FFF78CFB0AAF70AB00934FF4847200230B
:10259000029759463B80184601921A4609F042FEBE
:1025A00000287FF424AE01F031FB00F1140604E0B2
:1025B00001F02CFB86427FF61AAE398870A809F02C
:1025C000ADFB0128F4D012E670AB0AAF00934FF4D4
:1025D0008473029702463880594601930346FF20D0
:1025E00009F020FE00287FF402AE01F00FFB00F19D
:1025F000140604E001F00AFB86427FF6F8AD398844
:1026000070A809F08BFB0128F4D0F0E570AB0AAF9D
:1026100000934FF484733E80019300235946029740
:102620001A46FF2009F0FEFD00287FF4E0AD01F01E
:10263000EDFA00F1140604E001F0E8FA86427FF6B4
:10264000D6AD398870A809F069FB0128F4D0CEE531
:1026500030B585B001F0DAFA4FF605720023194D56
:10266000ADF8082000F1C804ADF80C3017E002F016
:1026700001FE64220223009202A903AA284605F063
:10268000A1FF034601224FF400414FF09040A3B94F
:1026900002F0F0FD9DF80D0010F001000BD001F0EC
:1026A000B5FA0346A3424FF000024FF400414FF049
:1026B0009040DCD9032005B030BD02F0DBFD0120E5
:1026C00005B030BDF00B00200B4808B54FF4E062B8
:1026D0000023C260436305F0CFFD08B1012008BDAF
:1026E00001224FF400414FF0904002F0C3FDBDE8DD
:1026F0000840FFF7ADBF00BFF00B002030B583B03E
:1027000009B115461AB90124204603B030BD030CA7
:10271000032240BA8DF80420ADF8060000224FF0E5
:1027200090400C464FF400418DF8053002F0A2FDB8
:102730000422104864230DEB020105F01BFE88B94A
:1027400021460C4864232A4606F02CF9044648B971
:1027500001224FF400414FF0904002F08BFD2046E3
:1027600003B030BD01224FF400414FF0904002F021
:1027700081FDC8E7F00B002070B584B0002206236D
:102780004FF40041044664264FF090408DF8083025
:102790008DF80C2002F06EFD20480096012303AA5C
:1027A00002A905F00FFF48BB054601224FF4004186
:1027B0004FF0904002F05EFD20232A468DF80C3049
:1027C0004FF40041230C4FF0904064BA8DF80D3067
:1027D000ADF80E4002F04EFD042203A90F48334627
:1027E00005F0C8FD01224FF4004188B94FF0904038
:1027F00002F040FDFFF72CFF04B070BD01224FF442
:1028000000414FF0904002F035FD012004B070BD52
:102810004FF0904002F02EFDF7E700BFF00B0020D4
:1028200000296BD02DE9F04F154687B0002A61D002
:10283000DFF8DC8006460F464FF0060A30E002F073
:1028400019FD0221330C4A468DF814108DF815300D
:102850004FF4004173BA4FF09040ADF8163002F0DB
:1028600009FD5B46042205A9404605F083FD0028CA
:1028700046D1224639465B46404605F07BFD0122A3
:102880004FF4004100283BD14FF0904002F0F2FCA1
:10289000FFF7DEFE2D1BADB260BB2644274455B3C7
:1028A000F4B2C4F58074A4B2AC424FF000034FF010
:1028B00000024FF400414FF090404FF0640B28BFEE
:1028C0002C468DF810308DF80CA002F0D3FC04AA31
:1028D00003A90123CDF800B0404605F073FE814600
:1028E00001224FF400414FF09040B9F1000FA6D003
:1028F00002F0C0FC012007B0BDE8F08F0120704756
:1029000001224FF400414FF0904002F0B3FCF1E798
:10291000F00B002030B500248DB020252A4621463A
:1029200004A8CDE901440394FDF796FE374801233E
:10293000436180F8383080F8403003650423036237
:1029400043644FF0A0424FF44033C0E90023082312
:10295000C0E902440461848380F82440C464836134
:102960004FF4D4644FF48063C0E90B434FF48053B9
:102970008564C36301F062F9002834D10023234841
:10298000019301A901F0EEFF00283CD120491F4826
:102990000622CDE9041200237F24042204A9CDE9F4
:1029A0000634CDE9082301F03BFB48BB194A174820
:1029B0000C2304A9CDE9042301F032FBE8B9164A3F
:1029C0001248122304A9CDE9042301F029FB88B998
:1029D000124A0E48182304A9CDE9042301F020FB74
:1029E00020B90DB030BD00F0B5FCC7E700F0B2FC77
:1029F0000DB030BD00F0AEFCEAE700F0ABFCDEE766
:102A000000F0A8FCD2E700F0A5FCBFE7A809002071
:102A100002003004040060080800900C1000C01090
:102A200010B588B0202200216846FDF715FE1E4C27
:102A30001E484FF44031C0E90041042181614FF448
:102A40008051C1631C210023012241648021C0E91F
:102A50000233C0E90433C0E90B33C0E912138383A6
:102A6000026280F8243080F8383080F84020026517
:102A700001F0E4F888B90E480622CDE900020023EF
:102A80007F24042209486946CDE90234CDE90423B4
:102A900001F0C6FA20B908B010BD00F05BFCEAE70F
:102AA00000F058FC08B010BD000100503C090020A7
:102AB0000000524710B588B0202200216846FDF77B
:102AC000CBFD1E4C1E484FF44031C0E900410421AB
:102AD00081614FF48051C1631421002301224164BC
:102AE0006021C0E90233C0E90433C0E90B33C0E917
:102AF00012138383026280F8243080F8383080F823
:102B00004020026501F09AF888B90E480622CDE906
:102B1000000200237F24042209486946CDE90234DB
:102B2000CDE9042301F07CFA20B908B010BD00F013
:102B300011FCEAE700F00EFC08B010BD00060050E2
:102B4000D00800201000C09070B50446A0B000214D
:102B500054220BA8CDE90611CDE908110A91FDF721
:102B60007BFD2368B3F1A04F08D0554A934253D060
:102B7000544A934200F0828020B070BD4FF400426E
:102B80004FF000530BA80B921C9305F0C9F80028D6
:102B900040F08A804C4A13680133012B136009D13D
:102BA0004A4BDA6C42F40052DA64DB6C03F40053F3
:102BB0000193019B454B464DDA6C42F00102DA6409
:102BC000DB6C03F0010302930F2206A90323002606
:102BD0004FF09040CDE906230896029B02F08CF955
:102BE0003C4A0523C5E9002380234FF480712B6103
:102BF0004FF48063C5E9051320224FF400532846A3
:102C0000C5E90266C5E9072301F0C8FF00284ED1D7
:102C10006565AC6220B070BD4FF400424FF00053C8
:102C20000BA80B921C9305F07BF8002842D1264A92
:102C300013680133012B136009D1244BDA6C42F481
:102C40000052DA64DB6C03F400530393039B1F4BC5
:102C5000DA6C42F00102DA64DB6C03F001030493E6
:102C600010240023032506A94FF09040CDE9064526
:102C7000049A089302F040F920B070BD4FF48032FE
:102C80004FF000430BA80B921D9305F049F8A0B933
:102C90000E4BDA6C42F48042DA64DB6C03F480435E
:102CA0000593059B20B070BD00F054FB72E700F067
:102CB00051FBADE700F04EFBB9E700F04BFBE7E757
:102CC00000010050000600506C0800200010024077
:102CD0007008002008000240174B10B5986C40F0B7
:102CE000040098649C6C82B004F004040094009C7E
:102CF0009C6C44F001049C649B6C002203F0010373
:102D0000114601930B20019B01F0E4FE0B2001F022
:102D10001DFF002211460C2001F0DCFE0C2001F00A
:102D200015FF002211460D2001F0D4FE0D2002B047
:102D3000BDE8104001F00ABF00100240F0B50024C9
:102D40008DB0CDE90644CDE90844334B0A94D96CE3
:102D5000324F334E41F00401D964D96C01F00401C3
:102D600001910199D96C41F02001D964D96C01F02D
:102D7000200102910299D96C41F00101D964D96C0A
:102D800001F0010103910399D96C41F00201D9646A
:102D9000D96C01F0020104910499D96C41F0080149
:102DA000D964DB6C03F00803224605934FF400411D
:102DB0004FF09040059B02F05DFA22463846042110
:102DC00002F058FA22463046B82102F053FA0024A5
:102DD00000254FF40042012306A94FF09040CDE9B1
:102DE0000623CDE9084502F087F8384606A90422F3
:102DF0000123CDE90623CDE9084502F07DF8B8228C
:102E0000012306A93046CDE90845CDE9062302F0A5
:102E100073F80DB0F0BD00BF00100240000C004878
:102E2000000400480E4B02689A4200D0704703F538
:102E3000284300B5186E40F0806018661B6E83B0A2
:102E4000002203F08063019311464420019B01F0AE
:102E500041FE442003B05DF804EB01F077BE00BFF3
:102E60000068014070B51E4B026888B000249A4289
:102E7000CDE90244CDE90444069401D008B070BD08
:102E800003F528430326DA6C164842F00202DA649E
:102E9000DA6C02F002020092009ADA6C42F001024F
:102EA000DA64DB6C03F0010301934FF440420D251B
:102EB00002A90223CDE90223CDE90565019B02F0B9
:102EC0001BF84FF44073029302A902234FF0904085
:102ED000CDE904460393069502F00EF808B070BDE4
:102EE000006801400004004810B50024BCB0602216
:102EF000214624A8CDE90744CDE90B44CDE90D4492
:102F0000CDE90F44009406940A9401940994FDF7C6
:102F1000A3FB242221461BA8CDE903440594FDF719
:102F20009BFB2022214612A8FDF796FBAE48AF4B33
:102F30000360C0E9014402F0ADF9002840F0FA80D6
:102F4000A9480C2102F020FA002840F0FC80A64895
:102F50000A2102F051FA002840F0FE809FED9C7B90
:102F6000A1486A4601218DED007B02F0A1FA0028FC
:102F700040F029819C480022012102F0C1FB002879
:102F800040F01E8146F29053002106939648082394
:102F900006AACDE90711099302F054FA002840F07F
:102FA0000C819FED8D7B00218F480A910AAA8DED3F
:102FB0000C7B109102F0B8FD002840F0FB8010233C
:102FC0009FED877B2493012328934FF0006300211A
:102FD0002E93854827914FF0005324AACDE925115F
:102FE000CDE92911CDE92B11CDE92F11CDE9321110
:102FF000CDE93811CDE93A118DED347B2D91369123
:10300000319302F019FC002840F0D1809FED727BD3
:1030100000237548249324AA03218DED347B2E933D
:103020003193369302F008FC002840F0BD8043F253
:10303000C82303936C4803AB0122002102F03CFE3D
:10304000002840F0AE8041F664130393664803AB5A
:103050000422002102F030FE002840F09F8064230B
:103060001C934FF400444FF480430021CDE91E43EC
:103070004FF0004C4FF080435B481B911BAACDE9F9
:103080002011CDE922C31D9102F0C8FD002840F0B7
:1030900082806423544820931BAA032102F0BEFDC2
:1030A000002875D1042208230021CDE913234E48BE
:1030B000129112AB0122CDE91511CDE91711199129
:1030C00002F0BAFE002860D1474812AB402203212B
:1030D00002F0B2FE002855D10021434812AB022273
:1030E000CDE9131102F0A8FE002848D13E4812ABEA
:1030F0008022032102F0A0FE00283DD13A4806AA12
:10310000032102F09FF9002833D137480AAA03218E
:1031100002F00AFD50BB4FF482743348039403ABB2
:103120000122032102F0C8FDC8B92F48FFF79AFE1B
:103130003CB010BD00F00EF92B480C2102F024F930
:1031400000283FF404AF00F005F927480A2102F0F7
:1031500053F900283FF402AF00F0FCF8FEE600F05F
:10316000F9F82148FFF77EFE3CB010BD00F0F2F800
:10317000D1E700F0EFF8C8E700F0ECF8BEE700F0A8
:10318000E9F8B3E700F0E6F8A6E700F0E3F89BE71C
:1031900000F0E0F886E700F0DDF87AE700F0DAF812
:1031A0005DE700F0D7F84EE700F0D4F83FE700F015
:1031B000D1F82BE700F0CEF801E700F0CBF8F0E60D
:1031C00000F0C8F8DEE600F0C5F8D3E6AFF3008003
:1031D00000000100000800000000000000000000E6
:1031E0000000008000010000180A00200068014073
:1031F0000848094908B503224FF47A73C0E901234E
:103200000160C36003F02AF900B908BDBDE80840B9
:1032100000F0A0B8180B00200030004010B594B0AA
:103220003822002106A8FDF717FA0020CDE9010099
:10323000CDE903000590032404F052F90223012292
:103240002920CDE90B22CDE90D344FF480311193C3
:10325000139305224423CDE90601CDE90F2306A8E7
:103260000623129304F0B6F908B172B6FEE7042102
:1032700003460F220DEB0100CDE90124CDE9033314
:10328000059304F025FC08B172B6FEE714B010BD3A
:1032900008B500F09FFCFFF7C1FFFFF74FFDFFF7F8
:1032A0001BFDFFF721FEFFF735FBFFF7B9FBFFF72B
:1032B00001FCFFF79DFF00F04FF800F0C9F908F09E
:1032C000C7FC00F04FF900F087F900F0FDF900F0BD
:1032D00011FB00F053FBFDF795FDFEF793FB642017
:1032E00000F09AFCF9E700BF034B834200D070471F
:1032F0000029FCD1FDF79CBE180A002008B5036820
:10330000B3F1804F03D00E4A934210D008BD0D4B4D
:103310000D481A680D4901321A601B6800FB03F35F
:10332000B1EBB30F07D2BDE80840FEF7EBB8BDE83C
:103330000840FEF727B90648202101F0A1FFF2E777
:1033400000040040280B0020D578E9266E12830087
:103350000004004872B6FEE710B51148114C4FF456
:1033600082720023C0E900424FF440714FF40072B2
:10337000C0E902311024826107210822C0E9043328
:10338000C0E90743C0E90933C0E90B13426304F005
:1033900073FF00B910BDBDE81040FFF7DBBF00BFF1
:1033A000F00B0020003C004070B52F4B026888B045
:1033B00000249A42CDE90244CDE90444069401D0A8
:1033C00008B070BD03F5EA3305469A6D274E42F406
:1033D00000429A659A6D02F400420092009ADA6CFB
:1033E00042F00402DA64DB6C03F0040301934FF44F
:1033F000E0520223CDE9022301981D48032206234F
:1034000002A9CDE9052301F077FD1A4A34620E23A3
:10341000C6E9002330468023C6E90244C6E90434E5
:10342000C6E9064401F0BAFBC0B9134C1349AE65B6
:103430000F220023C4E90012204610218022C4E993
:103440000213C4E90533C4E90733B562226101F010
:10345000A5FB30B96C65A56208B070BDFFF77AFFB7
:10346000E3E7FFF777FFF5E7003C00408C0B002017
:10347000000800481C0002402C0B002030000240D5
:103480000B4B1A6E42F001021A661A6E82B002F0FD
:1034900001020092009A9A6D42F080529A659B6DEB
:1034A00003F080530193019B02B004F08BB800BF7E
:1034B00000100240FEE700BFFEE700BFFEE700BFCE
:1034C000FEE700BFFEE700BF704700BF704700BFC8
:1034D000704700BF00F08EBB014801F0BFBC00BFC9
:1034E00070080020014801F0B9BC00BF8C0B00201F
:1034F000014801F0B3BC00BF2C0B0020014803F0D1
:10350000DBB800BFBC250020014805F0A1BF00BF0B
:10351000480D0020014805F09BBF00BFF80C0020BB
:10352000014805F095BF00BFA80C0020014806F037
:103530006BBA00BF300E0020014806F065BA00BF2C
:10354000980D00200148002102F0C0BD180A00209B
:10355000034AD2F8883043F47003C2F888307047C9
:1035600000ED00E000B51B484FF080420260A92248
:10357000002389B0426040F2E732C0E90232802283
:10358000CDE90433CDE90633CDE90133039303617B
:10359000826105F05DFC90B94FF480530D480493AF
:1035A00004A905F073FE90B900230A48019301A90C
:1035B000039306F061F928B909B05DF804FBFFF741
:1035C000C9FEE9E7FFF7C6FE09B05DF804FBFFF7A7
:1035D000C1FEE9E7480D002000B51B481B4A026008
:1035E000A922002389B0426041F28732C0E9023249
:1035F0008022CDE90433CDE90633CDE901330393CD
:103600000361826105F024FC90B94FF480530E48A9
:10361000049304A905F03AFE90B900230A480193E7
:1036200001A9039306F028F928B909B05DF804FB55
:10363000FFF790FEE9E7FFF78DFE09B05DF804FBA8
:10364000FFF788FEE9E700BFF80C00200004004007
:1036500000B51B481B4A0260A922002389B04260C2
:1036600042F20F72C0E902328022CDE90433CDE983
:103670000633CDE9013303930361826105F0E8FB72
:1036800090B94FF480530E48049304A905F0FEFD51
:1036900090B900230A48019301A9039306F0ECF8BE
:1036A00028B909B05DF804FBFFF754FEE9E7FFF71E
:1036B00051FE09B05DF804FBFFF74CFEE9E700BFDF
:1036C000A80C00200008004030B50024A5B034222A
:1036D000214617A8504D0694CDE90744CDE903448F
:1036E000CDE91144CDE91344CDE915440294109479
:1036F0000994FCF7B1FF494AAC600523C5E90023F2
:1037000040F2E733EB6028468023C5E90444AB610F
:1037100005F09EFB00284FD14FF480533E4806939E
:1037200006A905F0B3FD002855D13B4805F072FC11
:1037300000284DD100230022CDE902233648002382
:1037400002A9049306F098F800283ED160229FED6C
:10375000307B002310924FF4FA72CDE911232E48EA
:10376000139310A908228DED147B169305F096FF94
:1037700040BB00234FF40050CDE91B304FF00072E6
:103780002548239317A9CDE91733CDE91933CDE99E
:103790001D33CDE91F32CDE9213306F0C7F870B9EA
:1037A0001E4A296800239142CDE90A33CDE90C3342
:1037B0000E9313D025B030BDFFF7CCFDACE7FFF77B
:1037C000C9FDEDE7FFF7C6FDD3E7FFF7C3FDBDE792
:1037D000FFF7C0FDAEE7FFF7BDFDA6E703F18043AD
:1037E00003F504330E48DA6C42F00202DA64DB6C53
:1037F00003F0020301934FF400740A2302250AA97F
:10380000CDE90A45019A0E9301F076FB25B030BD53
:103810000000000000000000580C002000340140AF
:103820000004004800B50368B3F1804F85B018D09C
:103830002C4A93422BD02C4A93423DD02B4A9342A0
:1038400002D005B05DF804FB294B1A6E42F4005219
:103850001A661B6E03F400530393039B05B05DF8D7
:1038600004FB03F504330022986D40F001009865D5
:103870009B6D03F00103009311461C20009B01F097
:1038800029F91C2005B05DF804EB01F05FB9184B75
:10389000986D40F0020098659B6D002203F00203D2
:1038A000019311461D20019B01F014F91D2005B064
:1038B0005DF804EB01F04AB90D4B986D40F004003F
:1038C00098659B6D002203F00403029311461E20AD
:1038D000029B01F0FFF81E2005B05DF804EB01F03B
:1038E00035B900BF0004004000080040003401402A
:1038F0000010024010B51F481F4C00234FF4E13167
:103900000C22C0E90041C0E90233C0E90432C0E939
:103910000633C0E90833836206F01CFD70B9154810
:10392000002106F06FFD88B91248002106F0ACFDB9
:10393000A0B9104806F048FDB8B910BDFFF70AFD60
:103940000C48002106F05EFD0028EDD0FFF702FDD7
:103950000848002106F098FD0028EAD0FFF7FAFC9D
:10396000044806F031FD0028E7D0BDE81040FFF71D
:10397000F1BC00BF300E00200038014010B51F48D8
:103980001F4C00234FF4E1310C22C0E90041C0E993
:103990000233C0E90432C0E90633C0E90833836268
:1039A00006F0D8FC70B91548002106F02BFD88B947
:1039B0001248002106F068FDA0B9104806F004FD89
:1039C000B8B910BDFFF7C6FC0C48002106F01AFD7F
:1039D0000028EDD0FFF7BEFC0848002106F054FD9A
:1039E0000028EAD0FFF7B6FC044806F0EDFC0028FA
:1039F000E7D0BDE81040FFF7ADBC00BF980D002038
:103A0000004800400000000010B504469EB00021B0
:103A1000542209A8CDE90411CDE906110891FCF75B
:103A20001BFE3F4A2368934204D03E4A934233D060
:103A30001EB010BD012309A8099304F071F90028F4
:103A40005BD1394B39481A6E42F480421A661A6EBD
:103A500002F480420092009ADA6C9FED2B7B42F0D8
:103A60000402DA64DB6C8DED047B9FED297B03F0AF
:103A70000403019304A907238DED067B0893019AA3
:103A800001F03AFA00220121252001F023F8252037
:103A900001F05CF81EB010BD042309A8099304F0DE
:103AA0003FF968BB204B22489A6D42F480229A6508
:103AB0009A6D02F480220292029ADA6C9FED167BD4
:103AC00042F00202DA64DB6C8DED047B9FED107B2B
:103AD00003F00203039304A907238DED067B0893EB
:103AE000039A01F009FA00220121272000F0F2FFD9
:103AF000272001F02BF81EB010BDFFF72BFCA0E72C
:103B0000FFF728FCCEE700BF3000000002000000F5
:103B10000000000000000000000C00000200000097
:103B200000380140004800400010024000080048F2
:103B3000000400480D488546FFF70AFD0C480D4972
:103B40000D4A002302E0D458C4500433C4188C42F8
:103B5000F9D30A4A0A4C002301E013600432A2425E
:103B6000FBD3FCF7EBFEFFF793FBFEE70000022020
:103B700000000020AC02002028C90008B00200208C
:103B800098280020FEE7000038B50F4B1B680BB9E2
:103B9000012038BD0D494FF47A720546B2FBF3F3AC
:103BA0000868B0FBF3F000F0DFFF04460028EFD117
:103BB0000F2DEDD8024629464FF0FF3000F08AFF66
:103BC000034B20461D6038BD2C0100202801002039
:103BD0003001002010B5032000F06AFF0F20FFF72E
:103BE000D3FF10B10124204610BD0446FFF748FC66
:103BF000204610BD034A0449136809680B4413604A
:103C0000704700BFC40E00202C010020014B186833
:103C1000704700BFC40E002038B50446FFF7F6FF1A
:103C2000631C054602D0044B1B681C44FFF7EEFFE3
:103C3000401BA042FAD338BD2C01002030B583B020
:103C40000023019300285CD0C56D0446002D00F0D0
:103C5000C180226893689B0005D5936823F02043B8
:103C600023F03F0393609368DD0019D46F4B7048D5
:103C70001B6891689B09A0FB030321F010419B097D
:103C800021F03F0101335B0041F0805191600193CD
:103C9000019B2BB1019B013B0193019B002BF9D1AF
:103CA0009368D80030D4E36D43F01003E365236ECE
:103CB000012003432366936813F0040FE36D1CD1C6
:103CC000D9061AD4E36D23F4817343F00203E3654C
:103CD0009368DB0729D4B2F1A04F17D0554B9A4215
:103CE00014D05549554B89689B680B4354498968E2
:103CF0000B43D90719D4534911E0E36D43F0100386
:103D0000E365012003B030BD0020D4E7494B4FF0FC
:103D1000A04189689B680B43DD0706D44A498B683C
:103D2000656823F47C132B438B60E568E36B94F8A0
:103D300024102B43A5682B43657F012943EA4533B3
:103D400043EA01434CD0E16A21B1256B01F478715B
:103D500029430B43D5683D4929401943D160136974
:103D6000616B23F040630B43136193681B0722D4FC
:103D7000D16894F83830257F21F480415B0021F030
:103D8000020143EA85330B432169D360136900299B
:103D900033D043F480331361D2F8C0306FF30D0396
:103DA0000B43C2F8C03094F84030012B2FD0136978
:103DB00023F0010313616369012B16D0136B23F009
:103DC0000F031363E36D23F0030343F00103E36583
:103DD00003B030BDFEF7B8FE256684F8585038E7CA
:103DE000A16A013943EA4143ADE7116B236A21F02F
:103DF0000F01013B0B431363E4E723F480331361AA
:103E0000D2F8C0306FF30D03C2F8C030CBE71169B0
:103E1000636CA56C6FF38A012B430B43E16C0B437E
:103E2000216D0B4343F001031361C4E72801002017
:103E3000632D3E05000100500004005000050050B5
:103E40000006005000070050000300500740F0FF3C
:103E50000368B3F1A04F2DE9F04105460F4666D047
:103E60004148424A4249834218BF0A46AC699668B3
:103E7000082C06F01F061CD040F22122F240D40785
:103E800013D4B3F1A04F6CD03748384A3849834235
:103E900018BF0A46936813F4604F09D0EB6D43F0E6
:103EA0002003EB650120BDE8F081DB68D807F5D47D
:103EB0000424FFF7ABFE791C2A6880463AD11368C8
:103EC0002342FCD0EB6D43F40073EB65D36813F42D
:103ED000406F0FD16B7F6BB913681B070AD5EB6D71
:103EE00023F48073EB65EB6DDF0403D4EB6D43F0DB
:103EF0000103EB651C4B9A420DD003F580639A4297
:103F00002DD0082CD36810D05B0401D40C2313608F
:103F10000020BDE8F0814FF0A04140F22123F340A2
:103F2000D807EED4082CCB68EED11460F0E70F4A26
:103F30009CE74FB113682342C4D1FFF767FEA0EBA3
:103F40000803BB422A68F4D913682340F2D1EA6D12
:103F500085F8583042F00402EA650320D9E70549A4
:103F6000DBE7024A96E700BF000100500003005063
:103F700000070050000400500368186C704700BF31
:103F8000704700BF704700BF08B5806AFFF7FAFFAF
:103F900008BD00BF704700BF836ADA6D12F0500F92
:103FA00010B5DA6D1DD1196842F40072DA650A683D
:103FB00012F0080FCA681BD012F4406F0DD1CA6806
:103FC00094040AD4DA6D22F48072DA65DA6DD104D1
:103FD00003D4DA6D42F00102DA651846FFF7D0FF2C
:103FE00010BDD2060AD45B6DBDE810405B6B18476C
:103FF0009007E7D51846FFF7C3FFF1E71846FFF72C
:10400000C9FF10BD806A08B5C36D43F04003C365A6
:10401000036E43F004030366FFF7BCFF08BD00BF57
:104020002DE9F04190F8582082B00346012A4FF064
:104030000000019000F01F811A68012083F85800E9
:104040009468640767D448684FEA901E00F01F0C1C
:104050000EF00C0E086802F13004C0F3846054F8CE
:104060000E501F2600FA0CF006FA0CFC25EA0C0C88
:1040700040EA0C0044F80E009068470755D5906858
:1040800008689468E50712D4CE68BD4CD2F8B050E9
:1040900006F01807FC40C0F31207044025EA0705A4
:1040A0002C43C2F8B040B74CA64200F09180B6490C
:1040B00008422ED0B2F1A04F00F0DB80B34DB449DE
:1040C000B44CAA4218BF2146B34C8968A04201F003
:1040D000E07500F0D480B14CA04200F0D080B04C2C
:1040E000A04200F0F580AF4CA04212D1490210D49A
:1040F000A6498A420DD0A64801F5C061B2F1A04F91
:1041000008BF01468A6822F0E0722A4342F4800226
:104110008A60002003E0DA6D42F02002DA650022B6
:1041200083F8582002B0BDE8F0819468086826073B
:10413000A7D48D68C0F304560724C00DB440B5F170
:10414000004F00F004006FEA040400F0358102F132
:104150001407B5403E5834402C433C50506920F081
:1041600000405061D1E904640868D568042E074610
:1041700000F0D980C5F3C1056D0000F0F84704FADE
:1041800005F002F16004884D54F826C00CEA0505DC
:104190003D43284340F0004044F826000D698E69F5
:1041A00054F8250020F08070304344F825000E6953
:1041B0000D7F54F82600A5F10105B5FA85F56D09C6
:1041C00020F0007040EA456044F82600086858E78F
:1041D000002F00F0928090FAA0F4002C00F0F680FE
:1041E000B4FA84F4013404F01F04092C40F2EE8088
:1041F00090FAA0F4002C00F09181B4FA84F4013418
:10420000A40604F0F84490FAA0F5002D00F09D817A
:10421000B5FA85F5013505F01F05012606FA05F505
:104220002C4390FAA0F0002800F08D81B0FA80F0C5
:10423000451C05F01F0503206FF01D0610FB0560EF
:10424000000540F000702043C50D8C6805F00405A2
:1042500002F11406C0F3045004FA00F74FF0070C03
:1042600074590CFA00F024EA0000384370510868D1
:104270001DE7474928E7022002B0BDE8F0810C02A3
:104280003FF547AFB2F1A04F4BD048498A427FF487
:1042900040AF4048464A474C126881689209A4FBE7
:1042A0000242920921F0E0710132294302EB4202FD
:1042B000920041F4000181600192019A002A3FF4CA
:1042C00028AF019A013A0192019A002AF9D120E718
:1042D000C8013FF51EAFB2F1A04F00F01D812B4C7D
:1042E0002B492C48A24218BF01468A6822F0E0728E
:1042F0002A4342F080728A600BE7800E013000F0A2
:104300001F050124800600F0F840AC40092D44EA66
:10431000000405EB45007ED91E38000540F0007012
:1043200091E71B48B6E7146E146EC0F31205C4F390
:104330008464002D71D1C0F38460844200F0A580B4
:10434000546E556E02F16004C5F3846502F1640E8B
:10435000854200F0C580A568A56804F1080CC5F386
:104360008465854200F0A680E568E56804F10C06E6
:10437000C5F38464A04200F0C980384681E600BFDE
:10438000FFFF070000007F40000008800001005090
:104390000003005000070050000021C31000C0902F
:1043A000000052C7000084CB00F0FF03000600505D
:1043B00028010020632D3E0502F1140635582C40DB
:1043C0003450506940F000405061CBE690FAA0F4C0
:1043D000002C00F0AB80B4FA84F40134A40604F09D
:1043E000F84490FAA0F5002D00F09E80B5FA85F50E
:1043F000013505F01F05012606FA05F52C4390FA54
:10440000A0F0002800F08D80B0FA80F0013000F0BC
:104410001F0000EB4000000515E790FAA0F51DB164
:10442000B5FA85F5AC4230D0546E556E02F1600499
:10443000C5F3846502F1640E97FAA7F604F1080C3F
:10444000E046002E7AD0B6FA86F6AE424AD0DCF8C4
:104450000050DCF80050C5F3846597FAA7FE04F11C
:104460000C06B046BEF1000F63D0BEFA8EFEAE451C
:1044700022D034683468C4F3846497FAA7F5002D19
:104480003FF4FFADB5FA85F074E7106E144620F0E6
:10449000004044F8600F0F68506E556EC7F3120667
:1044A00002F1640EC5F384653846002EC4D1C7F30B
:1044B00084604DE704F10C08DCF8000020F00040B7
:1044C000CCF800000F68E068E468C7F312054646C0
:1044D000C4F384643846002DCFD1C7F3846049E724
:1044E00004F10808DEF8000020F00040CEF80000DB
:1044F0000F68A068A568C7F31206C446C5F38465B3
:104500003846002EA9D1C7F384602AE7306820F02E
:10451000004030600868B4E50D49E6E64FF080647D
:1045200071E64FF440108EE6022567E74FF0806495
:1045300057E7E568E468C4F384649EE7A568A56866
:10454000C5F3846589E703487DE6022568E600BF78
:1045500000030050000050FE70B582B000220368D6
:1045600001929A68D20734D499682D4A11420446C0
:1045700032D19A6822F0004222F03F0242F001025A
:10458000B3F1A04F9A6048D02648274A2749834272
:1045900018BF0A4693681B0229D4FFF737FB23682C
:1045A0001A68D607054614D4214E9A68D00704D459
:1045B0009A68324042F001029A60FFF727FB431BE2
:1045C000022B236802D91A68D10705D51A68D207C9
:1045D000EBD5002002B070BDE36D43F01003E3653E
:1045E000236E012043F00103236602B070BD114B1E
:1045F000114A1B689B09A2FB03239B09013303EBB0
:1046000043039B000193019B002BC6D0019B013B00
:104610000193019B002BF9D1BFE7034ABAE700BF22
:104620003F000080000100500003005000070050D0
:10463000C0FFFF7F28010020632D3E050368B3F112
:10464000A04F70B5044652D039483A4A3A4983429D
:1046500018BF0A4696689D6815F0040545D194F880
:104660005830012B41D0012384F858302046FFF701
:1046700073FF00283DD1E36D226823F4706323F0BB
:10468000010343F48073E365294B9A4206F01F0649
:1046900044D003F580639A4245D01146E36D23F47C
:1046A0008013E365E36D13F480531CBF236E23F086
:1046B000060323661C2313608A424FF0000384F82C
:1046C000583019D040F22123F340DD0714D4E36DB4
:1046D00043F48013E365CB689B0105D5E36D23F4B8
:1046E000405343F48053E36570BD022070BD114A0E
:1046F000B0E784F8585070BDD368990105D5E36DD3
:1047000023F4405343F48053E365936823F000435C
:1047100023F03F0343F00403936070BD4FF0A041CA
:10472000002EBFD1BAE70549002EBBD1B6E700BFC6
:10473000000100500003005000070050000400502A
:104740002DE9F0410568B5F1A04F04460E46174625
:1047500067D0394A39483A4B954218BF18468268A3
:10476000AB685B0715D494F85830012B11D0354B4A
:1047700001209D4202F01F0884F858000CD040F23E
:10478000212323FA08F3034006D184F85830BDE80A
:10479000F0810220BDE8F0812046FFF7DDFE002811
:1047A00041D1E36D216823F4706323F0010343F4E6
:1047B0008073E365204B99423AD003F580639942B8
:1047C00036D0E36D23F48013E365E36D606D1E4D19
:1047D00013F480531CBF236E23F006032366C562C7
:1047E0001A4D05631A4D45631C250D60002584F89C
:1047F00058504D6845F010054D60CD6845F00105F5
:104800003B463246CD60403100F05AFA2268936848
:1048100023F0004323F03F0343F004039360BDE81B
:10482000F08106489BE7002384F85830BDE8F0810A
:10483000B8F1000FC9D1C4E70001005000030050D7
:104840000007005000060050993F0008893F00080B
:104850000540000838B503689A68950702D59B683B
:10486000002038BD9A68D407FAD59A6802F00D0284
:10487000012A044609D0E36D43F01003E365236E7B
:1048800043F001032366012038BD9A6822F00042FC
:1048900022F03F02032142F002029A601960FFF702
:1048A000B5F923689B68D907054603D4D8E79B6808
:1048B000DB07D5D5FFF7AAF9401B02282368F6D9F4
:1048C0009A68D207F3D5D6E730B590F8583083B060
:1048D0000022012B01923FD0012380F8583004467A
:1048E0000D46FFF7B7FFE36DE8B923F4885323F0D3
:1048F0000203226843F00203E365936823F0404318
:1049000005F0804123F03F030B4343F000439360E5
:1049100093681349002B0EDBE36D23F0030343F090
:104920000103E36502E043F01003E365002384F82C
:10493000583003B030BD019B01330193019B8B4282
:10494000E6D9E36D23F01203002243F01003E36580
:1049500084F858200120ECE7022003B030BD00BFEE
:1049600001DE040090F85820012A4CD070B402688F
:104970009DB0034600240120B2F1A04F189483F8A3
:10498000580019940BD0444DAA423AD0DA6D83F8FE
:10499000584042F02002DA651DB070BC70473F48B5
:1049A000806840070BD59268DA6D42F02002012042
:1049B000DA65002283F858201DB070BC70479068FB
:1049C0004407F1D4B2F1A04F0D681ED0344A002D37
:1049D00031D191683348304C21F460419160A46832
:1049E000816800F580708068C00708D42143CD0736
:1049F00005D4916821F4716121F00F0191600020CC
:104A0000D7E72848CCE702207047002D33D0264C4A
:104A10004E68A06893F838C020F46040304340EA04
:104A20004C30A0609268D60733D41C4A9268D607EF
:104A3000E5D4224615E090684C6820F4604020439D
:104A400093F8384040EA443090601348174C866829
:104A500000F580708068A468E407D0D43043C007B4
:104A6000CDD49068896820F47160294320F00F004C
:104A700001439160C3E70C49886820F46040886076
:104A80009268D20705D4054A9268D607B7D40A4679
:104A9000AFE7024A9268B2E70004005000010050FC
:104AA00000070050000500500003005000060050B1
:104AB0000749CA6803024FF6FF0003F4E0630240AF
:104AC000134343F0BF6343F40033CB60704700BF30
:104AD00000ED00E01B4BDB68C3F3022300B5C3F11C
:104AE000070EBEF1040F03F1040C28BF4FF0040EB3
:104AF000BCF1060F1CD9A3F1030C4FF0FF3303FAEE
:104B00000CF322EA03024FF0FF3303FA0EF321EA1B
:104B1000030303FA0CF313431B010028DBB20ADB87
:104B200000F1604000F5614080F800335DF804FB5F
:104B300000229446E7E7044A00F00F00024413768F
:104B40005DF804FB00ED00E0FCEC00E0002807DB72
:104B5000044A4109012300F01F00834042F821303C
:104B6000704700BF00E100E00138B0F1807F01D361
:104B70000120704710B44FF0E023074C58614FF00C
:104B8000F00C84F823C00022072110469A615DF8DA
:104B9000044B1961704700BF00ED00E0002876D09B
:104BA000F0B43C4A0468944203465CD93A493B4A13
:104BB0003B482144A2FB01210909890002229D688A
:104BC00083F82520DA68354E364FC3E9100118699D
:104BD0002A4302435869024398690243D869024351
:104BE000E0B20838A6FB0060266826F4FF4C1E6A77
:104BF0002CF0700C324342EA0C022260254E2A4A05
:104C0000C0F30410B44298BF3A4606F27946012434
:104C100004FA00F0DE64B5F5804F01EB020618657A
:104C20009E644FEA910127D05E68F5B2013E032EE3
:104C300042F82150C7F8840024D81C4A1C482A4452
:104C40009200013DAC400021C3E91520DC651160F4
:104C5000184A546400200122D86383F8240083F8A2
:104C60002520F0BC704714490C4A14482144A2FB8B
:104C7000012109098900A1E700245C6042F8214074
:104C8000C7F884000022C3E91522DA65E2E70120B3
:104C9000704700BF07040240F8FBFDBFCDCCCCCC71
:104CA0000004024000080240200802403F82001039
:104CB0004009024000090240F8FFFDBF0000024029
:104CC000F0B490F82440012C09D0012480F824404D
:104CD00090F82540012C05D0002380F824300220D4
:104CE000F0BC7047022480F825400024C4630468A7
:104CF000C66C256825F001052560D0E9147577603C
:104D000015B1D0E916677760466C076C06F01F0C8A
:104D1000012606FA0CF67E6063608368102B036B35
:104D20000BBFA260A160E160E260BBB1236843F009
:104D30000E032360836C1A68D20303D51A6842F409
:104D400080721A601DB12B6843F480732B60236856
:104D500043F0010300202360F0BC7047236823F078
:104D600004032360236843F00A032360E2E700BFE3
:104D700090F82520022A034609D00422C2630121AB
:104D80000022012083F8251083F824207047026850
:104D9000596C30B4846C10681D6C20F00E001060EB
:104DA000206820F480702060106820F001001060FE
:104DB00001F01F0101228A40D3E91441D86C6A60D6
:104DC000446031B10A68D3E9160422F480720A60A3
:104DD00044600121002283F8251083F8242000205C
:104DE00030BC704738B590F82530022B09D001232C
:104DF00004210022C16380F8242080F82530184661
:104E000038BD0368846C1968426C056C21F00E0192
:104E10001960196821F0010119602368C16C23F43D
:104E20008073236002F01F0201239340D0E91442F3
:104E30006B604C6032B11368D0E9161423F48073B0
:104E400013604C60836B0121002280F8251080F8EC
:104E5000242003B19847002038BD00BF70B4436CD4
:104E6000066C056831682C6803F01F0304229A4021
:104E70000A420ED014F0040F0BD02B689B0603D40B
:104E80002B6823F004032B60036B7260CBB170BC02
:104E9000184702229A400A4215D014F0020F12D08D
:104EA0002B68990606D42B6823F00A032B60012394
:104EB00080F82530C36A7260002180F82410002B2E
:104EC000E5D170BC704708229A400A42F9D0220707
:104ED000F7D52A68416B22F00E022A60012202FAFD
:104EE00003F300247360C26380F8244080F8252017
:104EF0000029E6D070BC08470B68002B00F09881B1
:104F00002DE9F04FB0F1904F85B04FF000024FF017
:104F1000010B00F00D81DFF84CE30093009B0BFACE
:104F200002FC1CEA030A77D04D6805F00307540021
:104F3000032307F1FF3803FA04F6B8F1010F6FEA13
:104F4000060640F21981032F40F0798107FA04F434
:104F500007683E40344315F4403F04605CD0BE4EC9
:104F6000346E44F001043466346E04F0010403949A
:104F7000039C22F0030404F1804402F003070F2392
:104F800004F58034BF0003FA07FCB44BA6689842CE
:104F900026EA0C0600F04081B14B984200F02D81CA
:104FA000DFF8C4C2604500F03D81DFF8C0C2604553
:104FB00000F03F81DFF8B8C260450CBF4FF0050C30
:104FC0004FF0060C0CFA07F73E43A660DEF80840E7
:104FD0006FEA0A06EF0254BF34404AEA0404CEF8EE
:104FE0000840DEF80C40AB0254BF34404AEA0404E7
:104FF000CEF80C40DEF80440AF0354BF34404AEA18
:105000000404CEF80440DEF80040EB0354BF344003
:105010004AEA0404CEF80040009B013233FA02F45D
:105020007FF47CAF05B0BDE8F08FD0F80890CE6873
:105030000AEA090906FA07F848EA0908C0F80880E8
:10504000D0F8048028EA0E08C5F3001E0EFA02FE0E
:105050004EEA080EC0F804E0D0F80C808E680AEA28
:10506000080806FA07FE4EEA080E022CC0F80CE00B
:1050700019D14FEAD20E0E694FEA8E0E02F00708E0
:105080000EF1904E4FEA880806FA08F6DEF82090F6
:1050900000960F2606FA08F8009E29EA080946EA53
:1050A0000908CEF82080BC40076807EA0A073C439D
:1050B00015F4403F046036D0674F3C6E44F0010465
:1050C0003C663C6E04F001040394039C22F003044C
:1050D00004F1804404F5803402F00307D4F808E0BA
:1050E0000F26BF0006FA07F72EEA0707A7605D4CF8
:1050F000EE02A4686FEA0C077CD43C40594EB460C1
:10510000F468AE0200F185803C40564EF46074684D
:10511000AE037BD43C40534EED037460346872D4CC
:105120003C40504D2C60013233FA02F43FF47AAF28
:105130000BFA02FE13EA0E0CF5D04D685700032659
:1051400006FA07F805F003046FEA080A04F1FF38CD
:10515000B8F1010F7FF669AF032CA4D04FF090484F
:105160008E68D8F80C9006FA07FE0AEA09094EEA9A
:10517000090EC8F80CE096E7D0F80890CB6809EA69
:10518000060903FA04F848EA0908C0F80880D0F8CC
:1051900004808B6828EA0C08C5F3001C0CFA02FC9A
:1051A0004CEA080CC0F804C0D0F80C8003FA04FCE8
:1051B00008EA06084CEA080C022FC0F80CC07FF47D
:1051C000C5AE0B694FEAD20802F0070C00EB880865
:1051D0004FEA8C0C03FA0CF3D8F8209001930F23BC
:1051E00003FA0CFC019B29EA0C0943EA090CC8F8F4
:1051F00020C0ABE644EA0C0480E74FF0020C0CFA46
:1052000007F73E43E1E64CEA04048AE744EA0C046B
:1052100081E74CEA040478E74FF0010C0CFA07F739
:105220003E43D2E64FF0030C0CFA07F73E43CCE6C0
:1052300070474FF0040C0CFA07F73E43C5E6D0F870
:105240000C808B6808EA060803FA04FC4CEA080C98
:10525000C0F80CC07AE600BF00100240000400480D
:105260000008004800040140000C004800100048FD
:10527000001400480AB1816170478162704700BF25
:10528000436901EA030221EA030141EA0241816123
:10529000704700BF002866D010B582680023022145
:1052A000D207C0E93833C0E93A33C0E93C3382B0B1
:1052B000044680F8DD10C0F8F8300FD50168314B96
:1052C000994252D0D4E904030A6800F4404022F421
:1052D0007042024303F4405313430B602046FDF732
:1052E000A1FDA3689B0708D52168E3680A6803F459
:1052F000407322F4407213430B60002301221846CE
:10530000C4E90633C4E90833C4E90C33C4E90E33F5
:10531000C4E91033C4E91333C4E91533C4E91733BE
:10532000C4E91A33C4E91C33C4E91E33C4E9213388
:10533000C4E92333C4E9253384F8DD2084F8DC3064
:10534000A362C4F8A030C4E92933C4E92B33C4E90B
:105350002F33C4E93133C4E93333C4F8B430C4F86B
:10536000D83002B010BD0120704703F528431A6EF3
:1053700042F080621A661B6E03F080630193019B0A
:10538000A0E700BF0068014090F8DC30012B30D06E
:105390000223012280F8DD30036880F8DC20B1F1BF
:1053A000FF3FD3F8CC2315D042F00202C3F8CC2340
:1053B000D3F8CC2322F00C020A43C3F8CC23D3F851
:1053C000CC2342F00102C3F8CC23012380F8DD3066
:1053D0000020704722F00202C3F8CC23D3F8CC237C
:1053E00042F00102C3F8CC23012380F8DD30002015
:1053F00070470220704700BF70B50D460446FEF7A7
:1054000005FC6E1C0BD12268D2F88833D903FBD57A
:105410000020012384F8DD3084F8DC0070BD0646EE
:105420002368D3F88833DB03F2D4FEF7EFFB831B4A
:10543000AB4201D8002DF3D1072384F8DD300320DF
:1054400070BD00BF90F8DDC0BCF1020F2CD0034648
:105450000220F0B4062983F8DD00D2E90276D2E911
:105460000045186815D000EBC111D1F8802022F05A
:1054700007023A4322F018023243C1F88020C1F8F3
:105480009440C1F89850012283F8DD200020F0BC40
:105490007047026822F007023A4322F018023243B2
:1054A000026044618561EEE75FFA8CF0704700BFEF
:1054B00090F8DDC0BCF1020F03465FFA8CF000F0FB
:1054C000CD8093F8DC00012800F0C98030B50124BC
:1054D00083F8DC401868022483F8DD402029D0F8E6
:1054E0008053D0F8FC431AD8002900F0E78001F17E
:1054F000FF3CBCF11F0F00F2D380DFE80CF0A0905E
:10550000D17FD1D1D16DD1D1D1D1D1D1D162D1D1B0
:10551000D1D1D1D1D1D1D1D1D1D1D1D1D152B1F5F6
:10552000807F00F0AE8028D8402900F09A80802942
:1055300040F0DA80D2E90012090901F4E04124F4D4
:10554000E0440C43D0F8F813120402F4F81221F4EA
:10555000F811C0F8F813D0F8F8130A43C0F8F8238C
:1055600093F8DD20072A58D0C0F8FC430020012220
:1055700083F8DD2083F8DC0030BDB1F5007F40F01A
:10558000A780D2E90012090101F4E00124F4E0044B
:105590000C43D0F8F813920602F0F84221F0F841DB
:1055A000D7E7D2E90012090B01F0700124F0700472
:1055B0000C43D0F8F813520102F4787221F4787198
:1055C000C7E75188526861F30204D0F8F81302F07B
:1055D0001F0221F01F01BCE7D2E90012C0F8C82366
:1055E00093F8DD404A0225F0606502F06062072C06
:1055F00045EA020511D0C0F88053B7E7D2E900129E
:10560000C0F8C42393F8DD408A0125F0E07502F06C
:10561000E072072C45EA0205EDD1012030BDD2E948
:105620000012C0F8C02393F8DD40CA0025F46015CD
:1056300002F46012072C45EA0205DCD1EDE7D2E95D
:105640000012C0F8BC2393F8DD4025F4E02501F4F6
:10565000E022072C45EA0205CDD1DEE770470220A3
:105660007047D2E90012090A01F4E06124F4E06411
:105670000C43D0F8F813920202F4F84221F4F841F6
:1056800067E7D2E9001224F4E02401F4E0210C439E
:10569000D0F8F813520502F0787221F0787158E7CB
:1056A000072283F8DD2093F8DD204FF0000C072A55
:1056B00083F8DCC0B1D00F299DD955E7072283F8C4
:1056C000DD2093F8DD2083F8DC10072A93D1A4E7CE
:1056D000072283F8DD2093F8DD200021072A83F8D4
:1056E000DC107FF441AF98E7072283F8DD2093F8C0
:1056F000DD200021072A83F8DC108ED034E700BFBC
:1057000090F8DDC0BCF1020F03465FFA8CF023D0A5
:1057100093F8DC0001287CD04FF0010C02202029F6
:1057200083F8DCC083F8DD0017D831B301391F29B5
:1057300023D8DFE801F0564E22462222223E2222C2
:1057400022222222226622222222222222222222F5
:1057500022222222225E01207047B1F5807F5AD09A
:105760001CD840295FD0802907D11868D0F80414CC
:1057700062F31031C0F8041405E00721002283F819
:10578000DD1083F8DC2093F8DD20072AE3D0002029
:10579000012283F8DD2083F8DC007047B1F5007F3B
:1057A000EBD11868D0F8041462F31C61C0F804143B
:1057B000E9E71868D0F8001462F39641C0F80014C5
:1057C000E1E71868D0F8001462F31031C0F8001453
:1057D000D9E71868D0F8001462F38A11C0F80014F1
:1057E000D1E71868D0F8001462F30401C0F800147F
:1057F000C9E71868D0F8041462F30401C0F804146F
:10580000C1E71868D0F8001462F31C61C0F80014F6
:10581000B9E7022070471868D0F8041462F3964183
:10582000C0F80414AFE71868D0F8041462F38A11C2
:10583000C0F80414A7E700BF90F8DD30022B8446BF
:10584000D8B200F06B819CF8DC30012B00F067814E
:105850002DE9F04F012002238CF8DC008CF8DD30BC
:105860000629DCF80000556983B000F0C68000EB23
:10587000C11E202DDEF8803023F07043CEF880303A
:10588000DEF88030DEF8E880DEF8E460D0F8A0438F
:1058900023F020094FEAC11749EA05090ED09369A0
:1058A000022B0BD0032B00F03481042B06BF29F010
:1058B000800949F4807929F4D07903E029F4C0798A
:1058C00049F02009D369956D29F4006949EA030973
:1058D000136A29F4806949EA0309536A29F0C06907
:1058E00049EA0309936A29F0006949EA0309D36A7E
:1058F000019329F0704949EA0309536B29F40039EF
:10590000B3F1005F08BF49F4003926F4807A966B42
:1059100029F04003334323F480232B43D56B23F03A
:10592000FC7365F30508156D23F4803328F00049F6
:105930002B43D2F84880156C28F4805B49EA0509AE
:10594000556CBBF5606F4AEA050A53D02AF4F05A49
:1059500048EA0A0AD56C2AF4804A4AEA0508D2F8CD
:1059600054A0052909D8DFE801F0CEC8C2BC03B6AF
:10597000166B24F4001444EA46140744CEF8803031
:10598000C7F8E890C1EBC103C7F8E480C7F8D4A01A
:10599000C0F8A043D2E901A9D2E903479B00203314
:1059A00015684CF803500CEB0306C6E901A9C6E9DB
:1059B000034705290AD8DFE801F003847D766F6884
:1059C000D0F8843343F00203C0F88433019B43B919
:1059D000DEF88030D26D23F4007343EA4223CEF820
:1059E0008030002001238CF8DD308CF8DC0003B01F
:1059F000BDE8F08F402EADD1A8E70468D0F8A01321
:105A000024F020042C43202D24F0C00360D095699D
:105A1000022D5DD0032D00F08480042D0CBF43F0D7
:105A2000800324F0E003D46923F400632343146A61
:105A300023F480632343546A23F0C0632343946AAE
:105A400023F000632343D46A23F0404343EA8403F2
:105A5000546B23F000532343146B036021F4803113
:105A60002143C0F8A013D2E90213D2E9005412690D
:105A7000CCF8D820CCE93254CCE93413D0F88433B4
:105A800043F00103C0F88433ABE7D0F8843343F02C
:105A90004003C0F8843399E7D0F8843343F02003FF
:105AA000C0F8843392E7D0F8843343F01003C0F891
:105AB00084338BE7D0F8843343F00803C0F8843391
:105AC00084E7D0F8843343F00403C0F884337DE7DF
:105AD00043F02003A7E7166B24F4800444EA8614FD
:105AE0004BE7166B24F4801444EA061445E7166B62
:105AF00024F4002444EAC6043FE7166B24F480240F
:105B000044EA860439E7166B24F4003444EA460478
:105B100033E729F4807949F08009D3E67047022001
:105B2000704743F040037EE790F8DD30022B844657
:105B3000D8B246D09CF8DC30012B6DD0DCF80000E8
:105B4000022310B58CF8DD3000EBC1131468D3F8D4
:105B5000EC3023F0100343EA0413546823F4801359
:105B60002343D46823F480332343946823F400331D
:105B700023439469012C4FEAC11E17D08644CEF806
:105B8000EC3006290BD8DFE801F0242B3239044031
:105B90001D00D0F8843343F02003C0F88433002084
:105BA00001238CF8DD308CF8DC0010BD14695269DB
:105BB00023F00403234323F00203134343F00103C0
:105BC000DCE77047D0F8843343F00103C0F8843336
:105BD000E5E7D0F8843343F00203C0F88433DEE70E
:105BE000D0F8843343F00403C0F88433D7E7D0F807
:105BF000843343F00803C0F88433D0E7D0F884330B
:105C000043F01003C0F88433C9E7D0F8843343F07D
:105C10004003C0F88433C2E70220704790F8DD30BB
:105C2000022B8446D8B23FD09CF8DC30012B3CD00C
:105C3000022310B58CF8DD30D2E90003C3F308036A
:105C400000F4E05018439368546903F40073184358
:105C5000136903F480431843D36803F400430343F8
:105C6000906900F000700343106A00F08040034325
:105C7000D06900F000421343DCF8002002EBC111B0
:105C80000B4AD1F8B80002EA04421343094A024021
:105C90004FF0000E13430122C1F8B8308CF8DD201C
:105CA0008CF8DCE0704610BD70470220704700BFE2
:105CB0000000FF010020003C00B590F8DDE0BEF1DF
:105CC000020F84465FFA8EF027D09CF8DC00012892
:105CD00000F0A08001208CF8DC0006294FF00200C3
:105CE0008CF8DD0002F1FF3219D0072A05D8DFE871
:105CF00002F02B61043904040441072200238CF8CC
:105D0000DD208CF8DC309CF8DD30072B27D000201C
:105D100001238CF8DD308CF8DC005DF804FB072AE9
:105D2000EBD801A151F822F0015E0008F75D0008F0
:105D3000FB5C00080B5E0008FB5C0008FB5C0008D5
:105D4000FB5C0008ED5D0008DCF800201B6802EB3E
:105D5000C112C2F89C309CF8DD30072BD7D101204E
:105D60005DF804FBDCF800201B6802EBC112C2F8EE
:105D7000A830C8E7DCF80020186802EBC1125968A7
:105D8000C2F8AC0000294FD0D2F8800020F4404087
:105D9000C2F88000D2F88000B1F5005F40EA8100CF
:105DA000C2F880001ED0B1F5405FACD19B68C2F84C
:105DB000A830A8E7DCF80020186802EBC112596887
:105DC000C2F8A40049B3D2F8800020F44050C2F8D1
:105DD0008000D2F88000B1F5005F40EA0100C2F80F
:105DE0008000E0D19B68C2F89C308CE7DCF8002092
:105DF0001B68D36287E7DCF800201B68536282E7E8
:105E0000DCF800201B68D3617DE7DCF800201B680C
:105E1000936278E702205DF804FBD2F8803023F427
:105E20004053C2F880306EE7D2F8803023F440430C
:105E3000C2F8803067E700BFF0B590F8DD40022C73
:105E40008446E0B244D09CF8DC0001284FF0020008
:105E50003ED08CF8DD00DCF800004FEAC11E00EBFC
:105E6000C111402AD1F8E460D1F8B8503AD030D806
:105E7000012A37D0023A1E2A3CD8012101FA02F247
:105E800028490A4248D000EB0E025968C2F8C410F3
:105E90009968C2F8C81010246FF47E0206EA020165
:105EA000DE681A685F6932431E6932433A439F696C
:105EB0003A43A240082E42EA01021FD000EB0E0333
:105EC00001210020C3F8E4208CF8DD108CF8DC0000
:105ED000F0BDB2F5007FD6D017D8802AD3D0B2F566
:105EE000807F07D100EB0E025968C2F8BC10996898
:105EF000C2F8C0106FF0FE020024CFE715F0022FA9
:105F0000DCD1DB69A3401A43D8E7B2F5806FE9D052
:105F1000B2F5006FEED1B6E744F204010A42E1D1D6
:105F2000E8E700BF4100004090F8DC20012A03466A
:105F300011D00068022283F8DD20D0F894234FF0BE
:105F4000000C0A430121C0F89423604683F8DD1059
:105F500083F8DCC070470220704700BF90F8DC2057
:105F6000012A034611D00068022283F8DD20D0F810
:105F700098234FF0000C0A430121C0F89823604693
:105F800083F8DD1083F8DCC070470220704700BF43
:105F900090F8DC20012A03460FD00068022283F823
:105FA000DD2002684FF0000C0A43012102606046C8
:105FB00083F8DD1083F8DCC070470220704700BF13
:105FC00090F8DC20012A51D003460268022010B567
:105FD00083F8DD00D2F890035C682043C2F8900398
:105FE000C80304D5D068D3F8C8402043D0608C03E0
:105FF00005D5D2F88C001C6A2043C2F88C004803F7
:1060000005D5D2F80C01DC6B2043C2F80C010C035F
:1060100005D5D2F88C019C6D2043C2F88C01C802D2
:1060200005D5D2F80C025C6F2043C2F80C028C023A
:1060300006D5D2F88C02D3F890402043C2F88C02E7
:10604000480206D5D2F80C03D3F8AC402043C2F87E
:106050000C0310684FF0000C01434FF0010E11606B
:1060600083F8DDE083F8DCC0604610BD0220704795
:10607000704700BF704700BF704700BF704700BF48
:10608000704700BF704700BF704700BF704700BF38
:10609000704700BF704700BF704700BF704700BF28
:1060A000704700BF704700BF704700BF704700BF18
:1060B000704700BF704700BF704700BF704700BF08
:1060C000704700BF704700BF704700BFFF292DE930
:1060D000F0410368074600F0908006290D4650D035
:1060E0004A1C03EBC21203EBC1135468D3F88C6053
:1060F000E2074FEAC11802D5F20700F1AC80A2070F
:1061000002D5B30700F1B880600702D5710700F12E
:10611000BD80220702D5330700F1C280E00602D518
:10612000F10600F1C780620602D5730600F1CC804B
:10613000200602D5310600F1D180E20502D5F30533
:1061400000F1D680A00502D5B10500F1DC80620522
:1061500002D5730500F1E280200502D5310500F17A
:10616000E880E20402D5F30400F1EE80A00402D539
:10617000B10400F1F480620401D5730471D4BDE868
:10618000F081D3F88863D3F890835C68DD68F1030D
:1061900003D518F4803F40F0ED80B20303D518F426
:1061A000003F40F0F480E30702D5EE0700F1F880ED
:1061B000A00702D5A90700F1FB80620702D56B0793
:1061C00000F1FE80260702D5280700F10181E106D3
:1061D00002D5EA0600F10481A30602D5AE0600F15D
:1061E00007816006CBD56906C9D53B6840229A6015
:1061F00006213846FFF750FFC1E7D3F88843D3F8AC
:106200009053E20702D5EE0700F1F980A00702D50E
:10621000A90700F1FA80620702D56B0700F1FD8043
:10622000260702D5280700F10081E10602D5EA061B
:1062300000F10381630602D56E0600F10681A40613
:106240009DD5A8069BD53B682022C3F88C233846F1
:10625000FFF71AFF93E70122C3F88820FFF71EFF1C
:106260004DE73B6843444FF480422946C3F88820F9
:106270003846FFF71FFF82E73B6843440222C3F81A
:10628000882029463846FFF70BFF3DE73B6843442B
:106290000422C3F8882029463846FFF703FF38E771
:1062A0003B6843440822C3F8882029463846FFF754
:1062B000FBFE33E73B6843441022C3F8882029469D
:1062C0003846FDF711F82EE73B6843444022C3F8F7
:1062D000882029463846FFF7DFFE29E73B6843441C
:1062E0008022C3F8882029463846FFF7DFFE24E7DE
:1062F0003B6843444FF48072C3F8882029463846EF
:10630000FFF7D6FE1EE73B6843444FF40072C3F824
:10631000882029463846FFF7D1FE18E73B684344FA
:106320004FF48062C3F8882029463846FFF7C8FE3C
:1063300012E73B6843444FF40062C3F888202946C3
:106340003846FFF7BFFE0CE73B6843444FF48052EA
:10635000C3F8882029463846FFF7B6FE06E73B68B3
:1063600043444FF40052C3F8882029463846FFF7CB
:10637000A3FE00E74FF48032C3F88C23012380F89A
:10638000DD30002380F8DC30FFF780FE05E73B6856
:106390004FF40032C3F88C233846FFF779FE02E74A
:1063A0003B6801229A6006213846FFF777FEFFE638
:1063B0003B6802229A6006213846FFF771FEFCE630
:1063C0003B6804229A6006213846FFF76BFEF9E627
:1063D0003B6808229A6006213846FFF765FEF6E61C
:1063E0003B6810229A6006213846FCF77DFFF3E6F1
:1063F0003B6820229A603846FFF74CFEF1E6012206
:10640000C3F88C23FFF734FE00E73B680222C3F891
:106410008C233846FFF72EFEFDE63B680422C3F8C6
:106420008C233846FFF728FEFAE63B680822C3F8BB
:106430008C233846FFF722FEF7E63B681022C3F8AC
:106440008C233846FFF71CFEF4E63B684022C3F875
:106450008C233846FFF716FEF1E600BF28B338B5A7
:10646000D0E90031826804464CF6CC40186045F211
:106470005550186059609A60FDF7C8FB23680546BF
:10648000DA6851070AD0FDF7C1FB401B31282368A9
:10649000F6D9DA685207F3D0032038BD1969E268EB
:1064A000914204D01A61002038BD012070474AF69D
:1064B000AA221A60F7E700BF002800F0D78010B5C5
:1064C00090F89132044603F0FF02002B00F0C980DF
:1064D0000323206884F8913204F022F82279002AFC
:1064E00000F0AE8000234FF48071012AC4E9083324
:1064F0002182E374A36200F0C08040F20111022AFD
:10650000C4E91233218784F83B30236544D04FF42B
:106510008171032AC4E91C33A4F8601084F8633045
:10652000A36739D040F20311042AC4E92633A4F842
:10653000881084F88B30C4F8A0302DD04FF48271CD
:10654000052AC4E93033A4F8B01084F8B330C4F895
:10655000C83021D040F20511062AC4E93A33A4F824
:10656000D81084F8DB30C4F8F03015D04FF48371C4
:10657000072AC4E94433A4F8001184F80331C4F8AD
:10658000183109D0C4E94E3340F20711A4F828119C
:1065900084F82B31C4F8403100230121022AC4E9D8
:1065A0005833C4E96233A4F8503184F85331C4F845
:1065B0006831A4F8781184F87B31C4F890313FD069
:1065C0000221032AC4E96C33A4F8A01184F8A33192
:1065D000C4F8B83134D00321042AC4E97633A4F8CE
:1065E000C81184F8CB31C4F8E03129D00421052A40
:1065F000C4E98033A4F8F01184F8F331C4F8083208
:106600001ED00521062AC4E98A33A4F8181284F89A
:106610001B32C4F8303213D00621072AC4E9943360
:10662000A4F8401284F84332C4F8583208D0C4E9C0
:106630009E330722A4F8682284F86B32C4F88032B3
:10664000234653F8040B93E8060003F073FFA37A84
:10665000012200219342217384F8912208D0002066
:1066600010BD80F8902205F05BFC31E701207047F7
:10667000204600F01BFF002010BDC4E95833A4F8E9
:10668000503184F85331C4F86831D9E790F890322A
:10669000012B0FD010B504460123006884F8903216
:1066A00003F034FF206804F083FC002384F8903268
:1066B000184610BD022070472DE9F04F044683B004
:1066C000006804F081FC10F400452CD1430500F172
:1066D0007B8147041BD410F4005140F0D781C604DD
:1066E00000F18B80050500F13183010600F1018383
:1066F000820500F11F84C30512D52268B2F8443028
:1067000023F480731B041B0CA2F8443008E02268B9
:10671000B2F8443023F480431B041B0CA2F844302D
:1067200003B0BDE8F08F2068B0F844301F04F7D5FF
:10673000DFF8BCBA10E011F0100100F0C58001884C
:1067400011F400658BB240F0E7801E0400F15A811D
:10675000B0F844301A04E3D5B0F84450A9B215F0AB
:106760000F05E8D00FFA85F830F8283019049EB2EA
:1067700066D43106ECD530F828309BB203EA0B031F
:1067800043F4004305EB850220F8283004EBC202F5
:10679000AF00D37C012B00F0858108EB880804EB67
:1067A000C80C117CDCF82830009316F4807A4FEA8C
:1067B000C8094FEAC10E0FFA81F840F0A381B0F882
:1067C00050501EFA85F50544B5F80254C5F3090585
:1067D0009D4280F091815B1BCCF82830536A2B449A
:1067E0005362DCF82C3009F110012B442144CCF821
:1067F0002C3004F0B7F92068AAE72268B2F84030DC
:1068000023F004031B041B0CA2F84030B2F8403004
:1068100023F008031B041B0CA2F8403094F8C83284
:10682000012B00F09583204605F0EAFB2268B2F8C0
:10683000443023F480531B041B0CA2F844306FE750
:1068400030F8283023F070031B051B0D43F0800344
:1068500005EB850120F8283004EBC101AF0091F869
:106860005C31002B7BD1B0F8503000F2064212FAB6
:1068700083F391F8502133F83290C9F30909B9F143
:10688000000F40F0D0814FF000097B1904EBC303E7
:10689000D3F86C214A44C3F86C21D3F864214A44EC
:1068A000C3F86421D3F8682122B1D3F860314B4595
:1068B00040F29B812F4404EBC707204697F8501104
:1068C00005F064FB206854E703889BB203EA0B03DE
:1068D00043F400430380B0F8503010FA83F2207C78
:1068E00040F2024303EBC0032046D35A626AC3F36B
:1068F00009031A44E362626205F052FB237B63B32F
:10690000A36A2068002B7FF423AF227B42F0800231
:10691000A0F84C2023731BE7B0F8502094F85011D6
:1069200040F2064310FA82F203EBC10304F526712C
:10693000D35AB4F85621C3F30903C4F86C3104F0F8
:1069400057FB2268138823F070031B051B0D43F0CF
:1069500080031380204605F013FB2068F8E691F8C9
:10696000533191F85021022B00F00B8212B230F813
:10697000223023F4E04323F070031B041B0C43F488
:10698000004343F0C00320F8223091F850311AB28E
:1069900030F8222012F4804FB0F8502000F02F8100
:1069A00000F2024C1CFA82F232F83390C9F3090962
:1069B000B9F1000F3FF467AFB1F85821D1F8641175
:1069C0004B4604F015FB60E72268B2F8443023F42C
:1069D00080631B041B0CA2F84430204605F0EEFA3D
:1069E00094F89032012B3FF49BAE0123206884F889
:1069F00090322573294604F0D5FA84F8905203B0FA
:106A0000BDE8F08F028840F68F73134043F0800397
:106A10000380B0F8502094F8501140F2064310FA69
:106A200082F203EBC103D35AC3F30903C4F86C31F8
:106A300093B1D4F8641179B1B4F8562104F0D8FABE
:106A4000D4F86431D4F86C21134420462946C4F8A4
:106A5000643105F09BFA206803881D059AB23FF562
:106A600077AE02F44052B2F5405F3FF471AE038856
:106A700023F4804323F070031B041B0C83F4405366
:106A800043F4004343F08003038061E62268B2F8D8
:106A9000443023F400531B041B0CA2F8443003B011
:106AA000BDE8F08F6B1C03EB8303002144F8331027
:106AB000137FC3B116F04006537C40F00F81002BCA
:106AC00040F05982137CB0F8502000EBC30303F26E
:106AD000064392B2995AC1F309019952995A89B25F
:106AE00041F4004199523D4404EBC5052046297C00
:106AF00005F056FA20682BE6CCF828A0204605F0D1
:106B00004FFA2AE706F4804316F04006019340F05E
:106B10009280B0F85020009B00F2064A1AFA82F2E6
:106B200032F83890C9F30909994540F2A581CCF8AB
:106B300028607B1904EBC3035B7C002B40F0A3822D
:106B4000B0F850200EF2024692B20644B35AC3F394
:106B50000903B352B35A6FEA43436FEA53439BB2FC
:106B6000B352B0F850201AFA82F232F83830C3F338
:106B7000090322F8383032F838306FEA43436FEABD
:106B800053439BB222F838307B1904EBC303DB7C00
:106B9000022B0FD130F8283023F4E04323F04003D8
:106BA0001B041B0C83F0200343F4004343F08003D9
:106BB00020F82830204605F0F3F9019B002B7FF4E4
:106BC000CCAE7B1904EBC30320681A7C30F822306A
:106BD00023F4E04323F070031B041B0C43F44043F5
:106BE00043F0800320F82230B2E5282101FB054163
:106BF000206801F5A87103F0B5FF2068B9E500F23F
:106C0000064C1CFA82F232F83390C9F30909B9F143
:106C1000000F3FF438AEB1F85A21D1F864114B4659
:106C200004F0E6F931E6B1F85621D1F864114B468B
:106C300004F0DEF929E6B0F85060009B00F2024A49
:106C40001AFA86F636F83890C9F309099945C0F062
:106C5000E2800026CCF82860537C002B40F025828F
:106C6000B0F850301AFA83F30EF2064233F8386067
:106C7000C6F3090623F8386033F83860B6B246F434
:106C8000004623F83860B0F8503002449BB2D65A20
:106C9000C6F30906D652D65AB6B246F40046D652C4
:106CA0007B1904EBC303DB7C022B0FD130F82830B7
:106CB00023F4E04323F040031B041B0C83F0200368
:106CC00043F4004343F0800320F82830204605F0C9
:106CD00067F9019B002B7FF474AF3EE6002B40F078
:106CE0003D81137CB0F8502000EBC30303F2024354
:106CF000EFE62268B2F8443023F080031B041B0C3B
:106D0000A2F8443094F8C832002B40F00E81B2F85B
:106D100040309BB243F00403A2F84030B2F8403058
:106D20009BB2012143F00803A2F8403084F8C81256
:106D3000B2F85430C3F38D0303F03C032046C4F88B
:106D4000CC3203B0BDE8F04F05F032BA2268B2F899
:106D500040309BB243F00803A2F84030B2F8443010
:106D600023F400631B041B0CA2F84430B2F840303B
:106D70009BB243F004032046A2F8403005F030F9FE
:106D8000CEE4B0F850E0D1F868310FFA82FCD200BE
:106D900012FA8EF216F4804A024400F0F980B2F83A
:106DA00002E4CEF3090E9E45F14600F26581A3EBA5
:106DB0000E03C1F868317BB930F82C2022F48042F0
:106DC00022F070021204120C82F4005242F40042CB
:106DD00042F0800220F82C2072060DD530F82C30BD
:106DE00023F4E04323F070031B041B0C43F4004323
:106DF00043F0C00320F82C30BEF1000F3FF445AD46
:106E0000791904EBC1017346B1F85821D1F8641126
:106E100004F0EEF839E5A3EB0903CCF82830019B28
:106E20006BB130F8283023F4E04323F070031B04E7
:106E30001B0C43F4404343F0800320F828307B19B7
:106E400004EBC30393F83420012A00F0DC803D44B6
:106E500004EBC5052A7C30F8223023F4E04323F00C
:106E600040031B041B0C83F0300343F4004343F046
:106E7000800320F822306BE4A3EB0903CCF8283020
:106E8000002B3FF456AE019B6BB930F8283023F449
:106E9000E04323F070031B041B0C43F4404343F016
:106EA000800320F828307B1904EBC30393F83420C7
:106EB000012ACCD15A6A02EB09015962DCF82C6034
:106EC0004E44CCF82C601E6B1A6A9642C0F00981C1
:106ED000B61A1E631FFA82F97B1904EBC30393F8F9
:106EE00011C0BCF1000F40F0F180B0F850301AFA38
:106EF00083F39E4433F83860C6F3090623F83860FC
:106F0000002A40F0198133F838206FEA42426FEAD4
:106F1000524292B223F838207A1904EBC2024B464F
:106F2000528B04F055F8206891E7204605F058F898
:106F3000FFF7F6BB2268B2F8443023F400731B0459
:106F40001B0C2046A2F8443005F034F8FFF7E8BBEC
:106F500084F8C812204605F02BF964E4012B7FF475
:106F6000C2AD137CB0F8502000EBC30303F2024320
:106F700092B29952B7E5012B7FF4B5AD137CB0F80E
:106F8000502000EBC30303F2064392B29E52AAE5DF
:106F9000B2F806E4CEF3090E9E45F14670D8A3EB95
:106FA0000E03C1F868317BB930F82C2022F48042FE
:106FB00022F070021204120C82F4005242F40042D9
:106FC00042F0800220F82C2073060DD430F82C30CB
:106FD00023F4E04323F070031B041B0C43F4004331
:106FE00043F0C00320F82C30BEF1000F3FF44DAC4D
:106FF000791904EBC1017346B1F85A21D1F8641133
:1070000003F0F6FF41E45A6A02EB09015962DCF829
:107010002C604E44CCF82C601E6B1A6A96426FD3DB
:10702000B61A1E631FFA82F97B1904EBC30393F8A7
:1070300011C0BCF1000F59D1B0F850301AFA83F3E7
:107040009E4433F83860C6F3090623F83860002AF6
:1070500040F0988033F838206FEA42426FEA52429B
:1070600092B223F838207A1904EBC2024B46128BF5
:1070700003F0AEFF2068EAE60023C1F868319BE622
:10708000C1F868A190E7012B7FF47EADB0F85030D5
:107090000EF202429BB202440026D652B0F85030A3
:1070A0001AFA83F323F838606EE5012B7FF4F8AD0C
:1070B000B0F850301AFA83F30EF2064223F8386023
:1070C000B0F8503002449BB2D652E9E5BCF1010F52
:1070D0007FF422AFB0F850301AFA83F323F83890D7
:1070E0001AE796B983F834604A46F5E6BCF1010F19
:1070F000B9D1B0F850301AFA83F323F83890B2E7D8
:107100004EBB83F834604A468EE793F811C00022E4
:107110001A6383F834201FFA86F9BCF1000FD5D129
:10712000B0F850301AFA83F3324633F83860C6F3B9
:10713000090623F838609E443E2A32D8BEF8003053
:107140005608D20748BF01369BB243EA86239BB25A
:10715000AEF80030E0E693F811C0002283F8342046
:107160001A631FFA86F9BCF1000FBFD1B0F8503096
:107170001AFA83F3324633F83860C6F3090623F867
:1071800038609E443E2A1FD8BEF800305608D20709
:1071900048BF01369BB243EA86239BB2AEF800306B
:1071A00061E7D306BEF800304FEA521608BF06F179
:1071B000FF369BB243EA86236FEA43436FEA5343A9
:1071C0009BB2AEF80030A7E6D306BEF800304FEA17
:1071D000521608BF06F1FF369BB243EA86236FEAD8
:1071E00043436FEA53439BB2AEF800303BE700BF26
:1071F0000F8FFFFF90F89022012A0DD010B50446A2
:107200000122006884F89022217303F0CBFE002352
:1072100084F89032184610BD0220704710B501F076
:10722000070E0EEB8E0C090604464FEACC0C23D455
:107230000CF5A87101440EEB8E0004EBC0004FF07A
:10724000000C80F851C1022BCB70C2F30A0204BFBC
:1072500000230B7181F800E00A6194F89032012B51
:1072600016D0012384F89032206803F077F90023C8
:1072700084F89032184610BD0CF1100101440EEB59
:107280008E0004EBC0004FF0010C80F811C0DAE76B
:10729000022010BD01F0070301F0070210B503EB57
:1072A00083030446090602EB82004FEAC30304EBA2
:1072B000C00016D403F5A873E1184FF0000C80F855
:1072C00051C10A7094F89032012B15D0012384F833
:1072D0009032206803F060FB002384F89032184657
:1072E00010BD1033E1184FF0010C80F811C00A7086
:1072F00094F89032012BE9D1022010BD10B501F0B5
:10730000070E0EEB8E0C00EBCC0C2821002401FBA9
:107310000E01CCF8642100688CF850E1CCE95A34B5
:107320008CF8514101F5A87103F01CFC204610BDFA
:1073300001F0070101EB810100EBC100D0F86C0105
:10734000704700BF10B501F0070E0EEB8E0100EB89
:10735000C10C6146CCF82830CCF830300024012331
:107360000068CCF8242010318CF83430CCF82C4054
:107370008CF811308CF810E003F0F4FB204610BDBF
:10738000027901F007039A4233D30A0610B5044686
:107390001CD401EB8102282000FB014104EBC20256
:1073A00001F5A871002082F8510101228A700B704A
:1073B00094F8903293421AD0206884F8902203F017
:1073C0007BFD002384F89032184610BD03EB830246
:1073D000282101FB030100EBC2021031012050748F
:1073E00001228A700B7094F890329342E4D102200B
:1073F00010BD0120704700BF38B5027901F00F03BE
:107400009A4232D301F0070301F00702044603EB6E
:10741000830302EB820009064FEAC30304EBC000BA
:1074200016D403F5A873E118002580F85151002502
:107430008D700A7094F89032012B14D001232068CB
:1074400084F8903203F060FD84F89052284638BDED
:107450001033E1180125457400258D700A7094F8E9
:107460009032012BEAD1022038BD012038BD00BF87
:1074700011F0800F0CD001F0070101EB810100EB4E
:10748000C100103099B262B9C18002730020704708
:1074900001EB810100EBC10000F5A87099B2002A50
:1074A000F2D0012283600273002070470246002060
:1074B000116810B482F8C802B1F8543001249BB2AC
:1074C0002343C2F8D042A1F85430B1F854305DF8EB
:1074D000044B9BB243F00203A1F85430704700BF45
:1074E000354A136860B903F4C063B3F5806FD2F80E
:1074F00080301BD023F48073C2F8803000207047A6
:10750000B0F5007F06D023F4C06343F480631360BA
:107510000020704703F4C063B3F5806FD2F8803069
:1075200029D043F48073C2F88030F1E723F48073EC
:10753000C2F8803013682148214923F4C06343F422
:10754000007313600368322000FB03F35069A1FB52
:1075500003139B0C400503F1010306D500E023B1A2
:107560005169490503F1FF33F9D4134B5B695B059E
:10757000CED50320704743F48073C2F8803013687F
:107580000E480F4923F4C06343F40073136003688B
:10759000322000FB03F35069A1FB03139B0C400551
:1075A00003F10103E1D501E0002BDED0516949056B
:1075B00003F1FF33D9D5F7E7007000402801002020
:1075C00083DE1B43024A936843F480439360704711
:1075D00000700040002800F0BD812DE9F0410368F3
:1075E000D90782B0044612D5A6498A68C96802F054
:1075F0000C020C2A00F0D080082A40F0D280A14A68
:107600001268920303D56268002A00F037819A0756
:1076100022D59C4A9368D26803F00C030C2B00F02F
:10762000F880042B40F0FA80964B1B685B0503D56D
:10763000E368002B00F02281924A20695368924946
:1076400023F0FE4343EA006353600868FCF79CFAAA
:10765000002840F0138123681A0719D56369894D02
:10766000002B00F0C280D5F8943043F00103C5F838
:107670009430FCF7CBFA064605E0FCF7C7FA801B0E
:10768000022800F21781D5F894309B07F5D52368BE
:107690005D0741D57B4B9A6DD00000F10F819A6D4B
:1076A00042F080529A659B6D03F080530193019BD9
:1076B0000125764E3368D90540F12E81A368012B50
:1076C00000F0FE80052B00F084816E4ED6F89020ED
:1076D00022F00102C6F89020D6F8902022F0040291
:1076E000C6F89020002B40F0F280FCF78FFA41F2B0
:1076F0008838074605E0FCF789FAC01B404500F2D0
:10770000D980D6F890309907F5D425B15D4A936DAC
:1077100023F08053936523689A0618D5A369594DC1
:10772000002B00F0E580D5F8983043F00103C5F850
:107730009830FCF76BFA064605E0FCF767FA801B09
:10774000022800F2B780D5F898309B07F5D5E36999
:10775000F3B14C4DAA6802F00C020C2A00F04781EC
:10776000022B2B6823F080732B6000F0F580FCF770
:107770004DFA044605E0FCF749FA001B022800F226
:1077800099802B689B01F6D4EA68414B1340EB606B
:10779000002002B0BDE8F08101F0030103293FF4AD
:1077A0002EAF6368B3F5803F55D0B3F5A02F00F03E
:1077B000C480344D2A6822F480322A602A6822F478
:1077C00080222A60002B4BD1FCF720FA064604E009
:1077D000FCF71CFA801B64286CD82B689903F7D43B
:1077E00023689A077FF538AF13E7D5F8943023F074
:1077F0000103C5F89430FCF709FA064604E0FCF7EB
:1078000005FA801B022855D8D5F894309F07F6D486
:107810003DE702F00302022A3FF406AFE368194D88
:10782000002B37D02B6843F480732B60FCF7EEF904
:10783000064604E0FCF7EAF9801B02283AD82B68D8
:107840005F05F7D56B68226923F0FE4343EA0263C4
:107850006B60236800E70B4A136843F480331360BE
:10786000FCF7D4F9074E054604E0FCF7CFF9401BBE
:1078700064281FD833689F03F7D5B1E7012002B011
:10788000BDE8F0810010024030010020007000408F
:10789000FCFFEEFE2B6823F480732B60FCF7B6F937
:1078A00006462B6859057FF5D6AEFCF7AFF9801B6D
:1078B0000228F6D9032002B0BDE8F0810025F8E6E1
:1078C000654AD2F8903043F00103C2F89030FCF7DB
:1078D0009DF9614F064641F2883804E0FCF796F9BD
:1078E000801B4045E6D8D7F890309B07F6D50CE7CB
:1078F000D5F8983023F00103C5F89830FCF786F9E5
:10790000064604E0FCF782F9801B0228D2D8D5F89D
:1079100098309F07F6D41AE7336843F480733360D6
:10792000FCF774F907463368DA053FF5C7AEFCF794
:107930006DF9C01B0228F6D9BCE703F18043A3F51B
:107940003C331A6842F480221A601A6842F480328A
:107950001A6085E701207047FCF758F9064604E0F5
:10796000FCF754F9801B0228A4D82B689901F7D49E
:10797000E9683A4B226A606A0B401343D4E90A1261
:1079800043EA012343EAC263D4E90C1201384908EF
:1079900043EA00130139520843EA4153013A43EAEA
:1079A0004263EB602B6843F080732B60EB6843F01D
:1079B0008073EB60FCF72AF9274D044605E0FCF7DD
:1079C00025F9001B02283FF675AF2B689A01F6D502
:1079D000DEE6214BD3F8902042F00402C3F8902059
:1079E000D3F8902042F00102C3F890206FE7012BFA
:1079F0003FF444AFEB68226A03F0030191427FF445
:107A00003DAF616A03F0F0020139B2EB011F7FF470
:107A100035AFA16A03F4FE42B2EB012F7FF42EAF23
:107A2000E16A03F07842B2EBC16F7FF427AF226BBB
:107A3000520803F4C001013AB1EB425F7FF41EAF7C
:107A4000626B520803F0C063013AB3EB426F14BF9C
:107A5000012000209DE600BF001002400C809F0125
:107A6000184B9A6802F00C02042A26D09A6802F099
:107A70000C02082A23D09A6802F00C020C2A01D0CA
:107A800000207047D968DA68D86801F0030103293B
:107A9000C2F30312C0F306200CBF0B4B0B4B013299
:107AA000B3FBF2F303FB00F0064BDB68C3F3416367
:107AB00001335B00B0FBF3F07047044870470248A5
:107AC000704700BF0010024040787D010024F400A0
:107AD000002800F0EE80784A2DE9F843136803F09F
:107AE0000F038B420D4604460CD2136823F00F039C
:107AF0000B431360136803F00F038B4202D0012085
:107B0000BDE8F8832368DF0769D56768032F00F0B5
:107B1000A0806A4B022F1B6800F097805B05EED5B2
:107B2000FFF79EFF664B984240F2C080634A93681D
:107B300023F0F00343F0800393604FF080095F4E21
:107B4000B36823F003033B43B360FCF75FF841F2F3
:107B50008838074604E0FCF759F8C01B404571D847
:107B6000B368626803F00C03B3EB820FF3D12368B0
:107B70009F0736D4B9F1000F03D0B36823F0F003A8
:107B8000B3604D4E336803F00F03AB4246D8236811
:107B90005A0706D54949E0688A6822F4E062024340
:107BA0008A601B0707D5454A2169936823F460530F
:107BB00043EAC1039360FFF753FF404A414C926888
:107BC0004149C2F303120346A25C404802F01F027F
:107BD000D3400B600068BDE8F843FBF7D5BF9E07B4
:107BE000CFD5580704D535498A6842F4E0628A60E7
:107BF000190706D5314A936823F47C5343F4E063B4
:107C000093602E4AA16893682B4E23F0F0030B4338
:107C10009360336803F00F03AB42B8D9336823F0A5
:107C20000F032B433360FBF7F1FF41F2883807461F
:107C3000336803F00F03AB42A9D0FBF7E7FFC01B8B
:107C40004045F5D90320BDE8F8839A033FF568AFB6
:107C500055E71A4A116888017FF551AFD068D1689D
:107C6000D268174E00F003000328C1F303110CBFC4
:107C7000174818480131B0FBF1F11048C2F3062251
:107C800001FB02F2C168C1F3416101314900B2FB5D
:107C9000F1F2B2420AD9826812F0F00F3FF446AF17
:107CA000990703D5A368002B3FF440AF4FF00009BC
:107CB00045E70120704700BF00200240001002404D
:107CC00000B4C404DCC800082801002030010020F2
:107CD00040787D010024F400054B064A9B68064964
:107CE000C3F302230868D35C03F01F03D840704736
:107CF00000100240D4C8000828010020054B064AA5
:107D00009B680649C3F3C2230868D35C03F01F03D2
:107D1000D840704700100240D4C800082801002055
:107D20002DE9F0410368044613F4002082B052D0DC
:107D3000AC4B9A6DD50040F13A810027AA4D2B68D3
:107D400043F480732B60FBF761FF064605E0FBF709
:107D50005DFF831B022B00F235812B68D805F6D519
:107D6000A04D226DD5F8903013F4407326D0934285
:107D700024D0D5F89010D5F8903043F48033C5F86E
:107D80009030D5F8903023F48033C5F8903021F44A
:107D90004073C907C5F8903010D5FBF737FF41F2A3
:107DA0008838064605E0FBF731FF801B404500F2AE
:107DB0000981D5F890309B07F5D5226D8949D1F816
:107DC000903023F440731343C1F8903023680020AF
:107DD000002F40F0FC80DD0708D582496568D1F8A6
:107DE000882022F003022A43C1F88820990708D589
:107DF0007C49A568D1F8882022F00C022A43C1F8FA
:107E000088205A0708D57749E568D1F8882022F0FC
:107E100030022A43C1F888201F0708D57149256917
:107E2000D1F8882022F0C0022A43C1F88820DE065B
:107E300008D56C496569D1F8882022F440722A433C
:107E4000C1F888209D0608D56649A569D1F8882023
:107E500022F440622A43C1F88820590608D56149B6
:107E6000E569D1F8882022F440522A43C1F88820DD
:107E70001A0608D55B49256AD1F8882022F44042C9
:107E80002A43C1F88820DF0508D55649656AD1F82C
:107E9000882022F440322A43C1F888209E0308D566
:107EA0005049A56AD1F89C2022F003022A43C1F868
:107EB0009C209D0508D54B49E56AD1F8882022F41D
:107EC00040222A43C1F8882059050BD54549256B26
:107ED000D1F8882022F440122A43B5F5801FC1F85A
:107EE00088207AD01A050BD53E49656BD1F88820D9
:107EF00022F440022A43B5F5800FC1F8882075D0DE
:107F0000DF040BD53749A56BD1F8882022F04072E9
:107F10002A43B5F1807FC1F888206CD09E040BD530
:107F20003049E56BD1F8882022F040622A43B5F150
:107F3000006FC1F8882063D05D040BD52949256CFA
:107F4000D1F8882022F040622A43B5F1006FC1F8D1
:107F500088205AD019040BD52249656CD1F88820A5
:107F600022F040522A43B5F1805FC1F8882051D0F9
:107F7000DA030BD51B49A56CD1F8882022F04042CA
:107F80002A43B5F1804FC1F8882048D05B030BD558
:107F9000144AE16CD2F89C3023F440130B43B1F542
:107FA000001FC2F89C303FD002B0BDE8F0819A6D4E
:107FB00042F080529A659B6D03F080530193019BC0
:107FC0000127BBE623680320002F3FF404AF0549D7
:107FD0008A6D22F080528A65FDE6CA6842F48012FA
:107FE000CA607FE70010024000700040CA6842F497
:107FF0008012CA6084E7CA6842F48012CA608DE7C2
:10800000CA6842F48012CA6096E7CA6842F48012D5
:10801000CA609FE7CA6842F48032CA60A8E7CA68AB
:1080200042F48032CA60B1E7D36843F48013D3606E
:1080300002B0BDE8F08100BF2DE9F04182B000231D
:108040000E4615468DF803300746FBF7DFFD354435
:108050002D1AFBF7DBFD324B3C681B6803EB8303F7
:10806000C3EBC3031B0D05FB03F30136019311D1D1
:10807000A36813F4C06F09D0237BDBB28DF8033003
:108080009DF80330A36813F4C06FF5D1002002B04F
:10809000BDE8F081804623469B6813F4C06FF5D09D
:1080A000237BDBB28DF803309DF80330FBF7AEFD88
:1080B000A0EB0800A84209D2019A019B002A03F113
:1080C000FF33019308BF00253B68E5E7D7E900319E
:1080D0005A68B1F5827F22F0E0025A6013D0BA6A82
:1080E000B2F5005F07D11A6822F400521A601A68CC
:1080F00042F400521A600122002387F85D2087F8BD
:108100005C300320C3E7BA68B2F5004F02D0B2F585
:10811000806FE4D11A6822F040021A60DFE700BFE6
:10812000280100202DE9F04784B000230E461746B1
:108130008DF807300546FBF769FDDFF8389106EB4F
:108140000708A8EB0004FBF761FDD9F8003003EB4A
:108150008303C3EBC3031B0D04FB03F30293731CE4
:1081600026D12C68A36813F4C05FFBD1FBF74EFD4A
:10817000A8EB0008FBF74AFDD9F800302A68C3F3E2
:10818000CB3308FB03F3039393681906FCD43A46F8
:1081900031462846FFF750FF10B904B0BDE8F0871C
:1081A0002B6E43F020032B66032004B0BDE8F0875C
:1081B00082462B689B6813F4C05F0ED0FBF726FD48
:1081C000A0EB0A03A34220D2029A029B002A03F1E9
:1081D000FF3308BF00240293EBE7FBF717FDA8EB82
:1081E0000004FBF713FDD9F80030C3F3CB3304FBD5
:1081F00003F3804603932B689B681B06C7D5FBF7E8
:1082000005FDA0EB0803A3421FD3D5E900315A684E
:10821000B1F5827F22F0E0025A601FD0AA6AB2F55F
:10822000005F07D11A6822F400521A601A6842F4FB
:1082300000521A60012385F85D302B6E002243F056
:10824000200385F85C202B66AEE7039A039B002A87
:1082500003F1FF3308BF00240393CCE7AA68B2F50B
:10826000004F02D0B2F5806FD8D11A6822F04002D8
:108270001A60D3E728010020002877D0426A2DE950
:10828000F0410446002A57D00023C0E9043394F893
:108290005D300021A16203F0FF01002B5AD021685C
:1082A000E768022384F85D300B68B7F5E06F23F0D0
:1082B00040030B6046D854D1A56A4FF4805005F4B2
:1082C0000055A368A66902F0100C626803F4044329
:1082D00002F482721A43236903F0020313436269B2
:1082E00002F001021A43636B07F4706703F008039E
:1082F00043EA070EE36903F03808236A03F08007B6
:1083000006F40073134343EA08033B43360C2B4344
:1083100006F004060B604EEA060343EA0C0303432F
:108320004B60CB69002023F400630122CB612066FF
:1083300084F85D20BDE8F0814368B3F5827FA6D064
:10834000C261A4E7B7F5706F12D1A56A002005F4E9
:108350000055B6E784F85C102046FBF725F8626A02
:108360009DE74FF480500025A562AAE701207047E1
:108370000020F8E72DE9F041044682B01D460F4683
:108380009046FBF743FC94F85D30012B7ED1064606
:10839000D8B2002F77D0B8F1000F74D094F85C30C9
:1083A000012B73D0A168236884F85C0000220320AD
:1083B000B1F5004F84F85D00C4E9132222662264FF
:1083C000A4F84420A4F83E80A763A4F84620A4F8AB
:1083D0003C801A4607D1196821F0400119601968DC
:1083E00041F4804119601968490603D4196841F0C5
:1083F00040011960E1686068B1F5E06F4AD8002873
:1084000000F0C380B8F1010F00F0BF80E38F9BB292
:10841000F3B1681C12D091E0E38FA06B9BB2012BEB
:10842000014640F29F8031F8023BD360E38FA163A5
:10843000023B9BB2E387E18F89B249B1226893681E
:108440009907E9D4FBF7E2FBE18F89B20029F5D166
:10845000324629462046FFF765FE08B120232366F1
:10846000A36833B922680193D36801939368019399
:10847000019B012384F85D30206E0023C01A84F82C
:108480005C3018BF012002B0BDE8F081022002B0CC
:10849000BDE8F08100286FD0B8F1010F6CD0E18FFA
:1084A00089B20029D4D0691C2CD19A68970713D5BA
:1084B000A26B32F8021BD960B4F83EC0A2630CF183
:1084C000FF3C1FFA8CFCA4F83EC0E28F92B2002A57
:1084D000BED09A689707EBD4FBF798FBE38F9BB26B
:1084E000002BB5D02368E0E7A16B31F8023BD360E5
:1084F000E38FA163013B9BB2E387E38F9BB2002B29
:10850000A6D0226893689807EED4FBF77FFB801B08
:10851000A842F2D3012384F85D30002384F85C3054
:108520000320B0E731F8022BDA60E38FA163023B4E
:108530009BB2E387E38F9BB2002B89D023689A68B4
:10854000920739D5E28FA06B92B2012A0146E9D891
:1085500002781A73E38FA26B013B01329BB2A263D4
:10856000E387E7E703781373E38FA26B013B0132E4
:108570009BB2A263E3875EE737F8021BD960E18F05
:10858000A763013989B2E18789E7E28F92B2012AB4
:1085900008D937F8022BDA60E38FA763023B9BB25E
:1085A000E38733E73A781A73E38FA26B013B01321A
:1085B0009BB2A263E38729E7FBF728FB801BA84255
:1085C000B8D3A7E72DE9F041044690461E460F4672
:1085D000FBF71CFB94F85D306268012B05460BD05D
:1085E000B2F5827F40F08C80D9B2A368002B40F0B6
:1085F0008780042940F08480002F00F06981B8F161
:10860000000F00F06581002E00F0628194F85C306C
:10861000012B75D094F85D30C4F840800121042B03
:1086200084F85C10E168A4F844601CBF052384F85A
:108630005D300023B1F5E06F2366E364A4F8466083
:108640002365A7632368A687E6875CD9596821F468
:10865000805159601968480603D4196841F04001F7
:108660001960002A00F00081012E00F0FD80069BB9
:1086700001334FF0010628D09AE0226893689907E9
:108680000DD5E38F9BB253B146B1A16B31F8023BDC
:10869000D360E38FA163013B9BB2E387002693681D
:1086A00013F001030FD0B4F8461089B259B1216C10
:1086B000D26821F8022B1E46B4F846302164013BF3
:1086C0009BB2A4F84630FBF7A1FAE38F9BB2002BD4
:1086D000D3D1B4F846309BB2002BCED106992A46AE
:1086E0002046FFF71FFD002840F0ED80012384F8AD
:1086F0005D30236E84F85C00181E18BF012000E076
:108700000220BDE8F081012E00F01881596821F4A3
:1087100080515960196849065EBF196841F04001EF
:10872000196062B9E28F92B2012A40F2D38037F821
:10873000022BDA60E38FA763023B9BB2E387069BC1
:1087400001334FF001067DD1E38F9BB223B9B4F81A
:1087500046309BB2002BC1D0226893689F0706D594
:10876000E38F9BB21BB1002E40F0938000269368EC
:1087700013F0010319D0B4F8461089B2A9B1B4F8C6
:108780004600216C80B2012877D9D06821F8020B0D
:108790002164B4F84610023989B2A4F84610B4F83E
:1087A000461089B2012935D91E46FBF72FFACBE7CF
:1087B000E38F9BB223B9B4F846309BB2002B8DD027
:1087C0002268936898070DD5E38F9BB253B146B1E9
:1087D000A16B31F8023BD360E38FA163013B9BB2F5
:1087E000E3870026936813F0010304D0B4F8461021
:1087F00089B2002978D1FBF709FA069B401B984201
:10880000D6D3012384F85D30002384F85C30032044
:10881000BDE8F081516841F480515160C4E7002EF9
:1088200040F0A6800026936813F0010304D0B4F84A
:10883000461089B2002964D1FBF7E8F9069B401B7A
:108840009842DED2E38F9BB22BB9B4F846309BB28C
:10885000002B3FF443AF226893689B07E3D5E38F77
:108860009BB2002BDFD0DAE737F8022BDA60E38F18
:10887000A763013B9BB2E387F9E6127B0A70B4F869
:108880004620216C013A013192B22164A4F84620BD
:108890008AE7E18FA36B89B2012908D933F8021B5B
:1088A000D160E18FA3638B1E9BB2E3875EE71B78E9
:1088B0001373E38FA26B013B511C9BB22268A1632F
:1088C000E387002653E720220023226684F85C30E9
:1088D000012016E73A781A73E38FA26B013B01324D
:1088E0009BB2A263E3872AE7216CD26821F8022BAE
:1088F0001E46B4F846302164013B9BB2A4F84630D2
:1089000079E7B4F84600216C80B2012823D9D068F9
:1089100021F8020B2164B4F84610023989B2A4F898
:108920004610B4F8461089B2012901D91E4683E7E2
:10893000516841F4805151601E467DE75A6842F407
:1089400080525A601A6856063FF5ECAE1A6842F03B
:1089500040021A60E6E6127B0A70B4F84620216CE9
:10896000013A013192B22164A4F846201E4663E721
:10897000E38FA16B9BB2012B09D90B4633F8021B85
:10898000D160E18FA3638B1E9BB2E3874AE70B782C
:108990001373E38FA26B013B511C9BB22268A1634E
:1089A000E3873FE72DE9F04190F85D60012E84B048
:1089B00040F095801D468846F3B2002900F08B8078
:1089C0001746002A00F087804368B3F5827F04468B
:1089D00003D18368002B00F02781FBF717F994F887
:1089E0005C30012B06467AD00120E268216884F8C9
:1089F0005C000023042084F85D00B2F5E06F23667C
:108A0000A4F84670E387C4E91333A363A3874868D7
:108A1000C4F84080A4F844700B4665D920F4805017
:108A20004860A068B0F5004F00F0CC8008684006B0
:108A300065D4086840F040000860B2F5E06F5ED889
:108A4000B4F8462092B2EAB1691C11D0AAE0226CB7
:108A50001B7B1370B4F84620216C013A92B2A4F843
:108A60004620B4F8463001319BB2216453B12368EB
:108A70009A68D207EBD4FBF7C9F8B4F846309BB23A
:108A8000002BF4D16368B3F5827F00F0A880FBF778
:108A9000BDF8AF193F1AFBF7B9F8884B1B68C3F351
:108AA000CB3307FB03F3691C8046039340F0C68079
:108AB00023689A681206FCD46368B3F5827F00F0DD
:108AC0009C80012384F85D30236E00229B1A84F879
:108AD0005C2018BF0123184604B0BDE8F0810223D2
:108AE000184604B0BDE8F08140F480504860A068AA
:108AF000B0F5004F66D0086847069AD5A0E7B4F8ED
:108B0000462092B2002ABDD06F1C2FD18B68D807A7
:108B100012D5236CCA6823F8022BB4F846202364CC
:108B2000013A92B2A4F84620B4F846309BB2002B2A
:108B3000A8D08B68D807ECD4FBF768F8B4F84630B7
:108B40009BB2002B9ED02168E0E7226CDB6822F804
:108B5000023BB4F846302264013B9BB2A4F8463095
:108B6000B4F846309BB2002B8CD023689A68D007AB
:108B7000EBD4FBF74BF8831BAB42F1D31AE0226C2A
:108B80001B7B1370B4F84630226C013B01329BB260
:108B90002264A4F84630B4F846309BB2002B3FF470
:108BA00071AF23689A68D707E9D4FBF72FF8831BC6
:108BB000AB42F0D3012384F85D30002384F85C30AD
:108BC000032388E7086820F040000860086820F464
:108BD00080400860086840063FF52FAF29E7A3688A
:108BE000B3F5004F03D0B3F5806F7FF450AF226828
:108BF000136823F04003136049E7A368B3F5004FFF
:108C000003D0B3F5806F7FF45CAF3246294620462F
:108C1000FFF712FA00283FF454AF236E43F020030D
:108C20002366202323664CE700950425134680F82D
:108C30005D500A46FFF7C6FC03464CE723689B6875
:108C40001B067FF539AFFAF7E1FFA0EB0803BB4243
:108C50000BD2039A039B013B039323689B68002A72
:108C600008BF00271B06EED426E7D4E900315A6876
:108C7000B1F5827F22F0E0025A6013D0A26AB2F509
:108C8000005F07D11A6822F400521A601A6842F491
:108C900000521A60012384F85D30236E43F02003F4
:108CA0002366BEE7A268B2F5004F02D0B2F5806F2E
:108CB000E4D11A6822F040021A60DFE728010020A0
:108CC000036A026A22F00102026270B44468826997
:108CD0000D6822F4803222F073022A438D6823F05B
:108CE00002032B43154DA84213D005F50065A84299
:108CF0000FD005F54065A8420BD005F58065A84268
:108D000007D005F58065A84203D005F50065A842A7
:108D10000DD1CD6823F008032B43D1E9056524F478
:108D2000407446EA050C23F004034CEA0404496845
:108D30004460826170BC416303627047002C014053
:108D4000036A026A22F48072026270B44468C269E3
:108D50000D6822F4803222F073022A438D6823F4D6
:108D6000007343EA0523174DA84214D005F50065AA
:108D7000A84210D005F5E055A8420CD0A5F58055C5
:108D8000A8420FD005F58065A8420BD005F5806597
:108D9000A8420FD106E0CD6823F4006343EA05231F
:108DA00023F48063D1E9056524F4405446EA050CB8
:108DB00044EA0C1449684460C26170BCC163036238
:108DC000704700BF002C0140036A026A22F48052FF
:108DD000026270B44468C2690D6822F0807222F4A5
:108DE000E64242EA05228D6823F4005343EA053344
:108DF000164DA84214D005F50065A84210D005F51F
:108E0000E055A8420CD0A5F58055A8420FD005F535
:108E10008065A8420BD005F58065A8420FD106E019
:108E2000CD6823F4004343EA053323F48043D1E9BA
:108E3000056524F4404446EA050C44EA8C1449686C
:108E40004460C26170BC016403627047002C014041
:108E5000002800F0998038B590F83D30044603F0C2
:108E6000FF02002B7DD023684849022284F83D2070
:108E70008B421A6861D0B3F1804F29D0A1F59431AB
:108E80008B4225D001F580618B4221D001F58061B4
:108E90008B421DD001F594318B424ED001F5E0514B
:108EA0008B424AD0A1F580518B425FD001F58061A1
:108EB0008B425BD001F580618B4257D0A569616818
:108EC000E06822F080022A431A60D862996210E0BA
:108ED000A168206922F070020A4322F44072A1695D
:108EE000024322F08002E0680A4361681A60D86297
:108EF000996201225A611A69D20703D51A6922F0D0
:108F000001021A61012384F8483084F83E3084F865
:108F10003F3084F8403084F8413084F8423084F89F
:108F2000433084F8443084F8453084F8463084F87F
:108F3000473084F83D30002038BDA068216922F018
:108F40007002024322F440720A43A16922F08002B7
:108F50000A431A60E268DA6262689A6262691A63B6
:108F6000C7E780F83C20FAF75DFC7CE72069A1693F
:108F700022F44072024322F08002E0680A436168F2
:108F80001A60D8629962E9E701207047002C01401D
:108F900090F83D30012B32D103681A49022280F843
:108FA0003D20DA688B4242F00102DA6019D0B3F159
:108FB000804F16D0144A934213D002F58062934238
:108FC0000FD002F5806293420BD002F594329342A7
:108FD00007D002F54062934203D002F580529342DB
:108FE00007D19968094A0A40062A06D0B2F5803F9F
:108FF00003D01A6842F001021A6000207047012075
:10900000704700BF002C0140000400400700010031
:10901000704700BF002800F0998038B590F83D30C7
:10902000044603F0FF02002B7DD02368484902224A
:1090300084F83D208B421A6861D0B3F1804F29D06B
:10904000A1F594318B4225D001F580618B4221D06E
:1090500001F580618B421DD001F594318B424ED0D9
:1090600001F5E0518B424AD0A1F580518B425FD08F
:1090700001F580618B425BD001F580618B4257D056
:10908000A5696168E06822F080022A431A60D8620C
:10909000996210E0A168206922F070020A4322F46C
:1090A0004072A169024322F08002E0680A436168CD
:1090B0001A60D862996201225A611A69D20703D5EF
:1090C0001A6922F001021A61012384F8483084F8F9
:1090D0003E3084F83F3084F8403084F8413084F8E2
:1090E000423084F8433084F8443084F8453084F8C2
:1090F000463084F8473084F83D30002038BDA06801
:10910000216922F07002024322F440720A43A169ED
:1091100022F080020A431A60E268DA6262689A62A8
:1091200062691A63C7E780F83C20FFF771FF7CE7AC
:109130002069A16922F44072024322F08002E068B3
:109140000A4361681A60D8629962E9E701207047B2
:10915000002C014010290AD8DFE801F0190909099B
:10916000530909095B090909630909096B0090F8AA
:109170004330012B6ED10B1F0C2B62D8DFE803F0BC
:10918000456161614D616161556161615D0090F8AA
:109190003E30012B5ED1022380F83E30036801F09F
:1091A0001F01186A01228A4020EA02001862186A28
:1091B000324902438B421A6247D0314A934244D02B
:1091C00002F54062934240D002F58062934243D060
:1091D00002F5806293423FD002F50062934234D0A0
:1091E000B3F1804F3DD19968264A0A40062A06D03D
:1091F000B2F5803F03D01A6842F001021A600020E5
:10920000704790F83F30012B24D1022380F83F3083
:10921000C4E790F84030012B1CD1022380F8403085
:10922000BCE790F84130012B14D1022380F8413083
:10923000B4E790F84230012B0CD1022380F8423081
:10924000ACE7022380F84330A8E75A6C42F40042AE
:109250005A64C8E7012070475A6C42F400425A64CD
:10926000C9E7094A9342BED002F580629342BAD060
:1092700002F580629342B6D0BDE700BF002C0140EA
:1092800000340140070001000004004090F83C2039
:10929000012A7AD0034630B402680224012083F800
:1092A0003D4083F83C009568614C2C4094600C680C
:1092B000702C6CD027D8502C79D02DD8402C40F071
:1092C000A0804868CC68116A21F00A010843116A3D
:1092D00021F001011162916921F0F00141EA0411CC
:1092E00091611062916821F4401121F0700141F008
:1092F0004701916000200121002283F83D1083F88E
:109300003C2030BC7047B4F5005F6AD021D8B4F57A
:10931000805018BF0120EEE7602CECD14868CC6883
:10932000116A21F0A00141EA0011106A20F010003A
:109330001062906920F4704040EA0430906111623C
:10934000916821F4401121F0700141F067019160B2
:10935000D0E738498C420ED05DD820398C420AD0F3
:1093600006D824F01001B1F5801F04D00120C2E717
:1093700031498C42FAD1916821F4401121F07001F9
:10938000214341F007019160B4E702207047D1E921
:10939000015094682843CD6824F47F4140EA0520B9
:1093A00008439060916841F077019160A2E74868B6
:1093B000CC68116A21F00A010843116A21F0010109
:1093C0001162916921F0F00141EA0411916110628A
:1093D000916821F4401121F0700141F05701916032
:1093E00088E7D1E9015094682843CD6824F47F418F
:1093F00040EA052008439060916841F48041916003
:1094000078E73FF678AF202CB5D00ED834F01001B5
:109410007FF471AFAFE709498C42ACD024F020054E
:1094200010398D427FF467AFA5E7302CA3D09DE7BC
:109430008800CEFF400010003000100060001000D7
:10944000704700BF704700BF704700BF704700BF44
:10945000036870B5DE681C69A207054601D5B1072F
:1094600068D4630701D5700754D4210701D53207AA
:109470003ED4E00601D5F10626D4E20701D5F30774
:109480007AD414F4025F62D030067DD4600602D52F
:10949000710600F18480A20602D5B30600F1878030
:1094A000E00202D5F10200F18A80A20202D5B302E5
:1094B00000F18D80600202D5710200F190802202DD
:1094C00001D533024FD470BD2B686FF010021A61C2
:1094D00008222A77DB6913F4407F284640F0968003
:1094E000FFF7AEFF2846FFF7AFFF00232B77C4E757
:1094F0002B686FF008021A6104222A77DB699B0748
:10950000284674D1FFF79CFF2846FFF79DFF0023F4
:109510002B77AEE72B686FF004021A6102222A77DC
:109520009B6913F4407F284664D0FFF78BFF00232C
:109530002B779AE76FF002021A61012202779B698A
:109540009A075DD0FFF77EFF00232B7789E7E205BE
:109550009CD533069AD52B686FF480721A61284621
:1095600000F03AFA92E72B686FF4000228461A617D
:10957000BDE8704000F038BA2B686FF001021A6144
:109580002846F9F7BBFE7CE72B686FF402521A619C
:10959000284600F01FFAE1057FF578AFDBE72B687E
:1095A0006FF040021A612846FFF750FF73E72B68FF
:1095B0006FF020021A61284600F00AFA70E72B6863
:1095C0006FF480121A61284600F008FA6DE72B68E4
:1095D0006FF400121A61284600F002FA6AE72B685D
:1095E0006FF480021A61284600F0FCF967E7FFF784
:1095F00029FF8CE7FFF724FF2846FFF725FF96E7B2
:10960000FFF71EFF2846FFF71FFF9DE7FFF71AFF32
:109610006BE700BF036A026A22F01002026270B4B4
:10962000446882690D6822F0807222F4E64242EAC0
:1096300005228D6823F0200343EA0513164DA84246
:1096400014D005F50065A84210D005F5E055A842F4
:109650000CD0A5F58055A8420FD005F58065A8422D
:109660000BD005F58065A8420FD106E0CD6823F048
:10967000800343EA051323F04003D1E9056524F490
:10968000406446EA050C44EA8C04496844608261FF
:1096900070BC816303627047002C014090F83C303D
:1096A000012B00F0E480012370B504460D4680F8DC
:1096B0003C30142A0CD8DFE802F0530B0B0B670B7D
:1096C0000B0B780B0B0B880B0B0B990B0B0B100078
:1096D000002384F83C30012070BD03682E681A6AAC
:1096E000196A21F4801119625868196D21F080718E
:1096F00021F4E04141EA0621AE6822F4001242EA78
:1097000006525C4EB34213D006F50066B3420FD04A
:1097100006F54066B3420BD006F58066B34207D02B
:1097200006F58066B34203D006F50066B34204D165
:109730006E6920F4802040EA8620586019656968C7
:10974000D9641A621A6D296942F400621A651A6DA9
:1097500022F480621A651A6D42EA01221A650EE04F
:109760000068FFF7ADFA83692A6943F00803836153
:10977000836923F0040383618369134383610023B6
:1097800084F83C30002070BD0068FFF743FF836918
:109790002A6943F400638361836923F480638361EE
:1097A000836943EA02238361E9E70068FFF7C8FAA7
:1097B000C3692A6943F00803C361C36923F0040342
:1097C000C361C3691343C361D9E70068FFF7FCFABB
:1097D000C3692A6943F40063C361C36923F48063E6
:1097E000C361C36943EA0223C361C8E703682E6803
:1097F0001A6A196A21F4803119625868196D21F4C6
:10980000803121F070013143AE6822F4003242EA27
:109810000642184EB34213D006F50066B3420FD08D
:1098200006F54066B3420BD006F58066B34207D01A
:1098300006F58066B34203D006F50066B34204D154
:109840006E6920F4803040EA062058601965696826
:1098500099641A621A6D296942F008021A651A6D34
:1098600022F004021A651A6D0A431A6587E702207E
:10987000704700BF002C014090F83C30012B4FD0C6
:1098800030B40268274D022380F83D30AA42536865
:109890000C68844690681DD005F50065AA4234D056
:1098A00005F5E055AA4215D023F0007323F07003AC
:1098B0002343B2F1804F536017D18B6820F08000B2
:1098C00018439060002001238CF83D308CF83C0058
:1098D00030BC70474D6823F470032B4323F00073B2
:1098E00023F0700323435360E7E70F4B9A42E4D021
:1098F00003F580639A42E0D003F580639A42DCD09E
:1099000003F59A339A42DDD1D7E74D6823F470030B
:109910002B4323F0007323F070031C435460CCE707
:1099200002207047002C01400004004090F83C30B9
:10993000012B48D010B4D1E9024323F4407302460E
:10994000234348680C6823F48063034323F40063D3
:109950000869234323F480534C69034323F40053E1
:10996000086B234323F480438C69034323F470235F
:10997000C86943EA044323F08053144C034310683E
:10998000A04207D004F50064A04203D004F5E054DF
:10999000A04210D18C6A23F4700343EA04530C6A8A
:1099A00023F0807323434C6AC96A23F00073234376
:1099B00023F000530B430021436482F83C10084617
:1099C0005DF8044B70470220704700BF002C014037
:1099D000704700BF704700BF704700BF704700BFAF
:1099E000704700BF704700BF704700BF704700BF9F
:1099F000704700BF08B5806A0023A0F85E30FFF70B
:109A0000F7FF08BD704700BF0368DA6940F60F0C26
:109A100012EA0C0F70B51D689968044645D1960688
:109A200007D505F0200C01F080565CEA060C40F0EA
:109A3000F780E06E012800F0CB80D0021DD4100624
:109A400006D501F4000105F08000084340F0EF80E6
:109A500051061CD56E061AD553E8002F22F040029D
:109A600043E800210029F7D120220023C4F88820F0
:109A7000A3672046FFF7BAFF70BD4E02DFD54FF453
:109A8000801220461A62BDE8704000F097BC1002B8
:109A900002D5690000F10981D301EDD5002DEBDA83
:109AA0002046BDE8704000F08BBCB848084040F04C
:109AB000F180B74E3542BCD0D6071AD5EE0540F13D
:109AC000CF8001261E62D4F8906046F00106C4F8EB
:109AD0009060960740F1C780CE070AD502261E6225
:109AE000D4F8906046F00406C4F89060560700F180
:109AF000C08016070BD505F02006064307D00820C6
:109B00001862D4F8900040F00800C4F890001005E6
:109B10000AD56E0108D54FF400601862D4F89000A1
:109B200040F02000C4F89000D4F890000028A3D0A2
:109B3000900606D505F0200501F080510D4340F058
:109B4000A180D4F890109A6801F0280102F0400238
:109B500052EA010500F0DF8053E8002F22F49072F2
:109B600043E800210029F7D18A4803F1080252E8AE
:109B7000002F024003F1080545E800210029F4D137
:109B8000E26E012A5BD000222021C4F88C10E2662C
:109B9000996862674A0640F1848003F1080252E83E
:109BA000002F22F0400203F1080040E800210029C4
:109BB000F3D1D4F88000002873D0774B8363FBF790
:109BC00011F900283FF458AFD4F88000836B2BE0E4
:109BD000D6067FF532AFE8067FF52FAF10221A6266
:109BE0009968B4F85C20490640F19B80D4F8800065
:109BF0000568696889B2002900F0D080914280F040
:109C0000CD80A4F85E1029688E0653D50223236701
:109C1000B4F85E10511A204689B2FFF7F3FE70BD0A
:109C2000436F002B3FF428AFBDE870401847A36F87
:109C3000002B3FF421AF2046BDE87040184753E8A1
:109C4000002F22F0100243E8002100299BD053E8A6
:109C5000002F22F0100243E800210029EFD192E703
:109C600096073FF546AF56077FF543AFCE077FF522
:109C700040AF04261E62D4F8906046F00206C4F895
:109C8000906036E7626F002A3FF45BAF2046904752
:109C9000236856E7D6077FF51CAFEE057FF519AFB1
:109CA0000FE72046FFF7A4FE70BD2046BDE87040D8
:109CB00000F088BB53E8002F22F4807243E80021B3
:109CC0000029F7D103F1080252E8002F22F0010227
:109CD00003F1080545E800210029F3D103F108024A
:109CE00052E8002F22F0400203F1080545E8002168
:109CF0000029F3D12022C4F88C20E16653E8002F1C
:109D000022F0100243E800210029F7D1FBF730F8D8
:109D1000B4F85C207AE72046FFF76AFEC4F890505A
:109D200070BDB4F85E00B4F85E1089B280B200294C
:109D30003FF4A2AE121A91B200293FF49DAE53E84F
:109D4000002F22F4907243E800200028F7D1114D33
:109D500003F1080252E8002F2A4003F1080646E802
:109D600000200028F4D12022C4F88C206067E0662F
:109D700053E8002F22F0100243E800200028F7D11A
:109D8000022323672046FFF73DFE70BD010000104F
:109D900020010004FEFFFFEFF599000891427FF4D7
:109DA0006BAE2B689D06EBD470BD00BF70B504464A
:109DB00003688268006961691D6802430A43E069BB
:109DC0009749024329400A431A605A68E168656A64
:109DD00022F440520A4393495A608B429968A2691F
:109DE00021F06E4121F4306100F0C180266A3243D7
:109DF0000A439A60DA6A22F00F022A43DA628A4A38
:109E0000934239D0894A934211D0894A934259D01A
:109E1000884A934244D0884A934200F09B800120B4
:109E200000234FF00112C4E91D33A26670BD834BBD
:109E3000D3F8883003F00C030C2BF0D801A252F8B1
:109E400023F000BF499F00081F9E00081F9E0008C6
:109E50001F9E0008B79E00081F9E00081F9E000856
:109E60001F9E00080B9F00081F9E00081F9E0008F1
:109E70001F9E0008D99E0008704BD3F8883003F06D
:109E80000303022B41D0032B26D0012B13D0B0F5B6
:109E9000004F00F0B380FDF731FFA0B3656A20E00A
:109EA000664BD3F8883003F0C003802B2DD000F22E
:109EB0009B80002B48D0B0F5004F00F0A780FDF745
:109EC000CFFDEAE75D4BD3F8883003F03003202B59
:109ED0001BD0EED9302BA2D1B0F5004F19D04FF4E2
:109EE00000406368564A32F81510B0FBF1F04FF6A7
:109EF000EF7200EB5300B0FBF3F0A0F110039342BC
:109F00008DD82368D86000208AE7B0F5004F4D480F
:109F1000E7D162684A4B33F81510B0FBF1F05308F3
:109F200003EB40034FF6EF71B3FBF2F3A3F1100222
:109F30008A423FF674AF23F00F02216892B2C3F356
:109F400042031343CB60DEE7B0F5004F50D0FDF77E
:109F5000C3FEA2E7394BD3F8883003F44073B3F55E
:109F6000007FD2D0A5D9B3F5407FB5D057E71143D4
:109F70009960DA6A314922F00F022A43DA62D1F895
:109F8000883003F44063B3F5006F3AD041D8002B1A
:109F900039D0FDF765FD0028B5D0656A6668284BA5
:109FA00006EB460133F81520B0FBF2F399423FF679
:109FB00036AFB3EB063F3FF632AF00231946F6F754
:109FC00063F972080302090241EA1061981841F12D
:109FD000000132460023F6F757F91B4BA0F54072FB
:109FE0009A423FF61CAF8CE7C02B3FF475AF16E7E3
:109FF000FDF772FE002886D0656A8AE7FDF77EFECF
:10A00000F8E71048CAE7FDF767FEC4E7FDF728FD4B
:10A01000F0E7B3F5406F7FF402AF4FF40040BDE7C7
:10A02000F369FFCF00800040003801400044004049
:10A0300000480040004C004000500040001002402A
:10A04000ECC800080024F400FFFC0F00836A1A0724
:10A0500010B406D50168846B4A6822F4004222439A
:10A060004A60DC0706D50168C46A4A6822F40032F7
:10A0700022434A60990706D50168046B4A6822F4B6
:10A08000803222434A605A0706D50168446B4A6809
:10A0900022F4802222434A60DC0606D50168C46BA4
:10A0A0008A6822F4805222438A60990606D50168A4
:10A0B000046C8A6822F4005222438A605A0609D549
:10A0C0000168446C4A6822F480122243B4F5801F70
:10A0D0004A600BD01B0606D50268C16C536823F496
:10A0E00000230B4353605DF8044B70474A68846C4F
:10A0F00022F4C00222434A60ECE700BF38B50023D7
:10A100000446C0F89030F9F781FD226813681B07F8
:10A1100005460FD41368590731D400232022C4F810
:10A1200088201846C4F88C20E3662367002384F84F
:10A13000843038BDD3699802ECD40CE01968490723
:10A140001A4605D5D96908074AD4D969090575D4CD
:10A15000DB699802DED4F9F759FD431BB3F1007FA8
:10A160002368EBD353E8002F22F0800243E800215C
:10A170000029F7D12023C4F888300320D6E7D3691B
:10A180005B02CAD40DE01A68500707D5DA691107D7
:10A1900000F18280DA69120500F1AC80DB695B02B4
:10A1A000BBD4F9F733FD431BB3F1007F2368EAD337
:10A1B00053E8002F22F4907243E800210029F7D1E0
:10A1C00003F1080252E8002F22F0010203F1080017
:10A1D00040E800210029F3D12023C4F88C30CCE7DB
:10A1E00008221A6253E8002F22F4907243E80021FB
:10A1F0000029F7D1564803F1080252E8002F024027
:10A2000003F1080545E800210029F4D1E26E012A96
:10A210000BD0002220200821C4F88C006267E2667F
:10A2200084F88420C4F890109CE753E8002F22F0B3
:10A23000100243E800210029F7D1EAE74FF4006259
:10A240001A6253E8002F22F4907243E8002100299B
:10A25000F7D13F4803F1080252E8002F024003F112
:10A26000080545E800210029F4D1E26E012A0AD050
:10A2700000222021C4F88C106267E26684F88420F2
:10A28000C4F890106EE753E8002F22F0100243E864
:10A2900000210029F7D1EBE708221A6253E8002FCA
:10A2A00022F4907243E800210029F7D1284803F1F5
:10A2B000080252E8002F024003F1080545E800219A
:10A2C0000029F4D1E26E012A0BD0002220200821BF
:10A2D000C4F88C006267E26684F88420C4F89010A9
:10A2E00066E753E8002F22F0100243E8002100291E
:10A2F000F7D1EAE74FF400621A6253E8002F22F424
:10A30000907243E800210029F7D1114803F10802B7
:10A3100052E8002F024003F1080545E8002100291A
:10A32000F4D1E26E012A0AD000222021C4F88C1058
:10A330006267E26684F88420C4F8901038E753E836
:10A34000002F22F0100243E800210029F7D1EBE7AB
:10A35000FEFFFFEF80B3D0F8883010B5044633B36A
:10A360002268A16A2423C4F88830136823F001030B
:10A370001360C1B92046FFF719FD012811D02368E9
:10A380005A6822F490425A609A6822F02A029A602F
:10A390001A6842F0010220461A60BDE81040FFF73B
:10A3A000ADBE012010BD2046FFF750FEE2E780F869
:10A3B0008430F9F729FBD3E701207047704700BFCD
:10A3C000704700BF704700BF90F88430012B17D052
:10A3D0000268242310B4C0F8883011681468002380
:10A3E00024F0010421F0005114604366116080F8EC
:10A3F00084302022C0F888205DF8044B184670474E
:10A400000220704790F88420012A37D00346026862
:10A41000242030B5C3F888001468106820F00100CB
:10A420001060906820F060400143586E916010B356
:10A4300091689068124DC1F3426C4FEA507E114909
:10A4400011F80E0011F80C1015F80EE015F80C506C
:10A45000C000C900B0FBFEF0B1FBF5F1A3F8681035
:10A460000021A3F86A002025146083F884100846B0
:10A47000C3F8885030BD01210846EFE7022070473D
:10A4800004C900080CC9000890F88420012A37D0BC
:10A4900003460268242030B5C3F8880014681068A9
:10A4A00020F001001060906820F060600143586E59
:10A4B000916010B391689068124DC1F3426C4FEAFD
:10A4C000507E114911F80E0011F80C1015F80EE02D
:10A4D00015F80C50C000C900B0FBFEF0B1FBF5F15F
:10A4E000A3F868100021A3F86A002025146083F8FF
:10A4F00084100846C3F8885030BD01210846EFE7B4
:10A500000220704704C900080CC9000803464BF636
:10A5100080720020A3F84400A3F84020704700BFD9
:10A52000B0F84010034644F27F020A400020A3F82E
:10A5300040207047034682B04FF0010C0020A3F882
:10A5400040C00DF1080CA3F840000CE90600A3F888
:10A550004400A3F8500002B0704700BF70B50C78FB
:10A5600091F803E00FFA84FC034630F82C2022F423
:10A57000EC4222F070021204120CBEF1030F00F242
:10A58000F181DFE81EF0F200F500AB00040042F4B8
:10A59000C06248F28000024323F82C2033F82C20BC
:10A5A00022F4E04222F070021204120C2243104303
:10A5B00023F82C000A7B002A00F0A280002033F848
:10A5C0002C2022F4E24222F070021204120C42F417
:10A5D000004242F0800223F82C20B3F850500A8940
:10A5E00003EBC40414FA85F552085200A5F80024C0
:10A5F000B3F850504A8914FA85F552085200A5F86C
:10A6000004244A78002A40F0078133F82C205504AE
:10A610000DD533F82C2022F4E04222F0700212040F
:10A62000120C42F4404242F0800223F82C2033F80E
:10A630002C2052060DD533F82C2022F4E04222F0D3
:10A6400070021204120C42F4004242F0C00223F8DD
:10A650002C20B3F850200D6914FA82F204F206445B
:10A66000B2F80214C1F30901A2F80214002D00F09F
:10A6700019813E2D00F257816908EE0748BF01316C
:10A680008D02B2F80214ADB289B22943A2F80214C5
:10A69000B3F8502092B2115BC1F309011153115B61
:10A6A00089B20D43155333F82C2022F4804222F056
:10A6B00070021204120C48F2800182F440520A43E4
:10A6C00023F82C2033F82C2022F4E04222F0400220
:10A6D0001204120C114323F82C1070BD48F28000B4
:10A6E000024323F82C2033F82C20AA4D92B22A40A2
:10A6F0002243104323F82C000A7B002A40F0F48008
:10A700000020CA884E785208520003EBC405DEB31D
:10A71000B3F8501015FA81F1A1F8002433F82C2079
:10A7200052060DD533F82C2022F4E04222F07002BC
:10A730001204120C42F4004242F0C00223F82C2012
:10A7400033F82C2022F4E04222F040021204BEF141
:10A75000010F4FEA124210D082F0200242F4004270
:10A7600042F0800223F82C2070BD42F4007210E702
:10A7700042F480620DE782F4005242F4004242F05B
:10A78000800223F82C2070BD0E69B3F8501015FA22
:10A7900081F1A1F80424B3F8502015FA82F2B2F83E
:10A7A0000614C1F30901A2F80614002E00F09280ED
:10A7B0003E2E00F2A580B2F806147508F60748BFD1
:10A7C000013589B241EA852189B2A2F8061433F82D
:10A7D0002C2056040DD533F82C2022F4E04222F030
:10A7E00070021204120C42F4404242F0800223F83C
:10A7F0002C2033F82C2022F4804222F07002120424
:10A80000120C002CB7D182F4405242F4004242F0C4
:10A81000800223F82C2070BD33F82C2051040DD574
:10A8200033F82C2022F4E04222F070021204120CC1
:10A8300042F4404242F0800223F82C2033F82C20CE
:10A8400052060DD533F82C2022F4E04222F070029B
:10A850001204120C42F4004242F0C00223F82C20F1
:10A8600033F82C2022F4E04222F040021204120CB1
:10A87000BEF1010F18BF82F0200242F4004242F004
:10A88000800223F82C2033F82C2022F4804222F07E
:10A8900070021204120C42F4004242F0800223F8CB
:10A8A0002C2070BDB2F802146FEA41416FEA5141A9
:10A8B00089B2A2F80214B3F8501089B20A5BC2F34D
:10A8C00009020A530A5B6FEA42426FEA524292B2AD
:10A8D0000A53E8E6B2F806146FEA41416FEA5141C3
:10A8E00089B2A2F8061472E733F82C2092B22A40FB
:10A8F00042F4014242F0800223F82C2000206CE652
:10A90000F106B2F806144FEA561508BF05F1FF35F7
:10A9100089B241EA85216FEA41416FEA514189B22A
:10A92000A2F8061453E76909ED0608BF01F1FF31EB
:10A93000B2F80254890289B2ADB20D4345F4004524
:10A94000A2F80254B3F85050ADB22A5BC2F3090228
:10A950002A532A5B0A436FEA42426FEA524292B29A
:10A960002A53A0E648F28000024323F82C2033F853
:10A970002C2022F4E04222F070021204120C224336
:10A98000104323F82C000A7B0120002A7FF417AE25
:10A99000B7E600BF8F8FFFFF10B40C7B4A780B78AF
:10A9A000CCB9002A00F0B58030F82320540600F11D
:10A9B000C98030F8232022F4E04222F04002120441
:10A9C000120C42F4004242F0800220F823205DF88D
:10A9D000044B00207047002A4DD130F82320520448
:10A9E0000DD530F8232022F4E04222F07002120448
:10A9F000120C42F4404242F0800220F8232030F84A
:10AA0000232054060DD530F8232022F4E04222F012
:10AA100070021204120C42F4004242F0C00220F80C
:10AA2000232030F823205DF8044B22F4E04222F08A
:10AA300070021204120C42F4004242F0C00220F8EC
:10AA4000232030F8232022F4804222F070021204E6
:10AA500048F28001120C0A4320F8232030F823200A
:10AA600022F4E04222F040021204120C114320F8BA
:10AA700023100020704730F8232051040DD530F802
:10AA8000232022F4E04222F070021204120C42F45D
:10AA9000404242F0800220F8232030F82320520662
:10AAA0000DD530F8232022F4E04222F07002120487
:10AAB000120C42F4004242F0C00220F8232030F889
:10AAC00023205DF8044B22F4E04222F070021204CD
:10AAD000120C42F4404242F0800220F8232030F869
:10AAE000232022F4E04222F04002120448F28001C6
:10AAF000120C0A4320F8232030F8232022F480424D
:10AB000022F070021204120C114320F823100020CE
:10AB1000704730F8232051040DD530F8232022F45B
:10AB2000E04222F070021204120C42F4404242F061
:10AB3000800220F8232030F8232022F4804222F0E3
:10AB400070023CE730F8232022F4E04222F0700249
:10AB50001204120C42F4004242F0C00220F82320FA
:10AB600027E700BF2DE9F04F4B780C7B012B83B01A
:10AB700036D0F4B1CB78022B00F0A880012B40F046
:10AB8000A18000230A788B6112B230F8223023F4BE
:10AB9000804323F070031B041B0C83F4405343F4E5
:10ABA000004343F0800320F82230002003B0BDE8CA
:10ABB000F08F8A690C78002A6ED1CB78002B00F0D8
:10ABC000A68030F8243023F4E24323F070031B0402
:10ABD0001B0C43F4004343F0800320F82430D0E7FB
:10ABE0000D698A694B69AA4228BF2A4600F5806C24
:10ABF00054BB95B2CE8801356D08664407D003EB8F
:10AC00004505F61A1C889C530233AB42FAD1B0F8C2
:10AC100050300C7800F2024515FA83F303EBC403BD
:10AC200092B21A800A7830F8223023F4E04323F0FD
:10AC300040031B041B0C83F0300343F4004343F038
:10AC4000800320F82230B0E7CE780C6A91F800E05B
:10AC5000022E6BD0A41A30F82E500C6294B201343C
:10AC600015F0400F92B2B0F850504FEA540400F083
:10AC7000AE8000F2064616FA85F525F83E204D898D
:10AC80006544002CCED003EB4404ED1A1A885A53C5
:10AC900002339C42FAD1C5E730F8243023F4E24372
:10ACA00023F070031B041B0C43F4004343F08003A8
:10ACB00020F824300B699A427FF663AFD31A8B6178
:10ACC0000A7861E7012003B0BDE8F08FCB690A780C
:10ACD000002B3FF459AF14B244F2400330F8245033
:10ACE00003EA0506AB4302D0002E7FF44DAF30F8E7
:10ACF000243023F4E04323F070031B041B0C43F4C3
:10AD0000004343F0C00320F824300A783CE730F8D1
:10AD1000243023F4E04323F070031B041B0C43F4A2
:10AD2000014343F0800320F824302AE7A54200F2D3
:10AD3000024B60D230F82E6026F4E04626F0700612
:10AD40003604360C46F4014646F0800620F82E60A4
:10AD500030F82E6097B2A41A013716F0400F0C623B
:10AD6000B0F850604FEA57071FFA82F800F2064920
:10AD700066D019FA86F626F83E804E89664467B199
:10AD8000A6EB030903EB470A1E460195358826F812
:10AD9000095002365645F9D1019D1344A5424B6135
:10ADA0007CD2A21A0A62B0F850201BFA82F222F872
:10ADB0003E800A896244002F3FF434AF03EB47071B
:10ADC000D41A1A881A530233BB42FAD12AE700F286
:10ADD000024616FA85F525F83E200D896544002CBB
:10ADE0003FF420AF03EB4404ED1A1A885A530233A0
:10ADF0009C42FAD116E730F82E2022F4E24222F0EB
:10AE000070021204120C42F4004242F0800220F858
:10AE10002E20B0F850201BFA82F2A5B222F83E5044
:10AE20002C4601340D89620865443FF4FBAE03EB08
:10AE30004202ED1A1C885C5302339A42FAD1F1E6C1
:10AE40001BFA86F626F83E800E89664467B1A6EBAB
:10AE5000030A03EB470B1E460195358826F80A5076
:10AE600002365E45F9D1019D1344A5424B611CD2C7
:10AE7000A41AB0F850200C6219FA82F222F83E802F
:10AE80004A896244002F3FF4CDAE03EB4707D41A42
:10AE90001A881A530233BB42FAD1C3E6A7B201376C
:10AEA0001FFA84F87F0800227CE7A7B201371FFA57
:10AEB00084F87F080024DCE74B780A788BB130F8FF
:10AEC000223023F4E04323F040031B041B0C83F0E7
:10AED000100343F4004343F0800320F822300020A5
:10AEE000704730F8223023F4804323F070031B04B2
:10AEF0001B0C83F4805343F4004343F0800320F899
:10AF000022300020704700BF4B780A7833B330F806
:10AF100022305B060DD530F8223023F4E04323F0D5
:10AF200070031B041B0C43F4004343F0C00320F8E0
:10AF30002230CB78012B0FD030F8223023F4E043BD
:10AF400023F040031B041B0C83F0200343F4004355
:10AF500043F0800320F822300020704730F8223080
:10AF60005B040DD530F8223023F4E04323F0700366
:10AF70001B041B0C43F4404343F0800320F82230B1
:10AF800030F8223023F4804323F070031B041B0CA1
:10AF900083F4405343F4004343F0800320F822300D
:10AFA0000020704711B98023A0F84C300020704772
:10AFB00002460020B2F858306FEA43436FEA534329
:10AFC0009BB2A2F858307047B0F8440080B2704786
:10AFD000013302F580625B08104408D00A46801AEB
:10AFE00001EB43011388135202328A42FAD17047AF
:10AFF00070B502F580625E0800EB02051CD06FF0B0
:10B000000104641A8A1C2C44B64634F802C0023289
:10B010001FFA8CFC4FEA1C20BEF1010E02F804CC92
:10B0200002F8030CF1D105EB4602DB0701EB460108
:10B0300044BF13880B7070BD2A46DB0744BF1388DA
:10B040000B7070BD10B5D0F8BC4284B1D0F8C032DE
:10B050005BB194F80002FF2807D09B6894F80122A6
:10B0600021469847FF2384F80032002010BD0320BA
:10B0700010BD00BF432303800048704778010020C3
:10B080004323038000487047BC0100204323038012
:10B0900000487047340100200A23038000487047AD
:10B0A0003802002038B5D0F8BC527DB1044601F01A
:10B0B0007BF8D4F8C0320246DB68D5F80402C5F844
:10B0C0000C2205F503719847002038BD032038BDD8
:10B0D00070B5D0F8BC52D0F8C4421DB301EB810E5C
:10B0E00000EB8E068446B3690A466BB9DCF8C032C1
:10B0F0001B690021C5F8141223B1D5F8080205F523
:10B1000004719847002070BD04EBCE04246AB3FBA1
:10B11000F4FE04FB1E33002BE8D1B3611A4601F0A4
:10B120002BF8EFE7032070BD70B5D0F8BC5282B0A9
:10B1300000238DF80530ADF806305DB10B7813F0C3
:10B14000600206460C461DD0202A06D02146304615
:10B1500000F006FD032002B070BDCA8891F801C05E
:10B1600072B31B064CD5D6F8C03229469B686046A0
:10B170009847E288072A294628BF0722304600F070
:10B1800023FD22E04B780B2BE0D801A252F823F0EC
:10B19000D9B10008CBB100084DB100084DB100088D
:10B1A0004DB100084DB100084DB100084DB1000887
:10B1B0004DB100084DB10008EDB10008CFB1000855
:10B1C000D0F8C03260469B6898470020C3E790F8EB
:10B1D0009C32032BF9D0B9E790F89C32032BB5D100
:10B1E00002220DF1060100F0EFFCEEE790F89C3230
:10B1F000032BABD101220DF1050100F0E5FCE4E7E2
:10B2000085F800C285F80122294600F0F3FCDCE74E
:10B2100038B504460025812100F06AFF0121258709
:10B22000204600F065FF8221A4F87851204600F006
:10B230005FFFD4F8BC32E5644BB1D4F8C0325B6830
:10B240009847D4F8BC0200F0E1FFC4F8BC520020DB
:10B2500038BD00BF70B504464FF4077000F0D2FF50
:10B260000546002849D0237CC4F8BC027BB34023A8
:10B2700002228121204600F02DFF01214023218759
:10B280000222204600F026FF012610230322A4F804
:10B290004E3082210823A4F87861204600F01AFF7E
:10B2A000D4F8C032A4F84C601B6898470023C5F856
:10B2B0001432C5F81832237CD5F80422BBB94FF4F8
:10B2C00000733146204600F063FF002070BD4FF44C
:10B2D000007302228121204600F0FCFE01214FF480
:10B2E000007321870222204600F0F4FECCE74023C1
:10B2F0003146204600F04CFFE7E7C4F8BC020220CC
:10B3000070BD00BF19B1C0F8C01200207047032003
:10B31000704700BFD0F8BC322BB1C3F80812C3F895
:10B320001022002070470320704700BFD0F8BC32C5
:10B330001BB1C3F80412002070470320704700BF00
:10B34000D0F8BC2292B110B5D2F814420CB1012051
:10B3500010BD0123C2F81432D2F81032D2F80822FC
:10B36000C362812100F008FF204610BD0320704712
:10B37000D0F8BC228AB108B5037CD2F804222BB1E4
:10B380004023012100F004FF002008BD4FF40073AA
:10B39000012100F0FDFE002008BD0320704700BF22
:10B3A00078B10023C0F8B832C0F8C032C0F8CC324F
:10B3B00009B1C0F8B412012380F89C32027000F089
:10B3C00039BE0320704700BF10B582B00023ADF82E
:10B3D000063061B1CB6AC0F8B812044623B10DF152
:10B3E00006009847C4F8CC02002002B010BD03202C
:10B3F00002B010BD00F062BED0F8B8320BB11B68CD
:10B4000018470320704700BF08B5D0F8B8320BB119
:10B410005B689847002008BD38B5044600F2AA25AD
:10B42000284600F091FB94F8AA12B4F8B022C4F8B0
:10B4300098220123C4F8943201F01F03012B0ED08F
:10B44000022B06D08BB929462046BDE8384000F0D3
:10B45000F7B829462046BDE8384000F0D9BA294659
:10B460002046BDE8384000F09DBA204601F080013A
:10B47000BDE8384000F048BE10B5044631B9134667
:10B48000D0F89422032A0DD0002010BD90F89C32F1
:10B49000032BF9D1D0F8B8329B69002BF4D0BDE86A
:10B4A00010401847D0E95712914208D890F89C32C2
:10B4B000032B0ED0204600F0B3FB002010BD891AEC
:10B4C0008A4228BF0A46C0F85C11194600F0A0FB6A
:10B4D000DAE7D0F8B8321B69002BEBD09847E9E7E0
:10B4E00070B5044651B91346D0F89422022A11D0FF
:10B4F00094F8A032012B22D0002070BD90F89C322D
:10B50000032BF9D1D0F8B8325B69002BF4D0BDE839
:10B5100070401847D0E90726B2420D4614D81FD014
:10B5200094F89C32032B28D08021204600F0ECFDBB
:10B53000204600F081FB94F8A032012BDCD10023DF
:10B5400084F8A032002070BD921BC261194600F041
:10B5500049FB2B462A462946204600F019FEC7E73C
:10B5600083699A42DCD8D0F898229342D8D20A460E
:10B5700000F038FBC4F89852EBE7D4F8B832DB6837
:10B58000002BD1D020469847CEE700BFD0F8B83284
:10B590000021012280F89C224160C0F89412C0F87A
:10B5A000A412EBB1D0F8BC2270B5044612B15B68AE
:10B5B00003B198470022402511460126402320462A
:10B5C00000F088FDA4F86461C4F860512B460022A5
:10B5D0008021204600F07EFD0020A684256270BDFB
:10B5E0000320704701740020704700BF90F89C2230
:10B5F00003460421D2B283F89D22002083F89C12D6
:10B60000704700BF90F89C32042B04D190F89D3213
:10B61000DBB280F89C320020704700BFD0F8B8221F
:10B6200062B108B590F89C32032B01D0002008BD10
:10B63000D369002BFAD09847002008BD032070473B
:10B6400030B50B7803F06003202B83B00D46044621
:10B6500028D0402B26D05BB18021204600F054FD3D
:10B660000021204600F050FD0025284603B030BDE3
:10B670004B78092BF0D801A252F823F0EFB600085E
:10B6800017B7000859B6000835B7000859B60008C2
:10B690003DB7000877B7000859B60008CDB70008D5
:10B6A000B7B60008D4F8B8329B682946204603B0E4
:10B6B000BDE8304018478978B74D0129297000F25C
:10B6C0004A8190F89C32022BDAB200F02B81032AD7
:10B6D00000F00681802100F017FD0021204600F0D7
:10B6E00013FD29782046FFF78FFE0325BDE790F86C
:10B6F0009C32013B022BAFD8CA88022AACD1D0F8C9
:10B70000A4320146002B0CBF0123032341F80C3F58
:10B7100000F05AFAA8E790F89C32013B022B9BD824
:10B720004B88012BA0D10023C4F8A432204600F09E
:10B7300077FA99E74B88012B96D1F5E78B88002B98
:10B740008AD1CB88002B87D14B887F2B84D890F867
:10B750009C22032A80D0DDB280F89E52294600F058
:10B76000FFFC204600F05CFA002D00F01781022358
:10B7700084F89C3278E74A88130A0021013BADF82F
:10B7800006100E2B3FF668AF01A151F823F000BF61
:10B790006FB8000855B8000843B8000859B600084B
:10B7A00059B600082DB800087FB8000859B600083F
:10B7B00059B6000859B6000859B6000859B600082D
:10B7C00059B6000859B60008F5B70008CA88012A1A
:10B7D0007FF442AF90F89C32022BD9B200F2B480D1
:10B7E00000293FF439AF0146002341F8083F00F03B
:10B7F000EBF939E7D0F8B432DB69002B3FF42CAF1A
:10B80000207C0DF106019847EB88002B8ED0BDF807
:10B810000620002A3FF420AF9A4228BF1A4601466C
:10B820002046ADF8062000F0CFF91DE7037C002B81
:10B830007FF412AFD0F8B8320DF106005B6B984779
:10B84000E2E7D2B2052A3FF607AFDFE802F0433D58
:10B8500037312B25027CD0F8B832002A40F08D8099
:10B860009B6A0DF10600984702234370CCE7D0F89D
:10B87000B432007C1B680DF106019847C4E7037CD5
:10B88000002B7FF4E9AED0F8B8320DF106001B6B47
:10B89000984707234370B7E7D0F8B4329B69002B71
:10B8A000AED1D9E6D0F8B4325B69002BA8D1D3E68B
:10B8B000D0F8B4321B69002BA2D1CDE6D0F8B43257
:10B8C000DB68002B9CD1C7E6D0F8B4329B68002B14
:10B8D00096D1C1E6D0F8B4325B68002B90D1BBE6BC
:10B8E000002940D0416801293FF420AFC9B2FFF7D9
:10B8F0008BFD297861602046FFF77EFD0546002814
:10B900003FF414AF8021204600F0FEFB00212046CA
:10B9100000F0FAFB21792046FFF776FD022384F838
:10B920009C32A2E600293FF401AF01214160FFF7FC
:10B9300063FD054640B38021204600F0E5FB002171
:10B94000204600F0E1FB90E603297FF485AE011D5F
:10B9500000F03AF988E6802100F0D6FB002120466D
:10B9600000F0D2FBC1E6022380F89C324160FFF771
:10B970004BFD204600F054F976E6DB6A0DF1060037
:10B980009847022343703FE7204600F049F903231C
:10B9900084F89C3268E600BFC80E0020012384F8BA
:10B9A0009C3261E670B50B785A060D4604460DD5FB
:10B9B00003F06002402A09D0802100F0A5FB00219D
:10B9C000204600F0A1FB0026304670BD94F89C3262
:10B9D000013B022B12D82B79012B0FD8D4F8B832A7
:10B9E00029469B6820469847EB880646002BEBD1FA
:10B9F0000028E9D1204600F013F9E5E78021204630
:10BA000000F082FB0021204600F07EFBDBE700BF58
:10BA100070B50B788A8803F06003202B0C4605462E
:10BA20004AD0402B48D04BB18021284600F06CFB17
:10BA30000021284600F068FB002070BD6378012BD0
:10BA4000D1B22AD0032B3FD0002BEDD190F89C32FD
:10BA5000022BD8B252D00328E6D101F00F0303EB3A
:10BA60008303120605EB830357D4B3F86431002B2C
:10BA7000DAD0142404FB015404F5AA74002958D028
:10BA8000284600F059FB002859D0012323600222E8
:10BA90002146284600F098F8CEE790F89C32022B19
:10BAA000DAB222D0032ABFD16388002BC4D14E065C
:10BAB00042D1284600F0B4F8D5F8B83221462846DD
:10BAC0009B68BDE87040184790F89C32022BDAB2B0
:10BAD0000BD0032AA8D163881BB94A0601D0E3889A
:10BAE0007BB3284600F09CF8A6E74B069CD000F0FC
:10BAF0000BFB8021284600F007FB9DE7480693D109
:10BB000011064CBF05F1140105F5AA7100230B6065
:10BB10000222284600F058F88EE79B8C002B83D039
:10BB200001F07F04013404EB8404802905EB8404D4
:10BB3000A6D100232360AAE700F0F2FAB9E720605B
:10BB4000A5E700F0E1FACCE70B7803704B7843707F
:10BB50004B8843808B888380CB88C380704700BF2D
:10BB600010B58021044600F0CFFA20460021BDE840
:10BB7000104000F0C9BA00BF08B370B503780E4694
:10BB800014460546E3B10130F4F7FAFC431CDBB27E
:10BB900001335B00DAB223800323327073702C7898
:10BBA00064B12846022300215A1CD2B2F454B15485
:10BBB00010F8014F0233DBB2002CF5D170BD704795
:10BBC00002221346E7E700BF08B513460A460221E2
:10BBD000C0E90633C0F89412002100F0CDFA00202D
:10BBE00008BD00BF08B513460A46002100F0C4FA9C
:10BBF000002008BD08B513460A460321C0E95633A4
:10BC0000C0F89412002100F0C3FA002008BD00BF64
:10BC100008B513460A46002100F0BAFA002008BD14
:10BC200008B504210023C0F894121A46194600F002
:10BC3000A3FA002008BD00BF08B505210023C0F805
:10BC400094121A46194600F0A3FA002008BD00BF5E
:10BC500008B5184918480022FFF7A2FB70B9174928
:10BC60001548FFF7B1FB88B915491348FFF74AFBA0
:10BC7000A0B91148FFF7BEFBB8B908BDF7F76AFBDA
:10BC80000E490D48FFF7A0FB0028EDD0F7F762FB47
:10BC90000B490948FFF736FB0028EAD0F7F75AFBB3
:10BCA0000548FFF7A7FB0028E7D0BDE80840F7F7F5
:10BCB00051BB00BF8C020020CC0E002000020020EF
:10BCC0004402002000207047002070470020704789
:10BCD00038B5074D09880446F5F700FF2146284688
:10BCE000FFF724FB2846FFF743FB002038BD00BFC9
:10BCF000CC0E002010B5064C064900222046FFF766
:10BD000009FB05492046FFF711FB002010BD00BFCD
:10BD1000CC0E00209C1100209C19002010B5094C6D
:10BD2000D4F8BC32D3F814320BB1012010BD0A464E
:10BD300001462046FFF7EEFA2046BDE81040FFF727
:10BD4000FFBA00BFCC0E0020122301480B807047C1
:10BD500078020020042301480B8070477402002001
:10BD600010B5044C04480A462146FFF705FF20465B
:10BD700010BD00BF9C210020D4C7000810B5044CA2
:10BD800004480A462146FFF7F7FE204610BD00BFD3
:10BD90009C210020DCC7000810B5044C04480A466A
:10BDA0002146FFF7E9FE204610BD00BF9C21002080
:10BDB000ECC7000810B5044C04480A462146FFF7BA
:10BDC000DBFE204610BD00BF9C210020FCC7000800
:10BDD000514AD2F89035D2F898054FF01A0C1B183A
:10BDE000A1F800C001D14D487047D2F894154B4AD4
:10BDF000180FB3F1204F4FF0000C2CBF373030300C
:10BE000082F803C0C3F3036CBCF1090F9070604665
:10BE10004FF0000C8CBF3730303082F805C0C3F3D0
:10BE2000035CBCF1090F107160464FF0000C8CBF31
:10BE30003730303082F807C0C3F3034CBCF1090F30
:10BE4000907160464FF0000C8CBF3730303082F874
:10BE500009C0C3F3033CBCF1090F107260464FF0F8
:10BE6000000C8CBF3730303082F80BC0C3F3032C8A
:10BE7000BCF1090F907260464FF0000C8CBF373058
:10BE8000303082F80DC0C3F3031CBCF1090F1073EE
:10BE900060468CBF37303030907303F00F0003469C
:10BEA000092894BF303337330020B1F1204F137489
:10BEB0004FEA11732CBF373330335074C1F3036032
:10BEC0000928937403468CBF37333033C1F30350D2
:10BED00009284FF0000C137503468CBF37333033FD
:10BEE000C1F3034082F80FC04FF0000C092882F81C
:10BEF00013C093754FF0000C034682F815C098BF2D
:10BF000030334FF0000C88BF37330021034882F8EC
:10BF100017C01376517670470070FF1F580200203B
:10BF200010B5044696B05422002101A8F4F794FB02
:10BF3000114B22689A4201D016B010BD4FF4005345
:10BF400001A80193FBF7ECFE98B90C4B986D40F4F7
:10BF5000000098659B6D002203F4000311460093D6
:10BF60001420009BF8F7B6FD1420F8F7EFFD16B08B
:10BF700010BDF7F7EFF9E8E7005C00400010024061
:10BF800000F52671D0F8D802FFF746BA01EB81031D
:10BF900000EBC303D0F8D802D3F86421FFF76CBAE2
:10BFA00001EB810300EBC303D0F8D8025A6AFFF714
:10BFB00097BA00BFD0F8D802FFF730BB10B543796D
:10BFC000022B044601D0F7F7C5F9D4F8D8020121B5
:10BFD000FFF708FBD4F8D802BDE81040FFF7D6BA47
:10BFE00010B50446D0F8D802FFF700FB637A23B1FE
:10BFF000024A136943F00603136110BD00ED00E02F
:10C0000010B5437A04462BB9D4F8D802BDE81040E5
:10C01000FFF7F8BA064A136923F006031361F7F72E
:10C02000FDF8D4F8D802BDE81040FFF7EBBA00BF26
:10C0300000ED00E010B51F4B04464FF402721E489D
:10C04000C3F8D842022118609A80C4F8C432002292
:10C050001846C3F80710DA72FAF72EFA30BB00223E
:10C060001146D4F8C4021823FBF702FAD4F8C4022C
:10C07000582300228021FBF7FBF9D4F8C402C02327
:10C0800000228121FBF7F4F9D4F8C4024FF488733D
:10C0900000220121FBF7ECF9D4F8C4024FF48073BD
:10C0A00000228221FBF7E4F9002010BDF7F752F9D6
:10C0B000D5E700BFBC250020005C004008B5D0F8E3
:10C0C000C402FAF7E3FA18B102280CBF01200320DA
:10C0D00008BD00BF944608B51A46D0F8C4026346AE
:10C0E000FBF79CF818B102280CBF0120032008BD03
:10C0F00008B5D0F8C402FBF7CDF818B102280CBF80
:10C100000120032008BD00BF08B5D0F8C402FBF72A
:10C1100037F918B102280CBF0120032008BD00BF69
:10C1200008B5D0F8C402FBF767F918B102280CBFB4
:10C130000120032008BD00BF0A06D0F8C43206D48F
:10C1400001EB810103EBC10393F85201704701F049
:10C150007F0101EB810103EBC103987C704700BFB5
:10C1600008B5D0F8C402FBF745F818B102280CBF97
:10C170000120032008BD00BF08B5D0F8C402FBF7BA
:10C18000E1F818B102280CBF0120032008BD00BF50
:10C1900008B5D0F8C402FBF7B1F818B102280CBFFB
:10C1A0000120032008BD00BFD0F8C402FBF7C0B8CF
:10C1B00010B5044679B1012900D010BDD0F8D802DD
:10C1C000FFF714FA637A002BF7D00D4A136943F096
:10C1D0000603136110BD437A2BB9D4F8D802BDE829
:10C1E0001040FFF70FBAF7F719F8054AD4F8D8024C
:10C1F000136923F00603BDE810401361FFF702BA8C
:10C2000000ED00E0004870479C230020704700BF0D
:10C2100030B10021A0F808114FF48472F4F71CBA71
:10C22000704700BFF8B5069C089E8C461146BDF8C5
:10C230001C20002C00F08480002E00F081801F461E
:10C24000002967D0B3F5807F77D803F10805ADB238
:10C25000023395429BB270D8002263F307021B0A97
:10C2600063F30F2260F317426CF31F6245F2AA5387
:10C27000C4F802202380002F45D10825052301336F
:10C28000314904EB030C20464FF6FF7310F8012BE5
:10C29000534043F300020A4082EA530242F3000390
:10C2A0000B40C2F34E02534043F300020A40C3F373
:10C2B0004E035A4042F300030B40C2F34E02534078
:10C2C00043F300020A40C3F34E035A4042F3000313
:10C2D0000B40C2F34E02534043F300020A40C3F343
:10C2E0004E035A4042F300030B40C2F34E02534048
:10C2F00084459BB2CAD1AA1E0020A35422441B0A23
:10C3000053703580F8BD3A46A01DF4F77DFA7B1DC9
:10C310009BB2B4E7A3B9072A0FD93B46022262F3C6
:10C32000070367F30F2360F317436CF31F63C4F82D
:10C33000023045F2AA5323809FE76FF00100F8BD59
:10C340004FF0FF30F8BD00BF01A0FFFF2DE9F04F17
:10C3500083B09DF83070002800F016819B460D9B3D
:10C36000002B00F0118114461A4600230546137075
:10C37000002900F00C81BBF1000F00F00281B5F83C
:10C3800008211319B3F5847F00F20C814CB1A81871
:10C390002246F4F739FAB5F808311C44A2B2A5F8E0
:10C3A0000821052A4FF0000940F20D81874CCA464A
:10C3B00045F2AA562B88B34240F08C80B5F802C0F3
:10C3C000BCF1010F40F2B580BCF5817F00F2A08086
:10C3D0000CF106081FFA88F8904574D8A8F10203FA
:10C3E000E9180CF1030015F803E04B78CDF804C010
:10C3F00080B201304EEA032E284429464FF6FF73DF
:10C4000011F801CB83EA0C0C4CF30003234083EAC0
:10C410005C0343F3000C0CEA040CC3F34E038CEAF8
:10C42000030343F3000C0CEA040CC3F34E038CEA41
:10C43000030343F3000C0CEA040CC3F34E038CEA31
:10C44000030343F3000C0CEA040CC3F34E038CEA21
:10C45000030343F3000C0CEA040CC3F34E038CEA11
:10C46000030343F3000C0CEA040CC3F34E038CEA01
:10C47000030343F3000C0CEA040CC3F34E038CEAF1
:10C48000030388429BB2BBD17345DDF804C030D1B1
:10C490004F4510D909EB8913ACF102020BEB830075
:10C4A000A9882BF8231092B24280002A52D109F1B8
:10C4B00001095FFA89F9B5F80821904515D84ED3DE
:10C4C0000023A5F808310D9B83F80090504603B077
:10C4D000BDE8F08F013A691C2846F4F70FF9B5F86A
:10C4E0000821013A92B2A5F80821052A3FF662AF69
:10C4F000E9E790455CD3B5F80821A2EB080292B2B7
:10C50000052AA5F808216FF0030A3FF653AFDAE7D2
:10C51000023AA91C2846F4F7F1F8B5F808216FF0A3
:10C52000010A524492B2052AA5F808213FF642AF0B
:10C53000C9E7023AA91C2846F4F7E0F8B5F8082143
:10C54000023A92B2052A6FF0020AA5F808213FF6D6
:10C5500031AFB8E7A91D0430F4F756F9A7E7A2EB0D
:10C56000080205EB08012846F4F7C8F8B5F80821D9
:10C57000A2EB080292B2052AA5F808213FF61AAFED
:10C58000A1E7002F3FF4FBAE4FF0FF3A9EE7002CEF
:10C59000FAD1BBF1000F13D0B5F80821B2F5847FB2
:10C5A0007FF6FFAE0023A5F808316FF0010A8DE792
:10C5B000A2EB080205EB08012846F4F79FF89AE77A
:10C5C000002FE9D0E0E7CA467DE700BF01A0FFFFEA
:10C5D00070B59DF81040C8B1C2B1B2F800C00CF1FE
:10C5E000040E8E450FD80CF1010100F80C304518EF
:10C5F00084440126465400236B708CF8034018468F
:10C60000A2F800E070BD6FF0010070BD4FF0FF3088
:10C6100070BD00BFD8B1D2B1B2F800C030B50CF1D6
:10C62000070E8E4510D80CF10101441800F80C30AB
:10C63000042584440023455463701846039BCCF8BA
:10C640000330A2F800E030BD6FF0010030BD4FF0C4
:10C65000FF30704758B352B34BB3B2F800C08C45AB
:10C6600028D200B5A1EB0C0E1FFA8EFEBEF1020F10
:10C670001AD910F80CE083F800E000EB0C0E0CF176
:10C68000030C1FFA8CFCBEF801E0A3F802E0A1EB5A
:10C690000C0189B28E4507D86044E64458600020FA
:10C6A000A2F800E05DF804FB6FF00200FAE74FF03B
:10C6B000FF3070476FF00400704700BF002B45D07B
:10C6C000002843D0C9B302293AD92DE9F0474FF0E9
:10C6D0000009CA46CC460AE0BA4204D100EB0E0873
:10C6E000B1464FF0010A61451BD9022D15D900EB67
:10C6F0000C040CF1030EB4F8016010F80C701FFA72
:10C700008EFE06EB0E05A1EB0E04A4B21FFA85FC0B
:10C71000A1EB0C05A642ADB2DED96FF00200BDE878
:10C72000F087BAF1000F14D0B9F1040F0BD1D8F88B
:10C7300000201A600020BDE8F0876FF00400704709
:10C740006FF0020070476FF00500E8E74FF0FF3030
:10C7500070476FF00400E2E7024B13B10248F4F7B0
:10C7600015B970470000000099090008F8B500BF2E
:10C77000F8BC08BC9E467047F8B500BFF8BC08BCC2
:04C780009E4670471A
:10C78400010204080F0000000A0B0C0D0E0F111219
:10C7940014151617181E2022260000006D560000DE
:10C7A4006D4100006D430000656E756D0000000072
:10C7B400626F6F6C000000006269746D61736B00DE
:10C7C400616463007065726D696C6C6500000000E3
:10C7D4005546344F5645520055463444696769748A
:10C7E400616C506F77657200506F77657220436F8C
:10C7F4006E66696700000000506F77657220496EAD
:10C8040074657266616365000A040100A0C70008CC
:10C814000B040100A4C700080C040100A0C7000811
:10C824000D040100A4C700080E040100A8C70008F5
:10C834000F040100A8C7000811040300A0C70008E2
:10C8440012040300A4C7000814010100ACC70008C7
:10C8540015010300B4C7000816040100BCC7000892
:10C8640017010100BCC7000818010100ACC700088B
:10C8740019040100C4C700081A040100C4C7000851
:10C884001B040100C4C700081C040100C4C700083D
:10C894001D040100A8C700081E040300A8C700085F
:10C8A4001F040100A0C7000820040300A0C700085B
:10C8B40021040100A4C7000822040300A4C700083F
:10C8C40026040100C8C7000827040300C8C70008DD
:10C8D400000000000102030400000000000000004A
:10C8E400010203040607080901000200040006000F
:10C8F40008000A000C001000200040008000000125
:10C9040008040204080101010101010307010000F8
:08C91400A439FF7F01000000BF
:08C91C0059C700086902000878
:04C9240041020008C4
:10C92800080000200000000000000000CC020020E9
:10C93800340300209C0300200000000000000000D9
:10C9480000000000000000000000000000000000DF
:10C9580000000000000000000000000000000000CF
:10C9680000000000000000000000000000000000BF
:10C9780000000000000000000000000000000000AF
:10C98800000000000000000000000000000000009F
:10C99800000000000000000000000000000000008F
:10C9A800000000000000000000000000000000007F
:10C9B800000000000000000000000000000000006F
:10C9C80001000000000000000E33CDAB34126DE60C
:10C9D800ECDE05000B000000000000000000000075
:10C9E800000000000000000000000000000000003F
:10C9F800000000000000000000000000000000002F
:10CA0800000000000000000000000000000000001E
:10CA1800000000000000000000000000000000000E
:10CA280000000000000000000000000000000000FE
:10CA380000000000000000000000000000000000EE
:10CA480000000000000000000024F40001000000C5
:10CA58001000000009074300020104C03209040065
:10CA68000001020201000524001001052401000153
:10CA780004240202052406000107058203080010A9
:10CA880009040100020A0000000705010240000035
:10CA9800070581024000000009024300020100C0AE
:10CAA80032090400000102020100052400100105FA
:10CAB800240100010424020205240600010705825E
:10CAC8000308001009040100020A0000000705011C
:10CAD80002400000070581024000000009024300EF
:10CAE800020100C03209040000010202010005240D
:10CAF8000010010524010001042402020524060097
:10CB0800010705820308001009040100020A000059
:10CB1800000705010200020007058102000200006B
:10CB280055B2000811B2000829B100080000000041
:10CB380045B00008D1B00008A5B00008000000000A
:10CB4800000000000000000081B0000875B0000877
:10CB58008DB0000899B000080A06000200000040E5
:10CB680001000000F5BC0008C5BC0008C9BC0008ED
:10CB7800D1BC0008CDBC00081A030000000000006A
:10CB8800000000000000000000000000000000009D
:10CB98000000000004030904120100020202004020
:10CBA800D1072222000201020301000049BD00084A
:10CBB80055BD000861BD00087DBD0008D1BD000855
:0CCBC80099BD0008B5BD00080000000089
:0400000508003B357F
:00000001FF
