:020000040800F2
:10000000000002201D1F0008C5180008C9180008BC
:10001000CD180008D1180008D5180008000000000D
:10002000000000000000000000000000D9180008D7
:10003000DD18000800000000E1180008E5180008BD
:100040006D1F00086D1F00086D1F00086D1F000860
:100050006D1F00086D1F00086D1F00086D1F000850
:100060006D1F00086D1F00086D1F0008E9180008CB
:10007000F5180008011900086D1F00086D1F000821
:100080006D1F00086D1F00086D1F00086D1F000820
:100090000D1900086D1F00086D1F00086D1F000876
:1000A0006D1F00086D1F00086D1F00086D1F000800
:1000B0001919000825190008311900086D1F0008DA
:1000C0006D1F00086D1F00086D1F00086D1F0008E0
:1000D0006D1F00086D1F00086D1F00086D1F0008D0
:1000E0006D1F00086D1F00086D1F00086D1F0008C0
:1000F0006D1F00086D1F00086D1F00086D1F0008B0
:100100006D1F00086D1F00086D1F00086D1F00089F
:100110006D1F00086D1F00086D1F00086D1F00088F
:100120006D1F00086D1F00086D1F00086D1F00087F
:100130006D1F00086D1F00086D1F00086D1F00086F
:100140006D1F00086D1F00086D1F00086D1F00085F
:100150003D1900086D1F00086D1F00086D1F000885
:100160006D1F0008491900086D1F00086D1F000869
:100170006D1F00086D1F00086D1F00086D1F00082F
:100180006D1F00086D1F00086D1F00086D1F00081F
:100190006D1F0008000000006D1F00086D1F0008A3
:1001A0006D1F00086D1F00086D1F00086D1F0008FF
:1001B0006D1F00086D1F00086D1F00086D1F0008EF
:1001C0006D1F00086D1F00086D1F00086D1F0008DF
:0801D0006D1F00086D1F0008FF
:100200000348044B834202D0034B03B118477047A5
:10021000B4020020B4020020000000000548064B94
:100220001B1AD90F01EBA301491002D0034B03B1F4
:1002300018477047B4020020B402002000000000FC
:1002400010B5064C237843B9FFF7DAFF044B13B11E
:100250000448AFF300800123237010BDB8020020D2
:1002600000000000C8C9000808B5044B1BB10449D0
:100270000448AFF30080BDE80840CFE7000000006D
:10028000BC020020C8C9000808B52DED028BB0EEF5
:10029000408A00F02FF8B4EE488AF1EE10FA0FD63B
:1002A000B5EEC08AF1EE10FA0ADCB5EE408AF1EE46
:1002B00010FA08D100F0E2FB22239FED090A036047
:1002C000BDEC028B08BD00F0D9FBBDEC028B0346F0
:1002D00021221A600348BDE8084000F005B800BFBD
:1002E000000080FF88CA00089FED010A704700BF28
:1002F0000000C07F10EE102A32F000432FD0002AF9
:10030000134633DBB2F1FF4F40DAB2F5000F34DBB6
:100310004FF0000C6448C3F31601084400F40002D7
:1003200082F07E520A43DB1500EE102A7F3B5F4AC3
:10033000634401F10F0CF7EE007A0CEA020230EE92
:10034000670A03EBD05322BBB5EE400AF1EE10FA78
:1003500062D1002B40F090809FED550A70479FEDD1
:10036000557ADFED537A87EE270A704770EE407AB0
:100370009FED4F7A87EE870A7047DFED4F7A60EE88
:10038000277A6FF0180C17EE903AC3E730EE000AA8
:100390007047F0EE007A70EE277A07EE103A80EEA2
:1003A000274A4648C1F55712084402F52272024313
:1003B000002A9FED433ADFED434ADFED435ADFED7C
:1003C000433A9FED435ADFED437ADFED436A24EE73
:1003D000046AF8EEC72A26EE067AE7EE034AA7EE8D
:1003E000235AE4EE875AE5EE076AE5EE877A67EE70
:1003F000867AE6EE877A2ADDB6EE007A20EE077A74
:1004000027EE007A77EE877A67EE847A3BBB37EE89
:10041000677A30EE470A70479FED307AF6EE007A41
:10042000E0EE477A20EE007A27EE277A002BF0D014
:1004300007EE903A9FED2A6ADFED2A6AF8EEE77A36
:10044000A7EEC67A37EE400A97EEA60A704770EE1E
:10045000677A67EE847AE3B930EE670A70479FEDFA
:10046000206ADFED206AE2EE867A37EE677A37EEB1
:10047000400A92EEA60A704707EE903A9FED180ADE
:100480009FED187AF8EEE77A27EE800AA7EE870A42
:100490007047DFED136A9FED137AE2EEE67A37EEEE
:1004A000C00A92EE870A704720FB4A00F0FF7F00E7
:1004B00000000000000000CC0000004C305CCFFFCA
:1004C0009788173E25333A3E2549923E4FD01C3E31
:1004D000298E633EABAA2A3FCDCCCC3EABAAAA3E26
:1004E000D1F717378071313F53B94AB9002908BF96
:1004F00000281CBF4FF0FF314FF0FF3000F06AB909
:10050000ADF1080C6DE904CE00F006F8DDF804E06A
:10051000DDE9022304B070472DE9F047089D0E463F
:1005200004460F46002B4AD194468C45B2FA82F21B
:1005300060D942B1C2F12003974020FA03F30CFACC
:1005400002FC1F4394404FEA1C4E1FFA8CF6B7FB87
:10055000FEF1230C0EFB117743EA074301FB06F083
:1005600098420AD91CEB030301F1FF3780F0158193
:10057000984240F21281023963441B1AA4B2B3FBC1
:10058000FEF00EFB103344EA034400FB06F6A642DD
:100590000AD91CEB040400F1FF3380F00081A6426D
:1005A00040F2FD806444023840EA0140A41B00216F
:1005B0001DB1D4400023C5E90043BDE8F0878B425C
:1005C00005D90DB1C5E9000100210846F5E7B3FAE8
:1005D00083F1002946D1B34202D3824200F2F58072
:1005E000841A66EB030201201746002DE5D0C5E909
:1005F0000047E2E7002A40F09380A1EB0C034FEAAA
:100600001C471FFA8CFE0121B3FBF7F607FB1630DF
:10061000230C43EA00430EFB06F0984208D91CEB7A
:10062000030306F1FF3802D2984200F2D08046461A
:100630001B1AA4B2B3FBF7F007FB103344EA0344E0
:100640000EFB00FEA64508D91CEB040400F1FF33A5
:1006500002D2A64500F2B6801846A4EB0E0440EA8A
:100660000640A5E7C1F120078B4022FA07FC4CEABF
:10067000030C06FA01FE20FA07F426FA07F344EA0F
:100680000E0400FA01F84FEA1C404FEA1449B3FB8C
:10069000F0FE1FFA8CF600FB1E3349EA03430EFB03
:1006A00006F9994502FA01F20BD91CEB03030EF18E
:1006B000FF3A80F08580994540F28280AEF1020ECB
:1006C0006344A3EB0909A4B2B9FBF0F300FB13994F
:1006D00044EA094403FB06F6A64208D91CEB0404CD
:1006E00003F1FF3068D2A64266D9023B644443EA74
:1006F0000E40A41BA0FB02E6B4427346B14652D39F
:100700004FD05DB1B8EB030264EB090404FA07F7BC
:1007100022FA01F31F43CC40C5E9007400214CE7E5
:10072000C2F1200120FA01F30CFA02FC26FA01F1D1
:10073000964033434FEA1C471FFA8CFEB1FBF7F09B
:1007400007FB1016190C41EA064100FB0EF68E421B
:1007500004FA02F408D91CEB010100F1FF382DD294
:100760008E422BD902386144891B9BB2B1FBF7F64C
:1007700007FB161143EA014306FB0EF1994208D923
:100780001CEB030306F1FF3814D2994212D9023E42
:1007900063445B1A46EA004136E73946EDE61846FF
:1007A00002E7F045ADD2BEEB020366EB0C06013862
:1007B000B146A6E74646ECE7034698E74046D3E74E
:1007C000D6467EE76444023847E708460DE7023E16
:1007D00063442DE7704700BF0000000000000000E8
:1007E0000000000000000000000000000000000009
:1007F00000000000000000000000000000000000F9
:1008000030B490F800F020F007016FF0000C10F009
:10081000070491F820F040F048804FF000046FF09A
:100820000700D1E9002391F840F000F1080082FAB6
:100830004CF2A4FA8CF283FA4CF3A2FA8CF34BBB81
:10084000D1E9022382FA4CF200F10800A4FA8CF2FA
:1008500083FA4CF3A2FA8CF3E3B9D1E9042382FAC8
:100860004CF200F10800A4FA8CF283FA4CF3A2FADD
:100870008CF37BB9D1E9062301F1200182FA4CF215
:1008800000F10800A4FA8CF283FA4CF3A2FA8CF37C
:10089000002BC6D0002A04BF04301A4612BAB2FA9E
:1008A00082F200EBD20030BC7047D1E9002304F0A3
:1008B0000305C4F100004FEAC50514F0040F91F8D8
:1008C00040F00CFA05F562EA05021CBF63EA050375
:1008D00062464FF00004AAE7830730B547D0541EA4
:1008E000002A3ED0CAB2034601E0013C39D303F8E6
:1008F000012B9D07F9D1032C2CD9CDB205EB052591
:100900000F2C05EB054535D9A4F1100222F00F0C90
:1009100003F1100EE6444FEA121C1A46C2E90055D4
:10092000C2E9025510327245F8D10CF1010214F0FF
:100930000C0F03EB021204F00F0C13D0ACF1040304
:1009400023F003030433134442F8045B9342FBD1C6
:100950000CF003042CB1C9B21C4403F8011BA342E0
:10096000FBD130BD64461346002CF4D1F9E70346B1
:100970001446C0E71A46A446E0E700BF88420ED9F5
:100980008B1883420BD900EB020C002A6ED0624612
:1009900013F801CD02F801CD9942F9D170470F2A21
:1009A0000FD8034602F1FF3C002A5FD00CF1010C86
:1009B000013B8C4411F8012B03F8012F6145F9D15B
:1009C000704740EA01039B0751D1A2F1100370B5B3
:1009D00001F1200C23F00F0501F1100E00F11004BD
:1009E000AC441B095EF8105C44F8105C5EF80C5CCB
:1009F00044F80C5C5EF8085C44F8085C5EF8045C43
:100A000044F8045C0EF1100EE64504F11004E9D13F
:100A1000013312F00C0F01EB031102F00F0400EB95
:100A2000031328D0043C24F003064FEA940C1E4420
:100A30001C1F8E465EF8045B44F8045FB442F9D193
:100A40000CF1010402F0030203EB840301EB8401C7
:100A500002F1FF3C4AB10CF1010C013B8C4411F84E
:100A6000012B03F8012F6145F9D170BD704702F1E8
:100A7000FF3C03469AE72246EAE700BF014B1868AD
:100A8000704700BF00000020844641EA000313F0D5
:100A900003036DD1403A41D351F8043B40F8043B85
:100AA00051F8043B40F8043B51F8043B40F8043B48
:100AB00051F8043B40F8043B51F8043B40F8043B38
:100AC00051F8043B40F8043B51F8043B40F8043B28
:100AD00051F8043B40F8043B51F8043B40F8043B18
:100AE00051F8043B40F8043B51F8043B40F8043B08
:100AF00051F8043B40F8043B51F8043B40F8043BF8
:100B000051F8043B40F8043B51F8043B40F8043BE7
:100B100051F8043B40F8043B403ABDD2303211D387
:100B200051F8043B40F8043B51F8043B40F8043BC7
:100B300051F8043B40F8043B51F8043B40F8043BB7
:100B4000103AEDD20C3205D351F8043B40F8043B87
:100B5000043AF9D2043208D0D2071CBF11F8013B85
:100B600000F8013B01D30B8803806046704700BF4B
:100B7000082A13D38B078DD010F003038AD0C3F15A
:100B80000403D21ADB071CBF11F8013B00F8013B3C
:100B900080D331F8023B20F8023B7BE7043AD9D3FB
:100BA000013A11F8013B00F8013BF9D20B780370D0
:100BB0004B7843708B7883706046704770B50F4BED
:100BC0000F4DAB42A3EB050607D0B610002455F835
:100BD000043B01349847A642F9D80BF0F5FE094DC5
:100BE000094B5E1BAB424FEAA60606D0002455F81F
:100BF000043B01349847A642F9D870BDA0CB000849
:100C0000A0CB0008A0CB0008A8CB00080023014619
:100C10001A46184600F014B838B5074D074C2C1B7F
:100C2000A41005D0013C55F8043D9847002CF9D19B
:100C3000BDE838400BF0CEBEACCB0008A8CB000816
:100C400070B4164D2C681CB365681F2D23DC38B9B1
:100C5000AB1C0135656044F82310002070BC704760
:100C600004EB850C0228CCF88820D4F888614FF07A
:100C7000010202FA05F246EA0206C4F88861CCF8DD
:100C80000831E5D1D4F88C311343C4F88C31DFE757
:100C9000034C2C60D8E74FF0FF30DFE71004002052
:100CA0001404002030B500248DB020252A462146AA
:100CB00004A8CDE901440394FFF70EFE3848012350
:100CC000436180F8383080F84030036504230362C4
:100CD00043644FF0A0424FF44033C0E9002308239F
:100CE000C0E902440461848380F82440C4648361C1
:100CF0004FF4D4644FF48063C0E90B434FF4805346
:100D00008564C36301F08EF9002835D1002324489F
:100D1000019301A901F086FF00283DD1214A062355
:100D200005207F21CDE90423CDE90601042200231B
:100D30001B4804A9CDE9082301F0D2FA48BB1A4A9E
:100D400017480C2304A9CDE9042301F0C9FAE8B936
:100D5000164A1348122304A9CDE9042301F0C0FA6E
:100D600088B9134A0E48182304A9CDE9042301F0D9
:100D7000B7FA20B90DB030BD00F0F4FCC6E700F0C2
:100D8000F1FC0DB030BD00F0EDFCEAE700F0EAFC4C
:100D9000DEE700F0E7FCD2E700F0E4FCBEE700BFCE
:100DA000E006002002003004040060080800900CF7
:100DB0001000C01010B588B0202200216846FFF74F
:100DC0008BFD1F4C1F484FF44031C0E90041042106
:100DD00081614FF48051C1631C21002301224164D1
:100DE0008021C0E90233C0E90433C0E90B33C0E914
:100DF00012138383026280F8243080F8383080F840
:100E00004020026501F00EF990B90F4A06237F20B9
:100E10000724CDE90023CDE902400422002309483C
:100E20006946CDE9042301F05BFA20B908B010BD92
:100E300000F098FCE9E700F095FC08B010BD00BF99
:100E400000010050740600200000524710B588B021
:100E5000202200216846FFF73FFD1E4C1E484FF43C
:100E60004031C0E90041042181614FF48051C163E8
:100E700014210023012241646021C0E90233C0E94A
:100E80000433C0E90B33C0E912138383026280F894
:100E9000243080F8383080F84020026501F0C2F834
:100EA00088B90E480622CDE9000200237F240422DF
:100EB00009486946CDE90234CDE9042301F010FA6E
:100EC00020B908B010BD00F04DFCEAE700F04AFC84
:100ED00008B010BD00060050080600201000C090A9
:100EE00070B50446A0B0002154220BA8CDE906112C
:100EF000CDE908110A91FFF7EFFC2368B3F1A04F89
:100F000008D0554A934253D0544A934200F082800D
:100F100020B070BD4FF400424FF000530BA80B926D
:100F20001C9304F0EDFF002840F08A804C4A1368BF
:100F30000133012B136009D14A4BDA6C42F40052A1
:100F4000DA64DB6C03F400530193019B454B464D7F
:100F5000DA6C42F00102DA64DB6C03F00103029305
:100F60000F2206A9032300264FF09040CDE9062367
:100F70000896029B02F0AAF83C4A0523C5E9002323
:100F800080234FF480712B614FF48063C5E9051312
:100F900020224FF400532846C5E90266C5E907231D
:100FA00001F05CFF00284ED16565AC6220B070BDD9
:100FB0004FF400424FF000530BA80B921C9304F027
:100FC0009FFF002842D1264A13680133012B13608A
:100FD00009D1244BDA6C42F40052DA64DB6C03F47E
:100FE00000530393039B1F4BDA6C42F00102DA6457
:100FF000DB6C03F00103049310240023032506A9EE
:101000004FF09040CDE90645049A089302F05EF84F
:1010100020B070BD4FF480324FF000430BA80B920C
:101020001D9304F06DFFA0B90E4BDA6C42F48042C0
:10103000DA64DB6C03F480430593059B20B070BD3C
:1010400000F090FB72E700F08DFBADE700F08AFB4B
:10105000B9E700F087FBE7E7000100500006005009
:10106000A405002000100240A8050020080002404E
:10107000174B10B5986C40F0040098649C6C82B0DB
:1010800004F004040094009C9C6C44F001049C64F3
:101090009B6C002203F00103114601930B20019B7E
:1010A00001F078FE0B2001F0B1FE002211460C2069
:1010B00001F070FE0C2001F0A9FE002211460D2067
:1010C00001F068FE0D2002B0BDE8104001F09EBEA8
:1010D00000100240F0B500248DB0CDE90644CDE902
:1010E0000844334B0A94D96C324F334E41F004011B
:1010F000D964D96C01F0040101910199D96C41F0D6
:101100002001D964D96C01F0200102910299D96CB7
:1011100041F00101D964D96C01F0010103910399F7
:10112000D96C41F00201D964D96C01F0020104913B
:101130000499D96C41F00801D964DB6C03F0080311
:10114000224605934FF400414FF09040059B02F07A
:101150007BF922463846042102F076F922463046D1
:10116000B82102F071F9002400254FF40042012358
:1011700006A94FF09040CDE90623CDE9084501F0DE
:10118000A5FF384606A904220123CDE90623CDE9AF
:10119000084501F09BFFB822012306A93046CDE99E
:1011A0000845CDE9062301F091FF0DB0F0BD00BF69
:1011B00000100240000C004800040048124B026876
:1011C0009A4200D0704703F5284300B5186E40F0EE
:1011D000806018661B6E83B0002203F080631146A6
:1011E00001934420019B01F0D5FD442001F00EFE47
:1011F00000221146492001F0CDFD492003B05DF8E1
:1012000004EB01F003BE00BF0068014070B51E4B47
:10121000026888B000249A42CDE90244CDE9044432
:10122000069401D008B070BD03F528430326DA6C9C
:10123000164842F00202DA64DA6C02F0020200920E
:10124000009ADA6C42F00102DA64DB6C03F001030D
:1012500001934FF440420D2502A90223CDE9022358
:10126000CDE90565019B01F031FF4FF44073029316
:1012700002A902234FF09040CDE90446039306955E
:1012800001F024FF08B070BD006801400004004870
:1012900010B50024BCB06022214624A8CDE9074443
:1012A000CDE90B44CDE90D44CDE90F4400940694FB
:1012B0000A9401940994FFF70FFB242221461BA8EE
:1012C000CDE903440594FFF707FB2022214612A82D
:1012D000FFF702FBBE48BF4B0360C0E9014402F0C8
:1012E000C3F8002840F01A81B9480C2102F036F901
:1012F000002840F01C81B6480A2102F067F9002856
:1013000040F01E819FEDAA7BB1486A4601218DED18
:10131000007B02F0B7F9002840F06481AC4800225D
:10132000012102F0D7FA002840F0598146F290538B
:1013300000210693A648082306AACDE907110993C0
:1013400002F06AF9002840F047819FED9B7B002165
:101350009F480A910AAA8DED0C7B109102F0CEFCF9
:10136000002840F0218110239FED957B24930123D9
:1013700028934FF0006300212E93954827914FF05A
:10138000005324AACDE92511CDE92911CDE92B116E
:10139000CDE92F11CDE93211CDE93811CDE93A115E
:1013A0008DED347B2D913691319302F02FFB002887
:1013B00040F0F7809FED847B00238548249324AA86
:1013C00003218DED347B2E933193369302F01EFB77
:1013D000002840F0E38043F2C82303937C4803AB2A
:1013E0000122002102F052FD002840F0D48041F695
:1013F00064130393764803AB0422002102F046FDF8
:10140000002840F0C5804FF4C8731C9320934FF41C
:1014100000444FF480430021CDE91E434FF0004CBF
:101420004FF080436A481B911BAACDE922C31D914E
:10143000219102F0DDFC002840F0A7804FF400432A
:1014400063481E931BAA032102F0D2FC002840F03F
:101450009980042008230021CDE9130301225C4870
:10146000129112ABCDE91511CDE91711199102F0C6
:10147000CDFD002840F08380554812AB4022032167
:1014800002F0C4FD002877D108220423CDE91323FC
:101490004F4812AB0222002102F0B8FD002868D1AB
:1014A0004B4812AB8022032102F0B0FD00285DD131
:1014B000474806AA032102F0AFF8002853D1444858
:1014C0000AAA032102F01AFC002849D14FF48271C4
:1014D00003913F4803AB0122032102F0D7FC00280F
:1014E0003BD1002108200422CDE912101492384883
:1014F000199112AB0222CDE91511CDE9171102F0B5
:1015000085FD38BB324812AB8022032102F07EFDFC
:10151000C8B92F48FFF77AFE3CB010BD00F022F9A1
:101520002B480C2102F01AF800283FF4E4AE00F03A
:1015300019F927480A2102F049F800283FF4E2AEE1
:1015400000F010F9DEE600F00DF92148FFF75EFE2D
:101550003CB010BD00F006F9D4E700F003F9C0E795
:1015600000F000F9B2E700F0FDF8A8E700F0FAF8A3
:101570009EE700F0F7F893E700F0F4F884E700F056
:10158000F1F879E700F0EEF863E700F0EBF855E7E3
:1015900000F0E8F837E700F0E5F828E700F0E2F8B7
:1015A00019E700F0DFF805E700F0DCF8DBE600BF44
:1015B0000000010000080000000000000000000022
:1015C0000000008000010000000000000001000099
:1015D000500700200068014000F0C4F8B5E600F0B4
:1015E000C1F8A3E600F0BEF898E600BF0848094934
:1015F00008B503224FF47A73C0E901230160C36088
:1016000003F016F800B908BDBDE8084000F0AAB81C
:10161000500800200030004010B594B0382200215E
:1016200006A8FFF759F90020CDE90100CDE9030034
:101630000590032404F044F8022301222920CDE977
:101640000B22CDE90D344FF4803111931393052211
:101650004423CDE90601CDE90F2306A80623129302
:1016600004F0A8F808B172B6FEE7042103460F2281
:101670000DEB0100CDE90124CDE90333059304F01E
:1016800017FB08B172B6FEE714B010BD08B500F044
:1016900095FCFFF7C1FFFFF71DFDFFF7E9FCFFF722
:1016A000F7FDFFF7FFFAFFF785FBFFF7CFFBFFF72B
:1016B0009DFF00F059F800F0CDF908F0D3F900F0E3
:1016C00053F900F08BF900F003FA00F017FB00F07B
:1016D00059FB0948094C0122802101F0B5FE084858
:1016E00008F0A0FC204602F0D1FF09F035FC0120F3
:1016F00000F086FCF6E700BF000400485008002018
:1017000060080020034B834200D070470029FCD1C1
:1017100008F050BF5007002008B50368B3F1804FB0
:1017200000D008BD0A4802F0B1FF0A4B0A481A6807
:101730000A4901321A601B6800FB03F3B1EBB30FD7
:10174000EFD3BDE808400648202101F083BE00BF6A
:101750005008002068080020D578E9266E12830022
:101760000004004872B6FEE710B51148114C4FF462
:1017700082720023C0E900424FF4E0614FF400722E
:10178000C0E902311024826107210822C0E9043334
:10179000C0E90743C0E90933C0E90B13426304F011
:1017A0005BFE00B910BDBDE81040FFF7DBBF00BF16
:1017B00030090020003C004070B52F4B026888B013
:1017C00000249A42CDE90244CDE90444069401D0B4
:1017D00008B070BD03F5EA3305469A6D274E42F412
:1017E00000429A659A6D02F400420092009ADA6C07
:1017F00042F00402DA64DB6C03F0040301934FF45B
:10180000E0520223CDE9022301981D48032206235A
:1018100002A9CDE9052301F059FC1A4A34620E23CE
:10182000C6E9002330468023C6E90244C6E90434F1
:10183000C6E9064401F012FBC0B9134C1349AE656A
:101840000F220023C4E90012204610218022C4E99F
:101850000213C4E90533C4E90733B562226101F01C
:10186000FDFA30B96C65A56208B070BDFFF77AFF6C
:10187000E3E7FFF777FFF5E7003C0040CC080020E6
:10188000000800481C0002406C08002030000240A4
:101890000B4B1A6E42F001021A661A6E82B002F009
:1018A00001020092009A9A6D42F080529A659B6DF7
:1018B00003F080530193019B02B003F073BF00BF9C
:1018C00000100240FEE700BFFEE700BFFEE700BFDA
:1018D000FEE700BFFEE700BF704700BF704700BFD4
:1018E000704700BF00F07ABB014801F0A1BB00BF08
:1018F000A8050020014801F09BBB00BFCC080020D8
:10190000014801F095BB00BF6C080020014802F0BF
:10191000C3BF00BFFC220020014805F089BE00BF04
:10192000880A0020014805F083BE00BF380A002065
:10193000014805F07DBE00BFE809002001480021F4
:1019400002F0AEBC500700200148FF2102F0A8BC05
:1019500050070020034AD2F8883043F47003C2F8DD
:101960008830704700ED00E000B51B484FF0804222
:101970000260A922002389B0426040F2E732C0E948
:1019800002328022CDE90433CDE90633CDE90133BB
:1019900003930361826105F04BFB90B94FF48053D0
:1019A0000D48049304A905F061FD90B900230A488D
:1019B000019301A9039306F04FF828B909B05DF827
:1019C00004FBFFF7CFFEE9E7FFF7CCFE09B05DF8B7
:1019D00004FBFFF7C7FEE9E7880A002000B51B48B3
:1019E0001B4A0260A922002389B0426041F287327B
:1019F000C0E902328022CDE90433CDE90633CDE9D6
:101A0000013303930361826105F012FB90B94FF437
:101A100080530E48049304A905F028FD90B90023D3
:101A20000A48019301A9039306F016F828B909B0F2
:101A30005DF804FBFFF796FEE9E7FFF793FE09B0B8
:101A40005DF804FBFFF78EFEE9E700BF380A0020CF
:101A50000004004000B51B481B4A0260A922002375
:101A600089B0426042F20F72C0E902328022CDE9B1
:101A70000433CDE90633CDE9013303930361826179
:101A800005F0D6FA90B94FF480530E48049304A998
:101A900005F0ECFC90B900230A48019301A90393D7
:101AA00005F0DAFF28B909B05DF804FBFFF75AFE2C
:101AB000E9E7FFF757FE09B05DF804FBFFF752FEB8
:101AC000E9E700BFE809002000080040000000002E
:101AD00030B50024A5B03422214617A8504D0694F5
:101AE000CDE90744CDE90344CDE91144CDE91344E0
:101AF000CDE91544029410940994FEF7EDFE494A8D
:101B0000AC600523C5E9002340F2E733EB602846CB
:101B10008023C5E90444AB6105F08AFA00284FD15F
:101B20004FF480533E48069306A905F09FFC002819
:101B300055D13B4805F05EFB00284DD10023002223
:101B4000CDE902233648002302A9049305F084FF5F
:101B500000283ED160229FED307B002310924FF48D
:101B6000FA72CDE911232E48139310A908228DEDA6
:101B7000147B169305F082FE40BB00234FF4005007
:101B8000CDE91B304FF000722548239317A9CDE90A
:101B90001733CDE91933CDE91D33CDE91F32CDE936
:101BA000213305F0B3FF70B91E4A29680023914222
:101BB000CDE90A33CDE90C330E9313D025B030BDF7
:101BC000FFF7D0FDACE7FFF7CDFDEDE7FFF7CAFD6E
:101BD000D3E7FFF7C7FDBDE7FFF7C4FDAEE7FFF7AB
:101BE000C1FDA6E703F1804303F504330E48DA6C28
:101BF00042F00202DA64DB6C03F0020301934FF45B
:101C000000740A2302250AA9CDE90A45019A0E9318
:101C100001F05CFA25B030BD0000000000000000BB
:101C200098090020003401400004004800B5036812
:101C3000B3F1804F85B018D02C4A93422BD02C4A58
:101C400093423DD02B4A934202D005B05DF804FB8D
:101C5000294B1A6E42F400521A661B6E03F40053AD
:101C60000393039B05B05DF804FB03F504330022E6
:101C7000986D40F0010098659B6D03F0010300939F
:101C800011461C20009B01F085F81C2005B05DF872
:101C900004EB01F0BBB8184B986D40F0020098655A
:101CA0009B6D002203F00203019311461D20019B4E
:101CB00001F070F81D2005B05DF804EB01F0A6B846
:101CC0000D4B986D40F0040098659B6D002203F069
:101CD0000403029311461E20029B01F05BF81E20B4
:101CE00005B05DF804EB01F091B800BF00040040BE
:101CF00000080040003401400010024010B51F48A9
:101D00001F4C00234FF4E1310C22C0E90041C0E92F
:101D10000233C0E90432C0E90633C0E90833836204
:101D200006F028FA70B91548002106F075FA88B94E
:101D30001248002106F0B2FAA0B9104806F04EFA97
:101D4000B8B910BDFFF70EFD0C48002106F064FA8B
:101D50000028EDD0FFF706FD0848002106F09EFAA6
:101D60000028EAD0FFF7FEFC044806F037FA002806
:101D7000E7D0BDE81040FFF7F5BC00BF700B0020B6
:101D80000038014010B51F481F4C00234FF4E131CB
:101D90000C22C0E90041C0E90233C0E90432C0E9C5
:101DA0000633C0E90833836206F0E4F970B91548D8
:101DB000002106F031FA88B91248002106F06EFAC7
:101DC000A0B9104806F00AFAB8B910BDFFF7CAFC6E
:101DD0000C48002106F020FA0028EDD0FFF7C2FCE5
:101DE0000848002106F05AFA0028EAD0FFF7BAFCAA
:101DF000044806F0F3F90028E7D0BDE81040FFF7EB
:101E0000B1BC00BFD80A002000480040000000001C
:101E100010B504469EB00021542209A8CDE9041152
:101E2000CDE906110891FEF757FD374A2368934222
:101E300004D0364A93422BD01EB010BD012309A80E
:101E4000099304F05DF800284BD1314B31481A6EEC
:101E500042F480421A661A6E02F480420092009A9E
:101E6000DA6C9FED237B42F00402DA64DB6C8DEDCB
:101E7000047B9FED217B03F00403019304A9072356
:101E80008DED067B019A089301F020F91EB010BD7C
:101E9000042309A8099304F033F828BB1C4B1E48FF
:101EA0009A6D42F480229A659A6D02F48022029221
:101EB000029ADA6C9FED127B42F00202DA64DB6C6C
:101EC0008DED047B9FED0C7B03F00203039304A9CB
:101ED00007238DED067B039A089301F0F7F81EB0F7
:101EE00010BDFFF73FFCB0E7FFF73CFCD6E700BFB3
:101EF00030000000020000000000000000000000B0
:101F0000000C0000020000000038014000480040C2
:101F10000010024000080048000400480D488546B3
:101F2000FFF718FD0C480D490D4A002302E0D45874
:101F3000C4500433C4188C42F9D30A4A0A4C002313
:101F400001E013600432A242FBD3FEF737FEFFF735
:101F50009DFBFEE70000022000000020B4020020EC
:101F6000ACCB0008B8020020B8280020FEE7000033
:101F700038B50F4B1B680BB9012038BD0D494FF424
:101F80007A720546B2FBF3F30868B0FBF3F000F099
:101F90004BFF04460028EFD10F2DEDD8024629460D
:101FA0004FF0FF3000F0F6FE034B20461D6038BDB9
:101FB0002C010020280100203001002010B5032052
:101FC00000F0D6FE0F20FFF7D3FF10B1012420460A
:101FD00010BD0446FFF75CFC204610BD034A0449CF
:101FE000136809680B441360704700BF040C00209D
:101FF0002C010020014B1868704700BF040C002022
:1020000038B50446FFF7F6FF631C054602D0044BC3
:102010001B681C44FFF7EEFF401BA042FAD338BDFB
:102020002C01002030B583B00023019300285CD040
:10203000C56D0446002D00F0C180226893689B00A6
:1020400005D5936823F0204323F03F039360936802
:10205000DD0019D46F4B70481B6891689B09A0FB89
:10206000030321F010419B0921F03F0101335B0084
:1020700041F0805191600193019B2BB1019B013B89
:102080000193019B002BF9D19368D80030D4E36D04
:1020900043F01003E365236E012003432366936836
:1020A00013F0040FE36D1CD1D9061AD4E36D23F4A9
:1020B000817343F00203E3659368DB0729D4B2F12F
:1020C000A04F17D0554B9A4214D05549554B8968AB
:1020D0009B680B43544989680B43D90719D453496A
:1020E00011E0E36D43F01003E365012003B030BD60
:1020F0000020D4E7494B4FF0A04189689B680B430F
:10210000DD0706D44A498B68656823F47C132B43AA
:102110008B60E568E36B94F824102B43A5682B4390
:10212000657F012943EA453343EA01434CD0E16A24
:1021300021B1256B01F4787129430B43D5683D49E2
:1021400029401943D1601369616B23F040630B434D
:10215000136193681B0722D4D16894F83830257F27
:1021600021F480415B0021F0020143EA85330B43F7
:102170002169D3601369002933D043F4803313619C
:10218000D2F8C0306FF30D030B43C2F8C03094F89F
:102190004030012B2FD0136923F0010313616369D1
:1021A000012B16D0136B23F00F031363E36D23F0A1
:1021B000030343F00103E36503B030BDFEF790FE77
:1021C000256684F8585038E7A16A013943EA41434B
:1021D000ADE7116B236A21F00F01013B0B43136341
:1021E000E4E723F480331361D2F8C0306FF30D03BA
:1021F000C2F8C030CBE71169636CA56C6FF38A013C
:102200002B430B43E16C0B43216D0B4343F0010364
:102210001361C4E728010020632D3E050001005032
:102220000004005000050050000600500007005058
:10223000000300500740F0FF0368186C704700BFB0
:10224000704700BF704700BF08B5806AFFF7FAFF0C
:1022500008BD00BF704700BF836ADA6D12F0500FEF
:1022600010B5DA6D1DD1196842F40072DA650A689A
:1022700012F0080FCA681BD012F4406F0DD1CA6863
:1022800094040AD4DA6D22F48072DA65DA6DD1042E
:1022900003D4DA6D42F00102DA651846FFF7D0FF89
:1022A00010BDD2060AD45B6DBDE810405B6B1847C9
:1022B0009007E7D51846FFF7C3FFF1E71846FFF789
:1022C000C9FF10BD806A08B5C36D43F04003C36504
:1022D000036E43F004030366FFF7BCFF08BD00BFB5
:1022E0002DE9F04190F8582082B00346012A4FF0C2
:1022F0000000019000F01F811A68012083F8580047
:102300009468640767D448684FEA901E00F01F0C79
:102310000EF00C0E086802F13004C0F3846054F82B
:102320000E501F2600FA0CF006FA0CFC25EA0C0CE5
:1023300040EA0C0044F80E009068470755D59068B5
:1023400008689468E50712D4CE68BD4CD2F8B05046
:1023500006F01807FC40C0F31207044025EA070501
:102360002C43C2F8B040B74CA64200F09180B64969
:1023700008422ED0B2F1A04F00F0DB80B34DB4493B
:10238000B44CAA4218BF2146B34C8968A04201F060
:10239000E07500F0D480B14CA04200F0D080B04C89
:1023A000A04200F0F580AF4CA04212D1490210D4F7
:1023B000A6498A420DD0A64801F5C061B2F1A04FEE
:1023C00008BF01468A6822F0E0722A4342F4800284
:1023D0008A60002003E0DA6D42F02002DA65002214
:1023E00083F8582002B0BDE8F08194680868260799
:1023F000A7D48D68C0F304560724C00DB440B5F1CE
:10240000004F00F004006FEA040400F0358102F18F
:102410001407B5403E5834402C433C50506920F0DE
:1024200000405061D1E904640868D568042E07466D
:1024300000F0D980C5F3C1056D0000F0F84704FA3B
:1024400005F002F16004884D54F826C00CEA050539
:102450003D43284340F0004044F826000D698E6952
:1024600054F8250020F08070304344F825000E69B0
:102470000D7F54F82600A5F10105B5FA85F56D0923
:1024800020F0007040EA456044F82600086858E7EC
:10249000002F00F0928090FAA0F4002C00F0F6805B
:1024A000B4FA84F4013404F01F04092C40F2EE80E5
:1024B00090FAA0F4002C00F09181B4FA84F4013475
:1024C000A40604F0F84490FAA0F5002D00F09D81D8
:1024D000B5FA85F5013505F01F05012606FA05F563
:1024E0002C4390FAA0F0002800F08D81B0FA80F023
:1024F000451C05F01F0503206FF01D0610FB05604D
:10250000000540F000702043C50D8C6805F00405FF
:1025100002F11406C0F3045004FA00F74FF0070C60
:1025200074590CFA00F024EA00003843705108682E
:102530001DE7474928E7022002B0BDE8F0810C0200
:102540003FF547AFB2F1A04F4BD048498A427FF4E4
:1025500040AF4048464A474C126881689209A4FB44
:102560000242920921F0E0710132294302EB42025A
:10257000920041F4000181600192019A002A3FF427
:1025800028AF019A013A0192019A002AF9D120E775
:10259000C8013FF51EAFB2F1A04F00F01D812B4CDA
:1025A0002B492C48A24218BF01468A6822F0E072EB
:1025B0002A4342F080728A600BE7800E013000F0FF
:1025C0001F050124800600F0F840AC40092D44EAC4
:1025D000000405EB45007ED91E38000540F0007070
:1025E00091E71B48B6E7146E146EC0F31205C4F3EE
:1025F0008464002D71D1C0F38460844200F0A58012
:10260000546E556E02F16004C5F3846502F1640EE8
:10261000854200F0C580A568A56804F1080CC5F3E3
:102620008465854200F0A680E568E56804F10C0643
:10263000C5F38464A04200F0C980384681E600BF3B
:10264000FFFF070000007F400000088000010050ED
:102650000003005000070050000021C31000C0908C
:10266000000052C7000084CB00F0FF0300060050BA
:1026700028010020632D3E0502F1140635582C4038
:102680003450506940F000405061CBE690FAA0F41D
:10269000002C00F0AB80B4FA84F40134A40604F0FA
:1026A000F84490FAA0F5002D00F09E80B5FA85F56B
:1026B000013505F01F05012606FA05F52C4390FAB1
:1026C000A0F0002800F08D80B0FA80F0013000F01A
:1026D0001F0000EB4000000515E790FAA0F51DB1C2
:1026E000B5FA85F5AC4230D0546E556E02F16004F7
:1026F000C5F3846502F1640E97FAA7F604F1080C9D
:10270000E046002E7AD0B6FA86F6AE424AD0DCF821
:102710000050DCF80050C5F3846597FAA7FE04F179
:102720000C06B046BEF1000F63D0BEFA8EFEAE4579
:1027300022D034683468C4F3846497FAA7F5002D76
:102740003FF4FFADB5FA85F074E7106E144620F043
:10275000004044F8600F0F68506E556EC7F31206C4
:1027600002F1640EC5F384653846002EC4D1C7F368
:1027700084604DE704F10C08DCF8000020F0004014
:10278000CCF800000F68E068E468C7F3120546461D
:10279000C4F384643846002DCFD1C7F3846049E781
:1027A00004F10808DEF8000020F00040CEF8000038
:1027B0000F68A068A568C7F31206C446C5F3846510
:1027C0003846002EA9D1C7F384602AE7306820F08C
:1027D000004030600868B4E50D49E6E64FF08064DB
:1027E00071E64FF440108EE6022567E74FF08064F3
:1027F00057E7E568E468C4F384649EE7A568A568C4
:10280000C5F3846589E703487DE6022568E600BFD5
:1028100000030050000050FE70B582B00022036833
:1028200001929A68D20734D499682D4A114204461D
:1028300032D19A6822F0004222F03F0242F00102B7
:10284000B3F1A04F9A6048D02648274A27498342CF
:1028500018BF0A4693681B0229D4FFF7CBFB2368F5
:102860001A68D607054614D4214E9A68D00704D4B6
:102870009A68324042F001029A60FFF7BBFB431BAB
:10288000022B236802D91A68D10705D51A68D20726
:10289000EBD5002002B070BDE36D43F01003E3659B
:1028A000236E012043F00103236602B070BD114B7B
:1028B000114A1B689B09A2FB03239B09013303EB0D
:1028C00043039B000193019B002BC6D0019B013B5E
:1028D0000193019B002BF9D1BFE7034ABAE700BF80
:1028E0003F0000800001005000030050000700502E
:1028F000C0FFFF7F28010020632D3E050368B3F170
:10290000A04F70B5044652D039483A4A3A498342FA
:1029100018BF0A4696689D6815F0040545D194F8DD
:102920005830012B41D0012384F858302046FFF75E
:1029300073FF00283DD1E36D226823F4706323F018
:10294000010343F48073E365294B9A4206F01F06A6
:1029500044D003F580639A4245D01146E36D23F4D9
:102960008013E365E36D13F480531CBF236E23F0E3
:10297000060323661C2313608A424FF0000384F889
:10298000583019D040F22123F340DD0714D4E36D11
:1029900043F48013E365CB689B0105D5E36D23F415
:1029A000405343F48053E36570BD022070BD114A6B
:1029B000B0E784F8585070BDD368990105D5E36D30
:1029C00023F4405343F48053E365936823F00043BA
:1029D00023F03F0343F00403936070BD4FF0A04128
:1029E000002EBFD1BAE70549002EBBD1B6E700BF24
:1029F0000001005000030050000700500004005088
:102A00002DE9F0410568B5F1A04F04460E46174682
:102A100067D0394A39483A4B954218BF1846826800
:102A2000AB685B0715D494F85830012B11D0354BA7
:102A300001209D4202F01F0884F858000CD040F29B
:102A4000212323FA08F3034006D184F85830BDE867
:102A5000F0810220BDE8F0812046FFF7DDFE00286E
:102A600041D1E36D216823F4706323F0010343F443
:102A70008073E365204B99423AD003F58063994215
:102A800036D0E36D23F48013E365E36D606D1E4D76
:102A900013F480531CBF236E23F006032366C56224
:102AA0001A4D05631A4D45631C250D60002584F8F9
:102AB00058504D6845F010054D60CD6845F0010552
:102AC0003B463246CD60403100F05AFA22689368A6
:102AD00023F0004323F03F0343F004039360BDE879
:102AE000F08106489BE7002384F85830BDE8F08168
:102AF000B8F1000FC9D1C4E7000100500003005035
:102B00000007005000060050592200084922000822
:102B1000C522000838B503689A68950702D59B68F6
:102B2000002038BD9A68D407FAD59A6802F00D02E1
:102B3000012A044609D0E36D43F01003E365236ED8
:102B400043F001032366012038BD9A6822F0004259
:102B500022F03F02032142F002029A601960FFF75F
:102B600049FA23689B68D907054603D4D8E79B68D0
:102B7000DB07D5D5FFF73EFA401B02282368F6D9BC
:102B80009A68D207F3D5D6E730B590F8583083B0BD
:102B90000022012B01923FD0012380F858300446D7
:102BA0000D46FFF7B7FFE36DE8B923F4885323F030
:102BB0000203226843F00203E365936823F0404375
:102BC00005F0804123F03F030B4343F00043936043
:102BD00093681349002B0EDBE36D23F0030343F0EE
:102BE0000103E36502E043F01003E365002384F88A
:102BF000583003B030BD019B01330193019B8B42E0
:102C0000E6D9E36D23F01203002243F01003E365DD
:102C100084F858200120ECE7022003B030BD00BF4B
:102C200001DE040090F85820012A4CD070B40268EC
:102C30009DB0034600240120B2F1A04F189483F800
:102C4000580019940BD0444DAA423AD0DA6D83F85B
:102C5000584042F02002DA651DB070BC70473F4812
:102C6000806840070BD59268DA6D42F0200201209F
:102C7000DA65002283F858201DB070BC7047906858
:102C80004407F1D4B2F1A04F0D681ED0344A002D94
:102C900031D191683348304C21F460419160A4688F
:102CA000816800F580708068C00708D42143CD0793
:102CB00005D4916821F4716121F00F019160002029
:102CC000D7E72848CCE702207047002D33D0264CA8
:102CD0004E68A06893F838C020F46040304340EA62
:102CE0004C30A0609268D60733D41C4A9268D6074D
:102CF000E5D4224615E090684C6820F460402043FB
:102D000093F8384040EA443090601348174C866886
:102D100000F580708068A468E407D0D43043C00711
:102D2000CDD49068896820F47160294320F00F00A9
:102D300001439160C3E70C49886820F460408860D3
:102D40009268D20705D4054A9268D607B7D40A46D6
:102D5000AFE7024A9268B2E7000400500001005059
:102D6000000700500005005000030050000600500E
:102D70000749CA6803024FF6FF0003F4E06302400C
:102D8000134343F0BF6343F40033CB60704700BF8D
:102D900000ED00E01B4BDB68C3F3022300B5C3F179
:102DA000070EBEF1040F03F1040C28BF4FF0040E10
:102DB000BCF1060F1CD9A3F1030C4FF0FF3303FA4B
:102DC0000CF322EA03024FF0FF3303FA0EF321EA79
:102DD000030303FA0CF313431B010028DBB20ADBE5
:102DE00000F1604000F5614080F800335DF804FBBD
:102DF00000229446E7E7044A00F00F0002441376ED
:102E00005DF804FB00ED00E0FCEC00E0002807DBCF
:102E1000044A4109012300F01F00834042F8213099
:102E2000704700BF00E100E00138B0F1807F01D3BE
:102E30000120704710B44FF0E023074C58614FF069
:102E4000F00C84F823C00022072110469A615DF837
:102E5000044B1961704700BF00ED00E0002876D0F8
:102E6000F0B43C4A0468944203465CD93A493B4A70
:102E70003B482144A2FB01210909890002229D68E7
:102E800083F82520DA68354E364FC3E910011869FA
:102E90002A4302435869024398690243D8690243AE
:102EA000E0B20838A6FB0060266826F4FF4C1E6AD4
:102EB0002CF0700C324342EA0C022260254E2A4A62
:102EC000C0F30410B44298BF3A4606F27946012492
:102ED00004FA00F0DE64B5F5804F01EB02061865D8
:102EE0009E644FEA910127D05E68F5B2013E032E41
:102EF00042F82150C7F8840024D81C4A1C482A44B0
:102F00009200013DAC400021C3E91520DC65116051
:102F1000184A546400200122D86383F8240083F8FF
:102F20002520F0BC704714490C4A14482144A2FBE8
:102F3000012109098900A1E700245C6042F82140D1
:102F4000C7F884000022C3E91522DA65E2E7012010
:102F5000704700BF07040240F8FBFDBFCDCCCCCCCE
:102F60000004024000080240200802403F82001096
:102F70004009024000090240F8FFFDBF0000024086
:102F8000F0B490F82440012C09D0012480F82440AA
:102F900090F82540012C05D0002380F82430022031
:102FA000F0BC7047022480F825400024C463046804
:102FB000C66C256825F001052560D0E91475776099
:102FC00015B1D0E916677760466C076C06F01F0CE8
:102FD000012606FA0CF67E6063608368102B036B93
:102FE0000BBFA260A160E160E260BBB1236843F067
:102FF0000E032360836C1A68D20303D51A6842F467
:1030000080721A601DB12B6843F480732B602368B3
:1030100043F0010300202360F0BC7047236823F0D5
:1030200004032360236843F00A032360E2E700BF40
:1030300070B4436C066C056831682C6803F01F039C
:1030400004229A400A420ED014F0040F0BD02B68D1
:103050009B0603D42B6823F004032B60036B726080
:10306000CBB170BC184702229A400A4215D014F026
:10307000020F12D02B68990606D42B6823F00A039E
:103080002B60012380F82530C36A7260002180F82C
:103090002410002BE5D170BC704708229A400A42E8
:1030A000F9D02207F7D52A68416B22F00E022A6078
:1030B000012202FA03F300247360C26380F8244003
:1030C00080F825200029E6D070BC08470B68002B4B
:1030D00000F098812DE9F04FB0F1904F85B04FF09E
:1030E00000024FF0010B00F00D81DFF84CE300937C
:1030F000009B0BFA02FC1CEA030A77D04D6805F02E
:1031000003075400032307F1FF3803FA04F6B8F16C
:10311000010F6FEA060640F21981032F40F0798112
:1031200007FA04F407683E40344315F4403F046056
:103130005CD0BE4E346E44F001043466346E04F04C
:1031400001040394039C22F0030404F1804402F080
:1031500003070F2304F58034BF0003FA07FCB44BC8
:10316000A668984226EA0C0600F04081B14B9842CE
:1031700000F02D81DFF8C4C2604500F03D81DFF82A
:10318000C0C2604500F03F81DFF8B8C260450CBFA7
:103190004FF0050C4FF0060C0CFA07F73E43A66003
:1031A000DEF808406FEA0A06EF0254BF34404AEAEC
:1031B0000404CEF80840DEF80C40AB0254BF3440A3
:1031C0004AEA0404CEF80C40DEF80440AF0354BFD2
:1031D00034404AEA0404CEF80440DEF80040EB0331
:1031E00054BF34404AEA0404CEF80040009B013248
:1031F00033FA02F47FF47CAF05B0BDE8F08FD0F86D
:103200000890CE680AEA090906FA07F848EA0908A8
:10321000C0F80880D0F8048028EA0E08C5F3001E24
:103220000EFA02FE4EEA080EC0F804E0D0F80C8058
:103230008E680AEA080806FA07FE4EEA080E022C13
:10324000C0F80CE019D14FEAD20E0E694FEA8E0E8B
:1032500002F007080EF1904E4FEA880806FA08F6C9
:10326000DEF8209000960F2606FA08F8009E29EA5C
:10327000080946EA0908CEF82080BC40076807EA3A
:103280000A073C4315F4403F046036D0674F3C6E5C
:1032900044F001043C663C6E04F001040394039C7A
:1032A00022F0030404F1804404F5803402F00307A3
:1032B000D4F808E00F26BF0006FA07F72EEA070742
:1032C000A7605D4CEE02A4686FEA0C077CD43C401A
:1032D000594EB460F468AE0200F185803C40564E11
:1032E000F4607468AE037BD43C40534EED037460CD
:1032F000346872D43C40504D2C60013233FA02F4F1
:103300003FF47AAF0BFA02FE13EA0E0CF5D04D68CB
:103310005700032606FA07F805F003046FEA080AC7
:1033200004F1FF38B8F1010F7FF669AF032CA4D088
:103330004FF090488E68D8F80C9006FA07FE0AEA1B
:1033400009094EEA090EC8F80CE096E7D0F8089093
:10335000CB6809EA060903FA04F848EA0908C0F844
:103360000880D0F804808B6828EA0C08C5F3001C9C
:103370000CFA02FC4CEA080CC0F804C0D0F80C802F
:1033800003FA04FC08EA06084CEA080C022FC0F80D
:103390000CC07FF4C5AE0B694FEAD20802F0070CEF
:1033A00000EB88084FEA8C0C03FA0CF3D8F8209055
:1033B00001930F2303FA0CFC019B29EA0C0943EA51
:1033C000090CC8F820C0ABE644EA0C0480E74FF0D3
:1033D000020C0CFA07F73E43E1E64CEA04048AE7E4
:1033E00044EA0C0481E74CEA040478E74FF0010C4E
:1033F0000CFA07F73E43D2E64FF0030C0CFA07F73E
:103400003E43CCE670474FF0040C0CFA07F73E43FE
:10341000C5E6D0F80C808B6808EA060803FA04FCBD
:103420004CEA080CC0F80CC07AE600BF001002405D
:10343000000400480008004800040140000C004857
:1034400000100048001400480AB181617047816291
:10345000704700BF436901EA030221EA030141EA20
:1034600002418161704700BF002866D010B58268B4
:1034700000230221D207C0E93833C0E93A33C0E95A
:103480003C3382B0044680F8DD10C0F8F8300FD528
:103490000168314B994252D0D4E904030A6800F420
:1034A000404022F47042024303F4405313430B6044
:1034B0002046FDF783FEA3689B0708D52168E368D3
:1034C0000A6803F4407322F4407213430B60002334
:1034D00001221846C4E90633C4E90833C4E90C33B1
:1034E000C4E90E33C4E91033C4E91333C4E9153316
:1034F000C4E91733C4E91A33C4E91C33C4E91E33E1
:10350000C4E92133C4E92333C4E9253384F8DD2039
:1035100084F8DC30A362C4F8A030C4E92933C4E9DC
:103520002B33C4E92F33C4E93133C4E93333C4F84E
:10353000B430C4F8D83002B010BD0120704703F594
:1035400028431A6E42F080621A661B6E03F0806395
:103550000193019BA0E700BF0068014090F8DC30B8
:10356000012B30D00223012280F8DD30036880F87F
:10357000DC20B1F1FF3FD3F8CC2315D042F002029A
:10358000C3F8CC23D3F8CC2322F00C020A43C3F8AF
:10359000CC23D3F8CC2342F00102C3F8CC2301237F
:1035A00080F8DD300020704722F00202C3F8CC23FF
:1035B000D3F8CC2342F00102C3F8CC23012380F8D6
:1035C000DD30002070470220704700BF70B50D4607
:1035D0000446FEF70FFD6E1C0BD12268D2F888332B
:1035E000D903FBD50020012384F8DD3084F8DC000A
:1035F00070BD06462368D3F88833DB03F2D4FEF7A8
:10360000F9FC831BAB4201D8002DF3D1072384F8CA
:10361000DD30032070BD00BF90F8DDC0BCF1020FAB
:103620002CD003460220F0B4062983F8DD00D2E94D
:103630000276D2E90045186815D000EBC111D1F827
:10364000802022F007023A4322F018023243C1F8E8
:103650008020C1F89440C1F89850012283F8DD2001
:103660000020F0BC7047026822F007023A4322F0C3
:1036700018023243026044618561EEE75FFA8CF024
:10368000704700BF90F8DDC0BCF1020F03465FFA3F
:103690008CF000F0CD8093F8DC00012800F0C980A8
:1036A00030B5012483F8DC401868022483F8DD403B
:1036B0002029D0F88053D0F8FC431AD8002900F014
:1036C000E78001F1FF3CBCF11F0F00F2D380DFE87F
:1036D0000CF0A090D17FD1D1D16DD1D1D1D1D1D1A8
:1036E000D162D1D1D1D1D1D1D1D1D1D1D1D1D1D139
:1036F000D152B1F5807F00F0AE8028D8402900F08B
:103700009A80802940F0DA80D2E90012090901F498
:10371000E04124F4E0440C43D0F8F813120402F41E
:10372000F81221F4F811C0F8F813D0F8F8130A438E
:10373000C0F8F82393F8DD20072A58D0C0F8FC43DE
:103740000020012283F8DD2083F8DC0030BDB1F5D4
:10375000007F40F0A780D2E90012090101F4E001E6
:1037600024F4E0040C43D0F8F813920602F0F84277
:1037700021F0F841D7E7D2E90012090B01F07001FE
:1037800024F070040C43D0F8F813520102F478725C
:1037900021F47871C7E75188526861F30204D0F8C8
:1037A000F81302F01F0221F01F01BCE7D2E900125A
:1037B000C0F8C82393F8DD404A0225F0606502F0A6
:1037C0006062072C45EA020511D0C0F88053B7E7C4
:1037D000D2E90012C0F8C42393F8DD408A0125F035
:1037E000E07502F0E072072C45EA0205EDD10120F8
:1037F00030BDD2E90012C0F8C02393F8DD40CA0002
:1038000025F4601502F46012072C45EA0205DCD1AC
:10381000EDE7D2E90012C0F8BC2393F8DD4025F4AF
:10382000E02501F4E022072C45EA0205CDD1DEE7D0
:10383000704702207047D2E90012090A01F4E061E2
:1038400024F4E0640C43D0F8F813920202F4F84236
:1038500021F4F84167E7D2E9001224F4E02401F4EE
:10386000E0210C43D0F8F813520502F0787221F0F1
:10387000787158E7072283F8DD2093F8DD204FF0B8
:10388000000C072A83F8DCC0B1D00F299DD955E779
:10389000072283F8DD2093F8DD2083F8DC10072A67
:1038A00093D1A4E7072283F8DD2093F8DD200021DF
:1038B000072A83F8DC107FF441AF98E7072283F8EA
:1038C000DD2093F8DD200021072A83F8DC108ED05C
:1038D00034E700BF90F8DDC0BCF1020F03465FFA89
:1038E0008CF023D093F8DC0001287CD04FF0010C41
:1038F0000220202983F8DCC083F8DD0017D831B31B
:1039000001391F2923D8DFE801F0564E2246222232
:10391000223E222222222222226622222222222227
:103920002222222222222222225E01207047B1F589
:10393000807F5AD01CD840295FD0802907D11868D1
:10394000D0F8041462F31031C0F8041405E0072124
:10395000002283F8DD1083F8DC2093F8DD20072AAD
:10396000E3D00020012283F8DD2083F8DC007047DB
:10397000B1F5007FEBD11868D0F8041462F31C6134
:10398000C0F80414E9E71868D0F8001462F396410F
:10399000C0F80014E1E71868D0F8001462F31031A1
:1039A000C0F80014D9E71868D0F8001462F38A113F
:1039B000C0F80014D1E71868D0F8001462F30401CD
:1039C000C0F80014C9E71868D0F8041462F30401C1
:1039D000C0F80414C1E71868D0F8001462F31C6141
:1039E000C0F80014B9E7022070471868D0F8041432
:1039F00062F39641C0F80414AFE71868D0F80414D5
:103A000062F38A11C0F80414A7E700BF90F8DD3014
:103A1000022B8446D8B200F06B819CF8DC30012B7D
:103A200000F067812DE9F04F012002238CF8DC00C3
:103A30008CF8DD300629DCF80000556983B000F011
:103A4000C68000EBC11E202DDEF8803023F07043CD
:103A5000CEF88030DEF88030DEF8E880DEF8E46012
:103A6000D0F8A04323F020094FEAC11749EA05091D
:103A70000ED09369022B0BD0032B00F03481042B62
:103A800006BF29F0800949F4807929F4D07903E050
:103A900029F4C07949F02009D369956D29F40069AA
:103AA00049EA0309136A29F4806949EA0309536A58
:103AB00029F0C06949EA0309936A29F0006949EAD3
:103AC0000309D36A019329F0704949EA0309536B4A
:103AD00029F40039B3F1005F08BF49F4003926F436
:103AE000807A966B29F04003334323F480232B43E1
:103AF000D56B23F0FC7365F30508156D23F4803353
:103B000028F000492B43D2F84880156C28F4805BDC
:103B100049EA0509556CBBF5606F4AEA050A53D0BE
:103B20002AF4F05A48EA0A0AD56C2AF4804A4AEA8A
:103B30000508D2F854A0052909D8DFE801F0CEC85D
:103B4000C2BC03B6166B24F4001444EA46140744BE
:103B5000CEF88030C7F8E890C1EBC103C7F8E48025
:103B6000C7F8D4A0C0F8A043D2E901A9D2E903471D
:103B70009B00203315684CF803500CEB0306C6E994
:103B800001A9C6E9034705290AD8DFE801F0038443
:103B90007D766F68D0F8843343F00203C0F8843335
:103BA000019B43B9DEF88030D26D23F4007343EA01
:103BB0004223CEF88030002001238CF8DD308CF8D1
:103BC000DC0003B0BDE8F08F402EADD1A8E704685B
:103BD000D0F8A01324F020042C43202D24F0C0039F
:103BE00060D09569022D5DD0032D00F08480042DF6
:103BF0000CBF43F0800324F0E003D46923F4006396
:103C00002343146A23F480632343546A23F0C0637C
:103C10002343946A23F000632343D46A23F0404390
:103C200043EA8403546B23F000532343146B036073
:103C300021F480312143C0F8A013D2E90213D2E964
:103C400000541269CCF8D820CCE93254CCE93413B2
:103C5000D0F8843343F00103C0F88433ABE7D0F8E5
:103C6000843343F04003C0F8843399E7D0F88433B9
:103C700043F02003C0F8843392E7D0F8843343F054
:103C80001003C0F884338BE7D0F8843343F0080383
:103C9000C0F8843384E7D0F8843343F00403C0F8D9
:103CA00084337DE743F02003A7E7166B24F48004F8
:103CB00044EA86144BE7166B24F4801444EA061495
:103CC00045E7166B24F4002444EAC6043FE7166B6C
:103CD00024F4802444EA860439E7166B24F4003483
:103CE00044EA460433E729F4807949F08009D3E6B1
:103CF00070470220704743F040037EE790F8DD30C4
:103D0000022B8446D8B246D09CF8DC30012B6DD013
:103D1000DCF80000022310B58CF8DD3000EBC11395
:103D20001468D3F8EC3023F0100343EA041354680A
:103D300023F480132343D46823F48033234394680B
:103D400023F4003323439469012C4FEAC11E17D09A
:103D50008644CEF8EC3006290BD8DFE801F0242B9E
:103D6000323904401D00D0F8843343F02003C0F8FA
:103D70008433002001238CF8DD308CF8DC0010BD8A
:103D80001469526923F00403234323F0020313430D
:103D900043F00103DCE77047D0F8843343F00103BC
:103DA000C0F88433E5E7D0F8843343F00203C0F869
:103DB0008433DEE7D0F8843343F00403C0F884335F
:103DC000D7E7D0F8843343F00803C0F88433D0E752
:103DD000D0F8843343F01003C0F88433C9E7D0F837
:103DE000843343F04003C0F88433C2E702207047B5
:103DF00090F8DD30022B8446D8B23FD09CF8DC30FE
:103E0000012B3CD0022310B58CF8DD30D2E9000341
:103E1000C3F3080300F4E05018439368546903F4B3
:103E200000731843136903F480431843D36803F401
:103E300000430343906900F000700343106A00F0F0
:103E400080400343D06900F000421343DCF80020B7
:103E500002EBC1110B4AD1F8B80002EA0442134345
:103E6000094A02404FF0000E13430122C1F8B83056
:103E70008CF8DD208CF8DCE0704610BD7047022025
:103E8000704700BF0000FF010020003C00B590F823
:103E9000DDE0BEF1020F84465FFA8EF027D09CF879
:103EA000DC00012800F0A08001208CF8DC0006294D
:103EB0004FF002008CF8DD0002F1FF3219D0072A22
:103EC00005D8DFE802F02B6104390404044107221D
:103ED00000238CF8DD208CF8DC309CF8DD30072BDB
:103EE00027D0002001238CF8DD308CF8DC005DF851
:103EF00004FB072AEBD801A151F822F0D53F0008B6
:103F0000CB3F0008CF3E0008DF3F0008CF3E00084F
:103F1000CF3E0008CF3E0008C13F0008DCF800207B
:103F20001B6802EBC112C2F89C309CF8DD30072BF5
:103F3000D7D101205DF804FBDCF800201B6802EB00
:103F4000C112C2F8A830C8E7DCF80020186802EBFC
:103F5000C1125968C2F8AC0000294FD0D2F88000D5
:103F600020F44040C2F88000D2F88000B1F5005F34
:103F700040EA8100C2F880001ED0B1F5405FACD1AC
:103F80009B68C2F8A830A8E7DCF80020186802EBAC
:103F9000C1125968C2F8A40049B3D2F8800020F4D5
:103FA0004050C2F88000D2F88000B1F5005F40EACE
:103FB0000100C2F88000E0D19B68C2F89C308CE719
:103FC000DCF800201B68D36287E7DCF800201B6860
:103FD000536282E7DCF800201B68D3617DE7DCF8E0
:103FE00000201B68936278E702205DF804FBD2F89A
:103FF000803023F44053C2F880306EE7D2F880302E
:1040000023F44043C2F8803067E700BFF0B590F872
:10401000DD40022C8446E0B244D09CF8DC0001284C
:104020004FF002003ED08CF8DD00DCF800004FEAD3
:10403000C11E00EBC111402AD1F8E460D1F8B8509C
:104040003AD030D8012A37D0023A1E2A3CD8012172
:1040500001FA02F228490A4248D000EB0E025968E0
:10406000C2F8C4109968C2F8C81010246FF47E0218
:1040700006EA0201DE681A685F6932431E6932434C
:104080003A439F693A43A240082E42EA01021FD0F8
:1040900000EB0E0301210020C3F8E4208CF8DD10B2
:1040A0008CF8DC00F0BDB2F5007FD6D017D8802A9E
:1040B000D3D0B2F5807F07D100EB0E025968C2F869
:1040C000BC109968C2F8C0106FF0FE020024CFE760
:1040D00015F0022FDCD1DB69A3401A43D8E7B2F513
:1040E000806FE9D0B2F5006FEED1B6E744F204017B
:1040F0000A42E1D1E8E700BF4100004090F8DC202F
:10410000012A034611D00068022283F8DD20D0F88E
:1041100094234FF0000C0A430121C0F89423604619
:1041200083F8DD1083F8DCC070470220704700BFC1
:1041300090F8DC20012A034611D00068022283F89F
:10414000DD20D0F898234FF0000C0A430121C0F87D
:104150009823604683F8DD1083F8DCC070470220A6
:10416000704700BF90F8DC20012A03460FD000689A
:10417000022283F8DD2002684FF0000C0A4301217F
:104180000260604683F8DD1083F8DCC070470220CF
:10419000704700BF90F8DC20012A51D00346026826
:1041A000022010B583F8DD00D2F890035C6820434C
:1041B000C2F89003C80304D5D068D3F8C8402043A0
:1041C000D0608C0305D5D2F88C001C6A2043C2F85D
:1041D0008C00480305D5D2F80C01DC6B2043C2F8F3
:1041E0000C010C0305D5D2F88C019C6D2043C2F85C
:1041F0008C01C80205D5D2F80C025C6F2043C2F8CE
:104200000C028C0206D5D2F88C02D3F890402043E1
:10421000C2F88C02480206D5D2F80C03D3F8AC40A1
:104220002043C2F80C0310684FF0000C01434FF01C
:10423000010E116083F8DDE083F8DCC0604610BD3C
:1042400002207047704700BF704700BF704700BF33
:10425000704700BF704700BF704700BF704700BF86
:10426000704700BF704700BF704700BF704700BF76
:10427000704700BF704700BF704700BF704700BF66
:10428000704700BF704700BF704700BF704700BF56
:10429000704700BF704700BF704700BF704700BF46
:1042A000FF292DE9F0410368074600F090800629B8
:1042B0000D4650D04A1C03EBC21203EBC1135468E5
:1042C000D3F88C60E2074FEAC11802D5F20700F17B
:1042D000AC80A20702D5B30700F1B880600702D511
:1042E000710700F1BD80220702D5330700F1C280BB
:1042F000E00602D5F10600F1C780620602D573061A
:1043000000F1CC80200602D5310600F1D180E20513
:1043100002D5F30500F1D680A00502D5B10500F164
:10432000DC80620502D5730500F1E280200502D52C
:10433000310500F1E880E20402D5F30400F1EE80DB
:10434000A00402D5B10400F1F480620401D5730425
:1043500071D4BDE8F081D3F88863D3F890835C68AA
:10436000DD68F10303D518F4803F40F0ED80B2031F
:1043700003D518F4003F40F0F480E30702D5EE07C0
:1043800000F1F880A00702D5A90700F1FB806207C1
:1043900002D56B0700F1FE80260702D5280700F141
:1043A0000181E10602D5EA0600F10481A30602D5E7
:1043B000AE0600F107816006CBD56906C9D53B681A
:1043C00040229A6006213846FFF750FFC1E7D3F834
:1043D0008843D3F89053E20702D5EE0700F1F98045
:1043E000A00702D5A90700F1FA80620702D56B0782
:1043F00000F1FD80260702D5280700F10081E106C3
:1044000002D5EA0600F10381630602D56E0600F1CB
:104410000681A4069DD5A8069BD53B682022C3F83B
:104420008C233846FFF71AFF93E70122C3F8882050
:10443000FFF71EFF4DE73B6843444FF48042294697
:10444000C3F888203846FFF71FFF82E73B684344E4
:104450000222C3F8882029463846FFF70BFF3DE7C4
:104460003B6843440422C3F8882029463846FFF7B6
:1044700003FF38E73B6843440822C3F888202946F5
:104480003846FFF7FBFE33E73B6843441022C3F88E
:10449000882029463846FDF735F92EE73B68434426
:1044A0004022C3F8882029463846FFF7DFFE29E777
:1044B0003B6843448022C3F8882029463846FFF7EA
:1044C000DFFE24E73B6843444FF48072C3F8882042
:1044D00029463846FFF7D6FE1EE73B6843444FF4B3
:1044E0000072C3F8882029463846FFF7D1FE18E746
:1044F0003B6843444FF48062C3F88820294638461D
:10450000FFF7C8FE12E73B6843444FF40062C3F86C
:10451000882029463846FFF7BFFE0CE73B68434436
:104520004FF48052C3F8882029463846FFF7B6FE7C
:1045300006E73B6843444FF40052C3F888202946FD
:104540003846FFF7A3FE00E74FF48032C3F88C2310
:10455000012380F8DD30002380F8DC30FFF780FE97
:1045600005E73B684FF40032C3F88C233846FFF769
:1045700079FE02E73B6801229A6006213846FFF780
:1045800077FEFFE63B6802229A6006213846FFF775
:1045900071FEFCE63B6804229A6006213846FFF76C
:1045A0006BFEF9E63B6808229A6006213846FFF761
:1045B00065FEF6E63B6810229A6006213846FDF754
:1045C000A1F8F3E63B6820229A603846FFF74CFEDC
:1045D000F1E60122C3F88C23FFF734FE00E73B68C5
:1045E0000222C3F88C233846FFF72EFEFDE63B6817
:1045F0000422C3F88C233846FFF728FEFAE63B680E
:104600000822C3F88C233846FFF722FEF7E63B6802
:104610001022C3F88C233846FFF71CFEF4E63B68F3
:104620004022C3F88C233846FFF716FEF1E600BFA0
:1046300028B338B5D0E90031826804464CF6CC4046
:10464000186045F25550186059609A60FDF7D2FC29
:1046500023680546DA6851070AD0FDF7CBFC401BFA
:1046600031282368F6D9DA685207F3D0032038BD21
:104670001969E268914204D01A61002038BD012016
:1046800070474AF6AA221A60F7E700BF03684AF6A5
:10469000AA2200201A607047002800F0D78010B5C9
:1046A00090F89132044603F0FF02002B00F0C9801D
:1046B0000323206884F8913203F03CFE2279002A1B
:1046C00000F0AE8000234FF48071012AC4E9083362
:1046D0002182E374A36200F0C08040F20111022A3B
:1046E000C4E91233218784F83B30236544D04FF46A
:1046F0008171032AC4E91C33A4F8601084F8633084
:10470000A36739D040F20311042AC4E92633A4F880
:10471000881084F88B30C4F8A0302DD04FF482710B
:10472000052AC4E93033A4F8B01084F8B330C4F8D3
:10473000C83021D040F20511062AC4E93A33A4F862
:10474000D81084F8DB30C4F8F03015D04FF4837102
:10475000072AC4E94433A4F8001184F80331C4F8EB
:10476000183109D0C4E94E3340F20711A4F82811DA
:1047700084F82B31C4F8403100230121022AC4E916
:104780005833C4E96233A4F8503184F85331C4F883
:104790006831A4F8781184F87B31C4F890313FD0A7
:1047A0000221032AC4E96C33A4F8A01184F8A331D0
:1047B000C4F8B83134D00321042AC4E97633A4F80C
:1047C000C81184F8CB31C4F8E03129D00421052A7E
:1047D000C4E98033A4F8F01184F8F331C4F8083246
:1047E0001ED00521062AC4E98A33A4F8181284F8D9
:1047F0001B32C4F8303213D00621072AC4E994339F
:10480000A4F8401284F84332C4F8583208D0C4E9FE
:104810009E330722A4F8682284F86B32C4F88032F1
:10482000234653F8040B93E8060003F08DFDA37AAA
:10483000012200219342217384F8912208D00020A4
:1048400010BD80F8902205F075FA31E7012070471D
:10485000204600F01BFF002010BDC4E95833A4F827
:10486000503184F85331C4F86831D9E790F8903268
:10487000012B0FD010B504460123006884F8903254
:1048800003F04EFD206804F09DFA002384F8903276
:10489000184610BD022070472DE9F04F044683B042
:1048A000006804F09BFA10F400452CD1430500F198
:1048B0007B8147041BD410F4005140F0D781C6041B
:1048C00000F18B80050500F13183010600F10183C1
:1048D000820500F11F84C30512D52268B2F8443066
:1048E00023F480731B041B0CA2F8443008E02268F8
:1048F000B2F8443023F480431B041B0CA2F844306C
:1049000003B0BDE8F08F2068B0F844301F04F7D53D
:10491000DFF8BCBA10E011F0100100F0C58001888A
:1049200011F400658BB240F0E7801E0400F15A815B
:10493000B0F844301A04E3D5B0F84450A9B215F0E9
:104940000F05E8D00FFA85F830F8283019049EB228
:1049500066D43106ECD530F828309BB203EA0B035D
:1049600043F4004305EB850220F8283004EBC20233
:10497000AF00D37C012B00F0858108EB880804EBA5
:10498000C80C117CDCF82830009316F4807A4FEACA
:10499000C8094FEAC10E0FFA81F840F0A381B0F8C0
:1049A00050501EFA85F50544B5F80254C5F30905C3
:1049B0009D4280F091815B1BCCF82830536A2B44D8
:1049C0005362DCF82C3009F110012B442144CCF85F
:1049D0002C3003F0D1FF2068AAE72268B2F84030FB
:1049E00023F004031B041B0CA2F84030B2F8403043
:1049F00023F008031B041B0CA2F8403094F8C832C3
:104A0000012B00F09583204605F004FA2268B2F8E5
:104A1000443023F480531B041B0CA2F844306FE78E
:104A200030F8283023F070031B051B0D43F0800382
:104A300005EB850120F8283004EBC101AF0091F8A7
:104A40005C31002B7BD1B0F8503000F2064212FAF4
:104A500083F391F8502133F83290C9F30909B9F181
:104A6000000F40F0D0814FF000097B1904EBC30325
:104A7000D3F86C214A44C3F86C21D3F864214A442A
:104A8000C3F86421D3F8682122B1D3F860314B45D3
:104A900040F29B812F4404EBC707204697F8501142
:104AA00005F07EF9206854E703889BB203EA0B0304
:104AB00043F400430380B0F8503010FA83F2207CB6
:104AC00040F2024303EBC0032046D35A626AC3F3A9
:104AD00009031A44E362626205F06CF9237B63B355
:104AE000A36A2068002B7FF423AF227B42F0800270
:104AF000A0F84C2023731BE7B0F8502094F8501115
:104B000040F2064310FA82F203EBC10304F526716A
:104B1000D35AB4F85621C3F30903C4F86C3104F036
:104B200071F92268138823F070031B051B0D43F0F5
:104B300080031380204605F02DF92068F8E691F8EF
:104B4000533191F85021022B00F00B8212B230F851
:104B5000223023F4E04323F070031B041B0C43F4C6
:104B6000004343F0C00320F8223091F850311AB2CC
:104B700030F8222012F4804FB0F8502000F02F813E
:104B800000F2024C1CFA82F232F83390C9F30909A0
:104B9000B9F1000F3FF467AFB1F85821D1F86411B3
:104BA0004B4604F02FF960E72268B2F8443023F452
:104BB00080631B041B0CA2F84430204605F008F962
:104BC00094F89032012B3FF49BAE0123206884F8C7
:104BD00090322573294604F0EFF884F8905203B020
:104BE000BDE8F08F028840F68F73134043F08003D6
:104BF0000380B0F8502094F8501140F2064310FAA8
:104C000082F203EBC103D35AC3F30903C4F86C3136
:104C100093B1D4F8641179B1B4F8562104F0F2F8E4
:104C2000D4F86431D4F86C21134420462946C4F8E2
:104C3000643105F0B5F8206803881D059AB23FF588
:104C400077AE02F44052B2F5405F3FF471AE038894
:104C500023F4804323F070031B041B0C83F44053A4
:104C600043F4004343F08003038061E62268B2F816
:104C7000443023F400531B041B0CA2F8443003B04F
:104C8000BDE8F08F6B1C03EB8303002144F8331065
:104C9000137FC3B116F04006537C40F00F81002B08
:104CA00040F05982137CB0F8502000EBC30303F2AC
:104CB000064392B2995AC1F309019952995A89B29D
:104CC00041F4004199523D4404EBC5052046297C3E
:104CD00005F070F820682BE6CCF828A0204605F0F7
:104CE00069F82AE706F4804316F04006019340F085
:104CF0009280B0F85020009B00F2064A1AFA82F225
:104D000032F83890C9F30909994540F2A581CCF8E9
:104D100028607B1904EBC3035B7C002B40F0A3826B
:104D2000B0F850200EF2024692B20644B35AC3F3D2
:104D30000903B352B35A6FEA43436FEA53439BB23A
:104D4000B352B0F850201AFA82F232F83830C3F376
:104D5000090322F8383032F838306FEA43436FEAFB
:104D600053439BB222F838307B1904EBC303DB7C3E
:104D7000022B0FD130F8283023F4E04323F0400316
:104D80001B041B0C83F0200343F4004343F0800317
:104D900020F82830204605F00DF8019B002B7FF409
:104DA000CCAE7B1904EBC30320681A7C30F82230A8
:104DB00023F4E04323F070031B041B0C43F4404333
:104DC00043F0800320F82230B2E5282101FB0541A1
:104DD000206801F5A87103F0CFFD2068B9E500F265
:104DE000064C1CFA82F232F83390C9F30909B9F182
:104DF000000F3FF438AEB1F85A21D1F864114B4698
:104E000004F000F831E6B1F85621D1F864114B46B0
:104E100003F0F8FF29E6B0F85060009B00F2024A68
:104E20001AFA86F636F83890C9F309099945C0F0A0
:104E3000E2800026CCF82860537C002B40F02582CD
:104E4000B0F850301AFA83F30EF2064233F83860A5
:104E5000C6F3090623F8386033F83860B6B246F472
:104E6000004623F83860B0F8503002449BB2D65A5E
:104E7000C6F30906D652D65AB6B246F40046D65202
:104E80007B1904EBC303DB7C022B0FD130F82830F5
:104E900023F4E04323F040031B041B0C83F02003A6
:104EA00043F4004343F0800320F82830204604F008
:104EB00081FF019B002B7FF474AF3EE6002B40F096
:104EC0003D81137CB0F8502000EBC30303F2024392
:104ED000EFE62268B2F8443023F080031B041B0C79
:104EE000A2F8443094F8C832002B40F00E81B2F89A
:104EF00040309BB243F00403A2F84030B2F8403097
:104F00009BB2012143F00803A2F8403084F8C81294
:104F1000B2F85430C3F38D0303F03C032046C4F8C9
:104F2000CC3203B0BDE8F04F05F04CB82268B2F8BF
:104F300040309BB243F00803A2F84030B2F844304E
:104F400023F400631B041B0CA2F84430B2F8403079
:104F50009BB243F004032046A2F8403004F04AFF1D
:104F6000CEE4B0F850E0D1F868310FFA82FCD200FC
:104F700012FA8EF216F4804A024400F0F980B2F878
:104F800002E4CEF3090E9E45F14600F26581A3EBE3
:104F90000E03C1F868317BB930F82C2022F480422E
:104FA00022F070021204120C82F4005242F4004209
:104FB00042F0800220F82C2072060DD530F82C30FB
:104FC00023F4E04323F070031B041B0C43F4004361
:104FD00043F0C00320F82C30BEF1000F3FF445AD84
:104FE000791904EBC1017346B1F85821D1F8641165
:104FF00003F008FF39E5A3EB0903CCF82830019B47
:105000006BB130F8283023F4E04323F070031B0425
:105010001B0C43F4404343F0800320F828307B19F5
:1050200004EBC30393F83420012A00F0DC803D44F4
:1050300004EBC5052A7C30F8223023F4E04323F04A
:1050400040031B041B0C83F0300343F4004343F084
:10505000800320F822306BE4A3EB0903CCF828305E
:10506000002B3FF456AE019B6BB930F8283023F487
:10507000E04323F070031B041B0C43F4404343F054
:10508000800320F828307B1904EBC30393F8342005
:10509000012ACCD15A6A02EB09015962DCF82C6072
:1050A0004E44CCF82C601E6B1A6A9642C0F00981FF
:1050B000B61A1E631FFA82F97B1904EBC30393F837
:1050C00011C0BCF1000F40F0F180B0F850301AFA76
:1050D00083F39E4433F83860C6F3090623F838603A
:1050E000002A40F0198133F838206FEA42426FEA13
:1050F000524292B223F838207A1904EBC2024B468E
:10510000528B03F06FFE206891E7204604F072FE98
:10511000FFF7F6BB2268B2F8443023F400731B0497
:105120001B0C2046A2F8443004F04EFEFFF7E8BB0B
:1051300084F8C812204604F045FF64E4012B7FF494
:10514000C2AD137CB0F8502000EBC30303F202435E
:1051500092B29952B7E5012B7FF4B5AD137CB0F84C
:10516000502000EBC30303F2064392B29E52AAE51D
:10517000B2F806E4CEF3090E9E45F14670D8A3EBD3
:105180000E03C1F868317BB930F82C2022F480423C
:1051900022F070021204120C82F4005242F4004217
:1051A00042F0800220F82C2073060DD430F82C3009
:1051B00023F4E04323F070031B041B0C43F400436F
:1051C00043F0C00320F82C30BEF1000F3FF44DAC8B
:1051D000791904EBC1017346B1F85A21D1F8641171
:1051E00003F010FE41E45A6A02EB09015962DCF84F
:1051F0002C604E44CCF82C601E6B1A6A96426FD31A
:10520000B61A1E631FFA82F97B1904EBC30393F8E5
:1052100011C0BCF1000F59D1B0F850301AFA83F325
:105220009E4433F83860C6F3090623F83860002A34
:1052300040F0988033F838206FEA42426FEA5242D9
:1052400092B223F838207A1904EBC2024B46128B33
:1052500003F0C8FD2068EAE60023C1F868319BE648
:10526000C1F868A190E7012B7FF47EADB0F8503013
:105270000EF202429BB202440026D652B0F85030E1
:105280001AFA83F323F838606EE5012B7FF4F8AD4A
:10529000B0F850301AFA83F30EF2064223F8386061
:1052A000B0F8503002449BB2D652E9E5BCF1010F90
:1052B0007FF422AFB0F850301AFA83F323F8389015
:1052C0001AE796B983F834604A46F5E6BCF1010F57
:1052D000B9D1B0F850301AFA83F323F83890B2E716
:1052E0004EBB83F834604A468EE793F811C0002223
:1052F0001A6383F834201FFA86F9BCF1000FD5D168
:10530000B0F850301AFA83F3324633F83860C6F3F7
:10531000090623F838609E443E2A32D8BEF8003091
:105320005608D20748BF01369BB243EA86239BB298
:10533000AEF80030E0E693F811C0002283F8342084
:105340001A631FFA86F9BCF1000FBFD1B0F85030D4
:105350001AFA83F3324633F83860C6F3090623F8A5
:1053600038609E443E2A1FD8BEF800305608D20747
:1053700048BF01369BB243EA86239BB2AEF80030A9
:1053800061E7D306BEF800304FEA521608BF06F1B7
:10539000FF369BB243EA86236FEA43436FEA5343E7
:1053A0009BB2AEF80030A7E6D306BEF800304FEA55
:1053B000521608BF06F1FF369BB243EA86236FEA16
:1053C00043436FEA53439BB2AEF800303BE700BF64
:1053D0000F8FFFFF90F89022012A0DD010B50446E0
:1053E0000122006884F89022217303F0E5FC002379
:1053F00084F89032184610BD0220704710B501F0B5
:10540000070E0EEB8E0C090604464FEACC0C23D493
:105410000CF5A87101440EEB8E0004EBC0004FF0B8
:10542000000C80F851C1022BCB70C2F30A0204BFFA
:1054300000230B7181F800E00A6194F89032012B8F
:1054400016D0012384F89032206802F091FF0023E7
:1054500084F89032184610BD0CF1100101440EEB97
:105460008E0004EBC0004FF0010C80F811C0DAE7A9
:10547000022010BD01F0070301F0070210B503EB95
:1054800083030446090602EB82004FEAC30304EBE0
:10549000C00016D403F5A873E1184FF0000C80F893
:1054A00051C10A7094F89032012B15D0012384F871
:1054B0009032206803F07AF9002384F8903218467D
:1054C00010BD1033E1184FF0010C80F811C00A70C4
:1054D00094F89032012BE9D1022010BD10B501F0F3
:1054E000070E0EEB8E0C00EBCC0C2821002401FBE8
:1054F0000E01CCF8642100688CF850E1CCE95A34F4
:105500008CF8514101F5A87103F036FA204610BD20
:1055100001F0070101EB810100EBC100D0F86C0143
:10552000704700BF10B501F0070E0EEB8E0100EBC7
:10553000C10C6146CCF82830CCF83030002401236F
:105540000068CCF8242010318CF83430CCF82C4092
:105550008CF811308CF810E003F00EFA204610BDE4
:10556000027901F007039A4233D30A0610B50446C4
:105570001CD401EB8102282000FB014104EBC20294
:1055800001F5A871002082F8510101228A700B7088
:1055900094F8903293421AD0206884F8902203F055
:1055A00095FB002384F89032184610BD03EB83026C
:1055B000282101FB030100EBC202103101205074CD
:1055C00001228A700B7094F890329342E4D1022049
:1055D00010BD0120704700BF38B5027901F00F03FC
:1055E0009A4232D301F0070301F00702044603EBAD
:1055F000830302EB820009064FEAC30304EBC000F9
:1056000016D403F5A873E118002580F85151002540
:105610008D700A7094F89032012B14D00123206809
:1056200084F8903203F07AFB84F89052284638BD13
:105630001033E1180125457400258D700A7094F827
:105640009032012BEAD1022038BD012038BD00BFC5
:1056500011F0800F0CD001F0070101EB810100EB8C
:10566000C100103099B262B9C18002730020704746
:1056700001EB810100EBC10000F5A87099B2002A8E
:10568000F2D001228360027300207047024600209E
:10569000116810B482F8C802B1F8543001249BB2EA
:1056A0002343C2F8D042A1F85430B1F854305DF829
:1056B000044B9BB243F00203A1F85430704700BF83
:1056C000354A136860B903F4C063B3F5806FD2F84C
:1056D00080301BD023F48073C2F8803000207047E4
:1056E000B0F5007F06D023F4C06343F480631360F9
:1056F0000020704703F4C063B3F5806FD2F88030A8
:1057000029D043F48073C2F88030F1E723F480732A
:10571000C2F8803013682148214923F4C06343F460
:10572000007313600368322000FB03F35069A1FB90
:1057300003139B0C400503F1010306D500E023B1E0
:105740005169490503F1FF33F9D4134B5B695B05DC
:10575000CED50320704743F48073C2F880301368BD
:105760000E480F4923F4C06343F4007313600368C9
:10577000322000FB03F35069A1FB03139B0C40058F
:1057800003F10103E1D501E0002BDED051694905A9
:1057900003F1FF33D9D5F7E700700040280100205E
:1057A00083DE1B43024A936843F48043936070474F
:1057B00000700040002800F0BD812DE9F041036831
:1057C000D90782B0044612D5A6498A68C96802F092
:1057D0000C020C2A00F0D080082A40F0D280A14AA6
:1057E0001268920303D56268002A00F037819A0795
:1057F00022D59C4A9368D26803F00C030C2B00F06E
:10580000F880042B40F0FA80964B1B685B0503D5AB
:10581000E368002B00F02281924A20695368924984
:1058200023F0FE4343EA006353600868FCF7A0FBE3
:10583000002840F0138123681A0719D56369894D40
:10584000002B00F0C280D5F8943043F00103C5F876
:105850009430FCF7CFFB064605E0FCF7CBFB801B42
:10586000022800F21781D5F894309B07F5D52368FC
:105870005D0741D57B4B9A6DD00000F10F819A6D89
:1058800042F080529A659B6D03F080530193019B17
:105890000125764E3368D90540F12E81A368012B8E
:1058A00000F0FE80052B00F084816E4ED6F890202B
:1058B00022F00102C6F89020D6F8902022F00402CF
:1058C000C6F89020002B40F0F280FCF793FB41F2E9
:1058D0008838074605E0FCF78DFBC01B404500F209
:1058E000D980D6F890309907F5D425B15D4A936DEB
:1058F00023F08053936523689A0618D5A369594D00
:10590000002B00F0E580D5F8983043F00103C5F88E
:105910009830FCF76FFB064605E0FCF76BFB801B3D
:10592000022800F2B780D5F898309B07F5D5E369D7
:10593000F3B14C4DAA6802F00C020C2A00F047812A
:10594000022B2B6823F080732B6000F0F580FCF7AE
:1059500051FB044605E0FCF74DFB001B022800F25A
:1059600099802B689B01F6D4EA68414B1340EB60A9
:10597000002002B0BDE8F08101F0030103293FF4EB
:105980002EAF6368B3F5803F55D0B3F5A02F00F07C
:10599000C480344D2A6822F480322A602A6822F4B6
:1059A00080222A60002B4BD1FCF724FB064604E042
:1059B000FCF720FB801B64286CD82B689903F7D474
:1059C00023689A077FF538AF13E7D5F8943023F0B2
:1059D0000103C5F89430FCF70DFB064604E0FCF724
:1059E00009FB801B022855D8D5F894309F07F6D4C0
:1059F0003DE702F00302022A3FF406AFE368194DC7
:105A0000002B37D02B6843F480732B60FCF7F2FA3D
:105A1000064604E0FCF7EEFA801B02283AD82B6811
:105A20005F05F7D56B68226923F0FE4343EA026302
:105A30006B60236800E70B4A136843F480331360FC
:105A4000FCF7D8FA074E054604E0FCF7D3FA401BF2
:105A500064281FD833689F03F7D5B1E7012002B04F
:105A6000BDE8F081001002403001002000700040CD
:105A7000FCFFEEFE2B6823F480732B60FCF7BAFA70
:105A800006462B6859057FF5D6AEFCF7B3FA801BA6
:105A90000228F6D9032002B0BDE8F0810025F8E61F
:105AA000654AD2F8903043F00103C2F89030FCF719
:105AB000A1FA614F064641F2883804E0FCF79AFAF1
:105AC000801B4045E6D8D7F890309B07F6D50CE709
:105AD000D5F8983023F00103C5F89830FCF78AFA1E
:105AE000064604E0FCF786FA801B0228D2D8D5F8D7
:105AF00098309F07F6D41AE7336843F48073336015
:105B0000FCF778FA07463368DA053FF5C7AEFCF7CD
:105B100071FAC01B0228F6D9BCE703F18043A3F554
:105B20003C331A6842F480221A601A6842F48032C8
:105B30001A6085E701207047FCF75CFA064604E02E
:105B4000FCF758FA801B0228A4D82B689901F7D4D7
:105B5000E9683A4B226A606A0B401343D4E90A129F
:105B600043EA012343EAC263D4E90C12013849082D
:105B700043EA00130139520843EA4153013A43EA28
:105B80004263EB602B6843F080732B60EB6843F05B
:105B90008073EB60FCF72EFA274D044605E0FCF716
:105BA00029FA001B02283FF675AF2B689A01F6D53B
:105BB000DEE6214BD3F8902042F00402C3F8902097
:105BC000D3F8902042F00102C3F890206FE7012B38
:105BD0003FF444AFEB68226A03F0030191427FF483
:105BE0003DAF616A03F0F0020139B2EB011F7FF4AF
:105BF00035AFA16A03F4FE42B2EB012F7FF42EAF62
:105C0000E16A03F07842B2EBC16F7FF427AF226BF9
:105C1000520803F4C001013AB1EB425F7FF41EAFBA
:105C2000626B520803F0C063013AB3EB426F14BFDA
:105C3000012000209DE600BF001002400C809F0163
:105C4000184B9A6802F00C02042A26D09A6802F0D7
:105C50000C02082A23D09A6802F00C020C2A01D008
:105C600000207047D968DA68D86801F00301032979
:105C7000C2F30312C0F306200CBF0B4B0B4B0132D7
:105C8000B3FBF2F303FB00F0064BDB68C3F34163A5
:105C900001335B00B0FBF3F07047044870470248E3
:105CA000704700BF0010024040787D010024F400DE
:105CB000002800F0EE80784A2DE9F843136803F0DD
:105CC0000F038B420D4604460CD2136823F00F03DA
:105CD0000B431360136803F00F038B4202D00120C3
:105CE000BDE8F8832368DF0769D56768032F00F0F4
:105CF000A0806A4B022F1B6800F097805B05EED5F1
:105D0000FFF79EFF664B984240F2C080634A93685B
:105D100023F0F00343F0800393604FF080095F4E5F
:105D2000B36823F003033B43B360FCF763F941F22C
:105D30008838074604E0FCF75DF9C01B404571D880
:105D4000B368626803F00C03B3EB820FF3D12368EE
:105D50009F0736D4B9F1000F03D0B36823F0F003E6
:105D6000B3604D4E336803F00F03AB4246D823684F
:105D70005A0706D54949E0688A6822F4E06202437E
:105D80008A601B0707D5454A2169936823F460534D
:105D900043EAC1039360FFF753FF404A414C9268C6
:105DA0004149C2F303120346A25C404802F01F02BD
:105DB000D3400B600068BDE8F843FCF7D9B89E07F4
:105DC000CFD5580704D535498A6842F4E0628A6025
:105DD000190706D5314A936823F47C5343F4E063F2
:105DE00093602E4AA16893682B4E23F0F0030B4377
:105DF0009360336803F00F03AB42B8D9336823F0E4
:105E00000F032B433360FCF7F5F841F2883807465F
:105E1000336803F00F03AB42A9D0FCF7EBF8C01BCB
:105E20004045F5D90320BDE8F8839A033FF568AFF4
:105E300055E71A4A116888017FF551AFD068D168DB
:105E4000D268174E00F003000328C1F303110CBF02
:105E5000174818480131B0FBF1F11048C2F306228F
:105E600001FB02F2C168C1F3416101314900B2FB9B
:105E7000F1F2B2420AD9826812F0F00F3FF446AF55
:105E8000990703D5A368002B3FF440AF4FF00009FA
:105E900045E70120704700BF00200240001002408B
:105EA00000B4C404E8C90008280100203001002023
:105EB00040787D010024F400054B064A9B680649A2
:105EC000C3F302230868D35C03F01F03D840704774
:105ED00000100240E0C9000828010020054B064AD6
:105EE0009B680649C3F3C2230868D35C03F01F0311
:105EF000D840704700100240E0C900082801002087
:105F00002DE9F0410368044613F4002082B052D01A
:105F1000AC4B9A6DD50040F13A810027AA4D2B6811
:105F200043F480732B60FCF765F8064605E0FCF748
:105F300061F8831B022B00F235812B68D805F6D55A
:105F4000A04D226DD5F8903013F4407326D09342C3
:105F500024D0D5F89010D5F8903043F48033C5F8AC
:105F60009030D5F8903023F48033C5F8903021F488
:105F70004073C907C5F8903010D5FCF73BF841F2E3
:105F80008838064605E0FCF735F8801B404500F2EE
:105F90000981D5F890309B07F5D5226D8949D1F854
:105FA000903023F440731343C1F8903023680020ED
:105FB000002F40F0FC80DD0708D582496568D1F8E4
:105FC000882022F003022A43C1F88820990708D5C7
:105FD0007C49A568D1F8882022F00C022A43C1F838
:105FE00088205A0708D57749E568D1F8882022F03B
:105FF00030022A43C1F888201F0708D57149256956
:10600000D1F8882022F0C0022A43C1F88820DE0699
:1060100008D56C496569D1F8882022F440722A437A
:10602000C1F888209D0608D56649A569D1F8882061
:1060300022F440622A43C1F88820590608D56149F4
:10604000E569D1F8882022F440522A43C1F888201B
:106050001A0608D55B49256AD1F8882022F4404207
:106060002A43C1F88820DF0508D55649656AD1F86A
:10607000882022F440322A43C1F888209E0308D5A4
:106080005049A56AD1F89C2022F003022A43C1F8A6
:106090009C209D0508D54B49E56AD1F8882022F45B
:1060A00040222A43C1F8882059050BD54549256B64
:1060B000D1F8882022F440122A43B5F5801FC1F898
:1060C00088207AD01A050BD53E49656BD1F8882017
:1060D00022F440022A43B5F5800FC1F8882075D01C
:1060E000DF040BD53749A56BD1F8882022F0407228
:1060F0002A43B5F1807FC1F888206CD09E040BD56F
:106100003049E56BD1F8882022F040622A43B5F18E
:10611000006FC1F8882063D05D040BD52949256C38
:10612000D1F8882022F040622A43B5F1006FC1F80F
:1061300088205AD019040BD52249656CD1F88820E3
:1061400022F040522A43B5F1805FC1F8882051D037
:10615000DA030BD51B49A56CD1F8882022F0404208
:106160002A43B5F1804FC1F8882048D05B030BD596
:10617000144AE16CD2F89C3023F440130B43B1F580
:10618000001FC2F89C303FD002B0BDE8F0819A6D8C
:1061900042F080529A659B6D03F080530193019BFE
:1061A0000127BBE623680320002F3FF404AF054915
:1061B0008A6D22F080528A65FDE6CA6842F4801238
:1061C000CA607FE70010024000700040CA6842F4D5
:1061D0008012CA6084E7CA6842F48012CA608DE700
:1061E000CA6842F48012CA6096E7CA6842F4801214
:1061F000CA609FE7CA6842F48032CA60A8E7CA68EA
:1062000042F48032CA60B1E7D36843F48013D360AC
:1062100002B0BDE8F08100BF2DE9F04182B000235B
:106220000E4615468DF803300746FBF7E3FE35446E
:106230002D1AFBF7DFFE324B3C681B6803EB830330
:10624000C3EBC3031B0D05FB03F30136019311D10F
:10625000A36813F4C06F09D0237BDBB28DF8033041
:106260009DF80330A36813F4C06FF5D1002002B08D
:10627000BDE8F081804623469B6813F4C06FF5D0DB
:10628000237BDBB28DF803309DF80330FBF7B2FEC1
:10629000A0EB0800A84209D2019A019B002A03F151
:1062A000FF33019308BF00253B68E5E7D7E90031DC
:1062B0005A68B1F5827F22F0E0025A6013D0BA6AC0
:1062C000B2F5005F07D11A6822F400521A601A680A
:1062D00042F400521A600122002387F85D2087F8FB
:1062E0005C300320C3E7BA68B2F5004F02D0B2F5C4
:1062F000806FE4D11A6822F040021A60DFE700BF25
:10630000280100202DE9F04784B000230E461746EF
:106310008DF807300546FBF76DFEDFF8389106EB88
:106320000708A8EB0004FBF765FED9F8003003EB83
:106330008303C3EBC3031B0D04FB03F30293731C22
:1063400026D12C68A36813F4C05FFBD1FBF752FE83
:10635000A8EB0008FBF74EFED9F800302A68C3F31B
:10636000CB3308FB03F3039393681906FCD43A4636
:1063700031462846FFF750FF10B904B0BDE8F0875A
:106380002B6E43F020032B66032004B0BDE8F0879A
:1063900082462B689B6813F4C05F0ED0FBF72AFE81
:1063A000A0EB0A03A34220D2029A029B002A03F127
:1063B000FF3308BF00240293EBE7FBF71BFEA8EBBB
:1063C0000004FBF717FED9F80030C3F3CB3304FB0E
:1063D00003F3804603932B689B681B06C7D5FBF726
:1063E00009FEA0EB0803A3421FD3D5E900315A6888
:1063F000B1F5827F22F0E0025A601FD0AA6AB2F59E
:10640000005F07D11A6822F400521A601A6842F439
:1064100000521A60012385F85D302B6E002243F094
:10642000200385F85C202B66AEE7039A039B002AC5
:1064300003F1FF3308BF00240393CCE7AA68B2F549
:10644000004F02D0B2F5806FD8D11A6822F0400216
:106450001A60D3E728010020002877D0426A2DE98E
:10646000F0410446002A57D00023C0E9043394F8D1
:106470005D300021A16203F0FF01002B5AD021689A
:10648000E768022384F85D300B68B7F5E06F23F00E
:1064900040030B6046D854D1A56A4FF4805005F4F0
:1064A0000055A368A66902F0100C626803F4044367
:1064B00002F482721A43236903F0020313436269F0
:1064C00002F001021A43636B07F4706703F00803DC
:1064D00043EA070EE36903F03808236A03F08007F4
:1064E00006F40073134343EA08033B43360C2B4383
:1064F00006F004060B604EEA060343EA0C0303436E
:106500004B60CB69002023F400630122CB6120663D
:1065100084F85D20BDE8F0814368B3F5827FA6D0A2
:10652000C261A4E7B7F5706F12D1A56A002005F427
:106530000055B6E784F85C102046FBF73DF9626A27
:106540009DE74FF480500025A562AAE7012070471F
:106550000020F8E72DE9F041044682B01D460F46C1
:106560009046FBF747FD94F85D30012B7ED106463F
:10657000D8B2002F77D0B8F1000F74D094F85C3007
:10658000012B73D0A168236884F85C0000220320EB
:10659000B1F5004F84F85D00C4E91322226622643D
:1065A000A4F84420A4F83E80A763A4F84620A4F8E9
:1065B0003C801A4607D1196821F04001196019681A
:1065C00041F4804119601968490603D4196841F003
:1065D00040011960E1686068B1F5E06F4AD80028B1
:1065E00000F0C380B8F1010F00F0BF80E38F9BB2D1
:1065F000F3B1681C12D091E0E38FA06B9BB2012B2A
:10660000014640F29F8031F8023BD360E38FA163E3
:10661000023B9BB2E387E18F89B249B1226893685C
:106620009907E9D4FBF7E6FCE18F89B20029F5D19F
:10663000324629462046FFF765FE08B1202323662F
:10664000A36833B922680193D368019393680193D7
:10665000019B012384F85D30206E0023C01A84F86A
:106660005C3018BF012002B0BDE8F081022002B00A
:10667000BDE8F08100286FD0B8F1010F6CD0E18F38
:1066800089B20029D4D0691C2CD19A68970713D5F8
:10669000A26B32F8021BD960B4F83EC0A2630CF1C1
:1066A000FF3C1FFA8CFCA4F83EC0E28F92B2002A95
:1066B000BED09A689707EBD4FBF79CFCE38F9BB2A4
:1066C000002BB5D02368E0E7A16B31F8023BD36023
:1066D000E38FA163013B9BB2E387E38F9BB2002B67
:1066E000A6D0226893689807EED4FBF783FC801B42
:1066F000A842F2D3012384F85D30002384F85C3093
:106700000320B0E731F8022BDA60E38FA163023B8C
:106710009BB2E387E38F9BB2002B89D023689A68F2
:10672000920739D5E28FA06B92B2012A0146E9D8CF
:1067300002781A73E38FA26B013B01329BB2A26312
:10674000E387E7E703781373E38FA26B013B013222
:106750009BB2A263E3875EE737F8021BD960E18F43
:10676000A763013989B2E18789E7E28F92B2012AF2
:1067700008D937F8022BDA60E38FA763023B9BB29C
:10678000E38733E73A781A73E38FA26B013B013258
:106790009BB2A263E38729E7FBF72CFC801BA8428E
:1067A000B8D3A7E72DE9F041044690461E460F46B0
:1067B000FBF720FC94F85D306268012B05460BD096
:1067C000B2F5827F40F08C80D9B2A368002B40F0F4
:1067D0008780042940F08480002F00F06981B8F19F
:1067E000000F00F06581002E00F0628194F85C30AB
:1067F000012B75D094F85D30C4F840800121042B42
:1068000084F85C10E168A4F844601CBF052384F898
:106810005D300023B1F5E06F2366E364A4F84660C1
:106820002365A7632368A687E6875CD9596821F4A6
:10683000805159601968480603D4196841F0400135
:106840001960002A00F00081012E00F0FD80069BF7
:1068500001334FF0010628D09AE022689368990727
:106860000DD5E38F9BB253B146B1A16B31F8023B1A
:10687000D360E38FA163013B9BB2E387002693685B
:1068800013F001030FD0B4F8461089B259B1216C4E
:10689000D26821F8022B1E46B4F846302164013B31
:1068A0009BB2A4F84630FBF7A5FBE38F9BB2002B0D
:1068B000D3D1B4F846309BB2002BCED106992A46EC
:1068C0002046FFF71FFD002840F0ED80012384F8EB
:1068D0005D30236E84F85C00181E18BF012000E0B4
:1068E0000220BDE8F081012E00F01881596821F4E2
:1068F00080515960196849065EBF196841F040012E
:10690000196062B9E28F92B2012A40F2D38037F85F
:10691000022BDA60E38FA763023B9BB2E387069BFF
:1069200001334FF001067DD1E38F9BB223B9B4F858
:1069300046309BB2002BC1D0226893689F0706D5D2
:10694000E38F9BB21BB1002E40F09380002693682A
:1069500013F0010319D0B4F8461089B2A9B1B4F804
:106960004600216C80B2012877D9D06821F8020B4B
:106970002164B4F84610023989B2A4F84610B4F87C
:10698000461089B2012935D91E46FBF733FBCBE708
:10699000E38F9BB223B9B4F846309BB2002B8DD065
:1069A0002268936898070DD5E38F9BB253B146B127
:1069B000A16B31F8023BD360E38FA163013B9BB233
:1069C000E3870026936813F0010304D0B4F846105F
:1069D00089B2002978D1FBF70DFB069B401B98423A
:1069E000D6D3012384F85D30002384F85C30032083
:1069F000BDE8F081516841F480515160C4E7002E38
:106A000040F0A6800026936813F0010304D0B4F888
:106A1000461089B2002964D1FBF7ECFA069B401BB3
:106A20009842DED2E38F9BB22BB9B4F846309BB2CA
:106A3000002B3FF443AF226893689B07E3D5E38FB5
:106A40009BB2002BDFD0DAE737F8022BDA60E38F56
:106A5000A763013B9BB2E387F9E6127B0A70B4F8A7
:106A60004620216C013A013192B22164A4F84620FB
:106A70008AE7E18FA36B89B2012908D933F8021B99
:106A8000D160E18FA3638B1E9BB2E3875EE71B7827
:106A90001373E38FA26B013B511C9BB22268A1636D
:106AA000E387002653E720220023226684F85C3027
:106AB000012016E73A781A73E38FA26B013B01328B
:106AC0009BB2A263E3872AE7216CD26821F8022BEC
:106AD0001E46B4F846302164013B9BB2A4F8463010
:106AE00079E7B4F84600216C80B2012823D9D06838
:106AF00021F8020B2164B4F84610023989B2A4F8D7
:106B00004610B4F8461089B2012901D91E4683E720
:106B1000516841F4805151601E467DE75A6842F445
:106B200080525A601A6856063FF5ECAE1A6842F079
:106B300040021A60E6E6127B0A70B4F84620216C27
:106B4000013A013192B22164A4F846201E4663E75F
:106B5000E38FA16B9BB2012B09D90B4633F8021BC3
:106B6000D160E18FA3638B1E9BB2E3874AE70B786A
:106B70001373E38FA26B013B511C9BB22268A1638C
:106B8000E3873FE72DE9F04190F85D60012E84B086
:106B900040F095801D468846F3B2002900F08B80B6
:106BA0001746002A00F087804368B3F5827F0446C9
:106BB00003D18368002B00F02781FBF71BFA94F8C0
:106BC0005C30012B06467AD00120E268216884F807
:106BD0005C000023042084F85D00B2F5E06F2366BA
:106BE000A4F84670E387C4E91333A363A387486816
:106BF000C4F84080A4F844700B4665D920F4805056
:106C00004860A068B0F5004F00F0CC8008684006EE
:106C100065D4086840F040000860B2F5E06F5ED8C7
:106C2000B4F8462092B2EAB1691C11D0AAE0226CF5
:106C30001B7B1370B4F84620216C013A92B2A4F881
:106C40004620B4F8463001319BB2216453B1236829
:106C50009A68D207EBD4FBF7CDF9B4F846309BB273
:106C6000002BF4D16368B3F5827F00F0A880FBF7B6
:106C7000C1F9AF193F1AFBF7BDF9884B1B68C3F385
:106C8000CB3307FB03F3691C8046039340F0C680B7
:106C900023689A681206FCD46368B3F5827F00F01B
:106CA0009C80012384F85D30236E00229B1A84F8B7
:106CB0005C2018BF0123184604B0BDE8F081022310
:106CC000184604B0BDE8F08140F480504860A068E8
:106CD000B0F5004F66D0086847069AD5A0E7B4F82B
:106CE000462092B2002ABDD06F1C2FD18B68D807E6
:106CF00012D5236CCA6823F8022BB4F8462023640B
:106D0000013A92B2A4F84620B4F846309BB2002B68
:106D1000A8D08B68D807ECD4FBF76CF9B4F84630F0
:106D20009BB2002B9ED02168E0E7226CDB6822F842
:106D3000023BB4F846302264013B9BB2A4F84630D3
:106D4000B4F846309BB2002B8CD023689A68D007E9
:106D5000EBD4FBF74FF9831BAB42F1D31AE0226C63
:106D60001B7B1370B4F84630226C013B01329BB29E
:106D70002264A4F84630B4F846309BB2002B3FF4AE
:106D800071AF23689A68D707E9D4FBF733F9831BFF
:106D9000AB42F0D3012384F85D30002384F85C30EB
:106DA000032388E7086820F040000860086820F4A2
:106DB00080400860086840063FF52FAF29E7A368C8
:106DC000B3F5004F03D0B3F5806F7FF450AF226866
:106DD000136823F04003136049E7A368B3F5004F3D
:106DE00003D0B3F5806F7FF45CAF3246294620466E
:106DF000FFF712FA00283FF454AF236E43F020034C
:106E00002366202323664CE700950425134680F86B
:106E10005D500A46FFF7C6FC03464CE723689B68B3
:106E20001B067FF539AFFBF7E5F8A0EB0803BB4283
:106E30000BD2039A039B013B039323689B68002AB0
:106E400008BF00271B06EED426E7D4E900315A68B4
:106E5000B1F5827F22F0E0025A6013D0A26AB2F547
:106E6000005F07D11A6822F400521A601A6842F4CF
:106E700000521A60012384F85D30236E43F0200332
:106E80002366BEE7A268B2F5004F02D0B2F5806F6C
:106E9000E4D11A6822F040021A60DFE728010020DE
:106EA000036A026A22F00102026270B444688269D5
:106EB0000D6822F4803222F073022A438D6823F099
:106EC00002032B43154DA84213D005F50065A842D7
:106ED0000FD005F54065A8420BD005F58065A842A6
:106EE00007D005F58065A84203D005F50065A842E6
:106EF0000DD1CD6823F008032B43D1E9056524F4B7
:106F0000407446EA050C23F004034CEA0404496883
:106F10004460826170BC416303627047002C014091
:106F2000036A026A22F48072026270B44468C26921
:106F30000D6822F4803222F073022A438D6823F414
:106F4000007343EA0523174DA84214D005F50065E8
:106F5000A84210D005F5E055A8420CD0A5F5805503
:106F6000A8420FD005F58065A8420BD005F58065D5
:106F7000A8420FD106E0CD6823F4006343EA05235D
:106F800023F48063D1E9056524F4405446EA050CF6
:106F900044EA0C1449684460C26170BCC163036276
:106FA000704700BF002C0140036A026A22F480523D
:106FB000026270B44468C2690D6822F0807222F4E3
:106FC000E64242EA05228D6823F4005343EA053382
:106FD000164DA84214D005F50065A84210D005F55D
:106FE000E055A8420CD0A5F58055A8420FD005F574
:106FF0008065A8420BD005F58065A8420FD106E058
:10700000CD6823F4004343EA053323F48043D1E9F8
:10701000056524F4404446EA050C44EA8C144968AA
:107020004460C26170BC016403627047002C01407F
:10703000002800F0998038B590F83D30044603F000
:10704000FF02002B7DD023684849022284F83D20AE
:107050008B421A6861D0B3F1804F29D0A1F59431E9
:107060008B4225D001F580618B4221D001F58061F2
:107070008B421DD001F594318B424ED001F5E05189
:107080008B424AD0A1F580518B425FD001F58061DF
:107090008B425BD001F580618B4257D0A569616856
:1070A000E06822F080022A431A60D862996210E0F8
:1070B000A168206922F070020A4322F44072A1699B
:1070C000024322F08002E0680A4361681A60D862D5
:1070D000996201225A611A69D20703D51A6922F00E
:1070E00001021A61012384F8483084F83E3084F8A4
:1070F0003F3084F8403084F8413084F8423084F8DE
:10710000433084F8443084F8453084F8463084F8BD
:10711000473084F83D30002038BDA068216922F056
:107120007002024322F440720A43A16922F08002F5
:107130000A431A60E268DA6262689A6262691A63F4
:10714000C7E780F83C20FAF771FD7CE72069A16968
:1071500022F44072024322F08002E0680A43616830
:107160001A60D8629962E9E701207047002C01405B
:1071700090F83D30012B32D103681A49022280F881
:107180003D20DA688B4242F00102DA6019D0B3F197
:10719000804F16D0144A934213D002F58062934276
:1071A0000FD002F5806293420BD002F594329342E5
:1071B00007D002F54062934203D002F58052934219
:1071C00007D19968094A0A40062A06D0B2F5803FDD
:1071D00003D01A6842F001021A60002070470120B3
:1071E000704700BF002C0140000400400700010070
:1071F000704700BF002800F0998038B590F83D3006
:10720000044603F0FF02002B7DD023684849022288
:1072100084F83D208B421A6861D0B3F1804F29D0A9
:10722000A1F594318B4225D001F580618B4221D0AC
:1072300001F580618B421DD001F594318B424ED017
:1072400001F5E0518B424AD0A1F580518B425FD0CD
:1072500001F580618B425BD001F580618B4257D094
:10726000A5696168E06822F080022A431A60D8624A
:10727000996210E0A168206922F070020A4322F4AA
:107280004072A169024322F08002E0680A4361680B
:107290001A60D862996201225A611A69D20703D52D
:1072A0001A6922F001021A61012384F8483084F837
:1072B0003E3084F83F3084F8403084F8413084F820
:1072C000423084F8433084F8443084F8453084F800
:1072D000463084F8473084F83D30002038BDA0683F
:1072E000216922F07002024322F440720A43A1692C
:1072F00022F080020A431A60E268DA6262689A62E7
:1073000062691A63C7E780F83C20FFF771FF7CE7EA
:107310002069A16922F44072024322F08002E068F1
:107320000A4361681A60D8629962E9E701207047F0
:10733000002C014010290AD8DFE801F019090909D9
:10734000530909095B090909630909096B0090F8E8
:107350004330012B6ED10B1F0C2B62D8DFE803F0FA
:10736000456161614D616161556161615D0090F8E8
:107370003E30012B5ED1022380F83E30036801F0DD
:107380001F01186A01228A4020EA02001862186A66
:10739000324902438B421A6247D0314A934244D069
:1073A00002F54062934240D002F58062934243D09E
:1073B00002F5806293423FD002F50062934234D0DE
:1073C000B3F1804F3DD19968264A0A40062A06D07B
:1073D000B2F5803F03D01A6842F001021A60002023
:1073E000704790F83F30012B24D1022380F83F30C2
:1073F000C4E790F84030012B1CD1022380F84030C4
:10740000BCE790F84130012B14D1022380F84130C1
:10741000B4E790F84230012B0CD1022380F84230BF
:10742000ACE7022380F84330A8E75A6C42F40042EC
:107430005A64C8E7012070475A6C42F400425A640B
:10744000C9E7094A9342BED002F580629342BAD09E
:1074500002F580629342B6D0BDE700BF002C014028
:1074600000340140070001000004004090F83C2077
:10747000012A7AD0034630B402680224012083F83E
:107480003D4083F83C009568614C2C4094600C684A
:10749000702C6CD027D8502C79D02DD8402C40F0AF
:1074A000A0804868CC68116A21F00A010843116A7B
:1074B00021F001011162916921F0F00141EA04110A
:1074C00091611062916821F4401121F0700141F046
:1074D0004701916000200121002283F83D1083F8CC
:1074E0003C2030BC7047B4F5005F6AD021D8B4F5B9
:1074F000805018BF0120EEE7602CECD14868CC68C2
:10750000116A21F0A00141EA0011106A20F0100078
:107510001062906920F4704040EA0430906111627A
:10752000916821F4401121F0700141F067019160F0
:10753000D0E738498C420ED05DD820398C420AD031
:1075400006D824F01001B1F5801F04D00120C2E755
:1075500031498C42FAD1916821F4401121F0700137
:10756000214341F007019160B4E702207047D1E95F
:10757000015094682843CD6824F47F4140EA0520F7
:1075800008439060916841F077019160A2E74868F4
:10759000CC68116A21F00A010843116A21F0010147
:1075A0001162916921F0F00141EA041191611062C8
:1075B000916821F4401121F0700141F05701916070
:1075C00088E7D1E9015094682843CD6824F47F41CD
:1075D00040EA052008439060916841F48041916041
:1075E00078E73FF678AF202CB5D00ED834F01001F4
:1075F0007FF471AFAFE709498C42ACD024F020058D
:1076000010398D427FF467AFA5E7302CA3D09DE7FA
:107610008800CEFF40001000300010006000100015
:10762000704700BF704700BF704700BF704700BF82
:10763000036870B5DE681C69A207054601D5B1076D
:1076400068D4630701D5700754D4210701D53207E8
:107650003ED4E00601D5F10626D4E20701D5F307B2
:107660007AD414F4025F62D030067DD4600602D56D
:10767000710600F18480A20602D5B30600F187806E
:10768000E00202D5F10200F18A80A20202D5B30223
:1076900000F18D80600202D5710200F1908022021B
:1076A00001D533024FD470BD2B686FF010021A6100
:1076B00008222A77DB6913F4407F284640F0968041
:1076C000FFF7AEFF2846FFF7AFFF00232B77C4E795
:1076D0002B686FF008021A6104222A77DB699B0786
:1076E000284674D1FFF79CFF2846FFF79DFF002333
:1076F0002B77AEE72B686FF004021A6102222A771B
:107700009B6913F4407F284664D0FFF78BFF00236A
:107710002B779AE76FF002021A61012202779B69C8
:107720009A075DD0FFF77EFF00232B7789E7E205FC
:107730009CD533069AD52B686FF480721A6128465F
:1077400000F03AFA92E72B686FF4000228461A61BB
:10775000BDE8704000F038BA2B686FF001021A6182
:107760002846F9F7D9FF7CE72B686FF402521A61BB
:10777000284600F01FFAE1057FF578AFDBE72B68BC
:107780006FF040021A612846FFF750FF73E72B683D
:107790006FF020021A61284600F00AFA70E72B68A1
:1077A0006FF480121A61284600F008FA6DE72B6822
:1077B0006FF400121A61284600F002FA6AE72B689B
:1077C0006FF480021A61284600F0FCF967E7FFF7C2
:1077D00029FF8CE7FFF724FF2846FFF725FF96E7F0
:1077E000FFF71EFF2846FFF71FFF9DE7FFF71AFF71
:1077F0006BE700BF036A026A22F01002026270B4F3
:10780000446882690D6822F0807222F4E64242EAFE
:1078100005228D6823F0200343EA0513164DA84284
:1078200014D005F50065A84210D005F5E055A84232
:107830000CD0A5F58055A8420FD005F58065A8426B
:107840000BD005F58065A8420FD106E0CD6823F086
:10785000800343EA051323F04003D1E9056524F4CE
:10786000406446EA050C44EA8C044968446082613D
:1078700070BC816303627047002C014090F83C307B
:10788000012B00F0E480012370B504460D4680F81A
:107890003C30142A0CD8DFE802F0530B0B0B670BBB
:1078A0000B0B780B0B0B880B0B0B990B0B0B1000B6
:1078B000002384F83C30012070BD03682E681A6AEA
:1078C000196A21F4801119625868196D21F08071CC
:1078D00021F4E04141EA0621AE6822F4001242EAB6
:1078E00006525C4EB34213D006F50066B3420FD089
:1078F00006F54066B3420BD006F58066B34207D06A
:1079000006F58066B34203D006F50066B34204D1A3
:107910006E6920F4802040EA862058601965696805
:10792000D9641A621A6D296942F400621A651A6DE7
:1079300022F480621A651A6D42EA01221A650EE08D
:107940000068FFF7ADFA83692A6943F00803836191
:10795000836923F0040383618369134383610023F4
:1079600084F83C30002070BD0068FFF743FF836956
:107970002A6943F400638361836923F4806383612C
:10798000836943EA02238361E9E70068FFF7C8FAE5
:10799000C3692A6943F00803C361C36923F0040380
:1079A000C361C3691343C361D9E70068FFF7FCFAF9
:1079B000C3692A6943F40063C361C36923F4806324
:1079C000C361C36943EA0223C361C8E703682E6841
:1079D0001A6A196A21F4803119625868196D21F404
:1079E000803121F070013143AE6822F4003242EA66
:1079F0000642184EB34213D006F50066B3420FD0CC
:107A000006F54066B3420BD006F58066B34207D058
:107A100006F58066B34203D006F50066B34204D192
:107A20006E6920F4803040EA062058601965696864
:107A300099641A621A6D296942F008021A651A6D72
:107A400022F004021A651A6D0A431A6587E70220BC
:107A5000704700BF002C014090F83C30012B4FD004
:107A600030B40268274D022380F83D30AA425368A3
:107A70000C68844690681DD005F50065AA4234D094
:107A800005F5E055AA4215D023F0007323F07003EA
:107A90002343B2F1804F536017D18B6820F08000F0
:107AA00018439060002001238CF83D308CF83C0096
:107AB00030BC70474D6823F470032B4323F00073F0
:107AC00023F0700323435360E7E70F4B9A42E4D05F
:107AD00003F580639A42E0D003F580639A42DCD0DC
:107AE00003F59A339A42DDD1D7E74D6823F470034A
:107AF0002B4323F0007323F070031C435460CCE746
:107B000002207047002C01400004004090F83C30F7
:107B1000012B48D010B4D1E9024323F4407302464C
:107B2000234348680C6823F48063034323F4006311
:107B30000869234323F480534C69034323F400531F
:107B4000086B234323F480438C69034323F470239D
:107B5000C86943EA044323F08053144C034310687C
:107B6000A04207D004F50064A04203D004F5E0541D
:107B7000A04210D18C6A23F4700343EA04530C6AC8
:107B800023F0807323434C6AC96A23F000732343B4
:107B900023F000530B430021436482F83C10084655
:107BA0005DF8044B70470220704700BF002C014075
:107BB000704700BF704700BF704700BF704700BFED
:107BC000704700BF704700BF704700BF70B50446E4
:107BD00003688268006961691D6802430A43E069BD
:107BE0009749024329400A431A605A68E168656A66
:107BF00022F440520A4393495A608B429968A26921
:107C000021F06E4121F4306100F0C180266A3243D8
:107C10000A439A60DA6A22F00F022A43DA628A4A39
:107C2000934239D0894A934211D0894A934259D01C
:107C3000884A934244D0884A934200F09B800120B6
:107C400000234FF00112C4E91D33A26670BD834BBF
:107C5000D3F8883003F00C030C2BF0D801A252F8B3
:107C600023F000BF697D00083F7C00083F7C0008CE
:107C70003F7C0008D77C00083F7C00083F7C000860
:107C80003F7C00082B7D00083F7C00083F7C0008FB
:107C90003F7C0008F97C0008704BD3F8883003F073
:107CA0000303022B41D0032B26D0012B13D0B0F5B8
:107CB000004F00F0B380FEF711F9A0B3656A20E031
:107CC000664BD3F8883003F0C003802B2DD000F230
:107CD0009B80002B48D0B0F5004F00F0A780FDF747
:107CE000AFFFEAE75D4BD3F8883003F03003202B79
:107CF0001BD0EED9302BA2D1B0F5004F19D04FF4E4
:107D000000406368564A32F81510B0FBF1F04FF6A8
:107D1000EF7200EB5300B0FBF3F0A0F110039342BD
:107D20008DD82368D86000208AE7B0F5004F4D4811
:107D3000E7D162684A4B33F81510B0FBF1F05308F5
:107D400003EB40034FF6EF71B3FBF2F3A3F1100224
:107D50008A423FF674AF23F00F02216892B2C3F358
:107D600042031343CB60DEE7B0F5004F50D0FEF77F
:107D7000A3F8A2E7394BD3F8883003F44073B3F586
:107D8000007FD2D0A5D9B3F5407FB5D057E71143D6
:107D90009960DA6A314922F00F022A43DA62D1F897
:107DA000883003F44063B3F5006F3AD041D8002B1C
:107DB00039D0FDF745FF0028B5D0656A6668284BC5
:107DC00006EB460133F81520B0FBF2F399423FF67B
:107DD00036AFB3EB063F3FF632AF00231946F8F754
:107DE00083FB72080302090241EA1061981841F10D
:107DF000000132460023F8F777FB1B4BA0F54072D9
:107E00009A423FF61CAF8CE7C02B3FF475AF16E7E4
:107E1000FEF752F8002886D0656A8AE7FEF75EF81A
:107E2000F8E71048CAE7FEF747F8C4E7FDF708FF90
:107E3000F0E7B3F5406F7FF402AF4FF40040BDE7C9
:107E4000F369FFCF0080004000380140004400404B
:107E500000480040004C004000500040001002402C
:107E6000F8C900080024F400FFFC0F00836A1A0719
:107E700010B406D50168846B4A6822F4004222439C
:107E80004A60DC0706D50168C46A4A6822F40032F9
:107E900022434A60990706D50168046B4A6822F4B8
:107EA000803222434A605A0706D50168446B4A680B
:107EB00022F4802222434A60DC0606D50168C46BA6
:107EC0008A6822F4805222438A60990606D50168A6
:107ED000046C8A6822F4005222438A605A0609D54B
:107EE0000168446C4A6822F480122243B4F5801F72
:107EF0004A600BD01B0606D50268C16C536823F498
:107F000000230B4353605DF8044B70474A68846C50
:107F100022F4C00222434A60ECE700BF38B50023D8
:107F20000446C0F89030FAF765F8226813681B071A
:107F300005460FD41368590731D400232022C4F812
:107F400088201846C4F88C20E3662367002384F851
:107F5000843038BDD3699802ECD40CE01968490725
:107F60001A4605D5D96908074AD4D969090575D4CF
:107F7000DB699802DED4FAF73DF8431BB3F1007FCA
:107F80002368EBD353E8002F22F0800243E800215E
:107F90000029F7D12023C4F888300320D6E7D3691D
:107FA0005B02CAD40DE01A68500707D5DA691107D9
:107FB00000F18280DA69120500F1AC80DB695B02B6
:107FC000BBD4FAF717F8431BB3F1007F2368EAD359
:107FD00053E8002F22F4907243E800210029F7D1E2
:107FE00003F1080252E8002F22F0010203F1080019
:107FF00040E800210029F3D12023C4F88C30CCE7DD
:1080000008221A6253E8002F22F4907243E80021FC
:108010000029F7D1564803F1080252E8002F024028
:1080200003F1080545E800210029F4D1E26E012A98
:108030000BD0002220200821C4F88C006267E26681
:1080400084F88420C4F890109CE753E8002F22F0B5
:10805000100243E800210029F7D1EAE74FF400625B
:108060001A6253E8002F22F4907243E8002100299D
:10807000F7D13F4803F1080252E8002F024003F114
:10808000080545E800210029F4D1E26E012A0AD052
:1080900000222021C4F88C106267E26684F88420F4
:1080A000C4F890106EE753E8002F22F0100243E866
:1080B00000210029F7D1EBE708221A6253E8002FCC
:1080C00022F4907243E800210029F7D1284803F1F7
:1080D000080252E8002F024003F1080545E800219C
:1080E0000029F4D1E26E012A0BD0002220200821C1
:1080F000C4F88C006267E26684F88420C4F89010AB
:1081000066E753E8002F22F0100243E8002100291F
:10811000F7D1EAE74FF400621A6253E8002F22F425
:10812000907243E800210029F7D1114803F10802B9
:1081300052E8002F024003F1080545E8002100291C
:10814000F4D1E26E012A0AD000222021C4F88C105A
:108150006267E26684F88420C4F8901038E753E838
:10816000002F22F0100243E800210029F7D1EBE7AD
:10817000FEFFFFEF80B3D0F8883010B5044633B36C
:108180002268A16A2423C4F88830136823F001030D
:108190001360C1B92046FFF719FD012811D02368EB
:1081A0005A6822F490425A609A6822F02A029A6031
:1081B0001A6842F0010220461A60BDE81040FFF73D
:1081C000ADBE012010BD2046FFF750FEE2E780F86B
:1081D0008430F9F71DFED3E70120704790F8843012
:1081E000012B17D00268242310B4C0F8883011681E
:1081F0001468002324F0010421F000511460436648
:10820000116080F884302022C0F888205DF8044B8B
:10821000184670470220704790F88420012A37D012
:1082200003460268242030B5C3F88800146810683B
:1082300020F001001060906820F060400143586E0B
:10824000916010B391689068124DC1F3426C4FEA8F
:10825000507E114911F80E0011F80C1015F80EE0BF
:1082600015F80C50C000C900B0FBFEF0B1FBF5F1F1
:10827000A3F868100021A3F86A002025146083F891
:1082800084100846C3F8885030BD01210846EFE746
:108290000220704710CA000818CA000890F884200D
:1082A000012A37D003460268242030B5C3F888007D
:1082B0001468106820F001001060906820F0606081
:1082C0000143586E916010B391689068124DC1F3EC
:1082D000426C4FEA507E114911F80E0011F80C1053
:1082E00015F80EE015F80C50C000C900B0FBFEF008
:1082F000B1FBF5F1A3F868100021A3F86A0020256E
:10830000146083F884100846C3F8885030BD0121FA
:108310000846EFE70220704710CA000818CA000894
:1083200003464BF680720020A3F84400A3F84020D7
:10833000704700BFB0F84010034644F27F020A4085
:108340000020A3F840207047034682B04FF0010C94
:108350000020A3F840C00DF1080CA3F840000CE980
:108360000600A3F84400A3F8500002B0704700BF15
:1083700070B50C7891F803E00FFA84FC034630F8EE
:108380002C2022F4EC4222F070021204120CBEF1F6
:10839000030F00F2F181DFE81EF0F200F500AB0000
:1083A000040042F4C06248F28000024323F82C200B
:1083B00033F82C2022F4E04222F070021204120C56
:1083C0002243104323F82C000A7B002A00F0A280ED
:1083D000002033F82C2022F4E24222F07002120432
:1083E000120C42F4004242F0800223F82C20B3F831
:1083F00050500A8903EBC40414FA85F55208520060
:10840000A5F80024B3F850504A8914FA85F55208AB
:108410005200A5F804244A78002A40F0078133F876
:108420002C2055040DD533F82C2022F4E04222F004
:1084300070021204120C42F4404242F0800223F80F
:108440002C2033F82C2052060DD533F82C2022F4A2
:10845000E04222F070021204120C42F4004242F098
:10846000C00223F82C20B3F850200D6914FA82F2D0
:1084700004F20644B2F80214C1F30901A2F802148E
:10848000002D00F019813E2D00F257816908EE079A
:1084900048BF01318D02B2F80214ADB289B229434E
:1084A000A2F80214B3F8502092B2115BC1F3090193
:1084B0001153115B89B20D43155333F82C2022F46C
:1084C000804222F070021204120C48F2800182F401
:1084D00040520A4323F82C2033F82C2022F4E042A7
:1084E00022F040021204120C114323F82C1070BD2C
:1084F00048F28000024323F82C2033F82C20AA4DA8
:1085000092B22A402243104323F82C000A7B002A0F
:1085100040F0F4800020CA884E785208520003EBE5
:10852000C405DEB3B3F8501015FA81F1A1F80024A8
:1085300033F82C2052060DD533F82C2022F4E042DB
:1085400022F070021204120C42F4004242F0C00207
:1085500023F82C2033F82C2022F4E04222F04002B1
:108560001204BEF1010F4FEA124210D082F0200235
:1085700042F4004242F0800223F82C2070BD42F405
:10858000007210E742F480620DE782F4005242F478
:10859000004242F0800223F82C2070BD0E69B3F82F
:1085A000501015FA81F1A1F80424B3F8502015FAFF
:1085B00082F2B2F80614C1F30901A2F80614002EE3
:1085C00000F092803E2E00F2A580B2F806147508E5
:1085D000F60748BF013589B241EA852189B2A2F880
:1085E000061433F82C2056040DD533F82C2022F431
:1085F000E04222F070021204120C42F4404242F0B7
:10860000800223F82C2033F82C2022F4804222F020
:1086100070021204120C002CB7D182F4405242F4C2
:10862000004242F0800223F82C2070BD33F82C2049
:1086300051040DD533F82C2022F4E04222F07002D0
:108640001204120C42F4404242F0800223F82C2023
:1086500033F82C2052060DD533F82C2022F4E042BA
:1086600022F070021204120C42F4004242F0C002E6
:1086700023F82C2033F82C2022F4E04222F0400290
:108680001204120CBEF1010F18BF82F0200242F456
:10869000004242F0800223F82C2033F82C2022F4F0
:1086A000804222F070021204120C42F4004242F0A6
:1086B000800223F82C2070BDB2F802146FEA414109
:1086C0006FEA514189B2A2F80214B3F8501089B28E
:1086D0000A5BC2F309020A530A5B6FEA42426FEA7D
:1086E000524292B20A53E8E6B2F806146FEA4141E8
:1086F0006FEA514189B2A2F8061472E733F82C20D0
:1087000092B22A4042F4014242F0800223F82C2027
:1087100000206CE6F106B2F806144FEA561508BFC1
:1087200005F1FF3589B241EA85216FEA41416FEADF
:10873000514189B2A2F8061453E76909ED0608BF52
:1087400001F1FF31B2F80254890289B2ADB20D4392
:1087500045F40045A2F80254B3F85050ADB22A5B7C
:10876000C2F309022A532A5B0A436FEA42426FEAC4
:10877000524292B22A53A0E648F28000024323F804
:108780002C2033F82C2022F4E04222F07002120454
:10879000120C2243104323F82C000A7B0120002AEC
:1087A0007FF417AEB7E600BF8F8FFFFF10B40C7BCE
:1087B0004A780B78CCB9002A00F0B58030F8232035
:1087C000540600F1C98030F8232022F4E04222F060
:1087D00040021204120C42F4004242F0800220F8DF
:1087E00023205DF8044B00207047002A4DD130F85B
:1087F000232052040DD530F8232022F4E04222F049
:1088000070021204120C42F4404242F0800220F83E
:10881000232030F8232054060DD530F8232022F4ED
:10882000E04222F070021204120C42F4004242F0C4
:10883000C00220F8232030F823205DF8044B22F4F6
:10884000E04222F070021204120C42F4004242F0A4
:10885000C00220F8232030F8232022F4804222F0A6
:108860007002120448F28001120C0A4320F82320FF
:1088700030F8232022F4E04222F040021204120CCD
:10888000114320F823100020704730F823205104B2
:108890000DD530F8232022F4E04222F070021204B9
:1088A000120C42F4404242F0800220F8232030F8BB
:1088B000232052060DD530F8232022F4E04222F086
:1088C00070021204120C42F4004242F0C00220F87E
:1088D000232030F823205DF8044B22F4E04222F0FC
:1088E00070021204120C42F4404242F0800220F85E
:1088F000232030F8232022F4E04222F04002120428
:1089000048F28001120C0A4320F8232030F823207B
:1089100022F4804222F070021204120C114320F85B
:1089200023100020704730F8232051040DD530F873
:10893000232022F4E04222F070021204120C42F4CE
:10894000404242F0800220F8232030F8232022F415
:10895000804222F070023CE730F8232022F4E0420B
:1089600022F070021204120C42F4004242F0C002E3
:1089700020F8232027E700BF2DE9F04F4B780C7B30
:10898000012B83B036D0F4B1CB78022B00F0A88055
:10899000012B40F0A18000230A788B6112B230F8DD
:1089A000223023F4804323F070031B041B0C83F458
:1089B000405343F4004343F0800320F8223000206A
:1089C00003B0BDE8F08F8A690C78002A6ED1CB78AD
:1089D000002B00F0A68030F8243023F4E24323F08B
:1089E00070031B041B0C43F4004343F0800320F886
:1089F0002430D0E70D698A694B69AA4228BF2A460C
:108A000000F5806C54BB95B2CE8801356D08664484
:108A100007D003EB4505F61A1C889C530233AB4282
:108A2000FAD1B0F850300C7800F2024515FA83F311
:108A300003EBC40392B21A800A7830F8223023F490
:108A4000E04323F040031B041B0C83F0300343F48A
:108A5000004343F0800320F82230B0E7CE780C6A60
:108A600091F800E0022E6BD0A41A30F82E500C6260
:108A700094B2013415F0400F92B2B0F850504FEA62
:108A8000540400F0AE8000F2064616FA85F525F88B
:108A90003E204D896544002CCED003EB4404ED1AF2
:108AA0001A885A5302339C42FAD1C5E730F8243071
:108AB00023F4E24323F070031B041B0C43F4004334
:108AC00043F0800320F824300B699A427FF663AFAD
:108AD000D31A8B610A7861E7012003B0BDE8F08FFB
:108AE000CB690A78002B3FF459AF14B244F240032B
:108AF00030F8245003EA0506AB4302D0002E7FF481
:108B00004DAF30F8243023F4E04323F070031B040E
:108B10001B0C43F4004343F0C00320F824300A78D0
:108B20003CE730F8243023F4E04323F070031B04C7
:108B30001B0C43F4014343F0800320F824302AE760
:108B4000A54200F2024B60D230F82E6026F4E046D7
:108B500026F070063604360C46F4014646F08006D0
:108B600020F82E6030F82E6097B2A41A013716F064
:108B7000400F0C62B0F850604FEA57071FFA82F8B6
:108B800000F2064966D019FA86F626F83E804E892C
:108B9000664467B1A6EB030903EB470A1E4601953D
:108BA000358826F8095002365645F9D1019D1344FF
:108BB000A5424B617CD2A21A0A62B0F850201BFA7F
:108BC00082F222F83E800A896244002F3FF434AFDB
:108BD00003EB4707D41A1A881A530233BB42FAD15F
:108BE0002AE700F2024616FA85F525F83E200D899F
:108BF0006544002C3FF420AF03EB4404ED1A1A88BF
:108C00005A5302339C42FAD116E730F82E2022F450
:108C1000E24222F070021204120C42F4004242F0CE
:108C2000800220F82E20B0F850201BFA82F2A5B264
:108C300022F83E502C4601340D89620865443FF409
:108C4000FBAE03EB4202ED1A1C885C5302339A42DE
:108C5000FAD1F1E61BFA86F626F83E800E896644C4
:108C600067B1A6EB030A03EB470B1E460195358857
:108C700026F80A5002365E45F9D1019D1344A542FB
:108C80004B611CD2A41AB0F850200C6219FA82F27F
:108C900022F83E804A896244002F3FF4CDAE03EBB8
:108CA0004707D41A1A881A530233BB42FAD1C3E6D3
:108CB000A7B201371FFA84F87F0800227CE7A7B229
:108CC00001371FFA84F87F080024DCE74B780A7824
:108CD0008BB130F8223023F4E04323F040031B042F
:108CE0001B0C83F0100343F4004343F0800320F88F
:108CF00022300020704730F8223023F4804323F0E4
:108D000070031B041B0C83F4805343F4004343F0B3
:108D1000800320F822300020704700BF4B780A788B
:108D200033B330F822305B060DD530F8223023F40F
:108D3000E04323F070031B041B0C43F4004343F097
:108D4000C00320F82230CB78012B0FD030F822302E
:108D500023F4E04323F040031B041B0C83F02003A7
:108D600043F4004343F0800320F822300020704792
:108D700030F822305B040DD530F8223023F4E04384
:108D800023F070031B041B0C43F4404343F08003A7
:108D900020F8223030F8223023F4804323F070038F
:108DA0001B041B0C83F4405343F4004343F0800343
:108DB00020F822300020704711B98023A0F84C30F1
:108DC0000020704702460020B2F858306FEA434353
:108DD0006FEA53439BB2A2F858307047B0F8440092
:108DE00080B27047013302F580625B08104408D0FE
:108DF0000A46801A01EB43011388135202328A4259
:108E0000FAD1704770B502F580625E0800EB02058A
:108E10001CD06FF00104641A8A1C2C44B64634F846
:108E200002C002321FFA8CFC4FEA1C20BEF1010E78
:108E300002F804CC02F8030CF1D105EB4602DB0783
:108E400001EB460144BF13880B7070BD2A46DB0757
:108E500044BF13880B7070BD10B5D0F8BC4284B10C
:108E6000D0F8C0325BB194F80002FF2807D09B68AD
:108E700094F8012221469847FF2384F8003200200D
:108E800010BD032010BD00BF43230380004870477E
:108E9000780100204323038000487047BC01002074
:108EA0004323038000487047340100200A230380D5
:108EB000004870473802002038B5D0F8BC527DB168
:108EC000044601F07BF8D4F8C0320246DB68D5F8DE
:108ED0000402C5F80C2205F503719847002038BD3F
:108EE000032038BD70B5D0F8BC52D0F8C4421DB3D1
:108EF00001EB810E00EB8E068446B3690A466BB91E
:108F0000DCF8C0321B690021C5F8141223B1D5F872
:108F1000080205F504719847002070BD04EBCE04EB
:108F2000246AB3FBF4FE04FB1E33002BE8D1B361CB
:108F30001A4601F02BF8EFE7032070BD70B5D0F8AA
:108F4000BC5282B000238DF80530ADF806305DB11B
:108F50000B7813F0600206460C461DD0202A06D07E
:108F60002146304600F006FD032002B070BDCA88DD
:108F700091F801C072B31B064CD5D6F8C032294611
:108F80009B6860469847E288072A294628BF07223F
:108F9000304600F023FD22E04B780B2BE0D801A2F5
:108FA00052F823F0ED8F0008DF8F0008618F000872
:108FB000618F0008618F0008618F0008618F0008D1
:108FC000618F0008618F0008618F00080190000820
:108FD000E38F0008D0F8C03260469B6898470020B5
:108FE000C3E790F89C32032BF9D0B9E790F89C3294
:108FF000032BB5D102220DF1060100F0EFFCEEE7E4
:1090000090F89C32032BABD101220DF1050100F049
:10901000E5FCE4E785F800C285F80122294600F066
:10902000F3FCDCE738B504460025812100F06AFF37
:1090300001212587204600F065FF8221A4F87851A0
:10904000204600F05FFFD4F8BC32E5644BB1D4F8A1
:10905000C0325B689847D4F8BC0200F0E1FFC4F866
:10906000BC52002038BD00BF70B504464FF40770F5
:1090700000F0D2FF0546002849D0237CC4F8BC028A
:109080007BB3402302228121204600F02DFF0121E5
:10909000402321870222204600F026FF01261023CC
:1090A0000322A4F84E3082210823A4F878612046D8
:1090B00000F01AFFD4F8C032A4F84C601B6898473F
:1090C0000023C5F81432C5F81832237CD5F80422E1
:1090D000BBB94FF400733146204600F063FF002017
:1090E00070BD4FF4007302228121204600F0FCFE87
:1090F00001214FF4007321870222204600F0F4FE84
:10910000CCE740233146204600F04CFFE7E7C4F8A7
:10911000BC02022070BD00BF19B1C0F8C01200200F
:1091200070470320704700BFD0F8BC322BB1C3F8A2
:109130000812C3F81022002070470320704700BFB8
:10914000D0F8BC321BB1C3F80412002070470320D2
:10915000704700BFD0F8BC2292B110B5D2F81442CB
:109160000CB1012010BD0123C2F81432D2F8103224
:10917000D2F80822C362812100F008FF204610BD0A
:1091800003207047D0F8BC228AB108B5037CD2F81E
:1091900004222BB14023012100F004FF002008BD70
:1091A0004FF40073012100F0FDFE002008BD0320F4
:1091B000704700BF78B10023C0F8B832C0F8C032A1
:1091C000C0F8CC3209B1C0F8B412012380F89C3247
:1091D000027000F039BE0320704700BF10B582B0A6
:1091E0000023ADF8063061B1CB6AC0F8B81204466E
:1091F00023B10DF106009847C4F8CC02002002B05C
:1092000010BD032002B010BD00F062BED0F8B8322D
:109210000BB11B6818470320704700BF08B5D0F892
:10922000B8320BB15B689847002008BD38B50446DA
:1092300000F2AA25284600F091FB94F8AA12B4F88F
:10924000B022C4F898220123C4F8943201F01F031D
:10925000012B0ED0022B06D08BB929462046BDE843
:10926000384000F0F7B829462046BDE8384000F005
:10927000D9BA29462046BDE8384000F09DBA2046BC
:1092800001F08001BDE8384000F048BE10B504464A
:1092900031B91346D0F89422032A0DD0002010BD16
:1092A00090F89C32032BF9D1D0F8B8329B69002B8F
:1092B000F4D0BDE810401847D0E95712914208D8C1
:1092C00090F89C32032B0ED0204600F0B3FB002018
:1092D00010BD891A8A4228BF0A46C0F85C11194697
:1092E00000F0A0FBDAE7D0F8B8321B69002BEBD016
:1092F0009847E9E770B5044651B91346D0F894226F
:10930000022A11D094F8A032012B22D0002070BD87
:1093100090F89C32032BF9D1D0F8B8325B69002B5E
:10932000F4D0BDE870401847D0E90726B2420D4698
:1093300014D81FD094F89C32032B28D080212046CB
:1093400000F0ECFD204600F081FB94F8A032012BE8
:10935000DCD1002384F8A032002070BD921BC261D2
:10936000194600F049FB2B462A462946204600F0C4
:1093700019FEC7E783699A42DCD8D0F89822934255
:10938000D8D20A4600F038FBC4F89852EBE7D4F87C
:10939000B832DB68002BD1D020469847CEE700BF1B
:1093A000D0F8B8320021012280F89C224160C0F838
:1093B0009412C0F8A412EBB1D0F8BC2270B50446E8
:1093C00012B15B6803B1984700224025114601267F
:1093D0004023204600F088FDA4F86461C4F8605181
:1093E0002B4600228021204600F07EFD0020A6842E
:1093F000256270BD0320704701740020704700BFD4
:1094000090F89C2203460421D2B283F89D220020CA
:1094100083F89C12704700BF90F89C32042B04D153
:1094200090F89D32DBB280F89C320020704700BF7C
:10943000D0F8B82262B108B590F89C32032B01D065
:10944000002008BDD369002BFAD09847002008BD42
:109450000320704730B50B7803F06003202B83B0F6
:109460000D46044628D0402B26D05BB180212046F3
:1094700000F054FD0021204600F050FD0025284654
:1094800003B030BD4B78092BF0D801A252F823F07D
:10949000039500082B9500086D9400084995000875
:1094A0006D940008519500088B9500086D94000894
:1094B000E1950008CB940008D4F8B8329B6829469F
:1094C000204603B0BDE8304018478978B74D0129E0
:1094D000297000F24A8190F89C32022BDAB200F037
:1094E0002B81032A00F00681802100F017FD002166
:1094F000204600F013FD29782046FFF78FFE032554
:10950000BDE790F89C32013B022BAFD8CA88022AF3
:10951000ACD1D0F8A4320146002B0CBF01230323A9
:1095200041F80C3F00F05AFAA8E790F89C32013B52
:10953000022B9BD84B88012BA0D10023C4F8A43266
:10954000204600F077FA99E74B88012B96D1F5E792
:109550008B88002B8AD1CB88002B87D14B887F2B1F
:1095600084D890F89C22032A80D0DDB280F89E52E5
:10957000294600F0FFFC204600F05CFA002D00F0C8
:109580001781022384F89C3278E74A88130A002165
:10959000013BADF806100E2B3FF668AF01A151F864
:1095A00023F000BF839600086996000857960008CC
:1095B0006D9400086D940008419600089396000889
:1095C0006D9400086D9400086D9400086D94000877
:1095D0006D9400086D9400086D94000809960008C9
:1095E000CA88012A7FF442AF90F89C32022BD9B28C
:1095F00000F2B48000293FF439AF0146002341F85E
:10960000083F00F0EBF939E7D0F8B432DB69002B02
:109610003FF42CAF207C0DF106019847EB88002B1E
:109620008ED0BDF80620002A3FF420AF9A4228BF12
:109630001A4601462046ADF8062000F0CFF91DE796
:10964000037C002B7FF412AFD0F8B8320DF1060086
:109650005B6B9847E2E7D2B2052A3FF607AFDFE837
:1096600002F0433D37312B25027CD0F8B832002A76
:1096700040F08D809B6A0DF10600984702234370ED
:10968000CCE7D0F8B432007C1B680DF10601984796
:10969000C4E7037C002B7FF4E9AED0F8B8320DF1BB
:1096A00006001B6B984707234370B7E7D0F8B43226
:1096B0009B69002BAED1D9E6D0F8B4325B69002BA0
:1096C000A8D1D3E6D0F8B4321B69002BA2D1CDE6E5
:1096D000D0F8B432DB68002B9CD1C7E6D0F8B432A6
:1096E0009B68002B96D1C1E6D0F8B4325B68002BA2
:1096F00090D1BBE6002940D0416801293FF420AF5A
:10970000C9B2FFF78BFD297861602046FFF77EFD27
:10971000054600283FF414AF8021204600F0FEFBF0
:109720000021204600F0FAFB21792046FFF776FD64
:10973000022384F89C32A2E600293FF401AF012104
:109740004160FFF763FD054640B38021204600F0ED
:10975000E5FB0021204600F0E1FB90E603297FF4C1
:1097600085AE011D00F03AF988E6802100F0D6FBB5
:109770000021204600F0D2FBC1E6022380F89C3293
:109780004160FFF74BFD204600F054F976E6DB6AB6
:109790000DF106009847022343703FE7204600F092
:1097A00049F9032384F89C3268E600BF080C0020C6
:1097B000012384F89C3261E670B50B785A060D4699
:1097C00004460DD503F06002402A09D0802100F044
:1097D000A5FB0021204600F0A1FB0026304670BD0D
:1097E00094F89C32013B022B12D82B79012B0FD815
:1097F000D4F8B83229469B6820469847EB8806463D
:10980000002BEBD10028E9D1204600F013F9E5E761
:109810008021204600F082FB0021204600F07EFBE4
:10982000DBE700BF70B50B788A8803F06003202B5C
:109830000C4605464AD0402B48D04BB180212846E3
:1098400000F06CFB0021284600F068FB002070BD92
:109850006378012BD1B22AD0032B3FD0002BEDD15E
:1098600090F89C32022BD8B252D00328E6D101F0F6
:109870000F0303EB8303120605EB830357D4B3F8FE
:109880006431002BDAD0142404FB015404F5AA74CB
:10989000002958D0284600F059FB002859D0012350
:1098A000236002222146284600F098F8CEE790F87F
:1098B0009C32022BDAB222D0032ABFD16388002B5C
:1098C000C4D14E0642D1284600F0B4F8D5F8B832DB
:1098D000214628469B68BDE87040184790F89C32A6
:1098E000022BDAB20BD0032AA8D163881BB94A062F
:1098F00001D0E3887BB3284600F09CF8A6E74B062E
:109900009CD000F00BFB8021284600F007FB9DE770
:10991000480693D111064CBF05F1140105F5AA7153
:1099200000230B600222284600F058F88EE79B8C3B
:10993000002B83D001F07F04013404EB84048029E0
:1099400005EB8404A6D100232360AAE700F0F2FA15
:10995000B9E72060A5E700F0E1FACCE70B780370E7
:109960004B7843704B8843808B888380CB88C3803F
:10997000704700BF10B58021044600F0CFFA2046A2
:109980000021BDE8104000F0C9BA00BF08B370B5AF
:1099900003780E4614460546E3B10130F6F730FF72
:1099A000431CDBB201335B00DAB223800323327045
:1099B00073702C7864B12846022300215A1CD2B25D
:1099C000F454B15410F8014F0233DBB2002CF5D13E
:1099D00070BD704702221346E7E700BF08B5134683
:1099E0000A460221C0E90633C0F89412002100F0B3
:1099F000CDFA002008BD00BF08B513460A46002175
:109A000000F0C4FA002008BD08B513460A46032139
:109A1000C0E95633C0F89412002100F0C3FA0020C8
:109A200008BD00BF08B513460A46002100F0BAFA87
:109A3000002008BD08B504210023C0F894121A467E
:109A4000194600F0A3FA002008BD00BF08B50521A3
:109A50000023C0F894121A46194600F0A3FA002019
:109A600008BD00BF08B5184918480022FFF7A2FB3F
:109A700070B917491548FFF7B1FB88B91549134864
:109A8000FFF74AFBA0B91148FFF7BEFBB8B908BD04
:109A9000F7F768FE0E490D48FFF7A0FB0028EDD050
:109AA000F7F760FE0B490948FFF736FB0028EAD0BC
:109AB000F7F758FE0548FFF7A7FB0028E7D0BDE8F9
:109AC0000840F7F74FBE00BF8C0200200C0C0020AE
:109AD0000002002044020020002070470020704750
:109AE0000020704738B5074D0988044602F016F982
:109AF00021462846FFF724FB2846FFF743FB0020BA
:109B000038BD00BF0C0C002010B5064C06490022E1
:109B10002046FFF709FB05492046FFF711FB00200F
:109B200010BD00BF0C0C0020DC0E0020DC16002055
:109B300010B5094CD4F8BC32D3F814320BB1012063
:109B400010BD0A4601462046FFF7EEFA2046BDE862
:109B50001040FFF7FFBA00BF0C0C00201223014891
:109B60000B80704778020020042301480B80704767
:109B70007402002010B5044C04480A462146FFF741
:109B800005FF204610BD00BFDC1E002020CA0008D3
:109B900010B5044C04480A462146FFF7F7FE20465C
:109BA00010BD00BFDC1E002028CA000810B5044C00
:109BB00004480A462146FFF7E9FE204610BD00BFD3
:109BC000DC1E002038CA000810B5044C04480A46C0
:109BD0002146FFF7DBFE204610BD00BFDC1E002043
:109BE00048CA0008514AD2F89035D2F898054FF08B
:109BF0001A0C1B18A1F800C001D14D487047D2F8CB
:109C000094154B4A180FB3F1204F4FF0000C2CBFA6
:109C10003730303082F803C0C3F3036CBCF1090F56
:109C2000907060464FF0000C8CBF3730303082F8B7
:109C300005C0C3F3035CBCF1090F107160464FF01F
:109C4000000C8CBF3730303082F807C0C3F3034CB0
:109C5000BCF1090F907160464FF0000C8CBF37309B
:109C6000303082F809C0C3F3033CBCF1090F107215
:109C700060464FF0000C8CBF3730303082F80BC09C
:109C8000C3F3032CBCF1090F907260464FF0000C37
:109C90008CBF3730303082F80DC0C3F3031CBCF1E9
:109CA000090F107360468CBF37303030907303F06B
:109CB0000F000346092894BF303337330020B1F139
:109CC000204F13744FEA11732CBF37333033507465
:109CD000C1F303600928937403468CBF37333033D4
:109CE000C1F3035009284FF0000C137503468CBFD5
:109CF00037333033C1F3034082F80FC04FF0000C0C
:109D0000092882F813C093754FF0000C034682F8BF
:109D100015C098BF30334FF0000C88BF3733002197
:109D2000034882F817C01376517670470070FF1F02
:109D30005802002010B5044696B05422002101A814
:109D4000F6F7CAFD114B22689A4201D016B010BD39
:109D50004FF4005301A80193FCF7D2F898B90C4BCB
:109D6000986D40F4000098659B6D002203F4000399
:109D7000114600931420009BF9F70CF81420F9F712
:109D800045F816B010BDF7F7EDFCE8E7005C0040C1
:109D90000010024000F52671D0F8D802FFF746BA4D
:109DA00001EB810300EBC303D0F8D802D3F86421A0
:109DB000FFF76CBA01EB810300EBC303D0F8D802C4
:109DC0005A6AFFF797BA00BFD0F8D802FFF730BB46
:109DD00010B54379022B044601D0F7F7C3FCD4F841
:109DE000D8020121FFF708FBD4F8D802BDE81040E3
:109DF000FFF7D6BA10B50446D0F8D802FFF700FB3B
:109E0000637A23B1024A136943F00603136110BD5C
:109E100000ED00E010B5437A04462BB9D4F8D8021F
:109E2000BDE81040FFF7F8BA064A136923F00603AD
:109E30001361F7F7F1FBD4F8D802BDE81040FFF743
:109E4000EBBA00BF00ED00E010B51F4B04464FF425
:109E500002721E48C3F8D842022118609A80C4F8E2
:109E6000C43200221846C3F80710DA72FAF714FC5D
:109E700030BB00221146D4F8C4021823FBF7E8FBDC
:109E8000D4F8C402582300228021FBF7E1FBD4F868
:109E9000C402C02300228121FBF7DAFBD4F8C402FC
:109EA0004FF4887300220121FBF7D2FBD4F8C402DF
:109EB0004FF4807300228221FBF7CAFB002010BD03
:109EC000F7F750FCD5E700BFFC220020005C004003
:109ED00008B5D0F8C402FAF7C9FC18B102280CBFC3
:109EE0000120032008BD00BF944608B51A46D0F8EB
:109EF000C4026346FBF782FA18B102280CBF0120A6
:109F0000032008BD08B5D0F8C402FBF7B3FA18B1B6
:109F100002280CBF0120032008BD00BF08B5D0F8FF
:109F2000C402FBF71DFB18B102280CBF012003205F
:109F300008BD00BF08B5D0F8C402FBF74DFB18B14F
:109F400002280CBF0120032008BD00BF0A06D0F87C
:109F5000C43206D401EB810103EBC10393F8520133
:109F6000704701F07F0101EB810103EBC103987C95
:109F7000704700BF08B5D0F8C402FBF72BFA18B140
:109F800002280CBF0120032008BD00BF08B5D0F88F
:109F9000C402FBF7C7FA18B102280CBF0120032046
:109FA00008BD00BF08B5D0F8C402FBF797FA18B196
:109FB00002280CBF0120032008BD00BFD0F8C40256
:109FC000FBF7A6BA10B5044679B1012900D010BD3F
:109FD000D0F8D802FFF714FA637A002BF7D00D4AB5
:109FE000136943F00603136110BD437A2BB9D4F80B
:109FF000D802BDE81040FFF70FBAF7F70DFB054A8E
:10A00000D4F8D802136923F00603BDE810401361A9
:10A01000FFF702BA00ED00E000487047DC200020A6
:10A02000704700BF2DE9F84F7A497B4A7B4B7C4C47
:10A030007C4EDFF86492DFF864827B4FDFF860B219
:10A04000DFF860A200252DED088B0D707749158093
:10A050000D807749774A0D7077499FED788A0D70AA
:10A06000774918600D607749774B0D60774983ED2C
:10A07000008A0A607649A9F800500A60754AA8F873
:10A08000005082ED008A744A9FED74BA1570204624
:10A0900029463C22F6F720FC294638223046F6F7BE
:10A0A0001BFC6F4A44F8142C6E4A44F8182C6E4A74
:10A0B00044F8082C6D4A44F8102C2262DFED6CAA9B
:10A0C0009FED6CAADFED6C9ADFED6C8A84ED01BA2E
:10A0D0000122227086F83420694AC4ED02AA84ED78
:10A0E00009AAC4ED0A9AC4ED108A44F8202C203C39
:10A0F0004FF07C526260634A6261BDEE009A4FF499
:10A10000FA72C820E26184ED179A3D80F7F778FF74
:10A110005D4A7F211046F8F737FD7F215846F8F752
:10A1200033FD7F215046F8F72FFD3C4B564A196806
:10A1300010460422F8F764FC5846F8F7DFFB504657
:10A14000DFF864A1F8F7DAFB4FF400315046FAF774
:10A1500021F84FF480115046FAF704F84B48DFF825
:10A160004CA1FDF705F84A48FDF702F84948FCF70D
:10A17000FFFF08215046FDF7DDF801F07BFA20468D
:10A1800001F07AFAE369B3F57A7F28BF4FF47A7366
:10A1900040F2E73B9B454FF00801504628BF9B46E5
:10A1A000E361B362FDF7C6F8274B2B4A83ED008AC3
:10A1B000DAF8003015705A6C84ED09BA42F40042A6
:10A1C0005A643046C3F83CB0C4ED0AAA84ED0C8A48
:10A1D00084ED0D8A84ED0E8A86ED088A84ED11AA3D
:10A1E000C4ED129A84ED179AC4ED188A84ED148A8E
:10A1F00084ED158A84ED168AA9F80050A8F800505D
:10A200003D8001F02FF9BDEC088BBDE8F84F01F05F
:10A210004DBD00BFF8250020F6250020FC250020BC
:10A220005826002000260020EE250020F0250020E2
:10A23000ED2500203333D33FEC2500200000000043
:10A24000E8250020E4250020DC250020B0020020C5
:10A25000AC020020E0250020D8250020CDCCCC3C4D
:10A26000000030420000A0420000344200002041C3
:10A27000ACC5A7389A99993F0AD7A33CCDCC4C3DA1
:10A280000000A0400000C040E0060020880A002036
:10A29000380A0020E8090020F4250020F2250020DB
:10A2A00074060020080600205007002098090020AE
:10A2B00030B4B24AB24992F8323091F820000BBB68
:10A2C000012382F83230002800F0FC80D1ED057ABD
:10A2D00091ED067AAB4BF1EE0C6AF4EEE67AF1EE14
:10A2E00010FA08DCF1EE0C7AB4EEE77AF1EE10FA2F
:10A2F00098BFF0EE477A1B78002B79D130BC9F488D
:10A3000001F0E4B8042B40F0BC80002800F0D880B5
:10A31000138E013B9BB2022B00F2D28091ED057AA5
:10A32000D1ED066AF1EE0C7AB4EEE77AF1EE10FAAE
:10A3300008DCF4EEE76AF1EE10FA8CBFB0EE677A53
:10A34000B0EE667A8F4B1878002800F0B980D2ED15
:10A35000027AF4EEC77AF1EE10FAC0F2B180F4EEB0
:10A36000E76AF1EE10FAC0F2AB80874CDFED877A36
:10A37000D2ED046A9FED867A864D81ED0C7A00203D
:10A380002080854C28802080844C1086F4EEE76A7B
:10A390002080834C81ED0D7AF1EE10FA88BFF0EE4B
:10A3A000676A84ED007AD1ED057A7E4C81ED0E7AF4
:10A3B000F4EEC76AB1EE0C6AF1EE10FA2070F4EE1A
:10A3C000C67A794881ED147AB8BFF0EE476A012564
:10A3D000F1EE10FA81ED157A81ED167A82ED087AA8
:10A3E00082F8325091ED067AC0ED006A7FF77AAFBD
:10A3F000D2ED026AF4EEE67AF1EE10FA3FF67EAFA5
:10A40000B4EEE67AF1EE10FAFFF678AF92ED047A48
:10A41000DFED5E6A5C48DFED5E7A5F4C5D4DC2ED5C
:10A42000087A0023B4EEE67A03805C482380F1EEDC
:10A4300010FA88BFB0EE667A03805A48584C1386EB
:10A44000B4EEE77A4FF0020C82F832C0F1EE10FA67
:10A45000554A03702B80B8BFB0EE677AC4ED007A1E
:10A4600030BCC1ED0C7AC1ED0D7AC1ED0E7AC1EDB3
:10A47000147AC1ED157AC1ED167A82ED007A01F0F9
:10A480000BB8F8B1012B3FF421AF022B26D0032BE0
:10A4900016D1454BD1ED007A93ED007AF4EEC77AF0
:10A4A000F1EE10FA3DDDDFED416A37EE267AF4EE8B
:10A4B000C77AF1EE10FA58BFF0EE477AC3ED007A92
:10A4C00030BC7047334C384B0120508600220021AD
:10A4D00022802A48196030BC00F0F8BF324BD1ED21
:10A4E000007A93ED007AF4EEC77AF1EE10FA27DCE9
:10A4F00036D477EE677A27499FED2C7A0B88F4EEF5
:10A50000C77A0133F1EE10FA0B80D9D59FED287A86
:10A51000F4EEC77AF1EE10FAD2DD032382F832307E
:10A52000CEE7CDD5DFED216A37EE667AF4EEC77A55
:10A53000F1EE10FAD8BFF0EE477AC3ED007ABFE72C
:10A54000DFED1A6A37EE267AF4EEC77AF1EE10FAEA
:10A550000FD51049C3ED007A0B8801330B80DCE77F
:10A56000DFED126A37EE667AF4EEC77AF1EE10FA92
:10A57000EFDC77EE677A83ED007ABCE700260020F7
:10A5800038260020ED250020F4250020000004429C
:10A5900000000000F6250020F2250020EE25002016
:10A5A000DC250020D8250020E0250020CDCC4C3D26
:10A5B000CDCC4CBD38B5714B714C1B68002B00F0F5
:10A5C00087801A8859889888A080D888E080618020
:10A5D000228019889A885888DFED6A5ADB88DFED77
:10A5E0006A4A9FED6A5A80B207EE900A6848F8EE10
:10A5F000677A90ED007A89B297EEA57A92B29BB213
:10A6000006EE901A07EE903AB8EE666A06EE902AC9
:10A61000F8EE677AF8EE666AB4EEE47AF1EE10FAD4
:10A6200026EE056A66EE856A67EEA57A00F19A80E5
:10A63000DFED585AB0EEC77A27EE257AF2EE085AC7
:10A64000B4EEE57AF1EE10FA88BFB0EE657A524BBF
:10A65000DFED4D5A93ED005A77EEC57AF4EEE57AC8
:10A66000F1EE10FA66D4DFED4B5A4C4BF0EEE77A80
:10A6700067EEA57AF2EE085AF4EEE57A1A78F1EE72
:10A6800010FA88BFF0EE657A002A60D094ED024A95
:10A69000D4ED044A94ED035AD4ED055ADFED403A67
:10A6A00036EE446A76EEE46A37EE457A77EEE57A7E
:10A6B000A6EE234AE6EEA34AA7EE235AE7EEA35AF4
:10A6C00084ED024AC4ED044A84ED035AC4ED055AF0
:10A6D000344A138801339BB2B3F57A7F80F08F81BF
:10A6E000138094F83220931E012B00F27B812E4DB3
:10A6F00094ED027AD5ED057AB4EEE77AF1EE10FA30
:10A700005CD52A490B88B3F5FA6FC0F04C81238ED3
:10A710001B48042243F00103238684F8322000F012
:10A72000D5FE94F83220042A00F05B81931E012BA1
:10A7300076D95CE1DFED1E5AF4EEE57AF1EE10FA1F
:10A7400091DD164BDFED1C7A1A78002A9ED101228A
:10A7500084ED026AC4ED046A84ED037AC4ED057ADF
:10A760001A70B5E7DFED125AB4EEE57AF1EE10FAA1
:10A770007FF75EAF9FED107A69E700BFFC250020F0
:10A7800000260020964AD239F4FDD43B6F06B03B38
:10A79000B0020020FFFFC740AC020020ED250020E2
:10A7A0009A99193EF025002038260020EE25002039
:10A7B000F4FDD4BB9A99993E000000005FED036A56
:10A7C00077EEA67AB4EEE77AF1EE10FA00F31C8188
:10A7D000D5ED067AB4EEE77AF1EE10FA00F3F280E6
:10A7E000D4ED046AD5ED037AF4EEE76AF1EE10FADF
:10A7F00000F3B58294ED057AD5ED047AB4EEE77AEC
:10A80000F1EE10FA00F30481B1EE676AB4EEC67A95
:10A81000F1EE10FA00F1FC80032A00F00D83022211
:10A8200095ED014A5FED1C5AB24BD5ED047AD3ED9C
:10A83000004AB4EEE54AF1EE10FA00F12D81F5EE92
:10A84000C04AF1EE10FA00F1F3809FEDB77AF4EE12
:10A85000C74AF1EE10FA98BFB0EE647AB5EEC07A4E
:10A86000F1EE10FA40F2E480B4EEE74AF1EE10FAAD
:10A870009FEDA16AA14998BFF0EE447AF4EEC67A42
:10A88000F1EE10FAD1ED006A40F21A8194ED056AFA
:10A89000B5EEC06AF1EE10FAF5EEC06AB8BFB0EEE0
:10A8A000656AF1EE10FA40F2BE80B4EEE67AF1EE9F
:10A8B00010FA00F1B880DFED925A77EEA55AB4EEA7
:10A8C000E56AF1EE10FA02DD8E4B012018708E4819
:10A8D000038801339BB2312B40F2A582894B4FF0A4
:10A8E000000CA0F800C01878002800F0D38277EEA2
:10A8F000C62AD5ED145A95ED125ADFED843A95ED3E
:10A90000112ADFED881AE2EE855ABDEE003AF4EE28
:10A91000E35AF1EE10FA88BFF0EE635AF4EEC35A30
:10A92000F1EE10FAB8BFF0EE435AB0EE655AA2EE5F
:10A93000825AC5ED145AB4EEE35AF1EE10FA8CBF08
:10A94000F0EE635AF0EE455AF4EEC35AF1EE10FA07
:10A95000B8BFF0EE435A75EEA66AF4EEE16AF1EE86
:10A9600010FA00F1B382DFED6A5A77EEE57AB4EEC1
:10A97000E67AF1EE10FAB4EEE76A98BFF0EE476AB5
:10A98000F1EE10FAC1ED006A07D577EE633AF4EE06
:10A99000E36AF1EE10FA80F2A982F5EEC06AF1EEF8
:10A9A00010FA4ED440E201339BB2B3F5FA6F0B803C
:10A9B0003FF4ADAED5ED067AB4EEE77AF1EE10FADB
:10A9C0007FF70EAF238E5348042243F0020384F82E
:10A9D0003220238600F07AFD94F83220042A7FF496
:10A9E000A5AE38BD4C4B0021042A1980F9D0BDE832
:10A9F000384048499FED4E0A002000F081BD0023F9
:10AA00001380FFF755FC6CE6434B00211980DFE60D
:10AA1000238E4048042243F01003238684F832201A
:10AA200000F054FD7DE6F0EE476A81ED007A42E7E2
:10AA3000324900230B6033492B656B65AB650023FE
:10AA40000B709FED387A94ED026A94F83330F6EE8D
:10AA5000007AB4EEE76AF1EE10FA6BD4022B00F044
:10AA6000A181032B00F0CA81012B40F0B281DFED00
:10AA70002B7A66EE277AF4EEC77AF1EE10FA00F13F
:10AA8000D081DFED277A66EE277AF4EEC77AF1EE11
:10AA900010FA52D503238FE1F4EEE54AF1EE10FAF5
:10AAA000C6D49FED217AF4EEC74AF1EE10FA98BFB2
:10AAB000B0EE647AB4EEE57AF1EE10FAB8D90F4947
:10AAC000D1ED007AF5EE006AF4EEE67AF1EE10FAD6
:10AAD00000F1F68177EEE67AB4EEE77AF1EE10FA5D
:10AAE00088BFB0EE677A074B81ED007A01211970BB
:10AAF000A9E700BFE02500206F12833ADC25002083
:10AB00008FC2F53CD8250020F2250020CDCC4C3D4D
:10AB10000AD7A33D00260020EE2500209A99993FF0
:10AB20009A99593F00000000000004423333733FFC
:10AB30000AD7233C002384F833305FED066AD5ED55
:10AB4000007AF4EEE67A5FED087AF1EE10FAD8BFFB
:10AB5000F0EE667AF4EEC77AF1EE10FA88BFF0EE06
:10AB6000477AF4EEE67AF1EE10FAB8BFF0EE667AC4
:10AB7000022A00F0B4801FED135AF0EE083AB6EE48
:10AB8000007AD4ED045AB4EEC76AF1EE10FA77EE0B
:10AB9000E55A3FF52CAF94F83300012800F0DC8033
:10ABA000022800F08580F4EEC67AF1EE10FA7FDC20
:10ABB0001FED217AD14AD5ED0C6A138801339BB27F
:10ABC000312B13801BD995ED0A3ADFEDCD2AC5ED67
:10ABD0000D5AE5EE836A002313809FEDCA3AF4EE26
:10ABE000E26AF1EE10FA88BFF0EE626AF4EEC36A30
:10ABF000F1EE10FAB8BFF0EE436AC5ED0C6AD5ED80
:10AC0000092A94ED033AA5EEA27AB4EEE33AF1EE06
:10AC100010FA37EE267A09DDDFEDBB3ADFEDBB5ADD
:10AC200066EEA36A37EE657AC5ED0C6AF2EE005A5D
:10AC3000B4EEE56AF1EE10FA09D5DFEDB55A9FEDF5
:10AC4000B56A66EEA56A37EE467AC5ED0C6A9FEDE9
:10AC5000B20AB4EEC07AF1EE10FA08D4B4EEC57AB6
:10AC6000F1EE10FA8CBFB0EE450AB0EE470AAB4BDE
:10AC700084ED084A1B7884ED090A8BB99FEDA87A08
:10AC8000A84934EEC77AF4EEC77AF1EE10FAACBFF9
:10AC90000123002384F83430BDE8384000F030BC94
:10ACA000002384F83430BDE838409E4900F028BCC9
:10ACB000DFED9D6AF4EEE67AF1EE10FAB7EE007A77
:10ACC00098BFF0EE676AF4EEC76AF1EE10FAB8BF0B
:10ACD000F0EE476A86EE263A37EE437A6AE7B6EE3A
:10ACE000007AB4EEC76AF1EE10FA43DD94F833301F
:10ACF000012B00F0DA80F4EEC67AF1EE10FA40F3A0
:10AD0000E2809FED897ADFED895AF4EEC77AF1EEA1
:10AD100010FAF7EE006A98BFB0EE677AB4EEE67A02
:10AD2000F1EE10FAB8BFB0EE667A86EE075A9FEDE4
:10AD3000807ADFED796A37EE457AB4EEE57AF1EEA6
:10AD400010FA88BFB0EE657AB4EEE67AF1EE10FA4A
:10AD5000B8BFB0EE667A0FE087EE867A2AE7238ED8
:10AD60007048042243F00803238684F8322000F060
:10AD7000ADFBD6E49FED6D7A6E4BDFED6F5A1B880D
:10AD80009FED655ADFED6D3A06EE903AF8EE666A91
:10AD9000A6EEA55AB4EEC75AF1EE10FA88BFB0EE8F
:10ADA000475AECE6DFED667A66EE277AF4EEC77A6C
:10ADB000F1EE10FA63DD0123D5ED0C7A84F833301F
:10ADC000F6EE006A67EEA67A0021C5ED0C7A69639B
:10ADD000B3E6DFED5B7A66EE277AF4EEC77AF1EE42
:10ADE00010FAE8DCDFED577A66EE277AF4EEC77AE0
:10ADF000F1EE10FA4CBF02230323DDE7DFED507ABA
:10AE000066EE277AF4EEC77AF1EE10FAD3DCDFEDC6
:10AE10004D7A66EE277AF4EEC77AF1EE10FA7FF5F6
:10AE20008CAE0223C8E70380B4EEE67AF1EE10FAA6
:10AE300088BFB0EE667A06E63E4B1B88B3F5FA6F24
:10AE40007FF6EEACB6EE006AF4EEC66AF1EE10FAEA
:10AE50007FF5E6ACDFED3C6A67EEA67AB4EEE77A02
:10AE6000F1EE10FA7FF7DCAC238E2E48042243F07B
:10AE70002003238684F8322000F028FB51E4DFED24
:10AE8000337A66EE277AF4EEC77AF1EE10FA3FF7DE
:10AE900001AE52E6B4EEE67AF1EE10FA3FF727ADD6
:10AEA00000232B656B65AB65CDE587EE867A9FED5C
:10AEB000285ADFED1E5ADFED186A37EE057A3CE7B7
:10AEC0009FED247A0FE69FED147A55E7DFED206AB7
:10AED000C1ED001A77EEE67AF4EEC67AF1EE10FADA
:10AEE00009DDB4EEE37AF1EE10FA04D881ED007AD0
:10AEF00000211970D4E7F0EE616A95E7F42500208F
:10AF0000CDCC4C3ECDCC4CBE3333733F0AD7A33CA3
:10AF10006666663F8FC2F53C0AD7233CD8250020E1
:10AF2000CDCC4C3D00260020000070429A99593F3C
:10AF3000713D8A3FF62500200AD7A33B6766E63FAE
:10AF4000CDCC4C3F9A99993F9A99193F3333933F0F
:10AF50000AD7A33D0000000070B52DED048BF7F774
:10AF600049F8044600F0BAFE584B1A68A24202D0D3
:10AF70001C6000F0B1FE564A1368E31A632B06D832
:10AF8000544B1A78002A61D1BDEC048B70BD524E2F
:10AF9000524896ED078AD6ED068A1460F7F74CF909
:10AFA00005464E48F7F7AAFC002D58D00835B5F5F0
:10AFB000803F61D22D0969D19FED498A4948F7F751
:10AFC0003BF904464748F7F799FC34B30125464B53
:10AFD0000434B3F8CA20B3F8A830B4F5004F34BF36
:10AFE000E40840F6FF749A4243D0404940F6E440FA
:10AFF00000FB04F4A1FB0414D21AC3EB941303EB7B
:10B0000083031B0147F6FF7193FBF2F31E338B4260
:10B010002FD007EE903AF8EEE78A354B1A7872B3E4
:10B0200096ED077AD6ED067ADFED326A294B38EED7
:10B03000478A78EEE78AA8EE267A1A78E8EEA67AAA
:10B0400086ED077AC6ED067A002A9DD000221A7096
:10B05000BDEC048B2848BDE8704000F06DBB214872
:10B06000F7F7EAF804461F48F7F748FC002C87D0AA
:10B07000ADE7002DD1D183E79FED208A9EE7012225
:10B0800086ED078AC6ED068A1A7079E740F6FF73E7
:10B09000AAB29D4207EE902AEED0F8EE677A9FEDB5
:10B0A000187A87EE270AB7EE009A30EE490AF5F7CC
:10B0B000EBF8DFED146ADFED147A9FED147AE0EE21
:10B0C000267A89EE278A38EE478A77E7E42500203A
:10B0D000E8250020F8250020002600207406002026
:10B0E000000020C2080600200075FF1FF119760538
:10B0F000EC2500209A99193E3826002000001643BE
:10B10000FFEF7F45631D9B390FCF5B3B3393884334
:10B1100090B110B4094C84460FCCACE80F000FCCB2
:10B12000ACE80F000FCCACE80F0094E803005DF82A
:10B13000044B8CE803007047704700BF00260020D6
:10B1400028B108B502496422F5F79EFC08BD704796
:10B150003826002007EE900ADFED196A19499FEDA5
:10B160001A7A91F83230194AF8EE677A023B67EEA4
:10B17000A67AF4EEC77AF1EE10FA88BFF0EE477ABD
:10B18000012BC2ED007A14D8D1ED047ADFED106AFC
:10B19000104BF4EEC77AF1EE10FA88BFF0EE477A62
:10B1A000F4EEE67AF1EE10FAB8BFF0EE667AC3ED8F
:10B1B000007A094B0020322150631980704700BF8C
:10B1C0006F12833A00260020000004423826002037
:10B1D00000000000E0250020F425002007EE900A82
:10B1E000DFED0C6A0C4B0D49F8EE677AB2EE047A8B
:10B1F00067EEA67A0022F4EEC77AF1EE10FA88BF65
:10B20000F0EE477A3220C3ED017A1A655A659A65E5
:10B21000088070476F12833A38260020F2250020FC
:10B2200007EE900A9FED0F7AF8EE677AF4EEC77A90
:10B23000F1EE10FA10D4DFED0C6A9FED0C7A0C4B96
:10B2400067EEA67AF4EEC77AF1EE10FA88BFF0EE58
:10B25000477AC3ED037A7047054BF7EE007AC3EDEA
:10B26000037A7047FFFF79446F12833A000004426B
:10B270003826002007EE900A9FED0F7AF8EE677AE5
:10B28000F4EEC77AF1EE10FA10D4DFED0C6A0C4B35
:10B2900067EEA67AB2EE087AF4EEC77AF1EE10FA0B
:10B2A00088BFF0EE477AC3ED047A7047DFED057A88
:10B2B000034BC3ED047A70470000C8426F12833A13
:10B2C00038260020CDCCCC3D07EE900A9FED0F7ABA
:10B2D000F8EE677AF4EEC77AF1EE10FA10D4DFEDEB
:10B2E0000C6A9FED0C7A0C4B67EEA67AF4EEC77AE7
:10B2F000F1EE10FA88BFF0EE477AC3ED027A70479C
:10B30000054BF3EE047AC3ED027A704700409C4689
:10B310006F12833A0000F04238260020B0F57A7FA1
:10B3200038B528BF4FF47A700A4A0B4B0B4DD061E9
:10B3300040F2E734844228BF044698620821284638
:10B34000FBF7F8FF2B685A6C42F400425A64DC6346
:10B3500038BD00BF382600200026002098090020B4
:10B3600010B4324B93F8201010BB314C02462280AF
:10B37000304C31482280314C83F820202280304CE0
:10B38000028622802F4C002121602F4C19634FF040
:10B39000010C80F832C05963996319655965996544
:10B3A00022702A4B5DF8044B0162196000F08EB8E0
:10B3B000012083F82000002935D11F4ADFED246ADF
:10B3C00092ED047A1A4C82F83200B4EEE67A19480B
:10B3D000DFED207A2180F1EE10FA88BFB0EE667AB8
:10B3E0000180164C16482180B4EEE77A0180154C96
:10B3F0001548C3ED0C7AF1EE10FAC3ED0D7AC3EDEA
:10B400000E7AC3ED147AC3ED157AC3ED167A0F4B9D
:10B410001186B8BFB0EE677AC2ED087AC4ED007A43
:10B42000017083ED007A5DF8044B704738260020E8
:10B43000F6250020F425002000260020F22500201B
:10B44000EE250020DC250020D8250020E025002066
:10B450000000044200000000014B01221A707047F6
:10B46000F825002038B50A4D032104462846F8F790
:10B470005FFEC0212846F8F75BFE2B6846F290522B
:10B48000C3F89C20C3F81C220CB1024BE36238BD08
:10B49000500700209065906510B50B4C236846F26C
:10B4A000905243F2C820C3F89C200321C3F8A8009F
:10B4B0002046C3F81C22F8F721FE2046C021BDE833
:10B4C0001040F8F71BBE00BF5007002038B50A4DEA
:10B4D000032104462846F8F72BFEC0212846F8F73A
:10B4E00027FE2B6846F29052C3F89C20C3F81C221A
:10B4F0000CB1024BE36238BD5007002090659065A7
:10B500009FED567ADFED567AB4EEC70AF1EE10FAE7
:10B5100088BFB0EE470AB4EEE70AF1EE10FAB8BF02
:10B52000B0EE670A022870B450D0032829D0012851
:10B5300071D1F7EE007A77EEC07A9FED4A7A67EE26
:10B54000877AFCEEE77A17EE903A9BB2B3F5C36FB9
:10B5500075D307EE903A9FED447AF8EE677AF4EEF1
:10B56000C77AF1EE10FA88BFF0EE477AFCEEE77A80
:10B5700017EE903A9AB2154656084FF4C364234624
:10B5800050E0DFED387A20EE270ABCEEC00A10EE5C
:10B59000103A9BB2B3F5827F5BD307EE903A9FEDF2
:10B5A000337AF8EE677AF4EEC77AF1EE10FA88BFD4
:10B5B000F0EE477AFCEEE77A17EE903A9BB21C4623
:10B5C00041F2504540F628262A462BE0DFED257A49
:10B5D00020EE270ABCEEC00A10EE103A9BB2B3F57B
:10B5E000827F32D307EE903A9FED207AF8EE677AA9
:10B5F000F4EEC77AF1EE10FA88BFF0EE477AFCEE6F
:10B60000E77A17EE903A9BB21C464FF4C3654FF4AD
:10B6100043762A4606E046F2905443F2C826254671
:10B620002346224612480068C0F89C50C0F8A86023
:10B63000C0F81C4209B18A85CB8570BC70474FF4B5
:10B64000C3654FF443762A4697E74FF48274234646
:10B65000DBE74FF482742346B2E700BF3333733F16
:10B660000AD7233C0020CB460018C94600F0BE464E
:10B670005007002000F0D4BD002857D010B59CB072
:10B68000044670226946002000F0E4FD00284BD1FA
:10B6900027494FF6FF7368460DF16E0C10F8012B29
:10B6A000534043F300020A4082EA530242F300038C
:10B6B0000B40C2F34E02534043F300020A40C3F36F
:10B6C0004E035A4042F300030B40C2F34E02534074
:10B6D00043F300020A40C3F34E035A4042F300030F
:10B6E0000B40C2F34E02534043F300020A40C3F33F
:10B6F0004E035A4042F300030B40C2F34E02534044
:10B7000060459BB2CAD10B4A009991420CD1BDF859
:10B710000420042A08D1BDF86C209A4204D1642286
:10B7200002A92046F5F7B0F91CB010BD704700BF64
:10B7300001A0FFFF52575055002862D010B59CB0B1
:10B7400004466A2200210DF10600F5F7C5F82D48E0
:10B75000009004236422214602A8ADF80430F5F7D6
:10B7600093F9002228490E924FF6FF7316920F921A
:10B7700017921092189268460DF16E0C10F8012B7A
:10B78000534043F300020A4082EA530242F30003AB
:10B790000B40C2F34E02534043F300020A40C3F38E
:10B7A0004E035A4042F300030B40C2F34E02534093
:10B7B00043F300020A40C3F34E035A4042F300032E
:10B7C0000B40C2F34E02534043F300020A40C3F35E
:10B7D0004E035A4042F300030B40C2F34E02534063
:10B7E00060459BB2CAD10020ADF86C3000F070FD0E
:10B7F00008B11CB010BD7022694600F0BDFD1CB040
:10B8000010BD70475257505501A0FFFF70B584B06E
:10B81000A2F10A0C089E04460A461D46BCF11E0F02
:10B8200000F2B481DFE81CF09E0185017101C601C0
:10B83000B6016101B2014C013301B2012E012901AF
:10B8400025011B010F010B010701F300EF00F700B9
:10B85000DF00CA00B5009C00830073006F006B001E
:10B86000670063001F00AB88009303911B234FF414
:10B87000807100F0FDFF039A002840F0C58195ED2E
:10B88000047AB5EEC07AF1EE10FA09D9DFEDD76A85
:10B89000F6EE007AE7EE267AFCEEE77A17EE900AEB
:10B8A00000900C234FF480712046039200F0E0FFDB
:10B8B000002840F0A98196ED037A039AB5EEC07A8C
:10B8C000F1EE10FA09D9DFEDC96AF6EE007AE7EE7B
:10B8D000267AFCEEE77A17EE900A089020234FF4C0
:10B8E0008071204604B0BDE8704000F0C1BFF3692C
:10B8F00008932723F3E7AB6A08932623EFE7EB8D42
:10B9000008932523EBE7AB8D08932423E7E7D5EDD8
:10B91000096A9FEDB67AF6EE007AE6EE877A23237F
:10B920004FF48071FCEEE77ACDED087ADAE7D6EDD8
:10B93000047A9FEDAF7ADFEDAD6AF4EEC77AF1EEEF
:10B9400010FAA8BFB0EE677AF6EE007AE7EE267A34
:10B9500022234FF48071FDEEE77ACDED087AC1E73E
:10B96000D5ED057A9FEDA27ADFEDA06AF4EEC77AF5
:10B97000F1EE10FAA8BFB0EE677AF6EE007AE7EEC5
:10B98000267A21234FF48071FDEEE77ACDED087A17
:10B99000A8E796ED037AB5EEC07AF1EE10FA40F220
:10B9A0002D81DFED926AF6EE007AE7EE267AFCEE64
:10B9B000E77A17EE903A0893202390E795ED047A02
:10B9C000B5EEC07AF1EE10FA40F20D81DFED876A34
:10B9D000F6EE007AE7EE267AFCEEE77A17EE903A7A
:10B9E00008931F237BE7D6ED026A9FED807AF6EE7F
:10B9F000007AE6EE877A1E234FF48071FCEEE77A38
:10BA0000CDED087A6EE7EB8808931C2367E7AB88D7
:10BA100008931B2363E7D5ED076A9FED747AF6EE72
:10BA2000007AE6EE877A1D234FF48071FCEEE77A08
:10BA3000CDED087A56E76B8808931A234FE72B88D9
:10BA4000089319234BE795F83330089318234FF4E4
:10BA50008071204604B0BDE8704000F0E7BE95F864
:10BA60003230042B96BF63490023CB5C0893172325
:10BA7000EDE72B8E0893162331E796F820300893D4
:10BA80001523E4E795F8343008931423DFE7D6ED67
:10BA9000017A9FED577ADFED556AF4EEC77AF1EE41
:10BAA00010FAA8BFB0EE677AF6EE007AE7EE267AD3
:10BAB00012234FF48071FDEEE77ACDED087A11E79D
:10BAC00096ED007AB5EEC07AF1EE10FA40F294806D
:10BAD000DFED466AF6EE007AE7EE267AFCEEE77ACC
:10BAE00017EE903A08931123F9E6D5ED076A9FED1A
:10BAF0003F7AF6EE007AE6EE877A0F234FF48071F4
:10BB0000FCEEE77ACDED087AECE695ED047AB5EE39
:10BB1000C07AF1EE10FA73D9DFED346AF6EE007AEE
:10BB2000E7EE267AFCEEE77A17EE903A08930C23BC
:10BB3000D5E6D5ED037A9FED2E7ADFED2C6AF4EE93
:10BB4000C77AF1EE10FAA8BFB0EE677AF6EE007A87
:10BB5000E7EE267A0B234FF48071FDEEE77ACDED08
:10BB6000087ABFE695ED027AB5EEC07AF1EE10FAEA
:10BB700048D9DFED1E6AF6EE007AE7EE267AFCEE93
:10BB8000E77A17EE903A08930A23A8E66FF00400CC
:10BB900004B070BDD5ED066A9FED147AF6EE007A1A
:10BBA000E6EE877A0E234FF48071FCEEE77ACDED56
:10BBB000087A97E6D5ED057A9FED0D7ADFED0B6AF1
:10BBC000F4EEC77AF1EE10FAA8BFB0EE677AF6EE9F
:10BBD000007AE7EE267A0D234FF48071FDEEE77AC6
:10BBE000CDED087A7EE60023FAE600BF00007A4435
:10BBF0000000000094CA0008002373E70023DAE67F
:10BC0000002393E70023BEE76FF00100C0E700BF09
:10BC10002DE9F041ECB00023204DADF81230804604
:10BC200013AE05A8FFF774FA3046FFF789FA05F15D
:10BC30001C0701E0BD420FD015F8012B009605ABA3
:10BC40000DF112012CA8FFF7E1FD04460028F1D008
:10BC500000206CB0BDE8F0814FF48470104D114E9F
:10BC60000190BDF8123002952CAA4146009603209F
:10BC700000F006FC40B90C4C0123237023780BB173
:10BC8000298819B90120E4E72C80E1E73046FDF767
:10BC90004FFF0028F6D12070F4E700BF9CCA0008CF
:10BCA0009E260020A02600209C26002010B50648D5
:10BCB00000F0DCFB054B00241C70F6F79BF9044BED
:10BCC000044A1C70148010BDAC270020A827002057
:10BCD0009C2600209E260020704700BF10B50B4B0D
:10BCE0001A7832B90A4C237813B10A4B198829B94A
:10BCF00010BD00201870FFF78BFFF3E70648FDF733
:10BD000017FF0028F4D1207010BD00BFA827002025
:10BD10009C2600209E260020A02600202DE9F04F22
:10BD2000ADF2DC4D00268DF81D6000B119B90DF2A1
:10BD3000DC4DBDE8F08F02230DF11D02CDE900328C
:10BD40000A46B4AB0146B14800F02EFCB042EEDB2F
:10BD50009DF81D30002BEAD09DF8D032AC4D9DF8F7
:10BD6000D112012BB5ACB04638D0022B00F08B803D
:10BD7000032B04D134F8023C002B00F0F78032AAE8
:10BD80000023029272AE4FF48472019200961A461A
:10BD9000FF20ADF8C83000F073FB78B9F6F72AF948
:10BDA00000F1140703E0F6F725F9874206D9BDF83C
:10BDB000C8103046FDF7BCFE0128F4D09DF81D20C8
:10BDC00008F101085FFA88F39A4204F58274AED94B
:10BDD00014F8043C14F8031C012BC6D10DF12C0AF5
:10BDE000002350460591ADF81E30ADF8203034F8F0
:10BDF000029CFFF78DF99AF832300599012B40F239
:10BE0000568119AE304605910DF1240BFFF798F9D4
:10BE100007E09BF800200096FFF7F8FC002840F0B0
:10BE2000CE805B4649460DF11E02204600F040FDE3
:10BE30000746534608A932A8002FEAD00DF122097F
:10BE40004FF48472002072AECDF808900599A9F8DD
:10BE50000000BDF820300192009632AA00F010FBDD
:10BE60000028ABD1F6F7C6F800F1140703E0F6F7A7
:10BE7000C1F88742A2D9B9F800103046FDF758FE44
:10BE80000128F4D09AE70DF1240B19AE4FF0000908
:10BE900034F802ACABF80090C6F800900F4632AB15
:10BEA0005A465146204600F003FD002840F0068126
:10BEB000BDF8CAC0BCF1040F03D0BCF1010F40F0C3
:10BEC00026819DF8C820002301E01C2B28D015F8FE
:10BED0003310914205EBC30003F10103F5D18378E0
:10BEE0009B071DD5437863451AD1BCF1010FC6F8F5
:10BEF000009040F08F80339B1B783360113A162AF4
:10BF000000F29380DFE802F0CFCB9191C79191913D
:10BF10009191919191C391BF91BB91919191B700F2
:10BF20000DF12C0A00234FF4847272AECDF808A0F4
:10BF30003946AAF80030FF20019200961A4600F018
:10BF40009FFA00287FF43AAFF6F754F800F114078F
:10BF500004E0F6F74FF887427FF630AFBAF80010EA
:10BF60003046FDF7E5FD0128F3D027E70846FFF747
:10BF70004FFE00287FF422AF32AF4FF4847272AECE
:10BF800002973880019200960346024614F8031C7B
:10BF9000FF2000F075FA00287FF410AFF6F72AF8BA
:10BFA00000F1140904E0F6F725F881457FF606AFA5
:10BFB00039883046FDF7BCFD0128F4D0FEE60DF1CE
:10BFC00022094FF4847372AECDF808900599A9F850
:10BFD00000703A46019300963B46FF2000F050FA6D
:10BFE00000287FF4EBAEF6F705F800F1140704E043
:10BFF000F6F700F887427FF6E1AEB9F80010304658
:10C00000FDF796FD0128F3D0D8E600BFAC2700204D
:10C01000B8CA000833465146204600F07DFC00288F
:10C0200040F09B809DF8C82068E70DF12C0A0023A2
:10C030004FF4847272AECDF808A03946AAF80030E9
:10C04000FF20019200961A4600F01AFA00287FF4A9
:10C05000B5AEF5F7CFFF00F1140704E0F5F7CAFF1E
:10C0600087427FF6ABAEBAF800103046FDF760FDB0
:10C070000128F3D0A2E63068FFF750F90FE73068E7
:10C08000FFF7F8F80BE73068FFF7CAF807E7306802
:10C09000FFF71AF903E73078FFF762F9FFE6306837
:10C0A000FFF79CF8FBE63068FFF754F8F7E6FEF779
:10C0B000FFF85046FFF72CF80599A2E60DF12C0A7F
:10C0C000059772AEFFF7C8F900234FF48472CDF8DC
:10C0D00008A00599AAF800301846019200961A4661
:10C0E00000F0CEF900287FF469AEF5F783FF00F188
:10C0F000140704E0F5F77EFF87427FF65FAEBAF8DB
:10C1000000103046FDF714FD0128F3D056E60DF17E
:10C110002C0A4FF4847372AECDF808A00246AAF838
:10C1200000003946019300960346FF2000F0A8F96D
:10C1300000287FF443AEF5F75DFF00F1140704E03B
:10C14000F5F758FF87427FF639AEBAF8001030464F
:10C15000FDF7EEFC0128F3D030E64FF48473ADF820
:10C160002C900DF12C0A019372AE00233946CDF8C4
:10C1700008A000961A46FF2000F082F900287FF4FC
:10C180001DAEF5F737FF00F1140704E0F5F732FFB5
:10C1900087427FF613AEBAF800103046FDF7C8FCB0
:10C1A0000128F3D00AE600BF30B585B0F5F722FFCD
:10C1B0004FF605720023194DADF8082000F1C804B0
:10C1C000ADF80C3017E0F7F73FF964220223009234
:10C1D00002A903AA2846FAF7E5FA034601224FF41A
:10C1E00000414FF09040A3B9F7F72EF99DF80D00EC
:10C1F00010F001000BD0F5F7FDFE0346A3424FF00F
:10C2000000024FF400414FF09040DCD9032005B00C
:10C2100030BDF7F719F9012005B030BD3009002015
:10C220000B4808B54FF4E0620023C2604363FAF79D
:10C2300013F908B1012008BD01224FF400414FF06D
:10C240009040F7F701F9BDE80840FFF7ADBF00BF28
:10C250003009002030B583B009B115461AB9012460
:10C26000204603B030BD030C032240BA8DF80420F1
:10C27000ADF8060000224FF090400C464FF400410C
:10C280008DF80530F7F7E0F80422104864230DEB31
:10C290000201FAF75FF988B921460C4864232A465F
:10C2A000FAF770FC044648B901224FF400414FF000
:10C2B0009040F7F7C9F8204603B030BD01224FF493
:10C2C00000414FF09040F7F7BFF8C8E73009002071
:10C2D00070B584B0002206234FF400410446642662
:10C2E0004FF090408DF808308DF80C20F7F7ACF83F
:10C2F00020480096012303AA02A9FAF753FA48BB83
:10C30000054601224FF400414FF09040F7F79CF8AA
:10C3100020232A468DF80C304FF40041230C4FF0B7
:10C32000904064BA8DF80D30ADF80E40F7F78CF8F8
:10C33000042203A90F483346FAF70CF901224FF4FF
:10C34000004188B94FF09040F7F77EF8FFF72CFFD7
:10C3500004B070BD01224FF400414FF09040F7F758
:10C3600073F8012004B070BD4FF09040F7F76CF8FF
:10C37000F7E700BF3009002000296BD02DE9F04F0E
:10C38000154687B0002A61D0DFF8DC8006460F46EC
:10C390004FF0060A30E0F7F757F80221330C4A460F
:10C3A0008DF814108DF815304FF4004173BA4FF02A
:10C3B0009040ADF81630F7F747F85B46042205A920
:10C3C0004046FAF7C7F8002846D1224639465B4670
:10C3D0004046FAF7BFF801224FF4004100283BD154
:10C3E0004FF09040F7F730F8FFF7DEFE2D1BADB2AF
:10C3F00060BB2644274455B3F4B2C4F58074A4B29C
:10C40000AC424FF000034FF000024FF400414FF0F8
:10C4100090404FF0640B28BF2C468DF810308DF8FB
:10C420000CA0F7F711F804AA03A90123CDF800B076
:10C430004046FAF7B7F9814601224FF400414FF028
:10C440009040B9F1000FA6D0F6F7FEFF012007B02B
:10C45000BDE8F08F0120704701224FF400414FF0FA
:10C460009040F6F7F1FFF1E73009002030B10021EC
:10C47000A0F808114FF48472F4F72EBA704700BF89
:10C48000F8B5069C089E8C461146BDF81C20002C71
:10C4900000F08480002E00F081801F46002967D0C4
:10C4A000B3F5807F77D803F10805ADB2023395422A
:10C4B0009BB270D8002263F307021B0A63F30F22BA
:10C4C00060F317426CF31F6245F2AA53C4F80220CE
:10C4D0002380002F45D1082505230133314904EB82
:10C4E000030C20464FF6FF7310F8012B534043F323
:10C4F00000020A4082EA530242F300030B40C2F3F7
:10C500004E02534043F300020A40C3F34E035A4025
:10C5100042F300030B40C2F34E02534043F30002C8
:10C520000A40C3F34E035A4042F300030B40C2F3E8
:10C530004E02534043F300020A40C3F34E035A40F5
:10C5400042F300030B40C2F34E02534084459BB2BA
:10C55000CAD1AA1E0020A35422441B0A537035805E
:10C56000F8BD3A46A01DF4F78FFA7B1D9BB2B4E7E5
:10C57000A3B9072A0FD93B46022262F3070367F3E8
:10C580000F2360F317436CF31F63C4F8023045F2C6
:10C59000AA5323809FE76FF00100F8BD4FF0FF30F2
:10C5A000F8BD00BF01A0FFFF2DE9F04F83B09DF85B
:10C5B0003070002800F016819B460D9B002B00F088
:10C5C000118114461A46002305461370002900F015
:10C5D0000C81BBF1000F00F00281B5F8082113199E
:10C5E000B3F5847F00F20C814CB1A8182246F4F711
:10C5F0004BFAB5F808311C44A2B2A5F80821052A67
:10C600004FF0000940F20D81874CCA4645F2AA5608
:10C610002B88B34240F08C80B5F802C0BCF1010F0A
:10C6200040F2B580BCF5817F00F2A0800CF10608D5
:10C630001FFA88F8904574D8A8F10203E9180CF1A4
:10C64000030015F803E04B78CDF804C080B2013048
:10C650004EEA032E284429464FF6FF7311F801CB0A
:10C6600083EA0C0C4CF30003234083EA5C0343F39E
:10C67000000C0CEA040CC3F34E038CEA030343F3EF
:10C68000000C0CEA040CC3F34E038CEA030343F3DF
:10C69000000C0CEA040CC3F34E038CEA030343F3CF
:10C6A000000C0CEA040CC3F34E038CEA030343F3BF
:10C6B000000C0CEA040CC3F34E038CEA030343F3AF
:10C6C000000C0CEA040CC3F34E038CEA030343F39F
:10C6D000000C0CEA040CC3F34E038CEA03038842FB
:10C6E0009BB2BBD17345DDF804C030D14F4510D9A2
:10C6F00009EB8913ACF102020BEB8300A9882BF83C
:10C70000231092B24280002A52D109F101095FFA46
:10C7100089F9B5F80821904515D84ED30023A5F81E
:10C7200008310D9B83F80090504603B0BDE8F08FB0
:10C73000013A691C2846F4F721F9B5F80821013AB5
:10C7400092B2A5F80821052A3FF662AFE9E79045C5
:10C750005CD3B5F80821A2EB080292B2052AA5F82D
:10C7600008216FF0030A3FF653AFDAE7023AA91C3B
:10C770002846F4F703F9B5F808216FF0010A52448E
:10C7800092B2052AA5F808213FF642AFC9E7023A5E
:10C79000A91C2846F4F7F2F8B5F80821023A92B23B
:10C7A000052A6FF0020AA5F808213FF631AFB8E775
:10C7B000A91D0430F4F768F9A7E7A2EB080205EB1E
:10C7C00008012846F4F7DAF8B5F80821A2EB0802C8
:10C7D00092B2052AA5F808213FF61AAFA1E7002F6B
:10C7E0003FF4FBAE4FF0FF3A9EE7002CFAD1BBF1CD
:10C7F000000F13D0B5F80821B2F5847F7FF6FFAEA5
:10C800000023A5F808316FF0010A8DE7A2EB0802BA
:10C8100005EB08012846F4F7B1F89AE7002FE9D0B4
:10C82000E0E7CA467DE700BF01A0FFFF70B59DF8B5
:10C830001040C8B1C2B1B2F800C00CF1040E8E4570
:10C840000FD80CF1010100F80C3045188444012682
:10C85000465400236B708CF803401846A2F800E0A1
:10C8600070BD6FF0010070BD4FF0FF3070BD00BFB4
:10C87000D8B1D2B1B2F800C030B50CF1070E8E4578
:10C8800010D80CF10101441800F80C300425844440
:10C890000023455463701846039BCCF80330A2F87C
:10C8A00000E030BD6FF0010030BD4FF0FF30704749
:10C8B00058B352B34BB3B2F800C08C4528D200B580
:10C8C000A1EB0C0E1FFA8EFEBEF1020F1AD910F862
:10C8D0000CE083F800E000EB0C0E0CF1030C1FFAE7
:10C8E0008CFCBEF801E0A3F802E0A1EB0C0189B2D8
:10C8F0008E4507D86044E64458600020A2F800E066
:10C900005DF804FB6FF00200FAE74FF0FF3070476C
:10C910006FF00400704700BF002B45D0002843D0C3
:10C92000C9B302293AD92DE9F0474FF00009CA46A8
:10C93000CC460AE0BA4204D100EB0E08B1464FF0F3
:10C94000010A61451BD9022D15D900EB0C040CF12D
:10C95000030EB4F8016010F80C701FFA8EFE06EB9F
:10C960000E05A1EB0E04A4B21FFA85FCA1EB0C0589
:10C97000A642ADB2DED96FF00200BDE8F087BAF191
:10C98000000F14D0B9F1040F0BD1D8F800201A60B1
:10C990000020BDE8F0876FF0040070476FF00200E0
:10C9A00070476FF00500E8E74FF0FF3070476FF019
:10C9B0000400E2E7024B13B10248F4F727B97047CD
:10C9C00000000000190C0008F8B500BFF8BC08BC56
:10C9D0009E467047F8B500BFF8BC08BC9E4670473D
:10C9E000000000000102030400000000000000003D
:10C9F0000102030406070809010002000400060002
:10CA000008000A000C001000200040008000000117
:10CA100008040204080101010101010307010000EB
:10CA20005546344F5645520055463444696769743B
:10CA3000616C506F77657200506F77657220436F3D
:10CA40006E66696700000000506F77657220496E5E
:10CA500074657266616365006D5600006D4100008B
:10CA60006D430000656E756D00000000626F6F6CB5
:10CA7000000000006269746D61736B0061646300A3
:10CA80007065726D696C6C65000000007469636BA1
:10CA900073000000010204080F0000000A0B0C0DD7
:10CAA0000E0F11121415161718191A1B1C1D1E1F14
:10CAB00020212223242526270A04010058CA000821
:10CAC0000B0401005CCA00080C04010058CA0008ED
:10CAD0000D0401005CCA00080E04010060CA0008D1
:10CAE0000F04010060CA00081104030058CA0008BE
:10CAF000120403005CCA00081401010064CA0008A3
:10CB0000150103006CCA00081604010074CA00086D
:10CB10001701010074CA00081801010064CA000866
:10CB2000190401007CCA00081A0401007CCA00082C
:10CB30001B0401007CCA00081C0401007CCA000818
:10CB40001D04010060CA00081E04030060CA00083A
:10CB50001F04010058CA00082004030058CA000836
:10CB6000210401005CCA0008220403005CCA00081A
:10CB70002304010080CA0008240401008CCA0008B4
:10CB8000250401008CCA00082604010080CA0008A0
:08CB90002704030080CA00081D
:08CB98008039FF7F010000005D
:08CBA000B5C900086902000894
:04CBA800410200083E
:10CBAC00080000200000000000000000D40200205B
:10CBBC003C030020A4030020000000000000000043
:10CBCC000000000000000000000000000000000059
:10CBDC000000000000000000000000000000000049
:10CBEC000000000000000000000000000000000039
:10CBFC000000000000000000000000000000000029
:10CC0C000000000000000000000000000000000018
:10CC1C000000000000000000000000000000000008
:10CC2C0000000000000000000000000000000000F8
:10CC3C0000000000000000000000000000000000E8
:10CC4C0001000000000000000E33CDAB34126DE685
:10CC5C00ECDE05000B0000000000000000000000EE
:10CC6C0000000000000000000000000000000000B8
:10CC7C0000000000000000000000000000000000A8
:10CC8C000000000000000000000000000000000098
:10CC9C000000000000000000000000000000000088
:10CCAC000000000000000000000000000000000078
:10CCBC000000000000000000000000000000000068
:10CCCC0000000000000000000024F400010000003F
:10CCDC001000000009074300020104C032090400DF
:10CCEC0000010202010005240010010524010001CD
:10CCFC000424020205240600010705820308001023
:10CD0C0009040100020A00000007050102400000AE
:10CD1C00070581024000000009024300020100C027
:10CD2C003209040000010202010005240010010573
:10CD3C0024010001042402020524060001070582D7
:10CD4C000308001009040100020A00000007050195
:10CD5C000240000007058102400000000902430068
:10CD6C00020100C032090400000102020100052486
:10CD7C000010010524010001042402020524060010
:10CD8C00010705820308001009040100020A0000D3
:10CD9C0000070501020002000705810200020000E5
:10CDAC0069900008259000083D8F000800000000E5
:10CDBC00598E0008E58E0008B98E000800000000AE
:10CDCC000000000000000000958E0008898E00080D
:10CDDC00A18E0008AD8E00080A060002000000407B
:10CDEC0001000000099B0008D99A0008DD9A000890
:10CDFC00E59A0008E19A00081A0300000000000000
:10CE0C000000000000000000000000000000000016
:10CE1C000000000004030904120100020202004099
:10CE2C00D107222200020102030100005D9B0008D1
:10CE3C00699B0008759B0008919B0008E59B000806
:10CE4C00AD9B0008C99B0008000000003333D33FA2
:04CE5C003333D33F5A
:0400000508001F1DB3
:00000001FF
