# -*- coding: utf-8 -*-

# Resource object code
#
# Created by: The Resource Compiler for PyQt5 (Qt v5.15.2)
#
# WARNING! All changes made in this file will be lost!

from PyQt5 import QtCore

qt_resource_data = b"\
\x00\x01\x0d\xa3\
\x4f\
\x54\x54\x4f\x00\x0d\x00\x80\x00\x03\x00\x50\x43\x46\x46\x20\x62\
\x9b\xf2\x42\x00\x00\x55\xc4\x00\x00\x69\x74\x47\x44\x45\x46\x3d\
\xad\x3e\xfe\x00\x00\xbf\x38\x00\x00\x01\x3a\x47\x50\x4f\x53\xe1\
\xaa\x8a\xc8\x00\x00\xc0\x74\x00\x00\x3a\xd2\x47\x53\x55\x42\xfc\
\x06\xd9\x87\x00\x00\xfb\x48\x00\x00\x08\x44\x4f\x53\x2f\x32\x34\
\x6e\x70\xa9\x00\x00\x01\x40\x00\x00\x00\x60\x53\x54\x41\x54\xcc\
\x1f\xe5\xb3\x00\x01\x03\x8c\x00\x00\x00\x3e\x63\x6d\x61\x70\x9b\
\xfb\x42\x3b\x00\x00\x4d\xc8\x00\x00\x07\xdc\x68\x65\x61\x64\x0c\
\x74\x70\x0f\x00\x00\x00\xdc\x00\x00\x00\x36\x68\x68\x65\x61\x06\
\x7b\x05\x42\x00\x00\x01\x14\x00\x00\x00\x24\x68\x6d\x74\x78\x64\
\xb7\x4b\xd9\x00\x01\x03\xcc\x00\x00\x09\xc4\x6d\x61\x78\x70\x02\
\x71\x50\x00\x00\x00\x01\x38\x00\x00\x00\x06\x6e\x61\x6d\x65\xf2\
\x95\xef\xb1\x00\x00\x01\xa0\x00\x00\x4c\x25\x70\x6f\x73\x74\xff\
\xb8\x00\x32\x00\x00\x55\xa4\x00\x00\x00\x20\x00\x01\x00\x00\x00\
\x04\x00\xc4\xaf\xc0\xd7\x93\x5f\x0f\x3c\xf5\x00\x03\x03\xe8\x00\
\x00\x00\x00\xd5\x4b\x5c\xf6\x00\x00\x00\x00\xd5\x4b\xcf\x00\xfe\
\x76\xff\x38\x04\x4c\x03\x3d\x00\x01\x00\x03\x00\x02\x00\x00\x00\
\x00\x00\x00\x00\x01\x00\x00\x02\xee\xff\x06\x00\xc8\x04\x74\xfe\
\x76\xff\x56\x04\x4c\x00\x01\x00\x00\x00\x00\x00\x00\x00\x00\x00\
\x00\x00\x00\x00\x00\x02\x71\x00\x00\x50\x00\x02\x71\x00\x00\x00\
\x03\x01\xdb\x02\xbc\x00\x05\x00\x00\x02\x8a\x02\x58\x00\x00\x00\
\x4b\x02\x8a\x02\x58\x00\x00\x01\x5e\x00\x32\x01\x03\x00\x00\x00\
\x00\x08\x00\x00\x00\x00\x00\x00\x00\x00\x00\x02\x87\x00\x00\x00\
\x00\x00\x00\x00\x00\x00\x00\x00\x00\x42\x4c\x20\x20\x00\x20\x00\
\x0d\xfb\x02\x02\xee\xff\x06\x00\xc8\x03\x5c\x00\xd2\x20\x00\x00\
\x9f\x00\x00\x00\x00\x01\xb0\x02\x56\x00\x00\x00\x20\x00\x03\x00\
\x00\x00\x1e\x01\x6e\x00\x01\x00\x00\x00\x00\x00\x00\x00\xc4\x00\
\x00\x00\x01\x00\x00\x00\x00\x00\x01\x00\x0b\x00\xc4\x00\x01\x00\
\x00\x00\x00\x00\x02\x00\x04\x00\xcf\x00\x01\x00\x00\x00\x00\x00\
\x03\x00\x1a\x00\xd3\x00\x01\x00\x00\x00\x00\x00\x04\x00\x10\x00\
\xed\x00\x01\x00\x00\x00\x00\x00\x05\x00\x20\x00\xfd\x00\x01\x00\
\x00\x00\x00\x00\x06\x00\x0f\x01\x1d\x00\x01\x00\x00\x00\x00\x00\
\x08\x00\x16\x01\x2c\x00\x01\x00\x00\x00\x00\x00\x09\x00\x0b\x01\
\x42\x00\x01\x00\x00\x00\x00\x00\x0a\x00\xc9\x01\x4d\x00\x01\x00\
\x00\x00\x00\x00\x0b\x00\x11\x02\x16\x00\x01\x00\x00\x00\x00\x00\
\x0c\x00\x0c\x02\x27\x00\x01\x00\x00\x00\x00\x00\x0d\x16\xaa\x02\
\x33\x00\x01\x00\x00\x00\x00\x00\x0e\x00\x11\x02\x16\x00\x03\x00\
\x01\x04\x09\x00\x00\x01\x88\x18\xdd\x00\x03\x00\x01\x04\x09\x00\
\x01\x00\x20\x1a\x65\x00\x03\x00\x01\x04\x09\x00\x02\x00\x08\x1a\
\x85\x00\x03\x00\x01\x04\x09\x00\x03\x00\x34\x1a\x8d\x00\x03\x00\
\x01\x04\x09\x00\x04\x00\x20\x1a\xc1\x00\x03\x00\x01\x04\x09\x00\
\x05\x00\x40\x1a\xe1\x00\x03\x00\x01\x04\x09\x00\x06\x00\x1e\x1b\
\x21\x00\x03\x00\x01\x04\x09\x00\x08\x00\x2c\x1b\x3f\x00\x03\x00\
\x01\x04\x09\x00\x09\x00\x16\x1b\x6b\x00\x03\x00\x01\x04\x09\x00\
\x0a\x01\x92\x1b\x81\x00\x03\x00\x01\x04\x09\x00\x0b\x00\x22\x1d\
\x13\x00\x03\x00\x01\x04\x09\x00\x0c\x00\x18\x1d\x35\x00\x03\x00\
\x01\x04\x09\x00\x0d\x2d\x54\x1d\x4d\x00\x03\x00\x01\x04\x09\x00\
\x0e\x00\x22\x1d\x13\x00\x03\x00\x01\x04\x09\x00\x10\x00\x16\x4a\
\xa1\x00\x03\x00\x01\x04\x09\x01\x00\x00\x08\x1a\x85\x43\x6f\x70\
\x79\x72\x69\x67\x68\x74\x20\xa9\x20\x62\x79\x20\x42\x69\x6e\x6e\
\x65\x6e\x6c\x61\x6e\x64\x2c\x20\x32\x30\x30\x36\x2e\x20\x41\x6c\
\x6c\x20\x72\x69\x67\x68\x74\x73\x20\x72\x65\x73\x65\x72\x76\x65\
\x64\x2e\x20\x54\x68\x69\x73\x20\x73\x6f\x66\x74\x77\x61\x72\x65\
\x20\x6d\x61\x79\x20\x6e\x6f\x74\x20\x62\x65\x20\x72\x65\x70\x72\
\x6f\x64\x75\x63\x65\x64\x2c\x20\x75\x73\x65\x64\x2c\x20\x64\x69\
\x73\x70\x6c\x61\x79\x65\x64\x2c\x20\x6d\x6f\x64\x69\x66\x69\x65\
\x64\x2c\x20\x64\x69\x73\x63\x6c\x6f\x73\x65\x64\x20\x6f\x72\x20\
\x74\x72\x61\x6e\x73\x66\x65\x72\x72\x65\x64\x20\x77\x69\x74\x68\
\x6f\x75\x74\x20\x74\x68\x65\x20\x65\x78\x70\x72\x65\x73\x73\x20\
\x77\x72\x69\x74\x74\x65\x6e\x20\x61\x70\x70\x72\x6f\x76\x61\x6c\
\x20\x6f\x66\x20\x28\x42\x69\x6e\x6e\x65\x6e\x6c\x61\x6e\x64\x29\
\x2e\x42\x6c\x65\x6e\x64\x65\x72\x20\x50\x72\x6f\x42\x6f\x6c\x64\
\x34\x2e\x30\x30\x33\x3b\x42\x4c\x20\x20\x3b\x42\x6c\x65\x6e\x64\
\x65\x72\x50\x72\x6f\x2d\x42\x6f\x6c\x64\x42\x6c\x65\x6e\x64\x65\
\x72\x20\x50\x72\x6f\x20\x42\x6f\x6c\x64\x56\x65\x72\x73\x69\x6f\
\x6e\x20\x34\x2e\x30\x30\x33\x20\x7c\x20\x77\x2d\x72\x69\x70\x20\
\x44\x43\x32\x30\x31\x37\x30\x35\x32\x35\x42\x6c\x65\x6e\x64\x65\
\x72\x50\x72\x6f\x2d\x42\x6f\x6c\x64\x4e\x69\x6b\x20\x54\x68\x6f\
\x65\x6e\x65\x6e\x20\x28\x72\x65\x2d\x70\x2e\x6f\x72\x67\x29\x4e\
\x69\x6b\x20\x54\x68\x6f\x65\x6e\x65\x6e\x43\x6f\x70\x79\x72\x69\
\x67\x68\x74\x20\xa9\x20\x62\x79\x20\x42\x69\x6e\x6e\x65\x6e\x6c\
\x61\x6e\x64\x2c\x20\x32\x30\x30\x33\x2f\x32\x30\x31\x37\x2e\x20\
\x41\x6c\x6c\x20\x72\x69\x67\x68\x74\x73\x20\x72\x65\x73\x65\x72\
\x76\x65\x64\x2e\x20\x54\x68\x69\x73\x20\x73\x6f\x66\x74\x77\x61\
\x72\x65\x20\x6d\x61\x79\x20\x6e\x6f\x74\x20\x62\x65\x20\x72\x65\
\x70\x72\x6f\x64\x75\x63\x65\x64\x2c\x20\x75\x73\x65\x64\x2c\x20\
\x64\x69\x73\x70\x6c\x61\x79\x65\x64\x2c\x20\x6d\x6f\x64\x69\x66\
\x69\x65\x64\x2c\x20\x64\x69\x73\x63\x6c\x6f\x73\x65\x64\x20\x6f\
\x72\x20\x74\x72\x61\x6e\x73\x66\x65\x72\x72\x65\x64\x20\x77\x69\
\x74\x68\x6f\x75\x74\x20\x74\x68\x65\x20\x65\x78\x70\x72\x65\x73\
\x73\x20\x77\x72\x69\x74\x74\x65\x6e\x20\x61\x70\x70\x72\x6f\x76\
\x61\x6c\x20\x6f\x66\x20\x28\x42\x69\x6e\x6e\x65\x6e\x6c\x61\x6e\
\x64\x29\x2e\x77\x77\x77\x2e\x62\x69\x6e\x6e\x65\x6e\x6c\x61\x6e\
\x64\x2e\x63\x68\x77\x77\x77\x2e\x72\x65\x2d\x70\x2e\x6f\x72\x67\
\x42\x69\x6e\x6e\x65\x6e\x6c\x61\x6e\x64\x20\x65\x6e\x64\x20\x75\
\x73\x65\x72\x20\x6c\x69\x63\x65\x6e\x73\x65\x20\x61\x67\x72\x65\
\x65\x6d\x65\x6e\x74\x0a\x0a\x42\x69\x6e\x6e\x65\x6e\x6c\x61\x6e\
\x64\x20\x67\x72\x61\x6e\x74\x73\x20\x79\x6f\x75\x20\x61\x20\x6e\
\x6f\x6e\x2d\x65\x78\x63\x6c\x75\x73\x69\x76\x65\x2c\x20\x6e\x6f\
\x6e\x2d\x74\x72\x61\x6e\x73\x66\x65\x72\x61\x62\x6c\x65\x20\x6c\
\x69\x63\x65\x6e\x73\x65\x20\x74\x6f\x20\x75\x73\x65\x20\x74\x68\
\x65\x20\x46\x6f\x6e\x74\x20\x53\x6f\x66\x74\x77\x61\x72\x65\x20\
\x61\x6e\x64\x20\x44\x6f\x63\x75\x6d\x65\x6e\x74\x61\x74\x69\x6f\
\x6e\x2c\x20\x70\x72\x6f\x76\x69\x64\x65\x64\x20\x74\x68\x61\x74\
\x20\x79\x6f\x75\x20\x61\x67\x72\x65\x65\x20\x74\x6f\x20\x74\x68\
\x65\x20\x66\x6f\x6c\x6c\x6f\x77\x69\x6e\x67\x3a\x0a\x0a\x41\x72\
\x74\x69\x63\x6c\x65\x20\x31\x3a\x20\x55\x73\x65\x20\x6f\x66\x20\
\x46\x6f\x6e\x74\x20\x53\x6f\x66\x74\x77\x61\x72\x65\x0a\x31\x2d\
\x31\x0a\x59\x6f\x75\x20\x61\x72\x65\x20\x67\x72\x61\x6e\x74\x65\
\x64\x20\x61\x20\x6e\x6f\x6e\x2d\x65\x78\x63\x6c\x75\x73\x69\x76\
\x65\x20\x72\x69\x67\x68\x74\x20\x74\x6f\x20\x75\x73\x65\x20\x74\
\x68\x65\x20\x46\x6f\x6e\x74\x20\x53\x6f\x66\x74\x77\x61\x72\x65\
\x20\x74\x6f\x20\x70\x72\x6f\x64\x75\x63\x65\x20\x61\x6e\x64\x20\
\x64\x69\x73\x70\x6c\x61\x79\x20\x74\x79\x70\x65\x66\x61\x63\x65\
\x73\x20\x6f\x6e\x20\x61\x20\x70\x72\x69\x6e\x74\x65\x72\x2c\x20\
\x74\x79\x70\x65\x73\x65\x74\x74\x65\x72\x2c\x20\x66\x69\x6c\x6d\
\x20\x72\x65\x63\x6f\x72\x64\x65\x72\x20\x6f\x72\x20\x6f\x74\x68\
\x65\x72\x20\x6f\x75\x74\x70\x75\x74\x20\x64\x65\x76\x69\x63\x65\
\x2e\x20\x49\x66\x20\x74\x68\x65\x20\x53\x6f\x66\x74\x77\x61\x72\
\x65\x20\x77\x69\x6c\x6c\x20\x62\x65\x20\x69\x6e\x73\x74\x61\x6c\
\x6c\x65\x64\x20\x6f\x6e\x20\x6d\x6f\x72\x65\x20\x63\x6f\x6d\x70\
\x75\x74\x65\x72\x73\x20\x74\x68\x61\x6e\x20\x79\x6f\x75\x20\x61\
\x72\x65\x20\x67\x72\x61\x6e\x74\x65\x64\x20\x66\x6f\x72\x2c\x20\
\x61\x6e\x20\x61\x64\x64\x69\x74\x69\x6f\x6e\x61\x6c\x20\x6c\x69\
\x63\x65\x6e\x73\x65\x20\x6d\x75\x73\x74\x20\x62\x65\x20\x61\x63\
\x71\x75\x69\x72\x65\x64\x20\x66\x6f\x72\x20\x65\x76\x65\x72\x79\
\x20\x61\x64\x64\x69\x74\x69\x6f\x6e\x61\x6c\x20\x63\x6f\x6d\x70\
\x75\x74\x65\x72\x20\x66\x72\x6f\x6d\x20\x42\x69\x6e\x6e\x65\x6e\
\x6c\x61\x6e\x64\x2e\x0a\x0a\x31\x2d\x32\x0a\x42\x69\x6e\x6e\x65\
\x6e\x6c\x61\x6e\x64\x20\x67\x72\x61\x6e\x74\x73\x20\x79\x6f\x75\
\x20\x74\x68\x65\x20\x72\x69\x67\x68\x74\x2c\x20\x65\x78\x63\x6c\
\x75\x73\x69\x76\x65\x6c\x79\x20\x66\x6f\x72\x20\x74\x68\x65\x20\
\x70\x75\x72\x70\x6f\x73\x65\x20\x6f\x66\x20\x70\x72\x6f\x74\x65\
\x63\x74\x69\x6e\x67\x20\x74\x68\x65\x20\x46\x6f\x6e\x74\x20\x53\
\x6f\x66\x74\x77\x61\x72\x65\x20\x61\x6e\x64\x20\x65\x78\x63\x6c\
\x75\x73\x69\x76\x65\x6c\x79\x20\x66\x6f\x72\x20\x79\x6f\x75\x72\
\x73\x65\x6c\x66\x2c\x20\x74\x6f\x20\x6d\x61\x6b\x65\x20\x6f\x6e\
\x65\x20\x28\x62\x61\x63\x6b\x2d\x75\x70\x29\x20\x63\x6f\x70\x79\
\x20\x6f\x66\x20\x74\x68\x65\x20\x46\x6f\x6e\x74\x20\x53\x6f\x66\
\x74\x77\x61\x72\x65\x2e\x0a\x0a\x31\x2d\x33\x0a\x59\x6f\x75\x20\
\x73\x68\x61\x6c\x6c\x20\x6e\x6f\x74\x20\x74\x72\x61\x6e\x73\x66\
\x65\x72\x20\x74\x68\x65\x20\x4c\x69\x63\x65\x6e\x73\x65\x20\x41\
\x67\x72\x65\x65\x6d\x65\x6e\x74\x20\x69\x73\x73\x75\x65\x64\x20\
\x74\x6f\x20\x79\x6f\x75\x2c\x20\x74\x6f\x20\x61\x20\x74\x68\x69\
\x72\x64\x20\x70\x61\x72\x74\x79\x2c\x20\x6e\x65\x69\x74\x68\x65\
\x72\x20\x70\x61\x72\x74\x69\x61\x6c\x6c\x79\x2c\x20\x6e\x6f\x72\
\x20\x63\x6f\x6d\x70\x6c\x65\x74\x65\x6c\x79\x2e\x20\x54\x68\x69\
\x73\x20\x4c\x69\x63\x65\x6e\x73\x65\x20\x41\x67\x72\x65\x65\x6d\
\x65\x6e\x74\x20\x69\x73\x20\x6e\x6f\x6e\x2d\x74\x72\x61\x6e\x73\
\x66\x65\x72\x61\x62\x6c\x65\x2c\x20\x75\x6e\x6c\x65\x73\x73\x20\
\x79\x6f\x75\x20\x68\x61\x76\x65\x20\x77\x72\x69\x74\x74\x65\x6e\
\x20\x70\x65\x72\x6d\x69\x73\x73\x69\x6f\x6e\x20\x66\x72\x6f\x6d\
\x20\x42\x69\x6e\x6e\x65\x6e\x6c\x61\x6e\x64\x2e\x0a\x0a\x31\x2d\
\x34\x0a\x45\x6d\x62\x65\x64\x64\x69\x6e\x67\x20\x6f\x66\x20\x74\
\x68\x65\x20\x46\x6f\x6e\x74\x20\x53\x6f\x66\x74\x77\x61\x72\x65\
\x20\x69\x73\x20\x6e\x6f\x74\x20\x70\x65\x72\x6d\x69\x74\x74\x65\
\x64\x2e\x20\x49\x66\x20\x65\x6d\x62\x65\x64\x64\x69\x6e\x67\x20\
\x6f\x66\x20\x74\x68\x65\x20\x46\x6f\x6e\x74\x20\x53\x6f\x66\x74\
\x77\x61\x72\x65\x20\x69\x73\x20\x64\x65\x73\x69\x72\x65\x64\x20\
\x28\x65\x2e\x67\x2e\x20\x6f\x6e\x20\x74\x68\x65\x20\x69\x6e\x74\
\x65\x72\x6e\x65\x74\x20\x6f\x72\x20\x63\x64\x2d\x72\x6f\x6d\x29\
\x2c\x20\x61\x6e\x20\x61\x64\x64\x69\x74\x69\x6f\x6e\x61\x6c\x20\
\x6c\x69\x63\x65\x6e\x73\x65\x20\x6d\x75\x73\x74\x20\x62\x65\x20\
\x70\x75\x72\x63\x68\x61\x73\x65\x64\x2e\x20\x49\x74\x20\x69\x73\
\x20\x6e\x6f\x74\x20\x61\x6c\x6c\x6f\x77\x65\x64\x20\x74\x6f\x20\
\x65\x6d\x62\x65\x64\x20\x74\x68\x65\x20\x46\x6f\x6e\x74\x20\x53\
\x6f\x66\x74\x77\x61\x72\x65\x20\x69\x6e\x20\x61\x20\x70\x75\x62\
\x6c\x69\x73\x68\x65\x64\x20\x64\x6f\x63\x75\x6d\x65\x6e\x74\x2e\
\x20\x48\x6f\x77\x65\x76\x65\x72\x20\x74\x68\x65\x72\x65\x20\x69\
\x73\x20\x6f\x6e\x65\x20\x65\x78\x63\x65\x70\x74\x69\x6f\x6e\x3a\
\x20\x79\x6f\x75\x20\x6d\x61\x79\x20\x74\x61\x6b\x65\x20\x61\x20\
\x64\x6f\x63\x75\x6d\x65\x6e\x74\x20\x77\x69\x74\x68\x20\x74\x68\
\x65\x20\x65\x6d\x62\x65\x64\x64\x65\x64\x20\x46\x6f\x6e\x74\x20\
\x53\x6f\x66\x74\x77\x61\x72\x65\x20\x74\x6f\x20\x61\x20\x63\x6f\
\x6d\x6d\x65\x72\x63\x69\x61\x6c\x20\x70\x72\x69\x6e\x74\x65\x72\
\x20\x6f\x72\x20\x73\x65\x72\x76\x69\x63\x65\x20\x62\x75\x72\x65\
\x61\x75\x20\x6f\x6e\x6c\x79\x20\x69\x66\x20\x74\x68\x65\x20\x64\
\x6f\x63\x75\x6d\x65\x6e\x74\x20\x69\x73\x20\x6e\x6f\x74\x20\x65\
\x64\x69\x74\x61\x62\x6c\x65\x20\x61\x6e\x64\x20\x69\x73\x20\x6f\
\x6e\x6c\x79\x20\x64\x69\x73\x74\x72\x69\x62\x75\x74\x65\x64\x20\
\x74\x6f\x20\x74\x68\x65\x20\x70\x72\x69\x6e\x74\x65\x72\x20\x6f\
\x72\x20\x73\x65\x72\x76\x69\x63\x65\x20\x62\x75\x72\x65\x61\x75\
\x20\x66\x6f\x72\x20\x75\x73\x65\x20\x62\x79\x20\x74\x68\x65\x20\
\x70\x72\x69\x6e\x74\x65\x72\x20\x6f\x72\x20\x73\x65\x72\x76\x69\
\x63\x65\x20\x62\x75\x72\x65\x61\x75\x2e\x0a\x0a\x31\x2d\x35\x0a\
\x42\x69\x6e\x6e\x65\x6e\x6c\x61\x6e\x64\x20\x72\x65\x73\x65\x72\
\x76\x65\x73\x20\x61\x6c\x6c\x20\x72\x69\x67\x68\x74\x73\x20\x6e\
\x6f\x74\x20\x65\x78\x70\x72\x65\x73\x73\x6c\x79\x20\x67\x72\x61\
\x6e\x74\x65\x64\x20\x74\x6f\x20\x79\x6f\x75\x20\x75\x6e\x64\x65\
\x72\x20\x74\x68\x69\x73\x20\x4c\x69\x63\x65\x6e\x73\x65\x20\x41\
\x67\x72\x65\x65\x6d\x65\x6e\x74\x2e\x0a\x0a\x0a\x41\x72\x74\x69\
\x63\x6c\x65\x20\x32\x3a\x20\x53\x65\x72\x76\x69\x63\x65\x20\x50\
\x72\x6f\x76\x69\x64\x65\x72\x73\x0a\x32\x2d\x31\x0a\x59\x6f\x75\
\x20\x6d\x61\x79\x20\x74\x61\x6b\x65\x20\x61\x20\x64\x69\x67\x69\
\x74\x69\x7a\x65\x64\x20\x63\x6f\x70\x79\x20\x6f\x66\x20\x74\x68\
\x65\x20\x46\x6f\x6e\x74\x20\x53\x6f\x66\x74\x77\x61\x72\x65\x20\
\x75\x73\x65\x64\x20\x66\x6f\x72\x20\x61\x20\x70\x61\x72\x74\x69\
\x63\x75\x6c\x61\x72\x20\x64\x6f\x63\x75\x6d\x65\x6e\x74\x20\x74\
\x6f\x20\x61\x20\x63\x6f\x6d\x6d\x65\x72\x63\x69\x61\x6c\x20\x70\
\x72\x69\x6e\x74\x65\x72\x20\x6f\x72\x20\x73\x65\x72\x76\x69\x63\
\x65\x20\x62\x75\x72\x65\x61\x75\x20\x66\x6f\x72\x20\x75\x73\x65\
\x20\x62\x79\x20\x74\x68\x65\x20\x70\x72\x69\x6e\x74\x65\x72\x20\
\x6f\x72\x20\x73\x65\x72\x76\x69\x63\x65\x20\x62\x75\x72\x65\x61\
\x75\x20\x69\x6e\x20\x70\x72\x69\x6e\x74\x69\x6e\x67\x20\x73\x75\
\x63\x68\x20\x64\x6f\x63\x75\x6d\x65\x6e\x74\x20\x62\x75\x74\x20\
\x6f\x6e\x6c\x79\x20\x69\x66\x20\x74\x68\x65\x20\x70\x72\x69\x6e\
\x74\x65\x72\x20\x6f\x72\x20\x73\x65\x72\x76\x69\x63\x65\x20\x62\
\x75\x72\x65\x61\x75\x20\x72\x65\x70\x72\x65\x73\x65\x6e\x74\x73\
\x20\x74\x6f\x20\x79\x6f\x75\x20\x74\x68\x61\x74\x20\x69\x74\x20\
\x68\x61\x73\x20\x70\x75\x72\x63\x68\x61\x73\x65\x64\x20\x6f\x72\
\x20\x62\x65\x65\x6e\x20\x67\x72\x61\x6e\x74\x65\x64\x20\x61\x20\
\x6c\x69\x63\x65\x6e\x73\x65\x20\x74\x6f\x20\x75\x73\x65\x20\x74\
\x68\x61\x74\x20\x70\x61\x72\x74\x69\x63\x75\x6c\x61\x72\x20\x46\
\x6f\x6e\x74\x20\x53\x6f\x66\x74\x77\x61\x72\x65\x2e\x20\x59\x6f\
\x75\x20\x6d\x61\x79\x20\x6e\x6f\x74\x20\x69\x6e\x63\x6c\x75\x64\
\x65\x20\x74\x68\x65\x20\x46\x6f\x6e\x74\x20\x53\x6f\x66\x74\x77\
\x61\x72\x65\x20\x69\x6e\x20\x61\x20\x64\x6f\x63\x75\x6d\x65\x6e\
\x74\x2c\x20\x79\x6f\x75\x20\x6d\x61\x79\x20\x6e\x6f\x74\x20\x64\
\x69\x73\x74\x72\x69\x62\x75\x74\x65\x20\x74\x68\x65\x20\x64\x6f\
\x63\x75\x6d\x65\x6e\x74\x20\x77\x69\x74\x68\x20\x74\x68\x65\x20\
\x46\x6f\x6e\x74\x20\x53\x6f\x66\x74\x77\x61\x72\x65\x20\x74\x6f\
\x20\x74\x68\x69\x72\x64\x20\x70\x61\x72\x74\x69\x65\x73\x2c\x20\
\x69\x6e\x63\x6c\x75\x64\x69\x6e\x67\x20\x62\x75\x74\x20\x6e\x6f\
\x74\x20\x6c\x69\x6d\x69\x74\x65\x64\x20\x74\x6f\x20\x74\x68\x65\
\x20\x69\x6e\x74\x65\x72\x6e\x65\x74\x20\x61\x6e\x64\x20\x63\x64\
\x2d\x72\x6f\x6d\x2e\x0a\x0a\x0a\x41\x72\x74\x69\x63\x6c\x65\x20\
\x33\x3a\x20\x43\x6f\x70\x79\x72\x69\x67\x68\x74\x73\x20\x26\x20\
\x54\x72\x61\x64\x65\x6d\x61\x72\x6b\x73\x0a\x33\x2d\x31\x0a\x59\
\x6f\x75\x20\x61\x67\x72\x65\x65\x20\x74\x68\x61\x74\x20\x74\x68\
\x65\x20\x46\x6f\x6e\x74\x20\x53\x6f\x66\x74\x77\x61\x72\x65\x20\
\x61\x6e\x64\x20\x44\x6f\x63\x75\x6d\x65\x6e\x74\x61\x74\x69\x6f\
\x6e\x2c\x20\x61\x6e\x64\x20\x61\x6c\x6c\x20\x63\x6f\x70\x69\x65\
\x73\x20\x74\x68\x65\x72\x65\x6f\x66\x2c\x20\x61\x72\x65\x20\x6f\
\x77\x6e\x65\x64\x20\x62\x79\x20\x42\x69\x6e\x6e\x65\x6e\x6c\x61\
\x6e\x64\x2c\x20\x61\x6e\x64\x20\x73\x75\x63\x68\x20\x73\x74\x72\
\x75\x63\x74\x75\x72\x65\x2c\x20\x6f\x72\x67\x61\x6e\x69\x7a\x61\
\x74\x69\x6f\x6e\x2c\x20\x61\x6e\x64\x20\x63\x6f\x64\x65\x20\x61\
\x72\x65\x20\x76\x61\x6c\x75\x61\x62\x6c\x65\x20\x70\x72\x6f\x70\
\x65\x72\x74\x79\x20\x6f\x66\x20\x42\x69\x6e\x6e\x65\x6e\x6c\x61\
\x6e\x64\x2e\x20\x59\x6f\x75\x20\x61\x63\x6b\x6e\x6f\x77\x6c\x65\
\x64\x67\x65\x20\x74\x68\x61\x74\x20\x74\x68\x65\x20\x46\x6f\x6e\
\x74\x20\x53\x6f\x66\x74\x77\x61\x72\x65\x20\x61\x6e\x64\x20\x74\
\x68\x65\x20\x64\x6f\x63\x75\x6d\x65\x6e\x74\x61\x74\x69\x6f\x6e\
\x20\x69\x73\x20\x70\x72\x6f\x74\x65\x63\x74\x65\x64\x20\x62\x79\
\x20\x74\x68\x65\x20\x6c\x61\x77\x73\x20\x6f\x66\x20\x73\x77\x69\
\x74\x7a\x65\x72\x6c\x61\x6e\x64\x2c\x20\x62\x79\x20\x74\x68\x65\
\x20\x63\x6f\x70\x79\x72\x69\x67\x68\x74\x20\x61\x6e\x64\x20\x64\
\x65\x73\x69\x67\x6e\x20\x6c\x61\x77\x73\x20\x6f\x66\x20\x6f\x74\
\x68\x65\x72\x20\x6e\x61\x74\x69\x6f\x6e\x73\x20\x61\x6e\x64\x20\
\x62\x79\x20\x6f\x74\x68\x65\x72\x20\x74\x72\x65\x61\x74\x69\x65\
\x73\x2e\x20\x59\x6f\x75\x20\x61\x67\x72\x65\x65\x20\x74\x6f\x20\
\x74\x72\x65\x61\x74\x20\x74\x68\x65\x20\x46\x6f\x6e\x74\x20\x53\
\x6f\x66\x74\x77\x61\x72\x65\x20\x61\x73\x20\x79\x6f\x75\x20\x77\
\x6f\x75\x6c\x64\x20\x61\x6e\x79\x20\x6f\x74\x68\x65\x72\x20\x63\
\x6f\x70\x79\x72\x69\x67\x68\x74\x65\x64\x20\x6d\x61\x74\x65\x72\
\x69\x61\x6c\x2c\x20\x73\x75\x63\x68\x20\x61\x73\x20\x61\x20\x62\
\x6f\x6f\x6b\x2e\x0a\x0a\x33\x2d\x32\x0a\x59\x6f\x75\x20\x61\x67\
\x72\x65\x65\x20\x74\x6f\x20\x75\x73\x65\x20\x74\x72\x61\x64\x65\
\x6d\x61\x72\x6b\x73\x20\x61\x73\x73\x6f\x63\x69\x61\x74\x65\x64\
\x20\x77\x69\x74\x68\x20\x74\x68\x65\x20\x46\x6f\x6e\x74\x20\x53\
\x6f\x66\x74\x77\x61\x72\x65\x20\x61\x63\x63\x6f\x72\x64\x69\x6e\
\x67\x20\x74\x6f\x20\x61\x63\x63\x65\x70\x74\x65\x64\x20\x74\x72\
\x61\x64\x65\x6d\x61\x72\x6b\x20\x70\x72\x61\x63\x74\x69\x63\x65\
\x2c\x20\x69\x6e\x63\x6c\x75\x64\x69\x6e\x67\x20\x69\x64\x65\x6e\
\x74\x69\x66\x69\x63\x61\x74\x69\x6f\x6e\x20\x6f\x66\x20\x74\x68\
\x65\x20\x74\x72\x61\x64\x65\x6d\x61\x72\x6b\x20\x6f\x77\x6e\x65\
\x72\xd5\x73\x20\x6e\x61\x6d\x65\x2e\x20\x54\x72\x61\x64\x65\x6d\
\x61\x72\x6b\x73\x20\x63\x61\x6e\x20\x6f\x6e\x6c\x79\x20\x62\x65\
\x20\x75\x73\x65\x64\x20\x74\x6f\x20\x69\x64\x65\x6e\x74\x69\x66\
\x79\x20\x70\x72\x69\x6e\x74\x65\x64\x20\x6f\x75\x74\x70\x75\x74\
\x20\x62\x79\x20\x74\x68\x65\x20\x46\x6f\x6e\x74\x20\x53\x6f\x66\
\x74\x77\x61\x72\x65\x2e\x20\x54\x68\x65\x20\x75\x73\x65\x20\x6f\
\x66\x20\x61\x6e\x79\x20\x74\x72\x61\x64\x65\x6d\x61\x72\x6b\x20\
\x61\x73\x20\x68\x65\x72\x65\x69\x6e\x20\x61\x75\x74\x68\x6f\x72\
\x69\x7a\x65\x64\x20\x64\x6f\x65\x73\x20\x6e\x6f\x74\x20\x67\x69\
\x76\x65\x20\x79\x6f\x75\x20\x61\x6e\x79\x20\x72\x69\x67\x68\x74\
\x73\x20\x6f\x6e\x20\x6f\x72\x20\x74\x6f\x20\x69\x6e\x74\x65\x6c\
\x6c\x65\x63\x74\x75\x61\x6c\x20\x70\x72\x6f\x70\x65\x72\x74\x79\
\x20\x72\x69\x67\x68\x74\x73\x20\x69\x6e\x20\x74\x68\x65\x20\x46\
\x6f\x6e\x74\x20\x53\x6f\x66\x74\x77\x61\x72\x65\x2c\x20\x74\x68\
\x65\x20\x64\x6f\x63\x75\x6d\x65\x6e\x74\x61\x74\x69\x6f\x6e\x2c\
\x20\x61\x6e\x64\x20\x61\x6e\x79\x20\x61\x73\x73\x6f\x63\x69\x61\
\x74\x65\x64\x20\x74\x72\x61\x64\x65\x6d\x61\x72\x6b\x73\x2e\x0a\
\x0a\x33\x2d\x33\x0a\x42\x69\x6e\x6e\x65\x6e\x6c\x61\x6e\x64\x20\
\x72\x65\x74\x61\x69\x6e\x73\x20\x74\x69\x74\x6c\x65\x20\x61\x6e\
\x64\x20\x6f\x77\x6e\x65\x72\x73\x68\x69\x70\x20\x6f\x66\x20\x74\
\x68\x65\x20\x46\x6f\x6e\x74\x20\x53\x6f\x66\x74\x77\x61\x72\x65\
\x2c\x20\x74\x68\x65\x20\x6d\x65\x64\x69\x61\x20\x6f\x6e\x20\x77\
\x68\x69\x63\x68\x20\x69\x74\x20\x69\x73\x20\x72\x65\x63\x6f\x72\
\x64\x65\x64\x2c\x20\x61\x6e\x64\x20\x61\x6c\x6c\x20\x73\x75\x62\
\x73\x65\x71\x75\x65\x6e\x74\x20\x63\x6f\x70\x69\x65\x73\x20\x6f\
\x66\x20\x74\x68\x65\x20\x46\x6f\x6e\x74\x20\x53\x6f\x66\x74\x77\
\x61\x72\x65\x2c\x20\x72\x65\x67\x61\x72\x64\x6c\x65\x73\x73\x20\
\x6f\x66\x20\x74\x68\x65\x20\x66\x6f\x72\x6d\x20\x6f\x72\x20\x6d\
\x65\x64\x69\x61\x20\x69\x6e\x20\x6f\x72\x20\x6f\x6e\x20\x77\x68\
\x69\x63\x68\x20\x74\x68\x65\x20\x6f\x72\x69\x67\x69\x6e\x61\x6c\
\x20\x61\x6e\x64\x20\x6f\x74\x68\x65\x72\x20\x63\x6f\x70\x69\x65\
\x73\x20\x6d\x61\x79\x20\x65\x78\x69\x73\x74\x2e\x0a\x0a\x0a\x41\
\x72\x74\x69\x63\x6c\x65\x20\x34\x3a\x20\x4c\x69\x6d\x69\x74\x65\
\x64\x20\x57\x61\x72\x72\x61\x6e\x74\x79\x0a\x34\x2d\x31\x0a\x42\
\x69\x6e\x6e\x65\x6e\x6c\x61\x6e\x64\x20\x77\x61\x72\x72\x61\x6e\
\x74\x73\x20\x79\x6f\x75\x20\x74\x68\x61\x74\x20\x74\x68\x65\x20\
\x46\x6f\x6e\x74\x20\x53\x6f\x66\x74\x77\x61\x72\x65\x20\x77\x69\
\x6c\x6c\x20\x70\x65\x72\x66\x6f\x72\x6d\x20\x73\x75\x62\x73\x74\
\x61\x6e\x74\x69\x61\x6c\x6c\x79\x20\x69\x6e\x20\x61\x63\x63\x6f\
\x72\x64\x61\x6e\x63\x65\x20\x77\x69\x74\x68\x20\x74\x68\x65\x20\
\x44\x6f\x63\x75\x6d\x65\x6e\x74\x61\x74\x69\x6f\x6e\x20\x66\x6f\
\x72\x20\x74\x68\x65\x20\x74\x68\x69\x72\x74\x79\x20\x28\x33\x30\
\x29\x20\x64\x61\x79\x20\x70\x65\x72\x69\x6f\x64\x20\x66\x6f\x6c\
\x6c\x6f\x77\x69\x6e\x67\x20\x79\x6f\x75\x72\x20\x72\x65\x63\x65\
\x69\x70\x74\x2e\x20\x54\x6f\x20\x6d\x61\x6b\x65\x20\x61\x20\x77\
\x61\x72\x72\x61\x6e\x74\x79\x20\x63\x6c\x61\x69\x6d\x2c\x20\x79\
\x6f\x75\x20\x6d\x75\x73\x74\x20\x72\x65\x74\x75\x72\x6e\x20\x74\
\x68\x65\x20\x46\x6f\x6e\x74\x20\x53\x6f\x66\x74\x77\x61\x72\x65\
\x20\x74\x6f\x20\x74\x68\x65\x20\x6c\x6f\x63\x61\x74\x69\x6f\x6e\
\x20\x66\x72\x6f\x6d\x20\x77\x68\x69\x63\x68\x20\x79\x6f\x75\x20\
\x6f\x62\x74\x61\x69\x6e\x65\x64\x20\x69\x74\x20\x61\x6c\x6f\x6e\
\x67\x20\x77\x69\x74\x68\x20\x61\x20\x63\x6f\x70\x79\x20\x6f\x66\
\x20\x79\x6f\x75\x72\x20\x73\x61\x6c\x65\x73\x20\x72\x65\x63\x65\
\x69\x70\x74\x20\x77\x69\x74\x68\x69\x6e\x20\x73\x75\x63\x68\x20\
\x74\x68\x69\x72\x74\x79\x20\x28\x33\x30\x29\x20\x64\x61\x79\x20\
\x70\x65\x72\x69\x6f\x64\x2e\x20\x49\x66\x20\x74\x68\x65\x20\x46\
\x6f\x6e\x74\x20\x53\x6f\x66\x74\x77\x61\x72\x65\x20\x64\x6f\x65\
\x73\x6e\xd5\x74\x20\x70\x65\x72\x66\x6f\x72\x6d\x20\x73\x75\x62\
\x73\x74\x61\x6e\x74\x69\x61\x6c\x6c\x79\x20\x69\x6e\x20\x61\x63\
\x63\x6f\x72\x64\x61\x6e\x63\x65\x20\x77\x69\x74\x68\x20\x74\x68\
\x65\x20\x44\x6f\x63\x75\x6d\x65\x6e\x74\x61\x74\x69\x6f\x6e\x2c\
\x20\x74\x68\x65\x20\x65\x6e\x74\x69\x72\x65\x20\x61\x6e\x64\x20\
\x65\x78\x63\x6c\x75\x73\x69\x76\x65\x20\x6c\x69\x61\x62\x69\x6c\
\x69\x74\x79\x20\x61\x6e\x64\x20\x72\x65\x6d\x65\x64\x79\x20\x73\
\x68\x61\x6c\x6c\x20\x62\x65\x20\x6c\x69\x6d\x69\x74\x65\x64\x20\
\x74\x6f\x20\x65\x69\x74\x68\x65\x72\x2c\x20\x61\x74\x20\x42\x69\
\x6e\x6e\x65\x6e\x6c\x61\x6e\x64\xd5\x73\x20\x6f\x70\x74\x69\x6f\
\x6e\x20\x74\x68\x65\x20\x72\x65\x70\x6c\x61\x63\x65\x6d\x65\x6e\
\x74\x20\x6f\x66\x20\x74\x68\x65\x20\x46\x6f\x6e\x74\x20\x53\x6f\
\x66\x74\x77\x61\x72\x65\x2c\x20\x6f\x72\x20\x74\x68\x65\x20\x72\
\x65\x66\x75\x6e\x64\x20\x6f\x66\x20\x74\x68\x65\x20\x6c\x69\x63\
\x65\x6e\x73\x65\x20\x66\x65\x65\x20\x79\x6f\x75\x20\x70\x61\x69\
\x64\x20\x66\x6f\x72\x20\x74\x68\x65\x20\x46\x6f\x6e\x74\x20\x53\
\x6f\x66\x74\x77\x61\x72\x65\x2e\x0a\x0a\x34\x2d\x32\x0a\x42\x69\
\x6e\x6e\x65\x6e\x6c\x61\x6e\x64\x20\x64\x6f\x65\x73\x20\x6e\x6f\
\x74\x20\x61\x6e\x64\x20\x63\x61\x6e\x6e\x6f\x74\x20\x77\x61\x72\
\x72\x61\x6e\x74\x20\x74\x68\x65\x20\x70\x65\x72\x66\x6f\x72\x6d\
\x61\x6e\x63\x65\x20\x6f\x72\x20\x72\x65\x73\x75\x6c\x74\x73\x20\
\x79\x6f\x75\x20\x6d\x61\x79\x20\x6f\x62\x74\x61\x69\x6e\x20\x62\
\x79\x20\x75\x73\x69\x6e\x67\x20\x74\x68\x65\x20\x46\x6f\x6e\x74\
\x20\x53\x6f\x66\x74\x77\x61\x72\x65\x2e\x20\x54\x68\x65\x20\x66\
\x6f\x72\x65\x67\x6f\x69\x6e\x67\x20\x73\x74\x61\x74\x65\x73\x20\
\x74\x68\x65\x20\x73\x6f\x6c\x65\x20\x61\x6e\x64\x20\x65\x78\x63\
\x6c\x75\x73\x69\x76\x65\x20\x72\x65\x6d\x65\x64\x69\x65\x73\x20\
\x66\x6f\x72\x20\x42\x69\x6e\x6e\x65\x6e\x6c\x61\x6e\x64\xd5\x73\
\x20\x62\x72\x65\x61\x63\x68\x20\x6f\x72\x20\x77\x61\x72\x72\x61\
\x6e\x74\x79\x2e\x20\x45\x78\x63\x65\x70\x74\x20\x66\x6f\x72\x20\
\x74\x68\x65\x20\x66\x6f\x72\x65\x67\x6f\x69\x6e\x67\x20\x6c\x69\
\x6d\x69\x74\x65\x64\x20\x77\x61\x72\x72\x61\x6e\x74\x79\x2c\x20\
\x42\x69\x6e\x6e\x65\x6e\x6c\x61\x6e\x64\x20\x6d\x61\x6b\x65\x73\
\x20\x6e\x6f\x20\x77\x61\x72\x72\x61\x6e\x74\x69\x65\x73\x20\x65\
\x78\x70\x72\x65\x73\x73\x20\x6f\x72\x20\x69\x6d\x70\x6c\x69\x65\
\x64\x2c\x20\x61\x73\x20\x74\x6f\x20\x6e\x6f\x6e\x2d\x69\x6e\x66\
\x72\x69\x6e\x67\x65\x6d\x65\x6e\x74\x20\x6f\x66\x20\x74\x68\x69\
\x72\x64\x20\x70\x61\x72\x74\x79\x20\x72\x69\x67\x68\x74\x73\x2c\
\x20\x6d\x65\x72\x63\x68\x61\x6e\x74\x61\x62\x69\x6c\x69\x74\x79\
\x2c\x20\x6f\x72\x20\x66\x69\x74\x6e\x65\x73\x73\x20\x66\x6f\x72\
\x20\x61\x6e\x79\x20\x70\x61\x72\x74\x69\x63\x75\x6c\x61\x72\x20\
\x70\x75\x72\x70\x6f\x73\x65\x2e\x20\x49\x6e\x20\x6e\x6f\x20\x65\
\x76\x65\x6e\x74\x20\x77\x69\x6c\x6c\x20\x42\x69\x6e\x6e\x65\x6e\
\x6c\x61\x6e\x64\x20\x62\x65\x20\x6c\x69\x61\x62\x6c\x65\x20\x74\
\x6f\x20\x79\x6f\x75\x20\x66\x6f\x72\x20\x61\x6e\x79\x20\x63\x6f\
\x6e\x73\x65\x71\x75\x65\x6e\x74\x69\x61\x6c\x2c\x20\x69\x6e\x63\
\x69\x64\x65\x6e\x74\x61\x6c\x20\x6f\x72\x20\x73\x70\x65\x63\x69\
\x61\x6c\x20\x64\x61\x6d\x61\x67\x65\x73\x2c\x20\x69\x6e\x63\x6c\
\x75\x64\x69\x6e\x67\x20\x61\x6e\x79\x20\x6c\x6f\x73\x74\x20\x70\
\x72\x6f\x66\x69\x74\x73\x2c\x20\x62\x75\x73\x69\x6e\x65\x73\x73\
\x20\x69\x6e\x74\x65\x72\x72\x75\x70\x74\x69\x6f\x6e\x2c\x20\x6c\
\x6f\x73\x73\x20\x6f\x66\x20\x62\x75\x73\x69\x6e\x65\x73\x73\x20\
\x69\x6e\x66\x6f\x72\x6d\x61\x74\x69\x6f\x6e\x2c\x20\x6c\x6f\x73\
\x74\x20\x64\x61\x74\x61\x20\x6f\x72\x20\x6c\x6f\x73\x74\x20\x73\
\x61\x76\x69\x6e\x67\x73\x2e\x20\x45\x76\x65\x6e\x20\x69\x66\x20\
\x61\x6e\x20\x42\x69\x6e\x6e\x65\x6e\x6c\x61\x6e\x64\x20\x72\x65\
\x70\x72\x65\x73\x65\x6e\x74\x61\x74\x69\x76\x65\x20\x68\x61\x73\
\x20\x62\x65\x65\x6e\x20\x61\x64\x76\x69\x73\x65\x64\x20\x6f\x66\
\x20\x74\x68\x65\x20\x70\x6f\x73\x73\x69\x62\x69\x6c\x69\x74\x79\
\x20\x6f\x66\x20\x73\x75\x63\x68\x20\x64\x61\x6d\x61\x67\x65\x73\
\x2c\x20\x6f\x72\x20\x66\x6f\x72\x20\x61\x6e\x79\x20\x63\x6c\x61\
\x69\x6d\x20\x61\x67\x61\x69\x6e\x73\x74\x20\x79\x6f\x75\x20\x62\
\x79\x20\x61\x6e\x79\x20\x74\x68\x69\x72\x64\x20\x70\x61\x72\x74\
\x79\x2e\x0a\x0a\x34\x2d\x33\x0a\x59\x6f\x75\x20\x61\x67\x72\x65\
\x65\x20\x74\x6f\x20\x69\x6e\x64\x65\x6d\x6e\x69\x66\x79\x20\x61\
\x6e\x64\x20\x68\x6f\x6c\x64\x20\x42\x69\x6e\x6e\x65\x6e\x6c\x61\
\x6e\x64\x20\x68\x61\x72\x6d\x6c\x65\x73\x73\x20\x66\x72\x6f\x6d\
\x20\x61\x6e\x64\x20\x61\x67\x61\x69\x6e\x73\x74\x20\x61\x6e\x79\
\x20\x63\x6c\x61\x69\x6d\x73\x20\x6f\x72\x20\x64\x61\x6d\x61\x67\
\x65\x20\x77\x68\x69\x63\x68\x20\x6d\x61\x79\x20\x72\x65\x73\x75\
\x6c\x74\x20\x66\x72\x6f\x6d\x20\x79\x6f\x75\x72\x20\x62\x72\x65\
\x61\x63\x68\x20\x6f\x66\x20\x74\x68\x69\x73\x20\x4c\x69\x63\x65\
\x6e\x73\x65\x20\x41\x67\x72\x65\x65\x6d\x65\x6e\x74\x2e\x0a\x0a\
\x0a\x41\x72\x74\x69\x63\x6c\x65\x20\x35\x3a\x20\x54\x65\x72\x6d\
\x0a\x35\x2d\x31\x0a\x54\x68\x65\x20\x6c\x69\x63\x65\x6e\x73\x65\
\x20\x69\x73\x20\x65\x66\x66\x65\x63\x74\x69\x76\x65\x20\x75\x6e\
\x74\x69\x6c\x20\x74\x65\x72\x6d\x69\x6e\x61\x74\x65\x64\x2e\x20\
\x42\x69\x6e\x6e\x65\x6e\x6c\x61\x6e\x64\x20\x68\x61\x73\x20\x74\
\x68\x65\x20\x72\x69\x67\x68\x74\x20\x74\x6f\x20\x74\x65\x72\x6d\
\x69\x6e\x61\x74\x65\x20\x79\x6f\x75\x72\x20\x6c\x69\x63\x65\x6e\
\x73\x65\x20\x69\x6d\x6d\x65\x64\x69\x61\x74\x65\x6c\x79\x20\x69\
\x66\x20\x79\x6f\x75\x20\x66\x61\x69\x6c\x20\x74\x6f\x20\x63\x6f\
\x6d\x70\x6c\x79\x20\x77\x69\x74\x68\x20\x61\x6e\x79\x20\x74\x65\
\x72\x6d\x73\x20\x6f\x66\x20\x74\x68\x69\x73\x20\x41\x67\x72\x65\
\x65\x6d\x65\x6e\x74\x2e\x20\x49\x6e\x20\x61\x64\x64\x69\x74\x69\
\x6f\x6e\x2c\x20\x42\x69\x6e\x6e\x65\x6e\x6c\x61\x6e\x64\x20\x72\
\x65\x73\x65\x72\x76\x65\x73\x20\x74\x68\x65\x20\x72\x69\x67\x68\
\x74\x20\x74\x6f\x20\x63\x6c\x61\x69\x6d\x20\x70\x75\x6e\x69\x74\
\x69\x76\x65\x20\x64\x61\x6d\x61\x67\x65\x73\x2e\x20\x55\x70\x6f\
\x6e\x20\x73\x75\x63\x68\x20\x74\x65\x72\x6d\x69\x6e\x61\x74\x69\
\x6f\x6e\x20\x79\x6f\x75\x20\x77\x69\x6c\x6c\x20\x64\x65\x73\x74\
\x72\x6f\x79\x20\x74\x68\x65\x20\x6f\x72\x69\x67\x69\x6e\x61\x6c\
\x20\x61\x6e\x64\x20\x61\x6e\x79\x20\x63\x6f\x70\x69\x65\x73\x20\
\x6f\x66\x20\x74\x68\x65\x20\x46\x6f\x6e\x74\x20\x53\x6f\x66\x74\
\x77\x61\x72\x65\x20\x61\x6e\x64\x20\x72\x65\x6c\x61\x74\x65\x64\
\x20\x64\x6f\x63\x75\x6d\x65\x6e\x74\x61\x74\x69\x6f\x6e\x20\x61\
\x6e\x64\x20\x63\x65\x61\x73\x65\x20\x61\x6c\x6c\x20\x75\x73\x65\
\x20\x6f\x66\x20\x74\x68\x65\x20\x54\x72\x61\x64\x65\x6d\x61\x72\
\x6b\x73\x2e\x0a\x0a\x0a\x41\x72\x74\x69\x63\x6c\x65\x20\x36\x3a\
\x20\x45\x6e\x74\x69\x72\x65\x20\x41\x67\x72\x65\x65\x6d\x65\x6e\
\x74\x0a\x36\x2d\x31\x0a\x59\x6f\x75\x20\x61\x63\x6b\x6e\x6f\x77\
\x6c\x65\x64\x67\x65\x20\x74\x68\x61\x74\x20\x79\x6f\x75\x20\x68\
\x61\x76\x65\x20\x72\x65\x61\x64\x20\x74\x68\x69\x73\x20\x41\x67\
\x72\x65\x65\x6d\x65\x6e\x74\x2c\x20\x75\x6e\x64\x65\x72\x73\x74\
\x61\x6e\x64\x20\x69\x74\x20\x61\x6e\x64\x20\x74\x68\x61\x74\x20\
\x69\x74\x20\x69\x73\x20\x74\x68\x65\x20\x63\x6f\x6d\x70\x6c\x65\
\x74\x65\x20\x61\x6e\x64\x20\x65\x78\x63\x6c\x75\x73\x69\x76\x65\
\x20\x73\x74\x61\x74\x65\x6d\x65\x6e\x74\x20\x6f\x66\x20\x79\x6f\
\x75\x72\x20\x41\x67\x72\x65\x65\x6d\x65\x6e\x74\x20\x77\x69\x74\
\x68\x20\x42\x69\x6e\x6e\x65\x6e\x6c\x61\x6e\x64\x20\x77\x68\x69\
\x63\x68\x20\x73\x75\x70\x65\x72\x73\x65\x64\x65\x73\x20\x61\x6e\
\x79\x20\x70\x72\x69\x6f\x72\x20\x41\x67\x72\x65\x65\x6d\x65\x6e\
\x74\x2c\x20\x6f\x72\x61\x6c\x20\x6f\x72\x20\x77\x72\x69\x74\x74\
\x65\x6e\x2c\x20\x61\x6e\x64\x20\x61\x6e\x79\x20\x6f\x74\x68\x65\
\x72\x20\x63\x6f\x6d\x6d\x75\x6e\x69\x63\x61\x74\x69\x6f\x6e\x73\
\x20\x62\x65\x74\x77\x65\x65\x6e\x20\x42\x69\x6e\x6e\x65\x6e\x6c\
\x61\x6e\x64\x20\x61\x6e\x64\x20\x79\x6f\x75\x20\x72\x65\x6c\x61\
\x74\x69\x6e\x67\x20\x74\x6f\x20\x74\x68\x65\x20\x73\x75\x62\x6a\
\x65\x63\x74\x20\x6d\x61\x74\x74\x65\x72\x20\x6f\x66\x20\x74\x68\
\x69\x73\x20\x41\x67\x72\x65\x65\x6d\x65\x6e\x74\x2c\x20\x61\x6e\
\x64\x20\x74\x68\x61\x74\x20\x79\x6f\x75\x72\x20\x6f\x62\x6c\x69\
\x67\x61\x74\x69\x6f\x6e\x73\x20\x75\x6e\x64\x65\x72\x20\x74\x68\
\x69\x73\x20\x41\x67\x72\x65\x65\x6d\x65\x6e\x74\x2c\x20\x73\x68\
\x61\x6c\x6c\x20\x69\x6e\x75\x72\x65\x20\x74\x6f\x20\x74\x68\x65\
\x20\x62\x65\x6e\x65\x66\x69\x74\x20\x6f\x66\x20\x74\x68\x65\x20\
\x42\x69\x6e\x6e\x65\x6e\x6c\x61\x6e\x64\x20\x6c\x69\x63\x65\x6e\
\x73\x6f\x72\x73\x20\x77\x68\x6f\x73\x65\x20\x72\x69\x67\x68\x74\
\x73\x20\x61\x72\x65\x20\x6c\x69\x63\x65\x6e\x73\x65\x64\x20\x75\
\x6e\x64\x65\x72\x20\x74\x68\x69\x73\x20\x41\x67\x72\x65\x65\x6d\
\x65\x6e\x74\x2e\x0a\x0a\x28\x42\x69\x6e\x6e\x65\x6e\x6c\x61\x6e\
\x64\x20\x45\x6e\x64\x20\x55\x73\x65\x72\x20\x4c\x69\x63\x65\x6e\
\x73\x65\x20\x41\x67\x72\x65\x65\x6d\x65\x6e\x74\x2c\x20\x20\xa9\
\x20\x42\x69\x6e\x6e\x65\x6e\x6c\x61\x6e\x64\x2c\x20\x6a\x61\x6e\
\x75\x61\x72\x79\x20\x32\x30\x30\x37\x29\x00\x43\x00\x6f\x00\x70\
\x00\x79\x00\x72\x00\x69\x00\x67\x00\x68\x00\x74\x00\x20\x00\xa9\
\x00\x20\x00\x62\x00\x79\x00\x20\x00\x42\x00\x69\x00\x6e\x00\x6e\
\x00\x65\x00\x6e\x00\x6c\x00\x61\x00\x6e\x00\x64\x00\x2c\x00\x20\
\x00\x32\x00\x30\x00\x30\x00\x36\x00\x2e\x00\x20\x00\x41\x00\x6c\
\x00\x6c\x00\x20\x00\x72\x00\x69\x00\x67\x00\x68\x00\x74\x00\x73\
\x00\x20\x00\x72\x00\x65\x00\x73\x00\x65\x00\x72\x00\x76\x00\x65\
\x00\x64\x00\x2e\x00\x20\x00\x54\x00\x68\x00\x69\x00\x73\x00\x20\
\x00\x73\x00\x6f\x00\x66\x00\x74\x00\x77\x00\x61\x00\x72\x00\x65\
\x00\x20\x00\x6d\x00\x61\x00\x79\x00\x20\x00\x6e\x00\x6f\x00\x74\
\x00\x20\x00\x62\x00\x65\x00\x20\x00\x72\x00\x65\x00\x70\x00\x72\
\x00\x6f\x00\x64\x00\x75\x00\x63\x00\x65\x00\x64\x00\x2c\x00\x20\
\x00\x75\x00\x73\x00\x65\x00\x64\x00\x2c\x00\x20\x00\x64\x00\x69\
\x00\x73\x00\x70\x00\x6c\x00\x61\x00\x79\x00\x65\x00\x64\x00\x2c\
\x00\x20\x00\x6d\x00\x6f\x00\x64\x00\x69\x00\x66\x00\x69\x00\x65\
\x00\x64\x00\x2c\x00\x20\x00\x64\x00\x69\x00\x73\x00\x63\x00\x6c\
\x00\x6f\x00\x73\x00\x65\x00\x64\x00\x20\x00\x6f\x00\x72\x00\x20\
\x00\x74\x00\x72\x00\x61\x00\x6e\x00\x73\x00\x66\x00\x65\x00\x72\
\x00\x72\x00\x65\x00\x64\x00\x20\x00\x77\x00\x69\x00\x74\x00\x68\
\x00\x6f\x00\x75\x00\x74\x00\x20\x00\x74\x00\x68\x00\x65\x00\x20\
\x00\x65\x00\x78\x00\x70\x00\x72\x00\x65\x00\x73\x00\x73\x00\x20\
\x00\x77\x00\x72\x00\x69\x00\x74\x00\x74\x00\x65\x00\x6e\x00\x20\
\x00\x61\x00\x70\x00\x70\x00\x72\x00\x6f\x00\x76\x00\x61\x00\x6c\
\x00\x20\x00\x6f\x00\x66\x00\x20\x00\x28\x00\x42\x00\x69\x00\x6e\
\x00\x6e\x00\x65\x00\x6e\x00\x6c\x00\x61\x00\x6e\x00\x64\x00\x29\
\x00\x2e\x00\x42\x00\x6c\x00\x65\x00\x6e\x00\x64\x00\x65\x00\x72\
\x00\x20\x00\x50\x00\x72\x00\x6f\x00\x20\x00\x42\x00\x6f\x00\x6f\
\x00\x6b\x00\x42\x00\x6f\x00\x6c\x00\x64\x00\x34\x00\x2e\x00\x30\
\x00\x30\x00\x33\x00\x3b\x00\x42\x00\x4c\x00\x20\x00\x20\x00\x3b\
\x00\x42\x00\x6c\x00\x65\x00\x6e\x00\x64\x00\x65\x00\x72\x00\x50\
\x00\x72\x00\x6f\x00\x2d\x00\x42\x00\x6f\x00\x6c\x00\x64\x00\x42\
\x00\x6c\x00\x65\x00\x6e\x00\x64\x00\x65\x00\x72\x00\x20\x00\x50\
\x00\x72\x00\x6f\x00\x20\x00\x42\x00\x6f\x00\x6c\x00\x64\x00\x56\
\x00\x65\x00\x72\x00\x73\x00\x69\x00\x6f\x00\x6e\x00\x20\x00\x34\
\x00\x2e\x00\x30\x00\x30\x00\x33\x00\x20\x00\x7c\x00\x20\x00\x77\
\x00\x2d\x00\x72\x00\x69\x00\x70\x00\x20\x00\x44\x00\x43\x00\x32\
\x00\x30\x00\x31\x00\x37\x00\x30\x00\x35\x00\x32\x00\x35\x00\x42\
\x00\x6c\x00\x65\x00\x6e\x00\x64\x00\x65\x00\x72\x00\x50\x00\x72\
\x00\x6f\x00\x2d\x00\x42\x00\x6f\x00\x6c\x00\x64\x00\x4e\x00\x69\
\x00\x6b\x00\x20\x00\x54\x00\x68\x00\x6f\x00\x65\x00\x6e\x00\x65\
\x00\x6e\x00\x20\x00\x28\x00\x72\x00\x65\x00\x2d\x00\x70\x00\x2e\
\x00\x6f\x00\x72\x00\x67\x00\x29\x00\x4e\x00\x69\x00\x6b\x00\x20\
\x00\x54\x00\x68\x00\x6f\x00\x65\x00\x6e\x00\x65\x00\x6e\x00\x43\
\x00\x6f\x00\x70\x00\x79\x00\x72\x00\x69\x00\x67\x00\x68\x00\x74\
\x00\x20\x00\xa9\x00\x20\x00\x62\x00\x79\x00\x20\x00\x42\x00\x69\
\x00\x6e\x00\x6e\x00\x65\x00\x6e\x00\x6c\x00\x61\x00\x6e\x00\x64\
\x00\x2c\x00\x20\x00\x32\x00\x30\x00\x30\x00\x33\x00\x2f\x00\x32\
\x00\x30\x00\x31\x00\x37\x00\x2e\x00\x20\x00\x41\x00\x6c\x00\x6c\
\x00\x20\x00\x72\x00\x69\x00\x67\x00\x68\x00\x74\x00\x73\x00\x20\
\x00\x72\x00\x65\x00\x73\x00\x65\x00\x72\x00\x76\x00\x65\x00\x64\
\x00\x2e\x00\x20\x00\x54\x00\x68\x00\x69\x00\x73\x00\x20\x00\x73\
\x00\x6f\x00\x66\x00\x74\x00\x77\x00\x61\x00\x72\x00\x65\x00\x20\
\x00\x6d\x00\x61\x00\x79\x00\x20\x00\x6e\x00\x6f\x00\x74\x00\x20\
\x00\x62\x00\x65\x00\x20\x00\x72\x00\x65\x00\x70\x00\x72\x00\x6f\
\x00\x64\x00\x75\x00\x63\x00\x65\x00\x64\x00\x2c\x00\x20\x00\x75\
\x00\x73\x00\x65\x00\x64\x00\x2c\x00\x20\x00\x64\x00\x69\x00\x73\
\x00\x70\x00\x6c\x00\x61\x00\x79\x00\x65\x00\x64\x00\x2c\x00\x20\
\x00\x6d\x00\x6f\x00\x64\x00\x69\x00\x66\x00\x69\x00\x65\x00\x64\
\x00\x2c\x00\x20\x00\x64\x00\x69\x00\x73\x00\x63\x00\x6c\x00\x6f\
\x00\x73\x00\x65\x00\x64\x00\x20\x00\x6f\x00\x72\x00\x20\x00\x74\
\x00\x72\x00\x61\x00\x6e\x00\x73\x00\x66\x00\x65\x00\x72\x00\x72\
\x00\x65\x00\x64\x00\x20\x00\x77\x00\x69\x00\x74\x00\x68\x00\x6f\
\x00\x75\x00\x74\x00\x20\x00\x74\x00\x68\x00\x65\x00\x20\x00\x65\
\x00\x78\x00\x70\x00\x72\x00\x65\x00\x73\x00\x73\x00\x20\x00\x77\
\x00\x72\x00\x69\x00\x74\x00\x74\x00\x65\x00\x6e\x00\x20\x00\x61\
\x00\x70\x00\x70\x00\x72\x00\x6f\x00\x76\x00\x61\x00\x6c\x00\x20\
\x00\x6f\x00\x66\x00\x20\x00\x28\x00\x42\x00\x69\x00\x6e\x00\x6e\
\x00\x65\x00\x6e\x00\x6c\x00\x61\x00\x6e\x00\x64\x00\x29\x00\x2e\
\x00\x77\x00\x77\x00\x77\x00\x2e\x00\x62\x00\x69\x00\x6e\x00\x6e\
\x00\x65\x00\x6e\x00\x6c\x00\x61\x00\x6e\x00\x64\x00\x2e\x00\x63\
\x00\x68\x00\x77\x00\x77\x00\x77\x00\x2e\x00\x72\x00\x65\x00\x2d\
\x00\x70\x00\x2e\x00\x6f\x00\x72\x00\x67\x00\x42\x00\x69\x00\x6e\
\x00\x6e\x00\x65\x00\x6e\x00\x6c\x00\x61\x00\x6e\x00\x64\x00\x20\
\x00\x65\x00\x6e\x00\x64\x00\x20\x00\x75\x00\x73\x00\x65\x00\x72\
\x00\x20\x00\x6c\x00\x69\x00\x63\x00\x65\x00\x6e\x00\x73\x00\x65\
\x00\x20\x00\x61\x00\x67\x00\x72\x00\x65\x00\x65\x00\x6d\x00\x65\
\x00\x6e\x00\x74\x00\x0a\x00\x0a\x00\x42\x00\x69\x00\x6e\x00\x6e\
\x00\x65\x00\x6e\x00\x6c\x00\x61\x00\x6e\x00\x64\x00\x20\x00\x67\
\x00\x72\x00\x61\x00\x6e\x00\x74\x00\x73\x00\x20\x00\x79\x00\x6f\
\x00\x75\x00\x20\x00\x61\x00\x20\x00\x6e\x00\x6f\x00\x6e\x00\x2d\
\x00\x65\x00\x78\x00\x63\x00\x6c\x00\x75\x00\x73\x00\x69\x00\x76\
\x00\x65\x00\x2c\x00\x20\x00\x6e\x00\x6f\x00\x6e\x00\x2d\x00\x74\
\x00\x72\x00\x61\x00\x6e\x00\x73\x00\x66\x00\x65\x00\x72\x00\x61\
\x00\x62\x00\x6c\x00\x65\x00\x20\x00\x6c\x00\x69\x00\x63\x00\x65\
\x00\x6e\x00\x73\x00\x65\x00\x20\x00\x74\x00\x6f\x00\x20\x00\x75\
\x00\x73\x00\x65\x00\x20\x00\x74\x00\x68\x00\x65\x00\x20\x00\x46\
\x00\x6f\x00\x6e\x00\x74\x00\x20\x00\x53\x00\x6f\x00\x66\x00\x74\
\x00\x77\x00\x61\x00\x72\x00\x65\x00\x20\x00\x61\x00\x6e\x00\x64\
\x00\x20\x00\x44\x00\x6f\x00\x63\x00\x75\x00\x6d\x00\x65\x00\x6e\
\x00\x74\x00\x61\x00\x74\x00\x69\x00\x6f\x00\x6e\x00\x2c\x00\x20\
\x00\x70\x00\x72\x00\x6f\x00\x76\x00\x69\x00\x64\x00\x65\x00\x64\
\x00\x20\x00\x74\x00\x68\x00\x61\x00\x74\x00\x20\x00\x79\x00\x6f\
\x00\x75\x00\x20\x00\x61\x00\x67\x00\x72\x00\x65\x00\x65\x00\x20\
\x00\x74\x00\x6f\x00\x20\x00\x74\x00\x68\x00\x65\x00\x20\x00\x66\
\x00\x6f\x00\x6c\x00\x6c\x00\x6f\x00\x77\x00\x69\x00\x6e\x00\x67\
\x00\x3a\x00\x0a\x00\x0a\x00\x41\x00\x72\x00\x74\x00\x69\x00\x63\
\x00\x6c\x00\x65\x00\x20\x00\x31\x00\x3a\x00\x20\x00\x55\x00\x73\
\x00\x65\x00\x20\x00\x6f\x00\x66\x00\x20\x00\x46\x00\x6f\x00\x6e\
\x00\x74\x00\x20\x00\x53\x00\x6f\x00\x66\x00\x74\x00\x77\x00\x61\
\x00\x72\x00\x65\x00\x0a\x00\x31\x00\x2d\x00\x31\x00\x0a\x00\x59\
\x00\x6f\x00\x75\x00\x20\x00\x61\x00\x72\x00\x65\x00\x20\x00\x67\
\x00\x72\x00\x61\x00\x6e\x00\x74\x00\x65\x00\x64\x00\x20\x00\x61\
\x00\x20\x00\x6e\x00\x6f\x00\x6e\x00\x2d\x00\x65\x00\x78\x00\x63\
\x00\x6c\x00\x75\x00\x73\x00\x69\x00\x76\x00\x65\x00\x20\x00\x72\
\x00\x69\x00\x67\x00\x68\x00\x74\x00\x20\x00\x74\x00\x6f\x00\x20\
\x00\x75\x00\x73\x00\x65\x00\x20\x00\x74\x00\x68\x00\x65\x00\x20\
\x00\x46\x00\x6f\x00\x6e\x00\x74\x00\x20\x00\x53\x00\x6f\x00\x66\
\x00\x74\x00\x77\x00\x61\x00\x72\x00\x65\x00\x20\x00\x74\x00\x6f\
\x00\x20\x00\x70\x00\x72\x00\x6f\x00\x64\x00\x75\x00\x63\x00\x65\
\x00\x20\x00\x61\x00\x6e\x00\x64\x00\x20\x00\x64\x00\x69\x00\x73\
\x00\x70\x00\x6c\x00\x61\x00\x79\x00\x20\x00\x74\x00\x79\x00\x70\
\x00\x65\x00\x66\x00\x61\x00\x63\x00\x65\x00\x73\x00\x20\x00\x6f\
\x00\x6e\x00\x20\x00\x61\x00\x20\x00\x70\x00\x72\x00\x69\x00\x6e\
\x00\x74\x00\x65\x00\x72\x00\x2c\x00\x20\x00\x74\x00\x79\x00\x70\
\x00\x65\x00\x73\x00\x65\x00\x74\x00\x74\x00\x65\x00\x72\x00\x2c\
\x00\x20\x00\x66\x00\x69\x00\x6c\x00\x6d\x00\x20\x00\x72\x00\x65\
\x00\x63\x00\x6f\x00\x72\x00\x64\x00\x65\x00\x72\x00\x20\x00\x6f\
\x00\x72\x00\x20\x00\x6f\x00\x74\x00\x68\x00\x65\x00\x72\x00\x20\
\x00\x6f\x00\x75\x00\x74\x00\x70\x00\x75\x00\x74\x00\x20\x00\x64\
\x00\x65\x00\x76\x00\x69\x00\x63\x00\x65\x00\x2e\x00\x20\x00\x49\
\x00\x66\x00\x20\x00\x74\x00\x68\x00\x65\x00\x20\x00\x53\x00\x6f\
\x00\x66\x00\x74\x00\x77\x00\x61\x00\x72\x00\x65\x00\x20\x00\x77\
\x00\x69\x00\x6c\x00\x6c\x00\x20\x00\x62\x00\x65\x00\x20\x00\x69\
\x00\x6e\x00\x73\x00\x74\x00\x61\x00\x6c\x00\x6c\x00\x65\x00\x64\
\x00\x20\x00\x6f\x00\x6e\x00\x20\x00\x6d\x00\x6f\x00\x72\x00\x65\
\x00\x20\x00\x63\x00\x6f\x00\x6d\x00\x70\x00\x75\x00\x74\x00\x65\
\x00\x72\x00\x73\x00\x20\x00\x74\x00\x68\x00\x61\x00\x6e\x00\x20\
\x00\x79\x00\x6f\x00\x75\x00\x20\x00\x61\x00\x72\x00\x65\x00\x20\
\x00\x67\x00\x72\x00\x61\x00\x6e\x00\x74\x00\x65\x00\x64\x00\x20\
\x00\x66\x00\x6f\x00\x72\x00\x2c\x00\x20\x00\x61\x00\x6e\x00\x20\
\x00\x61\x00\x64\x00\x64\x00\x69\x00\x74\x00\x69\x00\x6f\x00\x6e\
\x00\x61\x00\x6c\x00\x20\x00\x6c\x00\x69\x00\x63\x00\x65\x00\x6e\
\x00\x73\x00\x65\x00\x20\x00\x6d\x00\x75\x00\x73\x00\x74\x00\x20\
\x00\x62\x00\x65\x00\x20\x00\x61\x00\x63\x00\x71\x00\x75\x00\x69\
\x00\x72\x00\x65\x00\x64\x00\x20\x00\x66\x00\x6f\x00\x72\x00\x20\
\x00\x65\x00\x76\x00\x65\x00\x72\x00\x79\x00\x20\x00\x61\x00\x64\
\x00\x64\x00\x69\x00\x74\x00\x69\x00\x6f\x00\x6e\x00\x61\x00\x6c\
\x00\x20\x00\x63\x00\x6f\x00\x6d\x00\x70\x00\x75\x00\x74\x00\x65\
\x00\x72\x00\x20\x00\x66\x00\x72\x00\x6f\x00\x6d\x00\x20\x00\x42\
\x00\x69\x00\x6e\x00\x6e\x00\x65\x00\x6e\x00\x6c\x00\x61\x00\x6e\
\x00\x64\x00\x2e\x00\x0a\x00\x0a\x00\x31\x00\x2d\x00\x32\x00\x0a\
\x00\x42\x00\x69\x00\x6e\x00\x6e\x00\x65\x00\x6e\x00\x6c\x00\x61\
\x00\x6e\x00\x64\x00\x20\x00\x67\x00\x72\x00\x61\x00\x6e\x00\x74\
\x00\x73\x00\x20\x00\x79\x00\x6f\x00\x75\x00\x20\x00\x74\x00\x68\
\x00\x65\x00\x20\x00\x72\x00\x69\x00\x67\x00\x68\x00\x74\x00\x2c\
\x00\x20\x00\x65\x00\x78\x00\x63\x00\x6c\x00\x75\x00\x73\x00\x69\
\x00\x76\x00\x65\x00\x6c\x00\x79\x00\x20\x00\x66\x00\x6f\x00\x72\
\x00\x20\x00\x74\x00\x68\x00\x65\x00\x20\x00\x70\x00\x75\x00\x72\
\x00\x70\x00\x6f\x00\x73\x00\x65\x00\x20\x00\x6f\x00\x66\x00\x20\
\x00\x70\x00\x72\x00\x6f\x00\x74\x00\x65\x00\x63\x00\x74\x00\x69\
\x00\x6e\x00\x67\x00\x20\x00\x74\x00\x68\x00\x65\x00\x20\x00\x46\
\x00\x6f\x00\x6e\x00\x74\x00\x20\x00\x53\x00\x6f\x00\x66\x00\x74\
\x00\x77\x00\x61\x00\x72\x00\x65\x00\x20\x00\x61\x00\x6e\x00\x64\
\x00\x20\x00\x65\x00\x78\x00\x63\x00\x6c\x00\x75\x00\x73\x00\x69\
\x00\x76\x00\x65\x00\x6c\x00\x79\x00\x20\x00\x66\x00\x6f\x00\x72\
\x00\x20\x00\x79\x00\x6f\x00\x75\x00\x72\x00\x73\x00\x65\x00\x6c\
\x00\x66\x00\x2c\x00\x20\x00\x74\x00\x6f\x00\x20\x00\x6d\x00\x61\
\x00\x6b\x00\x65\x00\x20\x00\x6f\x00\x6e\x00\x65\x00\x20\x00\x28\
\x00\x62\x00\x61\x00\x63\x00\x6b\x00\x2d\x00\x75\x00\x70\x00\x29\
\x00\x20\x00\x63\x00\x6f\x00\x70\x00\x79\x00\x20\x00\x6f\x00\x66\
\x00\x20\x00\x74\x00\x68\x00\x65\x00\x20\x00\x46\x00\x6f\x00\x6e\
\x00\x74\x00\x20\x00\x53\x00\x6f\x00\x66\x00\x74\x00\x77\x00\x61\
\x00\x72\x00\x65\x00\x2e\x00\x0a\x00\x0a\x00\x31\x00\x2d\x00\x33\
\x00\x0a\x00\x59\x00\x6f\x00\x75\x00\x20\x00\x73\x00\x68\x00\x61\
\x00\x6c\x00\x6c\x00\x20\x00\x6e\x00\x6f\x00\x74\x00\x20\x00\x74\
\x00\x72\x00\x61\x00\x6e\x00\x73\x00\x66\x00\x65\x00\x72\x00\x20\
\x00\x74\x00\x68\x00\x65\x00\x20\x00\x4c\x00\x69\x00\x63\x00\x65\
\x00\x6e\x00\x73\x00\x65\x00\x20\x00\x41\x00\x67\x00\x72\x00\x65\
\x00\x65\x00\x6d\x00\x65\x00\x6e\x00\x74\x00\x20\x00\x69\x00\x73\
\x00\x73\x00\x75\x00\x65\x00\x64\x00\x20\x00\x74\x00\x6f\x00\x20\
\x00\x79\x00\x6f\x00\x75\x00\x2c\x00\x20\x00\x74\x00\x6f\x00\x20\
\x00\x61\x00\x20\x00\x74\x00\x68\x00\x69\x00\x72\x00\x64\x00\x20\
\x00\x70\x00\x61\x00\x72\x00\x74\x00\x79\x00\x2c\x00\x20\x00\x6e\
\x00\x65\x00\x69\x00\x74\x00\x68\x00\x65\x00\x72\x00\x20\x00\x70\
\x00\x61\x00\x72\x00\x74\x00\x69\x00\x61\x00\x6c\x00\x6c\x00\x79\
\x00\x2c\x00\x20\x00\x6e\x00\x6f\x00\x72\x00\x20\x00\x63\x00\x6f\
\x00\x6d\x00\x70\x00\x6c\x00\x65\x00\x74\x00\x65\x00\x6c\x00\x79\
\x00\x2e\x00\x20\x00\x54\x00\x68\x00\x69\x00\x73\x00\x20\x00\x4c\
\x00\x69\x00\x63\x00\x65\x00\x6e\x00\x73\x00\x65\x00\x20\x00\x41\
\x00\x67\x00\x72\x00\x65\x00\x65\x00\x6d\x00\x65\x00\x6e\x00\x74\
\x00\x20\x00\x69\x00\x73\x00\x20\x00\x6e\x00\x6f\x00\x6e\x00\x2d\
\x00\x74\x00\x72\x00\x61\x00\x6e\x00\x73\x00\x66\x00\x65\x00\x72\
\x00\x61\x00\x62\x00\x6c\x00\x65\x00\x2c\x00\x20\x00\x75\x00\x6e\
\x00\x6c\x00\x65\x00\x73\x00\x73\x00\x20\x00\x79\x00\x6f\x00\x75\
\x00\x20\x00\x68\x00\x61\x00\x76\x00\x65\x00\x20\x00\x77\x00\x72\
\x00\x69\x00\x74\x00\x74\x00\x65\x00\x6e\x00\x20\x00\x70\x00\x65\
\x00\x72\x00\x6d\x00\x69\x00\x73\x00\x73\x00\x69\x00\x6f\x00\x6e\
\x00\x20\x00\x66\x00\x72\x00\x6f\x00\x6d\x00\x20\x00\x42\x00\x69\
\x00\x6e\x00\x6e\x00\x65\x00\x6e\x00\x6c\x00\x61\x00\x6e\x00\x64\
\x00\x2e\x00\x0a\x00\x0a\x00\x31\x00\x2d\x00\x34\x00\x0a\x00\x45\
\x00\x6d\x00\x62\x00\x65\x00\x64\x00\x64\x00\x69\x00\x6e\x00\x67\
\x00\x20\x00\x6f\x00\x66\x00\x20\x00\x74\x00\x68\x00\x65\x00\x20\
\x00\x46\x00\x6f\x00\x6e\x00\x74\x00\x20\x00\x53\x00\x6f\x00\x66\
\x00\x74\x00\x77\x00\x61\x00\x72\x00\x65\x00\x20\x00\x69\x00\x73\
\x00\x20\x00\x6e\x00\x6f\x00\x74\x00\x20\x00\x70\x00\x65\x00\x72\
\x00\x6d\x00\x69\x00\x74\x00\x74\x00\x65\x00\x64\x00\x2e\x00\x20\
\x00\x49\x00\x66\x00\x20\x00\x65\x00\x6d\x00\x62\x00\x65\x00\x64\
\x00\x64\x00\x69\x00\x6e\x00\x67\x00\x20\x00\x6f\x00\x66\x00\x20\
\x00\x74\x00\x68\x00\x65\x00\x20\x00\x46\x00\x6f\x00\x6e\x00\x74\
\x00\x20\x00\x53\x00\x6f\x00\x66\x00\x74\x00\x77\x00\x61\x00\x72\
\x00\x65\x00\x20\x00\x69\x00\x73\x00\x20\x00\x64\x00\x65\x00\x73\
\x00\x69\x00\x72\x00\x65\x00\x64\x00\x20\x00\x28\x00\x65\x00\x2e\
\x00\x67\x00\x2e\x00\x20\x00\x6f\x00\x6e\x00\x20\x00\x74\x00\x68\
\x00\x65\x00\x20\x00\x69\x00\x6e\x00\x74\x00\x65\x00\x72\x00\x6e\
\x00\x65\x00\x74\x00\x20\x00\x6f\x00\x72\x00\x20\x00\x63\x00\x64\
\x00\x2d\x00\x72\x00\x6f\x00\x6d\x00\x29\x00\x2c\x00\x20\x00\x61\
\x00\x6e\x00\x20\x00\x61\x00\x64\x00\x64\x00\x69\x00\x74\x00\x69\
\x00\x6f\x00\x6e\x00\x61\x00\x6c\x00\x20\x00\x6c\x00\x69\x00\x63\
\x00\x65\x00\x6e\x00\x73\x00\x65\x00\x20\x00\x6d\x00\x75\x00\x73\
\x00\x74\x00\x20\x00\x62\x00\x65\x00\x20\x00\x70\x00\x75\x00\x72\
\x00\x63\x00\x68\x00\x61\x00\x73\x00\x65\x00\x64\x00\x2e\x00\x20\
\x00\x49\x00\x74\x00\x20\x00\x69\x00\x73\x00\x20\x00\x6e\x00\x6f\
\x00\x74\x00\x20\x00\x61\x00\x6c\x00\x6c\x00\x6f\x00\x77\x00\x65\
\x00\x64\x00\x20\x00\x74\x00\x6f\x00\x20\x00\x65\x00\x6d\x00\x62\
\x00\x65\x00\x64\x00\x20\x00\x74\x00\x68\x00\x65\x00\x20\x00\x46\
\x00\x6f\x00\x6e\x00\x74\x00\x20\x00\x53\x00\x6f\x00\x66\x00\x74\
\x00\x77\x00\x61\x00\x72\x00\x65\x00\x20\x00\x69\x00\x6e\x00\x20\
\x00\x61\x00\x20\x00\x70\x00\x75\x00\x62\x00\x6c\x00\x69\x00\x73\
\x00\x68\x00\x65\x00\x64\x00\x20\x00\x64\x00\x6f\x00\x63\x00\x75\
\x00\x6d\x00\x65\x00\x6e\x00\x74\x00\x2e\x00\x20\x00\x48\x00\x6f\
\x00\x77\x00\x65\x00\x76\x00\x65\x00\x72\x00\x20\x00\x74\x00\x68\
\x00\x65\x00\x72\x00\x65\x00\x20\x00\x69\x00\x73\x00\x20\x00\x6f\
\x00\x6e\x00\x65\x00\x20\x00\x65\x00\x78\x00\x63\x00\x65\x00\x70\
\x00\x74\x00\x69\x00\x6f\x00\x6e\x00\x3a\x00\x20\x00\x79\x00\x6f\
\x00\x75\x00\x20\x00\x6d\x00\x61\x00\x79\x00\x20\x00\x74\x00\x61\
\x00\x6b\x00\x65\x00\x20\x00\x61\x00\x20\x00\x64\x00\x6f\x00\x63\
\x00\x75\x00\x6d\x00\x65\x00\x6e\x00\x74\x00\x20\x00\x77\x00\x69\
\x00\x74\x00\x68\x00\x20\x00\x74\x00\x68\x00\x65\x00\x20\x00\x65\
\x00\x6d\x00\x62\x00\x65\x00\x64\x00\x64\x00\x65\x00\x64\x00\x20\
\x00\x46\x00\x6f\x00\x6e\x00\x74\x00\x20\x00\x53\x00\x6f\x00\x66\
\x00\x74\x00\x77\x00\x61\x00\x72\x00\x65\x00\x20\x00\x74\x00\x6f\
\x00\x20\x00\x61\x00\x20\x00\x63\x00\x6f\x00\x6d\x00\x6d\x00\x65\
\x00\x72\x00\x63\x00\x69\x00\x61\x00\x6c\x00\x20\x00\x70\x00\x72\
\x00\x69\x00\x6e\x00\x74\x00\x65\x00\x72\x00\x20\x00\x6f\x00\x72\
\x00\x20\x00\x73\x00\x65\x00\x72\x00\x76\x00\x69\x00\x63\x00\x65\
\x00\x20\x00\x62\x00\x75\x00\x72\x00\x65\x00\x61\x00\x75\x00\x20\
\x00\x6f\x00\x6e\x00\x6c\x00\x79\x00\x20\x00\x69\x00\x66\x00\x20\
\x00\x74\x00\x68\x00\x65\x00\x20\x00\x64\x00\x6f\x00\x63\x00\x75\
\x00\x6d\x00\x65\x00\x6e\x00\x74\x00\x20\x00\x69\x00\x73\x00\x20\
\x00\x6e\x00\x6f\x00\x74\x00\x20\x00\x65\x00\x64\x00\x69\x00\x74\
\x00\x61\x00\x62\x00\x6c\x00\x65\x00\x20\x00\x61\x00\x6e\x00\x64\
\x00\x20\x00\x69\x00\x73\x00\x20\x00\x6f\x00\x6e\x00\x6c\x00\x79\
\x00\x20\x00\x64\x00\x69\x00\x73\x00\x74\x00\x72\x00\x69\x00\x62\
\x00\x75\x00\x74\x00\x65\x00\x64\x00\x20\x00\x74\x00\x6f\x00\x20\
\x00\x74\x00\x68\x00\x65\x00\x20\x00\x70\x00\x72\x00\x69\x00\x6e\
\x00\x74\x00\x65\x00\x72\x00\x20\x00\x6f\x00\x72\x00\x20\x00\x73\
\x00\x65\x00\x72\x00\x76\x00\x69\x00\x63\x00\x65\x00\x20\x00\x62\
\x00\x75\x00\x72\x00\x65\x00\x61\x00\x75\x00\x20\x00\x66\x00\x6f\
\x00\x72\x00\x20\x00\x75\x00\x73\x00\x65\x00\x20\x00\x62\x00\x79\
\x00\x20\x00\x74\x00\x68\x00\x65\x00\x20\x00\x70\x00\x72\x00\x69\
\x00\x6e\x00\x74\x00\x65\x00\x72\x00\x20\x00\x6f\x00\x72\x00\x20\
\x00\x73\x00\x65\x00\x72\x00\x76\x00\x69\x00\x63\x00\x65\x00\x20\
\x00\x62\x00\x75\x00\x72\x00\x65\x00\x61\x00\x75\x00\x2e\x00\x0a\
\x00\x0a\x00\x31\x00\x2d\x00\x35\x00\x0a\x00\x42\x00\x69\x00\x6e\
\x00\x6e\x00\x65\x00\x6e\x00\x6c\x00\x61\x00\x6e\x00\x64\x00\x20\
\x00\x72\x00\x65\x00\x73\x00\x65\x00\x72\x00\x76\x00\x65\x00\x73\
\x00\x20\x00\x61\x00\x6c\x00\x6c\x00\x20\x00\x72\x00\x69\x00\x67\
\x00\x68\x00\x74\x00\x73\x00\x20\x00\x6e\x00\x6f\x00\x74\x00\x20\
\x00\x65\x00\x78\x00\x70\x00\x72\x00\x65\x00\x73\x00\x73\x00\x6c\
\x00\x79\x00\x20\x00\x67\x00\x72\x00\x61\x00\x6e\x00\x74\x00\x65\
\x00\x64\x00\x20\x00\x74\x00\x6f\x00\x20\x00\x79\x00\x6f\x00\x75\
\x00\x20\x00\x75\x00\x6e\x00\x64\x00\x65\x00\x72\x00\x20\x00\x74\
\x00\x68\x00\x69\x00\x73\x00\x20\x00\x4c\x00\x69\x00\x63\x00\x65\
\x00\x6e\x00\x73\x00\x65\x00\x20\x00\x41\x00\x67\x00\x72\x00\x65\
\x00\x65\x00\x6d\x00\x65\x00\x6e\x00\x74\x00\x2e\x00\x0a\x00\x0a\
\x00\x0a\x00\x41\x00\x72\x00\x74\x00\x69\x00\x63\x00\x6c\x00\x65\
\x00\x20\x00\x32\x00\x3a\x00\x20\x00\x53\x00\x65\x00\x72\x00\x76\
\x00\x69\x00\x63\x00\x65\x00\x20\x00\x50\x00\x72\x00\x6f\x00\x76\
\x00\x69\x00\x64\x00\x65\x00\x72\x00\x73\x00\x0a\x00\x32\x00\x2d\
\x00\x31\x00\x0a\x00\x59\x00\x6f\x00\x75\x00\x20\x00\x6d\x00\x61\
\x00\x79\x00\x20\x00\x74\x00\x61\x00\x6b\x00\x65\x00\x20\x00\x61\
\x00\x20\x00\x64\x00\x69\x00\x67\x00\x69\x00\x74\x00\x69\x00\x7a\
\x00\x65\x00\x64\x00\x20\x00\x63\x00\x6f\x00\x70\x00\x79\x00\x20\
\x00\x6f\x00\x66\x00\x20\x00\x74\x00\x68\x00\x65\x00\x20\x00\x46\
\x00\x6f\x00\x6e\x00\x74\x00\x20\x00\x53\x00\x6f\x00\x66\x00\x74\
\x00\x77\x00\x61\x00\x72\x00\x65\x00\x20\x00\x75\x00\x73\x00\x65\
\x00\x64\x00\x20\x00\x66\x00\x6f\x00\x72\x00\x20\x00\x61\x00\x20\
\x00\x70\x00\x61\x00\x72\x00\x74\x00\x69\x00\x63\x00\x75\x00\x6c\
\x00\x61\x00\x72\x00\x20\x00\x64\x00\x6f\x00\x63\x00\x75\x00\x6d\
\x00\x65\x00\x6e\x00\x74\x00\x20\x00\x74\x00\x6f\x00\x20\x00\x61\
\x00\x20\x00\x63\x00\x6f\x00\x6d\x00\x6d\x00\x65\x00\x72\x00\x63\
\x00\x69\x00\x61\x00\x6c\x00\x20\x00\x70\x00\x72\x00\x69\x00\x6e\
\x00\x74\x00\x65\x00\x72\x00\x20\x00\x6f\x00\x72\x00\x20\x00\x73\
\x00\x65\x00\x72\x00\x76\x00\x69\x00\x63\x00\x65\x00\x20\x00\x62\
\x00\x75\x00\x72\x00\x65\x00\x61\x00\x75\x00\x20\x00\x66\x00\x6f\
\x00\x72\x00\x20\x00\x75\x00\x73\x00\x65\x00\x20\x00\x62\x00\x79\
\x00\x20\x00\x74\x00\x68\x00\x65\x00\x20\x00\x70\x00\x72\x00\x69\
\x00\x6e\x00\x74\x00\x65\x00\x72\x00\x20\x00\x6f\x00\x72\x00\x20\
\x00\x73\x00\x65\x00\x72\x00\x76\x00\x69\x00\x63\x00\x65\x00\x20\
\x00\x62\x00\x75\x00\x72\x00\x65\x00\x61\x00\x75\x00\x20\x00\x69\
\x00\x6e\x00\x20\x00\x70\x00\x72\x00\x69\x00\x6e\x00\x74\x00\x69\
\x00\x6e\x00\x67\x00\x20\x00\x73\x00\x75\x00\x63\x00\x68\x00\x20\
\x00\x64\x00\x6f\x00\x63\x00\x75\x00\x6d\x00\x65\x00\x6e\x00\x74\
\x00\x20\x00\x62\x00\x75\x00\x74\x00\x20\x00\x6f\x00\x6e\x00\x6c\
\x00\x79\x00\x20\x00\x69\x00\x66\x00\x20\x00\x74\x00\x68\x00\x65\
\x00\x20\x00\x70\x00\x72\x00\x69\x00\x6e\x00\x74\x00\x65\x00\x72\
\x00\x20\x00\x6f\x00\x72\x00\x20\x00\x73\x00\x65\x00\x72\x00\x76\
\x00\x69\x00\x63\x00\x65\x00\x20\x00\x62\x00\x75\x00\x72\x00\x65\
\x00\x61\x00\x75\x00\x20\x00\x72\x00\x65\x00\x70\x00\x72\x00\x65\
\x00\x73\x00\x65\x00\x6e\x00\x74\x00\x73\x00\x20\x00\x74\x00\x6f\
\x00\x20\x00\x79\x00\x6f\x00\x75\x00\x20\x00\x74\x00\x68\x00\x61\
\x00\x74\x00\x20\x00\x69\x00\x74\x00\x20\x00\x68\x00\x61\x00\x73\
\x00\x20\x00\x70\x00\x75\x00\x72\x00\x63\x00\x68\x00\x61\x00\x73\
\x00\x65\x00\x64\x00\x20\x00\x6f\x00\x72\x00\x20\x00\x62\x00\x65\
\x00\x65\x00\x6e\x00\x20\x00\x67\x00\x72\x00\x61\x00\x6e\x00\x74\
\x00\x65\x00\x64\x00\x20\x00\x61\x00\x20\x00\x6c\x00\x69\x00\x63\
\x00\x65\x00\x6e\x00\x73\x00\x65\x00\x20\x00\x74\x00\x6f\x00\x20\
\x00\x75\x00\x73\x00\x65\x00\x20\x00\x74\x00\x68\x00\x61\x00\x74\
\x00\x20\x00\x70\x00\x61\x00\x72\x00\x74\x00\x69\x00\x63\x00\x75\
\x00\x6c\x00\x61\x00\x72\x00\x20\x00\x46\x00\x6f\x00\x6e\x00\x74\
\x00\x20\x00\x53\x00\x6f\x00\x66\x00\x74\x00\x77\x00\x61\x00\x72\
\x00\x65\x00\x2e\x00\x20\x00\x59\x00\x6f\x00\x75\x00\x20\x00\x6d\
\x00\x61\x00\x79\x00\x20\x00\x6e\x00\x6f\x00\x74\x00\x20\x00\x69\
\x00\x6e\x00\x63\x00\x6c\x00\x75\x00\x64\x00\x65\x00\x20\x00\x74\
\x00\x68\x00\x65\x00\x20\x00\x46\x00\x6f\x00\x6e\x00\x74\x00\x20\
\x00\x53\x00\x6f\x00\x66\x00\x74\x00\x77\x00\x61\x00\x72\x00\x65\
\x00\x20\x00\x69\x00\x6e\x00\x20\x00\x61\x00\x20\x00\x64\x00\x6f\
\x00\x63\x00\x75\x00\x6d\x00\x65\x00\x6e\x00\x74\x00\x2c\x00\x20\
\x00\x79\x00\x6f\x00\x75\x00\x20\x00\x6d\x00\x61\x00\x79\x00\x20\
\x00\x6e\x00\x6f\x00\x74\x00\x20\x00\x64\x00\x69\x00\x73\x00\x74\
\x00\x72\x00\x69\x00\x62\x00\x75\x00\x74\x00\x65\x00\x20\x00\x74\
\x00\x68\x00\x65\x00\x20\x00\x64\x00\x6f\x00\x63\x00\x75\x00\x6d\
\x00\x65\x00\x6e\x00\x74\x00\x20\x00\x77\x00\x69\x00\x74\x00\x68\
\x00\x20\x00\x74\x00\x68\x00\x65\x00\x20\x00\x46\x00\x6f\x00\x6e\
\x00\x74\x00\x20\x00\x53\x00\x6f\x00\x66\x00\x74\x00\x77\x00\x61\
\x00\x72\x00\x65\x00\x20\x00\x74\x00\x6f\x00\x20\x00\x74\x00\x68\
\x00\x69\x00\x72\x00\x64\x00\x20\x00\x70\x00\x61\x00\x72\x00\x74\
\x00\x69\x00\x65\x00\x73\x00\x2c\x00\x20\x00\x69\x00\x6e\x00\x63\
\x00\x6c\x00\x75\x00\x64\x00\x69\x00\x6e\x00\x67\x00\x20\x00\x62\
\x00\x75\x00\x74\x00\x20\x00\x6e\x00\x6f\x00\x74\x00\x20\x00\x6c\
\x00\x69\x00\x6d\x00\x69\x00\x74\x00\x65\x00\x64\x00\x20\x00\x74\
\x00\x6f\x00\x20\x00\x74\x00\x68\x00\x65\x00\x20\x00\x69\x00\x6e\
\x00\x74\x00\x65\x00\x72\x00\x6e\x00\x65\x00\x74\x00\x20\x00\x61\
\x00\x6e\x00\x64\x00\x20\x00\x63\x00\x64\x00\x2d\x00\x72\x00\x6f\
\x00\x6d\x00\x2e\x00\x0a\x00\x0a\x00\x0a\x00\x41\x00\x72\x00\x74\
\x00\x69\x00\x63\x00\x6c\x00\x65\x00\x20\x00\x33\x00\x3a\x00\x20\
\x00\x43\x00\x6f\x00\x70\x00\x79\x00\x72\x00\x69\x00\x67\x00\x68\
\x00\x74\x00\x73\x00\x20\x00\x26\x00\x20\x00\x54\x00\x72\x00\x61\
\x00\x64\x00\x65\x00\x6d\x00\x61\x00\x72\x00\x6b\x00\x73\x00\x0a\
\x00\x33\x00\x2d\x00\x31\x00\x0a\x00\x59\x00\x6f\x00\x75\x00\x20\
\x00\x61\x00\x67\x00\x72\x00\x65\x00\x65\x00\x20\x00\x74\x00\x68\
\x00\x61\x00\x74\x00\x20\x00\x74\x00\x68\x00\x65\x00\x20\x00\x46\
\x00\x6f\x00\x6e\x00\x74\x00\x20\x00\x53\x00\x6f\x00\x66\x00\x74\
\x00\x77\x00\x61\x00\x72\x00\x65\x00\x20\x00\x61\x00\x6e\x00\x64\
\x00\x20\x00\x44\x00\x6f\x00\x63\x00\x75\x00\x6d\x00\x65\x00\x6e\
\x00\x74\x00\x61\x00\x74\x00\x69\x00\x6f\x00\x6e\x00\x2c\x00\x20\
\x00\x61\x00\x6e\x00\x64\x00\x20\x00\x61\x00\x6c\x00\x6c\x00\x20\
\x00\x63\x00\x6f\x00\x70\x00\x69\x00\x65\x00\x73\x00\x20\x00\x74\
\x00\x68\x00\x65\x00\x72\x00\x65\x00\x6f\x00\x66\x00\x2c\x00\x20\
\x00\x61\x00\x72\x00\x65\x00\x20\x00\x6f\x00\x77\x00\x6e\x00\x65\
\x00\x64\x00\x20\x00\x62\x00\x79\x00\x20\x00\x42\x00\x69\x00\x6e\
\x00\x6e\x00\x65\x00\x6e\x00\x6c\x00\x61\x00\x6e\x00\x64\x00\x2c\
\x00\x20\x00\x61\x00\x6e\x00\x64\x00\x20\x00\x73\x00\x75\x00\x63\
\x00\x68\x00\x20\x00\x73\x00\x74\x00\x72\x00\x75\x00\x63\x00\x74\
\x00\x75\x00\x72\x00\x65\x00\x2c\x00\x20\x00\x6f\x00\x72\x00\x67\
\x00\x61\x00\x6e\x00\x69\x00\x7a\x00\x61\x00\x74\x00\x69\x00\x6f\
\x00\x6e\x00\x2c\x00\x20\x00\x61\x00\x6e\x00\x64\x00\x20\x00\x63\
\x00\x6f\x00\x64\x00\x65\x00\x20\x00\x61\x00\x72\x00\x65\x00\x20\
\x00\x76\x00\x61\x00\x6c\x00\x75\x00\x61\x00\x62\x00\x6c\x00\x65\
\x00\x20\x00\x70\x00\x72\x00\x6f\x00\x70\x00\x65\x00\x72\x00\x74\
\x00\x79\x00\x20\x00\x6f\x00\x66\x00\x20\x00\x42\x00\x69\x00\x6e\
\x00\x6e\x00\x65\x00\x6e\x00\x6c\x00\x61\x00\x6e\x00\x64\x00\x2e\
\x00\x20\x00\x59\x00\x6f\x00\x75\x00\x20\x00\x61\x00\x63\x00\x6b\
\x00\x6e\x00\x6f\x00\x77\x00\x6c\x00\x65\x00\x64\x00\x67\x00\x65\
\x00\x20\x00\x74\x00\x68\x00\x61\x00\x74\x00\x20\x00\x74\x00\x68\
\x00\x65\x00\x20\x00\x46\x00\x6f\x00\x6e\x00\x74\x00\x20\x00\x53\
\x00\x6f\x00\x66\x00\x74\x00\x77\x00\x61\x00\x72\x00\x65\x00\x20\
\x00\x61\x00\x6e\x00\x64\x00\x20\x00\x74\x00\x68\x00\x65\x00\x20\
\x00\x64\x00\x6f\x00\x63\x00\x75\x00\x6d\x00\x65\x00\x6e\x00\x74\
\x00\x61\x00\x74\x00\x69\x00\x6f\x00\x6e\x00\x20\x00\x69\x00\x73\
\x00\x20\x00\x70\x00\x72\x00\x6f\x00\x74\x00\x65\x00\x63\x00\x74\
\x00\x65\x00\x64\x00\x20\x00\x62\x00\x79\x00\x20\x00\x74\x00\x68\
\x00\x65\x00\x20\x00\x6c\x00\x61\x00\x77\x00\x73\x00\x20\x00\x6f\
\x00\x66\x00\x20\x00\x73\x00\x77\x00\x69\x00\x74\x00\x7a\x00\x65\
\x00\x72\x00\x6c\x00\x61\x00\x6e\x00\x64\x00\x2c\x00\x20\x00\x62\
\x00\x79\x00\x20\x00\x74\x00\x68\x00\x65\x00\x20\x00\x63\x00\x6f\
\x00\x70\x00\x79\x00\x72\x00\x69\x00\x67\x00\x68\x00\x74\x00\x20\
\x00\x61\x00\x6e\x00\x64\x00\x20\x00\x64\x00\x65\x00\x73\x00\x69\
\x00\x67\x00\x6e\x00\x20\x00\x6c\x00\x61\x00\x77\x00\x73\x00\x20\
\x00\x6f\x00\x66\x00\x20\x00\x6f\x00\x74\x00\x68\x00\x65\x00\x72\
\x00\x20\x00\x6e\x00\x61\x00\x74\x00\x69\x00\x6f\x00\x6e\x00\x73\
\x00\x20\x00\x61\x00\x6e\x00\x64\x00\x20\x00\x62\x00\x79\x00\x20\
\x00\x6f\x00\x74\x00\x68\x00\x65\x00\x72\x00\x20\x00\x74\x00\x72\
\x00\x65\x00\x61\x00\x74\x00\x69\x00\x65\x00\x73\x00\x2e\x00\x20\
\x00\x59\x00\x6f\x00\x75\x00\x20\x00\x61\x00\x67\x00\x72\x00\x65\
\x00\x65\x00\x20\x00\x74\x00\x6f\x00\x20\x00\x74\x00\x72\x00\x65\
\x00\x61\x00\x74\x00\x20\x00\x74\x00\x68\x00\x65\x00\x20\x00\x46\
\x00\x6f\x00\x6e\x00\x74\x00\x20\x00\x53\x00\x6f\x00\x66\x00\x74\
\x00\x77\x00\x61\x00\x72\x00\x65\x00\x20\x00\x61\x00\x73\x00\x20\
\x00\x79\x00\x6f\x00\x75\x00\x20\x00\x77\x00\x6f\x00\x75\x00\x6c\
\x00\x64\x00\x20\x00\x61\x00\x6e\x00\x79\x00\x20\x00\x6f\x00\x74\
\x00\x68\x00\x65\x00\x72\x00\x20\x00\x63\x00\x6f\x00\x70\x00\x79\
\x00\x72\x00\x69\x00\x67\x00\x68\x00\x74\x00\x65\x00\x64\x00\x20\
\x00\x6d\x00\x61\x00\x74\x00\x65\x00\x72\x00\x69\x00\x61\x00\x6c\
\x00\x2c\x00\x20\x00\x73\x00\x75\x00\x63\x00\x68\x00\x20\x00\x61\
\x00\x73\x00\x20\x00\x61\x00\x20\x00\x62\x00\x6f\x00\x6f\x00\x6b\
\x00\x2e\x00\x0a\x00\x0a\x00\x33\x00\x2d\x00\x32\x00\x0a\x00\x59\
\x00\x6f\x00\x75\x00\x20\x00\x61\x00\x67\x00\x72\x00\x65\x00\x65\
\x00\x20\x00\x74\x00\x6f\x00\x20\x00\x75\x00\x73\x00\x65\x00\x20\
\x00\x74\x00\x72\x00\x61\x00\x64\x00\x65\x00\x6d\x00\x61\x00\x72\
\x00\x6b\x00\x73\x00\x20\x00\x61\x00\x73\x00\x73\x00\x6f\x00\x63\
\x00\x69\x00\x61\x00\x74\x00\x65\x00\x64\x00\x20\x00\x77\x00\x69\
\x00\x74\x00\x68\x00\x20\x00\x74\x00\x68\x00\x65\x00\x20\x00\x46\
\x00\x6f\x00\x6e\x00\x74\x00\x20\x00\x53\x00\x6f\x00\x66\x00\x74\
\x00\x77\x00\x61\x00\x72\x00\x65\x00\x20\x00\x61\x00\x63\x00\x63\
\x00\x6f\x00\x72\x00\x64\x00\x69\x00\x6e\x00\x67\x00\x20\x00\x74\
\x00\x6f\x00\x20\x00\x61\x00\x63\x00\x63\x00\x65\x00\x70\x00\x74\
\x00\x65\x00\x64\x00\x20\x00\x74\x00\x72\x00\x61\x00\x64\x00\x65\
\x00\x6d\x00\x61\x00\x72\x00\x6b\x00\x20\x00\x70\x00\x72\x00\x61\
\x00\x63\x00\x74\x00\x69\x00\x63\x00\x65\x00\x2c\x00\x20\x00\x69\
\x00\x6e\x00\x63\x00\x6c\x00\x75\x00\x64\x00\x69\x00\x6e\x00\x67\
\x00\x20\x00\x69\x00\x64\x00\x65\x00\x6e\x00\x74\x00\x69\x00\x66\
\x00\x69\x00\x63\x00\x61\x00\x74\x00\x69\x00\x6f\x00\x6e\x00\x20\
\x00\x6f\x00\x66\x00\x20\x00\x74\x00\x68\x00\x65\x00\x20\x00\x74\
\x00\x72\x00\x61\x00\x64\x00\x65\x00\x6d\x00\x61\x00\x72\x00\x6b\
\x00\x20\x00\x6f\x00\x77\x00\x6e\x00\x65\x00\x72\x20\x19\x00\x73\
\x00\x20\x00\x6e\x00\x61\x00\x6d\x00\x65\x00\x2e\x00\x20\x00\x54\
\x00\x72\x00\x61\x00\x64\x00\x65\x00\x6d\x00\x61\x00\x72\x00\x6b\
\x00\x73\x00\x20\x00\x63\x00\x61\x00\x6e\x00\x20\x00\x6f\x00\x6e\
\x00\x6c\x00\x79\x00\x20\x00\x62\x00\x65\x00\x20\x00\x75\x00\x73\
\x00\x65\x00\x64\x00\x20\x00\x74\x00\x6f\x00\x20\x00\x69\x00\x64\
\x00\x65\x00\x6e\x00\x74\x00\x69\x00\x66\x00\x79\x00\x20\x00\x70\
\x00\x72\x00\x69\x00\x6e\x00\x74\x00\x65\x00\x64\x00\x20\x00\x6f\
\x00\x75\x00\x74\x00\x70\x00\x75\x00\x74\x00\x20\x00\x62\x00\x79\
\x00\x20\x00\x74\x00\x68\x00\x65\x00\x20\x00\x46\x00\x6f\x00\x6e\
\x00\x74\x00\x20\x00\x53\x00\x6f\x00\x66\x00\x74\x00\x77\x00\x61\
\x00\x72\x00\x65\x00\x2e\x00\x20\x00\x54\x00\x68\x00\x65\x00\x20\
\x00\x75\x00\x73\x00\x65\x00\x20\x00\x6f\x00\x66\x00\x20\x00\x61\
\x00\x6e\x00\x79\x00\x20\x00\x74\x00\x72\x00\x61\x00\x64\x00\x65\
\x00\x6d\x00\x61\x00\x72\x00\x6b\x00\x20\x00\x61\x00\x73\x00\x20\
\x00\x68\x00\x65\x00\x72\x00\x65\x00\x69\x00\x6e\x00\x20\x00\x61\
\x00\x75\x00\x74\x00\x68\x00\x6f\x00\x72\x00\x69\x00\x7a\x00\x65\
\x00\x64\x00\x20\x00\x64\x00\x6f\x00\x65\x00\x73\x00\x20\x00\x6e\
\x00\x6f\x00\x74\x00\x20\x00\x67\x00\x69\x00\x76\x00\x65\x00\x20\
\x00\x79\x00\x6f\x00\x75\x00\x20\x00\x61\x00\x6e\x00\x79\x00\x20\
\x00\x72\x00\x69\x00\x67\x00\x68\x00\x74\x00\x73\x00\x20\x00\x6f\
\x00\x6e\x00\x20\x00\x6f\x00\x72\x00\x20\x00\x74\x00\x6f\x00\x20\
\x00\x69\x00\x6e\x00\x74\x00\x65\x00\x6c\x00\x6c\x00\x65\x00\x63\
\x00\x74\x00\x75\x00\x61\x00\x6c\x00\x20\x00\x70\x00\x72\x00\x6f\
\x00\x70\x00\x65\x00\x72\x00\x74\x00\x79\x00\x20\x00\x72\x00\x69\
\x00\x67\x00\x68\x00\x74\x00\x73\x00\x20\x00\x69\x00\x6e\x00\x20\
\x00\x74\x00\x68\x00\x65\x00\x20\x00\x46\x00\x6f\x00\x6e\x00\x74\
\x00\x20\x00\x53\x00\x6f\x00\x66\x00\x74\x00\x77\x00\x61\x00\x72\
\x00\x65\x00\x2c\x00\x20\x00\x74\x00\x68\x00\x65\x00\x20\x00\x64\
\x00\x6f\x00\x63\x00\x75\x00\x6d\x00\x65\x00\x6e\x00\x74\x00\x61\
\x00\x74\x00\x69\x00\x6f\x00\x6e\x00\x2c\x00\x20\x00\x61\x00\x6e\
\x00\x64\x00\x20\x00\x61\x00\x6e\x00\x79\x00\x20\x00\x61\x00\x73\
\x00\x73\x00\x6f\x00\x63\x00\x69\x00\x61\x00\x74\x00\x65\x00\x64\
\x00\x20\x00\x74\x00\x72\x00\x61\x00\x64\x00\x65\x00\x6d\x00\x61\
\x00\x72\x00\x6b\x00\x73\x00\x2e\x00\x0a\x00\x0a\x00\x33\x00\x2d\
\x00\x33\x00\x0a\x00\x42\x00\x69\x00\x6e\x00\x6e\x00\x65\x00\x6e\
\x00\x6c\x00\x61\x00\x6e\x00\x64\x00\x20\x00\x72\x00\x65\x00\x74\
\x00\x61\x00\x69\x00\x6e\x00\x73\x00\x20\x00\x74\x00\x69\x00\x74\
\x00\x6c\x00\x65\x00\x20\x00\x61\x00\x6e\x00\x64\x00\x20\x00\x6f\
\x00\x77\x00\x6e\x00\x65\x00\x72\x00\x73\x00\x68\x00\x69\x00\x70\
\x00\x20\x00\x6f\x00\x66\x00\x20\x00\x74\x00\x68\x00\x65\x00\x20\
\x00\x46\x00\x6f\x00\x6e\x00\x74\x00\x20\x00\x53\x00\x6f\x00\x66\
\x00\x74\x00\x77\x00\x61\x00\x72\x00\x65\x00\x2c\x00\x20\x00\x74\
\x00\x68\x00\x65\x00\x20\x00\x6d\x00\x65\x00\x64\x00\x69\x00\x61\
\x00\x20\x00\x6f\x00\x6e\x00\x20\x00\x77\x00\x68\x00\x69\x00\x63\
\x00\x68\x00\x20\x00\x69\x00\x74\x00\x20\x00\x69\x00\x73\x00\x20\
\x00\x72\x00\x65\x00\x63\x00\x6f\x00\x72\x00\x64\x00\x65\x00\x64\
\x00\x2c\x00\x20\x00\x61\x00\x6e\x00\x64\x00\x20\x00\x61\x00\x6c\
\x00\x6c\x00\x20\x00\x73\x00\x75\x00\x62\x00\x73\x00\x65\x00\x71\
\x00\x75\x00\x65\x00\x6e\x00\x74\x00\x20\x00\x63\x00\x6f\x00\x70\
\x00\x69\x00\x65\x00\x73\x00\x20\x00\x6f\x00\x66\x00\x20\x00\x74\
\x00\x68\x00\x65\x00\x20\x00\x46\x00\x6f\x00\x6e\x00\x74\x00\x20\
\x00\x53\x00\x6f\x00\x66\x00\x74\x00\x77\x00\x61\x00\x72\x00\x65\
\x00\x2c\x00\x20\x00\x72\x00\x65\x00\x67\x00\x61\x00\x72\x00\x64\
\x00\x6c\x00\x65\x00\x73\x00\x73\x00\x20\x00\x6f\x00\x66\x00\x20\
\x00\x74\x00\x68\x00\x65\x00\x20\x00\x66\x00\x6f\x00\x72\x00\x6d\
\x00\x20\x00\x6f\x00\x72\x00\x20\x00\x6d\x00\x65\x00\x64\x00\x69\
\x00\x61\x00\x20\x00\x69\x00\x6e\x00\x20\x00\x6f\x00\x72\x00\x20\
\x00\x6f\x00\x6e\x00\x20\x00\x77\x00\x68\x00\x69\x00\x63\x00\x68\
\x00\x20\x00\x74\x00\x68\x00\x65\x00\x20\x00\x6f\x00\x72\x00\x69\
\x00\x67\x00\x69\x00\x6e\x00\x61\x00\x6c\x00\x20\x00\x61\x00\x6e\
\x00\x64\x00\x20\x00\x6f\x00\x74\x00\x68\x00\x65\x00\x72\x00\x20\
\x00\x63\x00\x6f\x00\x70\x00\x69\x00\x65\x00\x73\x00\x20\x00\x6d\
\x00\x61\x00\x79\x00\x20\x00\x65\x00\x78\x00\x69\x00\x73\x00\x74\
\x00\x2e\x00\x0a\x00\x0a\x00\x0a\x00\x41\x00\x72\x00\x74\x00\x69\
\x00\x63\x00\x6c\x00\x65\x00\x20\x00\x34\x00\x3a\x00\x20\x00\x4c\
\x00\x69\x00\x6d\x00\x69\x00\x74\x00\x65\x00\x64\x00\x20\x00\x57\
\x00\x61\x00\x72\x00\x72\x00\x61\x00\x6e\x00\x74\x00\x79\x00\x0a\
\x00\x34\x00\x2d\x00\x31\x00\x0a\x00\x42\x00\x69\x00\x6e\x00\x6e\
\x00\x65\x00\x6e\x00\x6c\x00\x61\x00\x6e\x00\x64\x00\x20\x00\x77\
\x00\x61\x00\x72\x00\x72\x00\x61\x00\x6e\x00\x74\x00\x73\x00\x20\
\x00\x79\x00\x6f\x00\x75\x00\x20\x00\x74\x00\x68\x00\x61\x00\x74\
\x00\x20\x00\x74\x00\x68\x00\x65\x00\x20\x00\x46\x00\x6f\x00\x6e\
\x00\x74\x00\x20\x00\x53\x00\x6f\x00\x66\x00\x74\x00\x77\x00\x61\
\x00\x72\x00\x65\x00\x20\x00\x77\x00\x69\x00\x6c\x00\x6c\x00\x20\
\x00\x70\x00\x65\x00\x72\x00\x66\x00\x6f\x00\x72\x00\x6d\x00\x20\
\x00\x73\x00\x75\x00\x62\x00\x73\x00\x74\x00\x61\x00\x6e\x00\x74\
\x00\x69\x00\x61\x00\x6c\x00\x6c\x00\x79\x00\x20\x00\x69\x00\x6e\
\x00\x20\x00\x61\x00\x63\x00\x63\x00\x6f\x00\x72\x00\x64\x00\x61\
\x00\x6e\x00\x63\x00\x65\x00\x20\x00\x77\x00\x69\x00\x74\x00\x68\
\x00\x20\x00\x74\x00\x68\x00\x65\x00\x20\x00\x44\x00\x6f\x00\x63\
\x00\x75\x00\x6d\x00\x65\x00\x6e\x00\x74\x00\x61\x00\x74\x00\x69\
\x00\x6f\x00\x6e\x00\x20\x00\x66\x00\x6f\x00\x72\x00\x20\x00\x74\
\x00\x68\x00\x65\x00\x20\x00\x74\x00\x68\x00\x69\x00\x72\x00\x74\
\x00\x79\x00\x20\x00\x28\x00\x33\x00\x30\x00\x29\x00\x20\x00\x64\
\x00\x61\x00\x79\x00\x20\x00\x70\x00\x65\x00\x72\x00\x69\x00\x6f\
\x00\x64\x00\x20\x00\x66\x00\x6f\x00\x6c\x00\x6c\x00\x6f\x00\x77\
\x00\x69\x00\x6e\x00\x67\x00\x20\x00\x79\x00\x6f\x00\x75\x00\x72\
\x00\x20\x00\x72\x00\x65\x00\x63\x00\x65\x00\x69\x00\x70\x00\x74\
\x00\x2e\x00\x20\x00\x54\x00\x6f\x00\x20\x00\x6d\x00\x61\x00\x6b\
\x00\x65\x00\x20\x00\x61\x00\x20\x00\x77\x00\x61\x00\x72\x00\x72\
\x00\x61\x00\x6e\x00\x74\x00\x79\x00\x20\x00\x63\x00\x6c\x00\x61\
\x00\x69\x00\x6d\x00\x2c\x00\x20\x00\x79\x00\x6f\x00\x75\x00\x20\
\x00\x6d\x00\x75\x00\x73\x00\x74\x00\x20\x00\x72\x00\x65\x00\x74\
\x00\x75\x00\x72\x00\x6e\x00\x20\x00\x74\x00\x68\x00\x65\x00\x20\
\x00\x46\x00\x6f\x00\x6e\x00\x74\x00\x20\x00\x53\x00\x6f\x00\x66\
\x00\x74\x00\x77\x00\x61\x00\x72\x00\x65\x00\x20\x00\x74\x00\x6f\
\x00\x20\x00\x74\x00\x68\x00\x65\x00\x20\x00\x6c\x00\x6f\x00\x63\
\x00\x61\x00\x74\x00\x69\x00\x6f\x00\x6e\x00\x20\x00\x66\x00\x72\
\x00\x6f\x00\x6d\x00\x20\x00\x77\x00\x68\x00\x69\x00\x63\x00\x68\
\x00\x20\x00\x79\x00\x6f\x00\x75\x00\x20\x00\x6f\x00\x62\x00\x74\
\x00\x61\x00\x69\x00\x6e\x00\x65\x00\x64\x00\x20\x00\x69\x00\x74\
\x00\x20\x00\x61\x00\x6c\x00\x6f\x00\x6e\x00\x67\x00\x20\x00\x77\
\x00\x69\x00\x74\x00\x68\x00\x20\x00\x61\x00\x20\x00\x63\x00\x6f\
\x00\x70\x00\x79\x00\x20\x00\x6f\x00\x66\x00\x20\x00\x79\x00\x6f\
\x00\x75\x00\x72\x00\x20\x00\x73\x00\x61\x00\x6c\x00\x65\x00\x73\
\x00\x20\x00\x72\x00\x65\x00\x63\x00\x65\x00\x69\x00\x70\x00\x74\
\x00\x20\x00\x77\x00\x69\x00\x74\x00\x68\x00\x69\x00\x6e\x00\x20\
\x00\x73\x00\x75\x00\x63\x00\x68\x00\x20\x00\x74\x00\x68\x00\x69\
\x00\x72\x00\x74\x00\x79\x00\x20\x00\x28\x00\x33\x00\x30\x00\x29\
\x00\x20\x00\x64\x00\x61\x00\x79\x00\x20\x00\x70\x00\x65\x00\x72\
\x00\x69\x00\x6f\x00\x64\x00\x2e\x00\x20\x00\x49\x00\x66\x00\x20\
\x00\x74\x00\x68\x00\x65\x00\x20\x00\x46\x00\x6f\x00\x6e\x00\x74\
\x00\x20\x00\x53\x00\x6f\x00\x66\x00\x74\x00\x77\x00\x61\x00\x72\
\x00\x65\x00\x20\x00\x64\x00\x6f\x00\x65\x00\x73\x00\x6e\x20\x19\
\x00\x74\x00\x20\x00\x70\x00\x65\x00\x72\x00\x66\x00\x6f\x00\x72\
\x00\x6d\x00\x20\x00\x73\x00\x75\x00\x62\x00\x73\x00\x74\x00\x61\
\x00\x6e\x00\x74\x00\x69\x00\x61\x00\x6c\x00\x6c\x00\x79\x00\x20\
\x00\x69\x00\x6e\x00\x20\x00\x61\x00\x63\x00\x63\x00\x6f\x00\x72\
\x00\x64\x00\x61\x00\x6e\x00\x63\x00\x65\x00\x20\x00\x77\x00\x69\
\x00\x74\x00\x68\x00\x20\x00\x74\x00\x68\x00\x65\x00\x20\x00\x44\
\x00\x6f\x00\x63\x00\x75\x00\x6d\x00\x65\x00\x6e\x00\x74\x00\x61\
\x00\x74\x00\x69\x00\x6f\x00\x6e\x00\x2c\x00\x20\x00\x74\x00\x68\
\x00\x65\x00\x20\x00\x65\x00\x6e\x00\x74\x00\x69\x00\x72\x00\x65\
\x00\x20\x00\x61\x00\x6e\x00\x64\x00\x20\x00\x65\x00\x78\x00\x63\
\x00\x6c\x00\x75\x00\x73\x00\x69\x00\x76\x00\x65\x00\x20\x00\x6c\
\x00\x69\x00\x61\x00\x62\x00\x69\x00\x6c\x00\x69\x00\x74\x00\x79\
\x00\x20\x00\x61\x00\x6e\x00\x64\x00\x20\x00\x72\x00\x65\x00\x6d\
\x00\x65\x00\x64\x00\x79\x00\x20\x00\x73\x00\x68\x00\x61\x00\x6c\
\x00\x6c\x00\x20\x00\x62\x00\x65\x00\x20\x00\x6c\x00\x69\x00\x6d\
\x00\x69\x00\x74\x00\x65\x00\x64\x00\x20\x00\x74\x00\x6f\x00\x20\
\x00\x65\x00\x69\x00\x74\x00\x68\x00\x65\x00\x72\x00\x2c\x00\x20\
\x00\x61\x00\x74\x00\x20\x00\x42\x00\x69\x00\x6e\x00\x6e\x00\x65\
\x00\x6e\x00\x6c\x00\x61\x00\x6e\x00\x64\x20\x19\x00\x73\x00\x20\
\x00\x6f\x00\x70\x00\x74\x00\x69\x00\x6f\x00\x6e\x00\x20\x00\x74\
\x00\x68\x00\x65\x00\x20\x00\x72\x00\x65\x00\x70\x00\x6c\x00\x61\
\x00\x63\x00\x65\x00\x6d\x00\x65\x00\x6e\x00\x74\x00\x20\x00\x6f\
\x00\x66\x00\x20\x00\x74\x00\x68\x00\x65\x00\x20\x00\x46\x00\x6f\
\x00\x6e\x00\x74\x00\x20\x00\x53\x00\x6f\x00\x66\x00\x74\x00\x77\
\x00\x61\x00\x72\x00\x65\x00\x2c\x00\x20\x00\x6f\x00\x72\x00\x20\
\x00\x74\x00\x68\x00\x65\x00\x20\x00\x72\x00\x65\x00\x66\x00\x75\
\x00\x6e\x00\x64\x00\x20\x00\x6f\x00\x66\x00\x20\x00\x74\x00\x68\
\x00\x65\x00\x20\x00\x6c\x00\x69\x00\x63\x00\x65\x00\x6e\x00\x73\
\x00\x65\x00\x20\x00\x66\x00\x65\x00\x65\x00\x20\x00\x79\x00\x6f\
\x00\x75\x00\x20\x00\x70\x00\x61\x00\x69\x00\x64\x00\x20\x00\x66\
\x00\x6f\x00\x72\x00\x20\x00\x74\x00\x68\x00\x65\x00\x20\x00\x46\
\x00\x6f\x00\x6e\x00\x74\x00\x20\x00\x53\x00\x6f\x00\x66\x00\x74\
\x00\x77\x00\x61\x00\x72\x00\x65\x00\x2e\x00\x0a\x00\x0a\x00\x34\
\x00\x2d\x00\x32\x00\x0a\x00\x42\x00\x69\x00\x6e\x00\x6e\x00\x65\
\x00\x6e\x00\x6c\x00\x61\x00\x6e\x00\x64\x00\x20\x00\x64\x00\x6f\
\x00\x65\x00\x73\x00\x20\x00\x6e\x00\x6f\x00\x74\x00\x20\x00\x61\
\x00\x6e\x00\x64\x00\x20\x00\x63\x00\x61\x00\x6e\x00\x6e\x00\x6f\
\x00\x74\x00\x20\x00\x77\x00\x61\x00\x72\x00\x72\x00\x61\x00\x6e\
\x00\x74\x00\x20\x00\x74\x00\x68\x00\x65\x00\x20\x00\x70\x00\x65\
\x00\x72\x00\x66\x00\x6f\x00\x72\x00\x6d\x00\x61\x00\x6e\x00\x63\
\x00\x65\x00\x20\x00\x6f\x00\x72\x00\x20\x00\x72\x00\x65\x00\x73\
\x00\x75\x00\x6c\x00\x74\x00\x73\x00\x20\x00\x79\x00\x6f\x00\x75\
\x00\x20\x00\x6d\x00\x61\x00\x79\x00\x20\x00\x6f\x00\x62\x00\x74\
\x00\x61\x00\x69\x00\x6e\x00\x20\x00\x62\x00\x79\x00\x20\x00\x75\
\x00\x73\x00\x69\x00\x6e\x00\x67\x00\x20\x00\x74\x00\x68\x00\x65\
\x00\x20\x00\x46\x00\x6f\x00\x6e\x00\x74\x00\x20\x00\x53\x00\x6f\
\x00\x66\x00\x74\x00\x77\x00\x61\x00\x72\x00\x65\x00\x2e\x00\x20\
\x00\x54\x00\x68\x00\x65\x00\x20\x00\x66\x00\x6f\x00\x72\x00\x65\
\x00\x67\x00\x6f\x00\x69\x00\x6e\x00\x67\x00\x20\x00\x73\x00\x74\
\x00\x61\x00\x74\x00\x65\x00\x73\x00\x20\x00\x74\x00\x68\x00\x65\
\x00\x20\x00\x73\x00\x6f\x00\x6c\x00\x65\x00\x20\x00\x61\x00\x6e\
\x00\x64\x00\x20\x00\x65\x00\x78\x00\x63\x00\x6c\x00\x75\x00\x73\
\x00\x69\x00\x76\x00\x65\x00\x20\x00\x72\x00\x65\x00\x6d\x00\x65\
\x00\x64\x00\x69\x00\x65\x00\x73\x00\x20\x00\x66\x00\x6f\x00\x72\
\x00\x20\x00\x42\x00\x69\x00\x6e\x00\x6e\x00\x65\x00\x6e\x00\x6c\
\x00\x61\x00\x6e\x00\x64\x20\x19\x00\x73\x00\x20\x00\x62\x00\x72\
\x00\x65\x00\x61\x00\x63\x00\x68\x00\x20\x00\x6f\x00\x72\x00\x20\
\x00\x77\x00\x61\x00\x72\x00\x72\x00\x61\x00\x6e\x00\x74\x00\x79\
\x00\x2e\x00\x20\x00\x45\x00\x78\x00\x63\x00\x65\x00\x70\x00\x74\
\x00\x20\x00\x66\x00\x6f\x00\x72\x00\x20\x00\x74\x00\x68\x00\x65\
\x00\x20\x00\x66\x00\x6f\x00\x72\x00\x65\x00\x67\x00\x6f\x00\x69\
\x00\x6e\x00\x67\x00\x20\x00\x6c\x00\x69\x00\x6d\x00\x69\x00\x74\
\x00\x65\x00\x64\x00\x20\x00\x77\x00\x61\x00\x72\x00\x72\x00\x61\
\x00\x6e\x00\x74\x00\x79\x00\x2c\x00\x20\x00\x42\x00\x69\x00\x6e\
\x00\x6e\x00\x65\x00\x6e\x00\x6c\x00\x61\x00\x6e\x00\x64\x00\x20\
\x00\x6d\x00\x61\x00\x6b\x00\x65\x00\x73\x00\x20\x00\x6e\x00\x6f\
\x00\x20\x00\x77\x00\x61\x00\x72\x00\x72\x00\x61\x00\x6e\x00\x74\
\x00\x69\x00\x65\x00\x73\x00\x20\x00\x65\x00\x78\x00\x70\x00\x72\
\x00\x65\x00\x73\x00\x73\x00\x20\x00\x6f\x00\x72\x00\x20\x00\x69\
\x00\x6d\x00\x70\x00\x6c\x00\x69\x00\x65\x00\x64\x00\x2c\x00\x20\
\x00\x61\x00\x73\x00\x20\x00\x74\x00\x6f\x00\x20\x00\x6e\x00\x6f\
\x00\x6e\x00\x2d\x00\x69\x00\x6e\x00\x66\x00\x72\x00\x69\x00\x6e\
\x00\x67\x00\x65\x00\x6d\x00\x65\x00\x6e\x00\x74\x00\x20\x00\x6f\
\x00\x66\x00\x20\x00\x74\x00\x68\x00\x69\x00\x72\x00\x64\x00\x20\
\x00\x70\x00\x61\x00\x72\x00\x74\x00\x79\x00\x20\x00\x72\x00\x69\
\x00\x67\x00\x68\x00\x74\x00\x73\x00\x2c\x00\x20\x00\x6d\x00\x65\
\x00\x72\x00\x63\x00\x68\x00\x61\x00\x6e\x00\x74\x00\x61\x00\x62\
\x00\x69\x00\x6c\x00\x69\x00\x74\x00\x79\x00\x2c\x00\x20\x00\x6f\
\x00\x72\x00\x20\x00\x66\x00\x69\x00\x74\x00\x6e\x00\x65\x00\x73\
\x00\x73\x00\x20\x00\x66\x00\x6f\x00\x72\x00\x20\x00\x61\x00\x6e\
\x00\x79\x00\x20\x00\x70\x00\x61\x00\x72\x00\x74\x00\x69\x00\x63\
\x00\x75\x00\x6c\x00\x61\x00\x72\x00\x20\x00\x70\x00\x75\x00\x72\
\x00\x70\x00\x6f\x00\x73\x00\x65\x00\x2e\x00\x20\x00\x49\x00\x6e\
\x00\x20\x00\x6e\x00\x6f\x00\x20\x00\x65\x00\x76\x00\x65\x00\x6e\
\x00\x74\x00\x20\x00\x77\x00\x69\x00\x6c\x00\x6c\x00\x20\x00\x42\
\x00\x69\x00\x6e\x00\x6e\x00\x65\x00\x6e\x00\x6c\x00\x61\x00\x6e\
\x00\x64\x00\x20\x00\x62\x00\x65\x00\x20\x00\x6c\x00\x69\x00\x61\
\x00\x62\x00\x6c\x00\x65\x00\x20\x00\x74\x00\x6f\x00\x20\x00\x79\
\x00\x6f\x00\x75\x00\x20\x00\x66\x00\x6f\x00\x72\x00\x20\x00\x61\
\x00\x6e\x00\x79\x00\x20\x00\x63\x00\x6f\x00\x6e\x00\x73\x00\x65\
\x00\x71\x00\x75\x00\x65\x00\x6e\x00\x74\x00\x69\x00\x61\x00\x6c\
\x00\x2c\x00\x20\x00\x69\x00\x6e\x00\x63\x00\x69\x00\x64\x00\x65\
\x00\x6e\x00\x74\x00\x61\x00\x6c\x00\x20\x00\x6f\x00\x72\x00\x20\
\x00\x73\x00\x70\x00\x65\x00\x63\x00\x69\x00\x61\x00\x6c\x00\x20\
\x00\x64\x00\x61\x00\x6d\x00\x61\x00\x67\x00\x65\x00\x73\x00\x2c\
\x00\x20\x00\x69\x00\x6e\x00\x63\x00\x6c\x00\x75\x00\x64\x00\x69\
\x00\x6e\x00\x67\x00\x20\x00\x61\x00\x6e\x00\x79\x00\x20\x00\x6c\
\x00\x6f\x00\x73\x00\x74\x00\x20\x00\x70\x00\x72\x00\x6f\x00\x66\
\x00\x69\x00\x74\x00\x73\x00\x2c\x00\x20\x00\x62\x00\x75\x00\x73\
\x00\x69\x00\x6e\x00\x65\x00\x73\x00\x73\x00\x20\x00\x69\x00\x6e\
\x00\x74\x00\x65\x00\x72\x00\x72\x00\x75\x00\x70\x00\x74\x00\x69\
\x00\x6f\x00\x6e\x00\x2c\x00\x20\x00\x6c\x00\x6f\x00\x73\x00\x73\
\x00\x20\x00\x6f\x00\x66\x00\x20\x00\x62\x00\x75\x00\x73\x00\x69\
\x00\x6e\x00\x65\x00\x73\x00\x73\x00\x20\x00\x69\x00\x6e\x00\x66\
\x00\x6f\x00\x72\x00\x6d\x00\x61\x00\x74\x00\x69\x00\x6f\x00\x6e\
\x00\x2c\x00\x20\x00\x6c\x00\x6f\x00\x73\x00\x74\x00\x20\x00\x64\
\x00\x61\x00\x74\x00\x61\x00\x20\x00\x6f\x00\x72\x00\x20\x00\x6c\
\x00\x6f\x00\x73\x00\x74\x00\x20\x00\x73\x00\x61\x00\x76\x00\x69\
\x00\x6e\x00\x67\x00\x73\x00\x2e\x00\x20\x00\x45\x00\x76\x00\x65\
\x00\x6e\x00\x20\x00\x69\x00\x66\x00\x20\x00\x61\x00\x6e\x00\x20\
\x00\x42\x00\x69\x00\x6e\x00\x6e\x00\x65\x00\x6e\x00\x6c\x00\x61\
\x00\x6e\x00\x64\x00\x20\x00\x72\x00\x65\x00\x70\x00\x72\x00\x65\
\x00\x73\x00\x65\x00\x6e\x00\x74\x00\x61\x00\x74\x00\x69\x00\x76\
\x00\x65\x00\x20\x00\x68\x00\x61\x00\x73\x00\x20\x00\x62\x00\x65\
\x00\x65\x00\x6e\x00\x20\x00\x61\x00\x64\x00\x76\x00\x69\x00\x73\
\x00\x65\x00\x64\x00\x20\x00\x6f\x00\x66\x00\x20\x00\x74\x00\x68\
\x00\x65\x00\x20\x00\x70\x00\x6f\x00\x73\x00\x73\x00\x69\x00\x62\
\x00\x69\x00\x6c\x00\x69\x00\x74\x00\x79\x00\x20\x00\x6f\x00\x66\
\x00\x20\x00\x73\x00\x75\x00\x63\x00\x68\x00\x20\x00\x64\x00\x61\
\x00\x6d\x00\x61\x00\x67\x00\x65\x00\x73\x00\x2c\x00\x20\x00\x6f\
\x00\x72\x00\x20\x00\x66\x00\x6f\x00\x72\x00\x20\x00\x61\x00\x6e\
\x00\x79\x00\x20\x00\x63\x00\x6c\x00\x61\x00\x69\x00\x6d\x00\x20\
\x00\x61\x00\x67\x00\x61\x00\x69\x00\x6e\x00\x73\x00\x74\x00\x20\
\x00\x79\x00\x6f\x00\x75\x00\x20\x00\x62\x00\x79\x00\x20\x00\x61\
\x00\x6e\x00\x79\x00\x20\x00\x74\x00\x68\x00\x69\x00\x72\x00\x64\
\x00\x20\x00\x70\x00\x61\x00\x72\x00\x74\x00\x79\x00\x2e\x00\x0a\
\x00\x0a\x00\x34\x00\x2d\x00\x33\x00\x0a\x00\x59\x00\x6f\x00\x75\
\x00\x20\x00\x61\x00\x67\x00\x72\x00\x65\x00\x65\x00\x20\x00\x74\
\x00\x6f\x00\x20\x00\x69\x00\x6e\x00\x64\x00\x65\x00\x6d\x00\x6e\
\x00\x69\x00\x66\x00\x79\x00\x20\x00\x61\x00\x6e\x00\x64\x00\x20\
\x00\x68\x00\x6f\x00\x6c\x00\x64\x00\x20\x00\x42\x00\x69\x00\x6e\
\x00\x6e\x00\x65\x00\x6e\x00\x6c\x00\x61\x00\x6e\x00\x64\x00\x20\
\x00\x68\x00\x61\x00\x72\x00\x6d\x00\x6c\x00\x65\x00\x73\x00\x73\
\x00\x20\x00\x66\x00\x72\x00\x6f\x00\x6d\x00\x20\x00\x61\x00\x6e\
\x00\x64\x00\x20\x00\x61\x00\x67\x00\x61\x00\x69\x00\x6e\x00\x73\
\x00\x74\x00\x20\x00\x61\x00\x6e\x00\x79\x00\x20\x00\x63\x00\x6c\
\x00\x61\x00\x69\x00\x6d\x00\x73\x00\x20\x00\x6f\x00\x72\x00\x20\
\x00\x64\x00\x61\x00\x6d\x00\x61\x00\x67\x00\x65\x00\x20\x00\x77\
\x00\x68\x00\x69\x00\x63\x00\x68\x00\x20\x00\x6d\x00\x61\x00\x79\
\x00\x20\x00\x72\x00\x65\x00\x73\x00\x75\x00\x6c\x00\x74\x00\x20\
\x00\x66\x00\x72\x00\x6f\x00\x6d\x00\x20\x00\x79\x00\x6f\x00\x75\
\x00\x72\x00\x20\x00\x62\x00\x72\x00\x65\x00\x61\x00\x63\x00\x68\
\x00\x20\x00\x6f\x00\x66\x00\x20\x00\x74\x00\x68\x00\x69\x00\x73\
\x00\x20\x00\x4c\x00\x69\x00\x63\x00\x65\x00\x6e\x00\x73\x00\x65\
\x00\x20\x00\x41\x00\x67\x00\x72\x00\x65\x00\x65\x00\x6d\x00\x65\
\x00\x6e\x00\x74\x00\x2e\x00\x0a\x00\x0a\x00\x0a\x00\x41\x00\x72\
\x00\x74\x00\x69\x00\x63\x00\x6c\x00\x65\x00\x20\x00\x35\x00\x3a\
\x00\x20\x00\x54\x00\x65\x00\x72\x00\x6d\x00\x0a\x00\x35\x00\x2d\
\x00\x31\x00\x0a\x00\x54\x00\x68\x00\x65\x00\x20\x00\x6c\x00\x69\
\x00\x63\x00\x65\x00\x6e\x00\x73\x00\x65\x00\x20\x00\x69\x00\x73\
\x00\x20\x00\x65\x00\x66\x00\x66\x00\x65\x00\x63\x00\x74\x00\x69\
\x00\x76\x00\x65\x00\x20\x00\x75\x00\x6e\x00\x74\x00\x69\x00\x6c\
\x00\x20\x00\x74\x00\x65\x00\x72\x00\x6d\x00\x69\x00\x6e\x00\x61\
\x00\x74\x00\x65\x00\x64\x00\x2e\x00\x20\x00\x42\x00\x69\x00\x6e\
\x00\x6e\x00\x65\x00\x6e\x00\x6c\x00\x61\x00\x6e\x00\x64\x00\x20\
\x00\x68\x00\x61\x00\x73\x00\x20\x00\x74\x00\x68\x00\x65\x00\x20\
\x00\x72\x00\x69\x00\x67\x00\x68\x00\x74\x00\x20\x00\x74\x00\x6f\
\x00\x20\x00\x74\x00\x65\x00\x72\x00\x6d\x00\x69\x00\x6e\x00\x61\
\x00\x74\x00\x65\x00\x20\x00\x79\x00\x6f\x00\x75\x00\x72\x00\x20\
\x00\x6c\x00\x69\x00\x63\x00\x65\x00\x6e\x00\x73\x00\x65\x00\x20\
\x00\x69\x00\x6d\x00\x6d\x00\x65\x00\x64\x00\x69\x00\x61\x00\x74\
\x00\x65\x00\x6c\x00\x79\x00\x20\x00\x69\x00\x66\x00\x20\x00\x79\
\x00\x6f\x00\x75\x00\x20\x00\x66\x00\x61\x00\x69\x00\x6c\x00\x20\
\x00\x74\x00\x6f\x00\x20\x00\x63\x00\x6f\x00\x6d\x00\x70\x00\x6c\
\x00\x79\x00\x20\x00\x77\x00\x69\x00\x74\x00\x68\x00\x20\x00\x61\
\x00\x6e\x00\x79\x00\x20\x00\x74\x00\x65\x00\x72\x00\x6d\x00\x73\
\x00\x20\x00\x6f\x00\x66\x00\x20\x00\x74\x00\x68\x00\x69\x00\x73\
\x00\x20\x00\x41\x00\x67\x00\x72\x00\x65\x00\x65\x00\x6d\x00\x65\
\x00\x6e\x00\x74\x00\x2e\x00\x20\x00\x49\x00\x6e\x00\x20\x00\x61\
\x00\x64\x00\x64\x00\x69\x00\x74\x00\x69\x00\x6f\x00\x6e\x00\x2c\
\x00\x20\x00\x42\x00\x69\x00\x6e\x00\x6e\x00\x65\x00\x6e\x00\x6c\
\x00\x61\x00\x6e\x00\x64\x00\x20\x00\x72\x00\x65\x00\x73\x00\x65\
\x00\x72\x00\x76\x00\x65\x00\x73\x00\x20\x00\x74\x00\x68\x00\x65\
\x00\x20\x00\x72\x00\x69\x00\x67\x00\x68\x00\x74\x00\x20\x00\x74\
\x00\x6f\x00\x20\x00\x63\x00\x6c\x00\x61\x00\x69\x00\x6d\x00\x20\
\x00\x70\x00\x75\x00\x6e\x00\x69\x00\x74\x00\x69\x00\x76\x00\x65\
\x00\x20\x00\x64\x00\x61\x00\x6d\x00\x61\x00\x67\x00\x65\x00\x73\
\x00\x2e\x00\x20\x00\x55\x00\x70\x00\x6f\x00\x6e\x00\x20\x00\x73\
\x00\x75\x00\x63\x00\x68\x00\x20\x00\x74\x00\x65\x00\x72\x00\x6d\
\x00\x69\x00\x6e\x00\x61\x00\x74\x00\x69\x00\x6f\x00\x6e\x00\x20\
\x00\x79\x00\x6f\x00\x75\x00\x20\x00\x77\x00\x69\x00\x6c\x00\x6c\
\x00\x20\x00\x64\x00\x65\x00\x73\x00\x74\x00\x72\x00\x6f\x00\x79\
\x00\x20\x00\x74\x00\x68\x00\x65\x00\x20\x00\x6f\x00\x72\x00\x69\
\x00\x67\x00\x69\x00\x6e\x00\x61\x00\x6c\x00\x20\x00\x61\x00\x6e\
\x00\x64\x00\x20\x00\x61\x00\x6e\x00\x79\x00\x20\x00\x63\x00\x6f\
\x00\x70\x00\x69\x00\x65\x00\x73\x00\x20\x00\x6f\x00\x66\x00\x20\
\x00\x74\x00\x68\x00\x65\x00\x20\x00\x46\x00\x6f\x00\x6e\x00\x74\
\x00\x20\x00\x53\x00\x6f\x00\x66\x00\x74\x00\x77\x00\x61\x00\x72\
\x00\x65\x00\x20\x00\x61\x00\x6e\x00\x64\x00\x20\x00\x72\x00\x65\
\x00\x6c\x00\x61\x00\x74\x00\x65\x00\x64\x00\x20\x00\x64\x00\x6f\
\x00\x63\x00\x75\x00\x6d\x00\x65\x00\x6e\x00\x74\x00\x61\x00\x74\
\x00\x69\x00\x6f\x00\x6e\x00\x20\x00\x61\x00\x6e\x00\x64\x00\x20\
\x00\x63\x00\x65\x00\x61\x00\x73\x00\x65\x00\x20\x00\x61\x00\x6c\
\x00\x6c\x00\x20\x00\x75\x00\x73\x00\x65\x00\x20\x00\x6f\x00\x66\
\x00\x20\x00\x74\x00\x68\x00\x65\x00\x20\x00\x54\x00\x72\x00\x61\
\x00\x64\x00\x65\x00\x6d\x00\x61\x00\x72\x00\x6b\x00\x73\x00\x2e\
\x00\x0a\x00\x0a\x00\x0a\x00\x41\x00\x72\x00\x74\x00\x69\x00\x63\
\x00\x6c\x00\x65\x00\x20\x00\x36\x00\x3a\x00\x20\x00\x45\x00\x6e\
\x00\x74\x00\x69\x00\x72\x00\x65\x00\x20\x00\x41\x00\x67\x00\x72\
\x00\x65\x00\x65\x00\x6d\x00\x65\x00\x6e\x00\x74\x00\x0a\x00\x36\
\x00\x2d\x00\x31\x00\x0a\x00\x59\x00\x6f\x00\x75\x00\x20\x00\x61\
\x00\x63\x00\x6b\x00\x6e\x00\x6f\x00\x77\x00\x6c\x00\x65\x00\x64\
\x00\x67\x00\x65\x00\x20\x00\x74\x00\x68\x00\x61\x00\x74\x00\x20\
\x00\x79\x00\x6f\x00\x75\x00\x20\x00\x68\x00\x61\x00\x76\x00\x65\
\x00\x20\x00\x72\x00\x65\x00\x61\x00\x64\x00\x20\x00\x74\x00\x68\
\x00\x69\x00\x73\x00\x20\x00\x41\x00\x67\x00\x72\x00\x65\x00\x65\
\x00\x6d\x00\x65\x00\x6e\x00\x74\x00\x2c\x00\x20\x00\x75\x00\x6e\
\x00\x64\x00\x65\x00\x72\x00\x73\x00\x74\x00\x61\x00\x6e\x00\x64\
\x00\x20\x00\x69\x00\x74\x00\x20\x00\x61\x00\x6e\x00\x64\x00\x20\
\x00\x74\x00\x68\x00\x61\x00\x74\x00\x20\x00\x69\x00\x74\x00\x20\
\x00\x69\x00\x73\x00\x20\x00\x74\x00\x68\x00\x65\x00\x20\x00\x63\
\x00\x6f\x00\x6d\x00\x70\x00\x6c\x00\x65\x00\x74\x00\x65\x00\x20\
\x00\x61\x00\x6e\x00\x64\x00\x20\x00\x65\x00\x78\x00\x63\x00\x6c\
\x00\x75\x00\x73\x00\x69\x00\x76\x00\x65\x00\x20\x00\x73\x00\x74\
\x00\x61\x00\x74\x00\x65\x00\x6d\x00\x65\x00\x6e\x00\x74\x00\x20\
\x00\x6f\x00\x66\x00\x20\x00\x79\x00\x6f\x00\x75\x00\x72\x00\x20\
\x00\x41\x00\x67\x00\x72\x00\x65\x00\x65\x00\x6d\x00\x65\x00\x6e\
\x00\x74\x00\x20\x00\x77\x00\x69\x00\x74\x00\x68\x00\x20\x00\x42\
\x00\x69\x00\x6e\x00\x6e\x00\x65\x00\x6e\x00\x6c\x00\x61\x00\x6e\
\x00\x64\x00\x20\x00\x77\x00\x68\x00\x69\x00\x63\x00\x68\x00\x20\
\x00\x73\x00\x75\x00\x70\x00\x65\x00\x72\x00\x73\x00\x65\x00\x64\
\x00\x65\x00\x73\x00\x20\x00\x61\x00\x6e\x00\x79\x00\x20\x00\x70\
\x00\x72\x00\x69\x00\x6f\x00\x72\x00\x20\x00\x41\x00\x67\x00\x72\
\x00\x65\x00\x65\x00\x6d\x00\x65\x00\x6e\x00\x74\x00\x2c\x00\x20\
\x00\x6f\x00\x72\x00\x61\x00\x6c\x00\x20\x00\x6f\x00\x72\x00\x20\
\x00\x77\x00\x72\x00\x69\x00\x74\x00\x74\x00\x65\x00\x6e\x00\x2c\
\x00\x20\x00\x61\x00\x6e\x00\x64\x00\x20\x00\x61\x00\x6e\x00\x79\
\x00\x20\x00\x6f\x00\x74\x00\x68\x00\x65\x00\x72\x00\x20\x00\x63\
\x00\x6f\x00\x6d\x00\x6d\x00\x75\x00\x6e\x00\x69\x00\x63\x00\x61\
\x00\x74\x00\x69\x00\x6f\x00\x6e\x00\x73\x00\x20\x00\x62\x00\x65\
\x00\x74\x00\x77\x00\x65\x00\x65\x00\x6e\x00\x20\x00\x42\x00\x69\
\x00\x6e\x00\x6e\x00\x65\x00\x6e\x00\x6c\x00\x61\x00\x6e\x00\x64\
\x00\x20\x00\x61\x00\x6e\x00\x64\x00\x20\x00\x79\x00\x6f\x00\x75\
\x00\x20\x00\x72\x00\x65\x00\x6c\x00\x61\x00\x74\x00\x69\x00\x6e\
\x00\x67\x00\x20\x00\x74\x00\x6f\x00\x20\x00\x74\x00\x68\x00\x65\
\x00\x20\x00\x73\x00\x75\x00\x62\x00\x6a\x00\x65\x00\x63\x00\x74\
\x00\x20\x00\x6d\x00\x61\x00\x74\x00\x74\x00\x65\x00\x72\x00\x20\
\x00\x6f\x00\x66\x00\x20\x00\x74\x00\x68\x00\x69\x00\x73\x00\x20\
\x00\x41\x00\x67\x00\x72\x00\x65\x00\x65\x00\x6d\x00\x65\x00\x6e\
\x00\x74\x00\x2c\x00\x20\x00\x61\x00\x6e\x00\x64\x00\x20\x00\x74\
\x00\x68\x00\x61\x00\x74\x00\x20\x00\x79\x00\x6f\x00\x75\x00\x72\
\x00\x20\x00\x6f\x00\x62\x00\x6c\x00\x69\x00\x67\x00\x61\x00\x74\
\x00\x69\x00\x6f\x00\x6e\x00\x73\x00\x20\x00\x75\x00\x6e\x00\x64\
\x00\x65\x00\x72\x00\x20\x00\x74\x00\x68\x00\x69\x00\x73\x00\x20\
\x00\x41\x00\x67\x00\x72\x00\x65\x00\x65\x00\x6d\x00\x65\x00\x6e\
\x00\x74\x00\x2c\x00\x20\x00\x73\x00\x68\x00\x61\x00\x6c\x00\x6c\
\x00\x20\x00\x69\x00\x6e\x00\x75\x00\x72\x00\x65\x00\x20\x00\x74\
\x00\x6f\x00\x20\x00\x74\x00\x68\x00\x65\x00\x20\x00\x62\x00\x65\
\x00\x6e\x00\x65\x00\x66\x00\x69\x00\x74\x00\x20\x00\x6f\x00\x66\
\x00\x20\x00\x74\x00\x68\x00\x65\x00\x20\x00\x42\x00\x69\x00\x6e\
\x00\x6e\x00\x65\x00\x6e\x00\x6c\x00\x61\x00\x6e\x00\x64\x00\x20\
\x00\x6c\x00\x69\x00\x63\x00\x65\x00\x6e\x00\x73\x00\x6f\x00\x72\
\x00\x73\x00\x20\x00\x77\x00\x68\x00\x6f\x00\x73\x00\x65\x00\x20\
\x00\x72\x00\x69\x00\x67\x00\x68\x00\x74\x00\x73\x00\x20\x00\x61\
\x00\x72\x00\x65\x00\x20\x00\x6c\x00\x69\x00\x63\x00\x65\x00\x6e\
\x00\x73\x00\x65\x00\x64\x00\x20\x00\x75\x00\x6e\x00\x64\x00\x65\
\x00\x72\x00\x20\x00\x74\x00\x68\x00\x69\x00\x73\x00\x20\x00\x41\
\x00\x67\x00\x72\x00\x65\x00\x65\x00\x6d\x00\x65\x00\x6e\x00\x74\
\x00\x2e\x00\x0a\x00\x0a\x00\x28\x00\x42\x00\x69\x00\x6e\x00\x6e\
\x00\x65\x00\x6e\x00\x6c\x00\x61\x00\x6e\x00\x64\x00\x20\x00\x45\
\x00\x6e\x00\x64\x00\x20\x00\x55\x00\x73\x00\x65\x00\x72\x00\x20\
\x00\x4c\x00\x69\x00\x63\x00\x65\x00\x6e\x00\x73\x00\x65\x00\x20\
\x00\x41\x00\x67\x00\x72\x00\x65\x00\x65\x00\x6d\x00\x65\x00\x6e\
\x00\x74\x00\x2c\x00\x20\x00\x20\x00\xa9\x00\x20\x00\x42\x00\x69\
\x00\x6e\x00\x6e\x00\x65\x00\x6e\x00\x6c\x00\x61\x00\x6e\x00\x64\
\x00\x2c\x00\x20\x00\x6a\x00\x61\x00\x6e\x00\x75\x00\x61\x00\x72\
\x00\x79\x00\x20\x00\x32\x00\x30\x00\x30\x00\x37\x00\x29\x00\x42\
\x00\x6c\x00\x65\x00\x6e\x00\x64\x00\x65\x00\x72\x00\x20\x00\x50\
\x00\x72\x00\x6f\x00\x00\x00\x00\x00\x00\x03\x00\x00\x00\x03\x00\
\x00\x00\x1c\x00\x01\x00\x00\x00\x00\x05\xe4\x00\x03\x00\x01\x00\
\x00\x00\x1c\x00\x04\x05\xc8\x00\x00\x00\x8c\x00\x80\x00\x06\x00\
\x0c\x00\x0d\x00\x2f\x00\x39\x00\x7f\x01\x31\x01\x48\x01\x7f\x01\
\x8f\x01\x92\x01\xdd\x01\xff\x02\x1b\x02\x37\x02\x59\x02\xc7\x02\
\xdd\x03\x04\x03\x08\x03\x0c\x03\x12\x03\x28\x03\x35\x03\x38\x03\
\x86\x03\x8a\x03\x8c\x03\x90\x03\xa1\x03\xa9\x03\xb0\x03\xc9\x03\
\xce\x04\x0c\x04\x1a\x04\x23\x04\x3a\x04\x43\x04\x4f\x04\x5c\x04\
\x5f\x04\x91\x1e\x85\x1e\xf3\x20\x14\x20\x1a\x20\x1e\x20\x22\x20\
\x26\x20\x30\x20\x3a\x20\x44\x20\xac\x21\x17\x21\x22\x21\x26\x21\
\x90\x21\x92\x22\x02\x22\x06\x22\x0f\x22\x12\x22\x1a\x22\x1e\x22\
\x2b\x22\x48\x22\x60\x22\x65\x25\xca\xfb\x02\xff\xff\x00\x00\x00\
\x0d\x00\x20\x00\x30\x00\x3a\x00\xa0\x01\x34\x01\x4a\x01\x8e\x01\
\x92\x01\xdd\x01\xfc\x02\x18\x02\x37\x02\x59\x02\xc6\x02\xd8\x03\
\x00\x03\x06\x03\x0a\x03\x12\x03\x26\x03\x35\x03\x37\x03\x84\x03\
\x88\x03\x8c\x03\x8e\x03\x91\x03\xa3\x03\xaa\x03\xb1\x03\xca\x04\
\x01\x04\x0e\x04\x1b\x04\x24\x04\x3b\x04\x44\x04\x51\x04\x5e\x04\
\x90\x1e\x80\x1e\xf2\x20\x13\x20\x18\x20\x1c\x20\x20\x20\x26\x20\
\x30\x20\x39\x20\x44\x20\xac\x21\x16\x21\x22\x21\x26\x21\x90\x21\
\x92\x22\x02\x22\x06\x22\x0f\x22\x11\x22\x1a\x22\x1e\x22\x2b\x22\
\x48\x22\x60\x22\x64\x25\xca\xfb\x01\xff\xff\x02\x0b\x00\x00\x01\
\x7c\x00\x00\x00\x00\x00\x00\x00\x00\x00\x00\x00\x8c\xfe\xc5\x00\
\x00\x00\x00\xfe\x81\xfe\x4a\x00\x00\x00\x00\x00\x00\x00\x00\x00\
\x00\xff\x45\xff\x32\xff\x26\xff\x25\x00\x00\xfd\xf8\xfd\xf7\x00\
\x00\xfd\xd6\xfd\xd5\x00\x00\xfd\xd7\x00\x00\x00\x00\x00\x00\xfc\
\xfd\x00\x00\xfd\x0c\x00\x00\x00\x00\x00\x00\x00\x00\x00\x00\x00\
\x00\x00\x00\xe1\xfb\x00\x00\x00\x00\xe1\xce\xe2\x09\xe1\xd5\xe1\
\xa6\xe1\x71\x00\x00\xe1\x22\xe1\x0b\xe0\xab\xe0\xa8\xe0\x35\xe0\
\x2c\xe0\x24\x00\x00\xe0\x1b\xe0\x11\xe0\x05\xdf\xe4\xdf\xc6\x00\
\x00\xdc\x72\x06\x04\x00\x01\x00\x00\x00\x8a\x00\x00\x00\xa6\x01\
\x30\x02\x52\x02\x7a\x02\xe4\x00\x00\x00\x00\x02\xe2\x02\xe8\x00\
\x00\x00\x00\x02\xea\x02\xec\x02\xf6\x02\xfe\x03\x02\x00\x00\x00\
\x00\x00\x00\x00\x00\x02\xfe\x00\x00\x00\x00\x02\xfe\x00\x00\x00\
\x00\x02\xfe\x00\x00\x03\x08\x03\x10\x03\x26\x00\x00\x03\x3c\x00\
\x00\x03\x66\x03\x7c\x03\x92\x03\x94\x03\x96\x03\xa0\x03\xa2\x00\
\x00\x03\xa2\x03\xa6\x00\x00\x00\x00\x00\x00\x00\x00\x00\x00\x03\
\xa0\x00\x00\x00\x00\x00\x00\x00\x00\x00\x00\x00\x00\x00\x00\x03\
\x94\x00\x00\x00\x00\x00\x00\x00\x00\x00\x00\x03\x8c\x00\x00\x00\
\x00\x00\x00\x02\x16\x01\xf5\x01\xfb\x01\xf7\x02\x1c\x02\x38\x02\
\x3e\x01\xfc\x02\x04\x02\x05\x01\xee\x02\x21\x01\xf3\x02\x08\x01\
\xf8\x01\xfe\x01\xf2\x01\xfd\x02\x28\x02\x25\x02\x27\x01\xf9\x02\
\x3d\x00\x01\x00\x0d\x00\x0e\x00\x14\x00\x18\x00\x23\x00\x24\x00\
\x29\x00\x2c\x00\x36\x00\x38\x00\x3a\x00\x40\x00\x41\x00\x47\x00\
\x53\x00\x55\x00\x56\x00\x5a\x00\x61\x00\x66\x00\x71\x00\x72\x00\
\x77\x00\x78\x00\x7d\x02\x02\x01\xef\x02\x03\x02\x4b\x01\xff\x02\
\x66\x00\x81\x00\x8d\x00\x8e\x00\x94\x00\x98\x00\xa4\x00\xa5\x00\
\xaa\x00\xad\x00\xb7\x00\xba\x00\xbd\x00\xc3\x00\xc4\x00\xca\x00\
\xd6\x00\xd8\x00\xd9\x00\xdd\x00\xe5\x00\xea\x00\xf5\x00\xf6\x00\
\xfb\x00\xfc\x01\x01\x02\x00\x02\x46\x02\x01\x02\x2d\x02\x19\x02\
\x17\x01\xf6\x02\x1a\x02\x1f\x02\x1b\x02\x20\x02\x47\x02\x40\x02\
\x64\x02\x41\x01\x07\x02\x0c\x02\x2e\x02\x09\x02\x42\x02\x68\x02\
\x45\x02\x2b\x01\xe1\x01\xe2\x02\x5f\x02\x36\x02\x3f\x01\xf0\x02\
\x62\x01\xe0\x01\x08\x02\x0d\x01\xec\x01\xeb\x01\xed\x01\xfa\x00\
\x06\x00\x02\x00\x04\x00\x0a\x00\x05\x00\x09\x00\x0b\x00\x11\x00\
\x1f\x00\x19\x00\x1c\x00\x1d\x00\x32\x00\x2d\x00\x2f\x00\x30\x00\
\x15\x00\x46\x00\x4c\x00\x48\x00\x4a\x00\x51\x00\x4b\x02\x23\x00\
\x4f\x00\x6b\x00\x67\x00\x69\x00\x6a\x00\x79\x00\x54\x00\xe3\x00\
\x86\x00\x82\x00\x84\x00\x8a\x00\x85\x00\x89\x00\x8b\x00\x91\x00\
\x9f\x00\x99\x00\x9c\x00\x9d\x00\xb3\x00\xaf\x00\xb1\x00\xb2\x00\
\x95\x00\xc9\x00\xcf\x00\xcb\x00\xcd\x00\xd4\x00\xce\x02\x24\x00\
\xd2\x00\xef\x00\xeb\x00\xed\x00\xee\x00\xfd\x00\xd7\x00\xff\x00\
\x07\x00\x87\x00\x03\x00\x83\x00\x08\x00\x88\x00\x0f\x00\x8f\x00\
\x12\x00\x92\x00\x13\x00\x93\x00\x10\x00\x90\x00\x16\x00\x96\x00\
\x17\x00\x97\x00\x20\x00\xa0\x00\x1a\x00\x9a\x00\x1e\x00\x9e\x00\
\x21\x00\xa1\x00\x1b\x00\x9b\x00\x26\x00\xa7\x00\x25\x00\xa6\x00\
\x28\x00\xa9\x00\x27\x00\xa8\x00\x2b\x00\xac\x00\x2a\x00\xab\x00\
\x35\x00\xb6\x00\x33\x00\xb4\x00\x2e\x00\xb0\x00\x34\x00\xb5\x00\
\x31\x00\xae\x00\x37\x00\xb9\x00\x39\x00\xbb\x00\xbc\x00\x3b\x00\
\xbe\x00\x3d\x00\xc0\x00\x3c\x00\xbf\x00\x3e\x00\xc1\x00\x3f\x00\
\xc2\x00\x42\x00\xc5\x00\x44\x00\xc7\x00\x43\x00\xc6\x00\x45\x00\
\xc8\x00\x4e\x00\xd1\x00\x49\x00\xcc\x00\x4d\x00\xd0\x00\x52\x00\
\xd5\x00\x57\x00\xda\x00\x59\x00\xdc\x00\x58\x00\xdb\x00\x5b\x00\
\xde\x00\x5e\x00\xe1\x00\x5d\x00\xe0\x00\x5c\x00\xdf\x00\x64\x00\
\xe8\x00\x63\x00\xe7\x00\x62\x00\xe6\x00\x70\x00\xf4\x00\x6d\x00\
\xf1\x00\x68\x00\xec\x00\x6f\x00\xf3\x00\x6c\x00\xf0\x00\x6e\x00\
\xf2\x00\x74\x00\xf8\x00\x7a\x00\xfe\x00\x7b\x00\x7e\x01\x02\x00\
\x80\x01\x04\x00\x7f\x01\x03\x00\xe4\x00\x22\x00\x60\x00\x0c\x00\
\x8c\x00\x50\x00\xd3\x00\x5f\x00\xe2\x00\x65\x00\xe9\x02\x63\x02\
\x61\x02\x60\x02\x65\x02\x6a\x02\x69\x02\x6b\x02\x67\x02\x4e\x02\
\x4f\x02\x51\x02\x55\x02\x56\x02\x53\x02\x4d\x02\x4c\x02\x54\x02\
\x50\x02\x52\x02\x6c\x02\x6d\x01\x7f\x01\x84\x01\x85\x01\xa3\x01\
\x86\x01\x87\x01\xa9\x01\xaa\x01\xab\x01\xa1\x01\xa6\x01\xa2\x01\
\xa5\x01\xa7\x01\xa4\x01\xa8\x01\x11\x01\x37\x01\x0d\x01\x2f\x01\
\x2e\x01\x31\x01\x32\x01\x33\x01\x2c\x01\x2d\x01\x34\x01\x17\x01\
\x21\x01\x28\x01\x09\x01\x0a\x01\x0b\x01\x0c\x01\x0f\x01\x10\x01\
\x12\x01\x13\x01\x14\x01\x15\x01\x16\x01\x22\x01\x23\x01\x25\x01\
\x24\x01\x26\x01\x27\x01\x2a\x01\x2b\x01\x29\x01\x30\x01\x35\x01\
\x36\x01\x38\x01\x39\x01\x3a\x01\x3b\x01\x3e\x01\x3f\x01\x41\x01\
\x42\x01\x43\x01\x44\x01\x45\x01\x51\x01\x52\x01\x54\x01\x53\x01\
\x55\x01\x56\x01\x59\x01\x5a\x01\x58\x01\x5f\x01\x64\x01\x65\x01\
\x40\x01\x66\x01\x3c\x01\x5e\x01\x5d\x01\x60\x01\x61\x01\x62\x01\
\x5b\x01\x5c\x01\x63\x01\x46\x01\x50\x01\x57\x01\x0e\x01\x3d\x00\
\x76\x00\xfa\x00\x73\x00\xf7\x00\x75\x00\xf9\x00\x7c\x01\x00\x02\
\x07\x02\x06\x02\x11\x02\x12\x02\x10\x02\x48\x02\x49\x01\xf1\x02\
\x4a\x02\x43\x02\x34\x02\x22\x02\x2a\x02\x29\x00\x06\x01\xf8\x00\
\x00\x00\x09\x00\xf7\x02\x16\x00\x00\x00\x00\x00\x00\x02\x16\x00\
\x00\x00\x00\x00\x00\x00\x00\x00\x00\x00\x00\x00\x00\x00\x00\x00\
\x00\x00\x00\x00\x00\x00\x00\x00\x00\x00\x00\x00\x00\x00\x00\x00\
\x00\x00\x00\x02\x16\x01\xf5\x01\xfb\x01\xf7\x02\x1c\x02\x38\x02\
\x3e\x01\xfc\x02\x04\x02\x05\x01\xee\x02\x21\x01\xf3\x02\x08\x01\
\xf8\x01\xfe\x01\xac\x01\xad\x01\xae\x01\xaf\x01\xb0\x01\xb1\x01\
\xb2\x01\xb3\x01\xb4\x01\xb5\x01\xf2\x01\xfd\x02\x28\x02\x25\x02\
\x27\x01\xf9\x02\x3d\x00\x01\x00\x0d\x00\x0e\x00\x14\x00\x18\x00\
\x23\x00\x24\x00\x29\x00\x2c\x00\x36\x00\x38\x00\x3a\x00\x40\x00\
\x41\x00\x47\x00\x53\x00\x55\x00\x56\x00\x5a\x00\x61\x00\x66\x00\
\x71\x00\x72\x00\x77\x00\x78\x00\x7d\x02\x02\x01\xef\x02\x03\x02\
\x4b\x01\xff\x02\x66\x00\x81\x00\x8d\x00\x8e\x00\x94\x00\x98\x00\
\xa4\x00\xa5\x00\xaa\x00\xad\x00\xb7\x00\xba\x00\xbd\x00\xc3\x00\
\xc4\x00\xca\x00\xd6\x00\xd8\x00\xd9\x00\xdd\x00\xe5\x00\xea\x00\
\xf5\x00\xf6\x00\xfb\x00\xfc\x01\x01\x02\x00\x02\x46\x02\x01\x02\
\x2d\x00\x00\x00\x05\x00\x09\x00\x11\x00\x19\x00\x46\x00\x4b\x00\
\x6a\x00\x82\x00\x86\x00\x84\x00\x85\x00\x8a\x00\x89\x00\x91\x00\
\x99\x00\x9f\x00\x9c\x00\x9d\x00\xaf\x00\xb3\x00\xb1\x00\xb2\x00\
\xc9\x00\xcb\x00\xcf\x00\xcd\x00\xce\x00\xd4\x00\xeb\x00\xef\x00\
\xed\x00\xee\x02\x48\x02\x45\x02\x1a\x02\x1f\x02\x40\x01\xf1\x02\
\x3f\x00\xe3\x02\x42\x02\x41\x02\x44\x02\x5f\x02\x64\x02\x26\x00\
\x0b\x00\x4f\x02\x2f\x02\x2b\x02\x2a\x02\x29\x02\x20\x02\x36\x02\
\x37\x02\x34\x02\x33\x01\x97\x02\x30\x01\x07\x01\x08\x01\x7e\x00\
\x8b\x00\xd2\x01\xfa\x01\xf6\x02\x2e\x02\x35\x02\x1e\x02\x2c\x02\
\x32\x02\x0c\x02\x0d\x01\xf4\x02\x17\x00\x06\x00\x0a\x00\x51\x00\
\x52\x00\xd5\x02\x07\x02\x06\x02\x11\x02\x12\x02\x13\x02\x14\x02\
\x24\x02\x3c\x00\xff\x00\x7b\x01\xea\x02\x1d\x02\x0e\x02\x0f\x01\
\x05\x01\x06\x02\x49\x01\xf0\x02\x15\x02\x10\x02\x39\x00\x04\x00\
\x1c\x00\x02\x00\x1d\x00\x1f\x00\x2d\x00\x2f\x00\x30\x00\x32\x00\
\x48\x00\x4a\x00\x00\x00\x4c\x00\x67\x00\x69\x00\x6b\x00\xae\x02\
\x63\x02\x6b\x02\x68\x02\x60\x02\x65\x02\x6a\x02\x62\x02\x67\x02\
\x69\x02\x61\x00\x03\x00\x00\x00\x00\x00\x00\xff\xb5\x00\x32\x00\
\x00\x00\x00\x00\x00\x00\x00\x00\x00\x00\x00\x00\x00\x00\x00\x00\
\x00\x00\x00\x01\x00\x04\x02\x00\x01\x01\x01\x10\x42\x6c\x65\x6e\
\x64\x65\x72\x50\x72\x6f\x2d\x42\x6f\x6c\x64\x00\x01\x01\x01\x29\
\xf9\xab\x00\xf9\xac\x01\xf9\xad\x02\xf8\x14\x04\xfc\x1e\xfb\x5c\
\xfa\xe0\xf9\xd1\x05\x1d\x00\x00\x1c\xa2\x0f\xb2\x1d\x00\x00\x5b\
\x9b\x12\x1d\x00\x00\x1f\xa9\x11\x01\x93\x02\x00\x01\x00\x07\x00\
\x0e\x00\x15\x00\x1c\x00\x22\x00\x28\x00\x33\x00\x3d\x00\x43\x00\
\x49\x00\x4f\x00\x55\x00\x5f\x00\x66\x00\x6d\x00\x74\x00\x7a\x00\
\x85\x00\x91\x00\x9b\x00\x9f\x00\xaa\x00\xb0\x00\xba\x00\xc1\x00\
\xc8\x00\xce\x00\xd9\x00\xe5\x00\xeb\x00\xf1\x00\xfd\x01\x01\x01\
\x07\x01\x0d\x01\x19\x01\x1c\x01\x22\x01\x2f\x01\x36\x01\x41\x01\
\x47\x01\x4d\x01\x59\x01\x5f\x01\x67\x01\x72\x01\x7e\x01\x85\x01\
\x89\x01\x8f\x01\x96\x01\x9d\x01\xa3\x01\xb0\x01\xb7\x01\xbe\x01\
\xc3\x01\xc9\x01\xcf\x01\xda\x01\xe3\x01\xe9\x01\xf4\x01\xfa\x02\
\x00\x02\x0a\x02\x10\x02\x17\x02\x1e\x02\x25\x02\x2b\x02\x31\x02\
\x3c\x02\x46\x02\x4c\x02\x52\x02\x58\x02\x5e\x02\x68\x02\x6f\x02\
\x76\x02\x7d\x02\x84\x02\x8a\x02\x95\x02\xa1\x02\xab\x02\xaf\x02\
\xba\x02\xc0\x02\xc7\x02\xce\x02\xd4\x02\xdb\x02\xe6\x02\xf2\x02\
\xfe\x03\x04\x03\x0a\x03\x16\x03\x1a\x03\x20\x03\x26\x03\x32\x03\
\x35\x03\x3b\x03\x48\x03\x4f\x03\x5a\x03\x60\x03\x66\x03\x72\x03\
\x78\x03\x80\x03\x8b\x03\x97\x03\x9c\x03\xa0\x03\xa6\x03\xad\x03\
\xb4\x03\xba\x03\xc7\x03\xce\x03\xd5\x03\xda\x03\xe0\x03\xe6\x03\
\xf1\x03\xfa\x04\x00\x04\x0b\x04\x11\x04\x17\x04\x21\x04\x28\x04\
\x2f\x04\x36\x04\x3d\x04\x44\x04\x4b\x04\x52\x04\x59\x04\x60\x04\
\x67\x04\x6e\x04\x75\x04\x7c\x04\x83\x04\x8a\x04\x91\x04\x98\x04\
\x9f\x04\xa6\x04\xad\x04\xb4\x04\xbb\x04\xc2\x04\xc9\x04\xd0\x04\
\xd7\x04\xde\x04\xe5\x04\xec\x04\xf3\x04\xfa\x05\x01\x05\x08\x05\
\x0f\x05\x16\x05\x1d\x05\x24\x05\x2b\x05\x32\x05\x39\x05\x40\x05\
\x47\x05\x4e\x05\x55\x05\x5c\x05\x63\x05\x6a\x05\x71\x05\x78\x05\
\x7f\x05\x86\x05\x8d\x05\x94\x05\x9b\x05\xa2\x05\xa9\x05\xb0\x05\
\xb7\x05\xbe\x05\xc5\x05\xcc\x05\xd3\x05\xda\x05\xe1\x05\xe8\x05\
\xef\x05\xf6\x05\xfd\x06\x04\x06\x0b\x06\x12\x06\x19\x06\x20\x06\
\x27\x06\x2e\x06\x35\x06\x3c\x06\x43\x06\x4a\x06\x51\x06\x58\x06\
\x5f\x06\x66\x06\x6d\x06\x74\x06\x7b\x06\x82\x06\x89\x06\x90\x06\
\x97\x06\x9e\x06\xa5\x06\xac\x06\xb3\x06\xb8\x06\xbc\x06\xc1\x06\
\xc8\x06\xcf\x06\xd3\x06\xd6\x06\xdb\x06\xdf\x06\xe4\x06\xea\x06\
\xec\x06\xee\x06\xf0\x06\xf7\x06\xf9\x06\xfc\x07\x01\x07\x04\x07\
\x0b\x07\x0e\x07\x11\x07\x14\x07\x1b\x07\x25\x07\x31\x07\x39\x07\
\x42\x07\x4e\x07\x5a\x07\x64\x07\x70\x07\x7f\x07\x84\x07\x88\x07\
\x8d\x07\x92\x07\x99\x07\x9d\x07\xa0\x07\xa5\x07\xa9\x07\xae\x07\
\xb4\x07\xbb\x07\xbd\x07\xbf\x07\xc6\x07\xc8\x07\xcb\x07\xd2\x07\
\xd7\x07\xda\x07\xe1\x07\xe4\x07\xe7\x07\xea\x07\xef\x07\xf8\x08\
\x04\x08\x15\x08\x21\x08\x30\x08\x44\x08\x50\x08\x5a\x08\x64\x08\
\x70\x08\x78\x08\x7f\x08\x85\x08\x8b\x08\x93\x08\x9a\x08\xa1\x08\
\xa7\x08\xaf\x08\xb7\x08\xbe\x08\xca\x08\xd3\x08\xdc\x08\xe4\x08\
\xec\x08\xf6\x08\xff\x09\x08\x09\x10\x09\x1a\x09\x24\x09\x2d\x09\
\x36\x09\x3e\x09\x46\x09\x50\x09\x59\x09\x62\x09\x6a\x09\x74\x09\
\x7e\x09\x87\x09\x90\x09\x98\x09\xa0\x09\xaa\x09\xb3\x09\xbc\x09\
\xc4\x09\xce\x09\xd8\x09\xe1\x09\xe8\x09\xef\x09\xf6\x09\xff\x0a\
\x08\x0a\x11\x0a\x19\x0a\x23\x0a\x2d\x0a\x36\x0a\x3d\x0a\x48\x0a\
\x54\x0a\x5b\x0a\x5d\x0a\x60\x0a\x64\x0a\x6c\x0a\x78\x0a\x81\x0a\
\x8c\x0a\x94\x0a\x9c\x0a\xa3\x0a\xaa\x0a\xb1\x0a\xba\x0a\xc1\x0a\
\xc8\x0a\xd3\x0a\xdd\x0a\xe6\x0a\xed\x0a\xf4\x0a\xfb\x0b\x02\x0b\
\x09\x0b\x12\x0b\x1b\x0b\x22\x0b\x29\x0b\x30\x0b\x37\x0b\x3e\x0b\
\x47\x0b\x4e\x0b\x55\x0b\x5c\x0b\x63\x0b\x6a\x0b\x71\x0b\x78\x0b\
\x7f\x0b\x8b\x0b\x90\x0b\x9d\x0b\xa6\x0b\xb7\x0b\xc5\x0b\xcc\x0c\
\x96\x0c\xa6\x41\x62\x72\x65\x76\x65\x41\x6d\x61\x63\x72\x6f\x6e\
\x41\x6f\x67\x6f\x6e\x65\x6b\x41\x45\x61\x63\x75\x74\x65\x43\x61\
\x63\x75\x74\x65\x43\x63\x61\x72\x6f\x6e\x43\x63\x69\x72\x63\x75\
\x6d\x66\x6c\x65\x78\x43\x64\x6f\x74\x61\x63\x63\x65\x6e\x74\x44\
\x63\x61\x72\x6f\x6e\x44\x63\x72\x6f\x61\x74\x45\x62\x72\x65\x76\
\x65\x45\x63\x61\x72\x6f\x6e\x45\x64\x6f\x74\x61\x63\x63\x65\x6e\
\x74\x45\x6d\x61\x63\x72\x6f\x6e\x45\x6f\x67\x6f\x6e\x65\x6b\x75\
\x6e\x69\x30\x31\x38\x45\x47\x62\x72\x65\x76\x65\x47\x63\x69\x72\
\x63\x75\x6d\x66\x6c\x65\x78\x47\x63\x6f\x6d\x6d\x61\x61\x63\x63\
\x65\x6e\x74\x47\x64\x6f\x74\x61\x63\x63\x65\x6e\x74\x48\x62\x61\
\x72\x48\x63\x69\x72\x63\x75\x6d\x66\x6c\x65\x78\x49\x62\x72\x65\
\x76\x65\x49\x64\x6f\x74\x61\x63\x63\x65\x6e\x74\x49\x6d\x61\x63\
\x72\x6f\x6e\x49\x6f\x67\x6f\x6e\x65\x6b\x49\x74\x69\x6c\x64\x65\
\x4a\x63\x69\x72\x63\x75\x6d\x66\x6c\x65\x78\x4b\x63\x6f\x6d\x6d\
\x61\x61\x63\x63\x65\x6e\x74\x4c\x61\x63\x75\x74\x65\x4c\x63\x61\
\x72\x6f\x6e\x4c\x63\x6f\x6d\x6d\x61\x61\x63\x63\x65\x6e\x74\x4c\
\x64\x6f\x74\x4e\x61\x63\x75\x74\x65\x4e\x63\x61\x72\x6f\x6e\x4e\
\x63\x6f\x6d\x6d\x61\x61\x63\x63\x65\x6e\x74\x45\x6e\x67\x4f\x62\
\x72\x65\x76\x65\x4f\x68\x75\x6e\x67\x61\x72\x75\x6d\x6c\x61\x75\
\x74\x4f\x6d\x61\x63\x72\x6f\x6e\x4f\x73\x6c\x61\x73\x68\x61\x63\
\x75\x74\x65\x52\x61\x63\x75\x74\x65\x52\x63\x61\x72\x6f\x6e\x52\
\x63\x6f\x6d\x6d\x61\x61\x63\x63\x65\x6e\x74\x53\x61\x63\x75\x74\
\x65\x53\x63\x65\x64\x69\x6c\x6c\x61\x53\x63\x69\x72\x63\x75\x6d\
\x66\x6c\x65\x78\x53\x63\x6f\x6d\x6d\x61\x61\x63\x63\x65\x6e\x74\
\x75\x6e\x69\x30\x31\x38\x46\x54\x62\x61\x72\x54\x63\x61\x72\x6f\
\x6e\x75\x6e\x69\x30\x31\x36\x32\x75\x6e\x69\x30\x32\x31\x41\x55\
\x62\x72\x65\x76\x65\x55\x68\x75\x6e\x67\x61\x72\x75\x6d\x6c\x61\
\x75\x74\x55\x6d\x61\x63\x72\x6f\x6e\x55\x6f\x67\x6f\x6e\x65\x6b\
\x55\x72\x69\x6e\x67\x55\x74\x69\x6c\x64\x65\x57\x61\x63\x75\x74\
\x65\x57\x63\x69\x72\x63\x75\x6d\x66\x6c\x65\x78\x57\x64\x69\x65\
\x72\x65\x73\x69\x73\x57\x67\x72\x61\x76\x65\x59\x63\x69\x72\x63\
\x75\x6d\x66\x6c\x65\x78\x59\x67\x72\x61\x76\x65\x5a\x61\x63\x75\
\x74\x65\x5a\x64\x6f\x74\x61\x63\x63\x65\x6e\x74\x61\x62\x72\x65\
\x76\x65\x61\x6d\x61\x63\x72\x6f\x6e\x61\x6f\x67\x6f\x6e\x65\x6b\
\x61\x65\x61\x63\x75\x74\x65\x63\x61\x63\x75\x74\x65\x63\x63\x61\
\x72\x6f\x6e\x63\x63\x69\x72\x63\x75\x6d\x66\x6c\x65\x78\x63\x64\
\x6f\x74\x61\x63\x63\x65\x6e\x74\x64\x63\x61\x72\x6f\x6e\x64\x63\
\x72\x6f\x61\x74\x65\x62\x72\x65\x76\x65\x65\x63\x61\x72\x6f\x6e\
\x65\x64\x6f\x74\x61\x63\x63\x65\x6e\x74\x65\x6d\x61\x63\x72\x6f\
\x6e\x65\x6f\x67\x6f\x6e\x65\x6b\x75\x6e\x69\x30\x31\x44\x44\x75\
\x6e\x69\x30\x32\x35\x39\x67\x62\x72\x65\x76\x65\x67\x63\x69\x72\
\x63\x75\x6d\x66\x6c\x65\x78\x67\x63\x6f\x6d\x6d\x61\x61\x63\x63\
\x65\x6e\x74\x67\x64\x6f\x74\x61\x63\x63\x65\x6e\x74\x68\x62\x61\
\x72\x68\x63\x69\x72\x63\x75\x6d\x66\x6c\x65\x78\x69\x62\x72\x65\
\x76\x65\x69\x6d\x61\x63\x72\x6f\x6e\x69\x6f\x67\x6f\x6e\x65\x6b\
\x69\x74\x69\x6c\x64\x65\x75\x6e\x69\x30\x32\x33\x37\x6a\x63\x69\
\x72\x63\x75\x6d\x66\x6c\x65\x78\x6b\x63\x6f\x6d\x6d\x61\x61\x63\
\x63\x65\x6e\x74\x6b\x67\x72\x65\x65\x6e\x6c\x61\x6e\x64\x69\x63\
\x6c\x61\x63\x75\x74\x65\x6c\x63\x61\x72\x6f\x6e\x6c\x63\x6f\x6d\
\x6d\x61\x61\x63\x63\x65\x6e\x74\x6c\x64\x6f\x74\x6e\x61\x63\x75\
\x74\x65\x6e\x63\x61\x72\x6f\x6e\x6e\x63\x6f\x6d\x6d\x61\x61\x63\
\x63\x65\x6e\x74\x65\x6e\x67\x6f\x62\x72\x65\x76\x65\x6f\x68\x75\
\x6e\x67\x61\x72\x75\x6d\x6c\x61\x75\x74\x6f\x6d\x61\x63\x72\x6f\
\x6e\x6f\x73\x6c\x61\x73\x68\x61\x63\x75\x74\x65\x72\x61\x63\x75\
\x74\x65\x72\x63\x61\x72\x6f\x6e\x72\x63\x6f\x6d\x6d\x61\x61\x63\
\x63\x65\x6e\x74\x73\x61\x63\x75\x74\x65\x73\x63\x65\x64\x69\x6c\
\x6c\x61\x73\x63\x69\x72\x63\x75\x6d\x66\x6c\x65\x78\x73\x63\x6f\
\x6d\x6d\x61\x61\x63\x63\x65\x6e\x74\x6c\x6f\x6e\x67\x73\x74\x62\
\x61\x72\x74\x63\x61\x72\x6f\x6e\x75\x6e\x69\x30\x31\x36\x33\x75\
\x6e\x69\x30\x32\x31\x42\x75\x62\x72\x65\x76\x65\x75\x68\x75\x6e\
\x67\x61\x72\x75\x6d\x6c\x61\x75\x74\x75\x6d\x61\x63\x72\x6f\x6e\
\x75\x6f\x67\x6f\x6e\x65\x6b\x75\x72\x69\x6e\x67\x75\x74\x69\x6c\
\x64\x65\x77\x61\x63\x75\x74\x65\x77\x63\x69\x72\x63\x75\x6d\x66\
\x6c\x65\x78\x77\x64\x69\x65\x72\x65\x73\x69\x73\x77\x67\x72\x61\
\x76\x65\x79\x63\x69\x72\x63\x75\x6d\x66\x6c\x65\x78\x79\x67\x72\
\x61\x76\x65\x7a\x61\x63\x75\x74\x65\x7a\x64\x6f\x74\x61\x63\x63\
\x65\x6e\x74\x75\x6e\x69\x30\x34\x31\x30\x75\x6e\x69\x30\x34\x31\
\x31\x75\x6e\x69\x30\x34\x31\x32\x75\x6e\x69\x30\x34\x31\x33\x75\
\x6e\x69\x30\x34\x30\x33\x75\x6e\x69\x30\x34\x39\x30\x75\x6e\x69\
\x30\x34\x31\x34\x75\x6e\x69\x30\x34\x31\x35\x75\x6e\x69\x30\x34\
\x30\x31\x75\x6e\x69\x30\x34\x31\x36\x75\x6e\x69\x30\x34\x31\x37\
\x75\x6e\x69\x30\x34\x31\x38\x75\x6e\x69\x30\x34\x31\x39\x75\x6e\
\x69\x30\x34\x31\x41\x75\x6e\x69\x30\x34\x30\x43\x75\x6e\x69\x30\
\x34\x31\x42\x75\x6e\x69\x30\x34\x31\x43\x75\x6e\x69\x30\x34\x31\
\x44\x75\x6e\x69\x30\x34\x31\x45\x75\x6e\x69\x30\x34\x31\x46\x75\
\x6e\x69\x30\x34\x32\x30\x75\x6e\x69\x30\x34\x32\x31\x75\x6e\x69\
\x30\x34\x32\x32\x75\x6e\x69\x30\x34\x32\x33\x75\x6e\x69\x30\x34\
\x30\x45\x75\x6e\x69\x30\x34\x32\x34\x75\x6e\x69\x30\x34\x32\x35\
\x75\x6e\x69\x30\x34\x32\x37\x75\x6e\x69\x30\x34\x32\x36\x75\x6e\
\x69\x30\x34\x32\x38\x75\x6e\x69\x30\x34\x32\x39\x75\x6e\x69\x30\
\x34\x30\x46\x75\x6e\x69\x30\x34\x32\x43\x75\x6e\x69\x30\x34\x32\
\x41\x75\x6e\x69\x30\x34\x32\x42\x75\x6e\x69\x30\x34\x30\x39\x75\
\x6e\x69\x30\x34\x30\x41\x75\x6e\x69\x30\x34\x30\x35\x75\x6e\x69\
\x30\x34\x30\x34\x75\x6e\x69\x30\x34\x32\x44\x75\x6e\x69\x30\x34\
\x30\x36\x75\x6e\x69\x30\x34\x30\x37\x75\x6e\x69\x30\x34\x30\x38\
\x75\x6e\x69\x30\x34\x30\x42\x75\x6e\x69\x30\x34\x32\x45\x75\x6e\
\x69\x30\x34\x32\x46\x75\x6e\x69\x30\x34\x30\x32\x75\x6e\x69\x30\
\x34\x33\x30\x75\x6e\x69\x30\x34\x33\x31\x75\x6e\x69\x30\x34\x33\
\x32\x75\x6e\x69\x30\x34\x33\x33\x75\x6e\x69\x30\x34\x35\x33\x75\
\x6e\x69\x30\x34\x39\x31\x75\x6e\x69\x30\x34\x33\x34\x75\x6e\x69\
\x30\x34\x33\x35\x75\x6e\x69\x30\x34\x35\x31\x75\x6e\x69\x30\x34\
\x33\x36\x75\x6e\x69\x30\x34\x33\x37\x75\x6e\x69\x30\x34\x33\x38\
\x75\x6e\x69\x30\x34\x33\x39\x75\x6e\x69\x30\x34\x33\x41\x75\x6e\
\x69\x30\x34\x35\x43\x75\x6e\x69\x30\x34\x33\x42\x75\x6e\x69\x30\
\x34\x33\x43\x75\x6e\x69\x30\x34\x33\x44\x75\x6e\x69\x30\x34\x33\
\x45\x75\x6e\x69\x30\x34\x33\x46\x75\x6e\x69\x30\x34\x34\x30\x75\
\x6e\x69\x30\x34\x34\x31\x75\x6e\x69\x30\x34\x34\x32\x75\x6e\x69\
\x30\x34\x34\x33\x75\x6e\x69\x30\x34\x35\x45\x75\x6e\x69\x30\x34\
\x34\x34\x75\x6e\x69\x30\x34\x34\x35\x75\x6e\x69\x30\x34\x34\x37\
\x75\x6e\x69\x30\x34\x34\x36\x75\x6e\x69\x30\x34\x34\x38\x75\x6e\
\x69\x30\x34\x34\x39\x75\x6e\x69\x30\x34\x35\x46\x75\x6e\x69\x30\
\x34\x34\x43\x75\x6e\x69\x30\x34\x34\x41\x75\x6e\x69\x30\x34\x34\
\x42\x75\x6e\x69\x30\x34\x35\x39\x75\x6e\x69\x30\x34\x35\x41\x75\
\x6e\x69\x30\x34\x35\x35\x75\x6e\x69\x30\x34\x35\x34\x75\x6e\x69\
\x30\x34\x34\x44\x75\x6e\x69\x30\x34\x35\x36\x75\x6e\x69\x30\x34\
\x35\x37\x75\x6e\x69\x30\x34\x35\x38\x75\x6e\x69\x30\x34\x35\x42\
\x75\x6e\x69\x30\x34\x34\x45\x75\x6e\x69\x30\x34\x34\x46\x75\x6e\
\x69\x30\x34\x35\x32\x41\x6c\x70\x68\x61\x42\x65\x74\x61\x47\x61\
\x6d\x6d\x61\x75\x6e\x69\x30\x33\x39\x34\x45\x70\x73\x69\x6c\x6f\
\x6e\x5a\x65\x74\x61\x45\x74\x61\x54\x68\x65\x74\x61\x49\x6f\x74\
\x61\x4b\x61\x70\x70\x61\x4c\x61\x6d\x62\x64\x61\x4d\x75\x4e\x75\
\x58\x69\x4f\x6d\x69\x63\x72\x6f\x6e\x50\x69\x52\x68\x6f\x53\x69\
\x67\x6d\x61\x54\x61\x75\x55\x70\x73\x69\x6c\x6f\x6e\x50\x68\x69\
\x43\x68\x69\x50\x73\x69\x75\x6e\x69\x30\x33\x41\x39\x41\x6c\x70\
\x68\x61\x74\x6f\x6e\x6f\x73\x45\x70\x73\x69\x6c\x6f\x6e\x74\x6f\
\x6e\x6f\x73\x45\x74\x61\x74\x6f\x6e\x6f\x73\x49\x6f\x74\x61\x74\
\x6f\x6e\x6f\x73\x4f\x6d\x69\x63\x72\x6f\x6e\x74\x6f\x6e\x6f\x73\
\x55\x70\x73\x69\x6c\x6f\x6e\x74\x6f\x6e\x6f\x73\x4f\x6d\x65\x67\
\x61\x74\x6f\x6e\x6f\x73\x49\x6f\x74\x61\x64\x69\x65\x72\x65\x73\
\x69\x73\x55\x70\x73\x69\x6c\x6f\x6e\x64\x69\x65\x72\x65\x73\x69\
\x73\x61\x6c\x70\x68\x61\x62\x65\x74\x61\x67\x61\x6d\x6d\x61\x64\
\x65\x6c\x74\x61\x65\x70\x73\x69\x6c\x6f\x6e\x7a\x65\x74\x61\x65\
\x74\x61\x74\x68\x65\x74\x61\x69\x6f\x74\x61\x6b\x61\x70\x70\x61\
\x6c\x61\x6d\x62\x64\x61\x75\x6e\x69\x30\x33\x42\x43\x6e\x75\x78\
\x69\x6f\x6d\x69\x63\x72\x6f\x6e\x70\x69\x72\x68\x6f\x75\x6e\x69\
\x30\x33\x43\x32\x73\x69\x67\x6d\x61\x74\x61\x75\x75\x70\x73\x69\
\x6c\x6f\x6e\x70\x68\x69\x63\x68\x69\x70\x73\x69\x6f\x6d\x65\x67\
\x61\x69\x6f\x74\x61\x74\x6f\x6e\x6f\x73\x69\x6f\x74\x61\x64\x69\
\x65\x72\x65\x73\x69\x73\x69\x6f\x74\x61\x64\x69\x65\x72\x65\x73\
\x69\x73\x74\x6f\x6e\x6f\x73\x75\x70\x73\x69\x6c\x6f\x6e\x74\x6f\
\x6e\x6f\x73\x75\x70\x73\x69\x6c\x6f\x6e\x64\x69\x65\x72\x65\x73\
\x69\x73\x75\x70\x73\x69\x6c\x6f\x6e\x64\x69\x65\x72\x65\x73\x69\
\x73\x74\x6f\x6e\x6f\x73\x6f\x6d\x69\x63\x72\x6f\x6e\x74\x6f\x6e\
\x6f\x73\x6f\x6d\x65\x67\x61\x74\x6f\x6e\x6f\x73\x61\x6c\x70\x68\
\x61\x74\x6f\x6e\x6f\x73\x65\x70\x73\x69\x6c\x6f\x6e\x74\x6f\x6e\
\x6f\x73\x65\x74\x61\x74\x6f\x6e\x6f\x73\x7a\x65\x72\x6f\x2e\x74\
\x66\x6f\x6e\x65\x2e\x74\x66\x74\x77\x6f\x2e\x74\x66\x74\x68\x72\
\x65\x65\x2e\x74\x66\x66\x6f\x75\x72\x2e\x74\x66\x66\x69\x76\x65\
\x2e\x74\x66\x73\x69\x78\x2e\x74\x66\x73\x65\x76\x65\x6e\x2e\x74\
\x66\x65\x69\x67\x68\x74\x2e\x74\x66\x6e\x69\x6e\x65\x2e\x74\x66\
\x7a\x65\x72\x6f\x2e\x74\x66\x2e\x7a\x65\x72\x6f\x7a\x65\x72\x6f\
\x2e\x7a\x65\x72\x6f\x7a\x65\x72\x6f\x2e\x73\x75\x62\x73\x6f\x6e\
\x65\x2e\x73\x75\x62\x73\x74\x77\x6f\x2e\x73\x75\x62\x73\x74\x68\
\x72\x65\x65\x2e\x73\x75\x62\x73\x66\x6f\x75\x72\x2e\x73\x75\x62\
\x73\x66\x69\x76\x65\x2e\x73\x75\x62\x73\x73\x69\x78\x2e\x73\x75\
\x62\x73\x73\x65\x76\x65\x6e\x2e\x73\x75\x62\x73\x65\x69\x67\x68\
\x74\x2e\x73\x75\x62\x73\x6e\x69\x6e\x65\x2e\x73\x75\x62\x73\x7a\
\x65\x72\x6f\x2e\x64\x6e\x6f\x6d\x6f\x6e\x65\x2e\x64\x6e\x6f\x6d\
\x74\x77\x6f\x2e\x64\x6e\x6f\x6d\x74\x68\x72\x65\x65\x2e\x64\x6e\
\x6f\x6d\x66\x6f\x75\x72\x2e\x64\x6e\x6f\x6d\x66\x69\x76\x65\x2e\
\x64\x6e\x6f\x6d\x73\x69\x78\x2e\x64\x6e\x6f\x6d\x73\x65\x76\x65\
\x6e\x2e\x64\x6e\x6f\x6d\x65\x69\x67\x68\x74\x2e\x64\x6e\x6f\x6d\
\x6e\x69\x6e\x65\x2e\x64\x6e\x6f\x6d\x7a\x65\x72\x6f\x2e\x6e\x75\
\x6d\x72\x6f\x6e\x65\x2e\x6e\x75\x6d\x72\x74\x77\x6f\x2e\x6e\x75\
\x6d\x72\x74\x68\x72\x65\x65\x2e\x6e\x75\x6d\x72\x66\x6f\x75\x72\
\x2e\x6e\x75\x6d\x72\x66\x69\x76\x65\x2e\x6e\x75\x6d\x72\x73\x69\
\x78\x2e\x6e\x75\x6d\x72\x73\x65\x76\x65\x6e\x2e\x6e\x75\x6d\x72\
\x65\x69\x67\x68\x74\x2e\x6e\x75\x6d\x72\x6e\x69\x6e\x65\x2e\x6e\
\x75\x6d\x72\x75\x6e\x69\x30\x30\x42\x39\x75\x6e\x69\x30\x30\x42\
\x32\x75\x6e\x69\x30\x30\x42\x33\x7a\x65\x72\x6f\x2e\x73\x75\x70\
\x73\x66\x6f\x75\x72\x2e\x73\x75\x70\x73\x66\x69\x76\x65\x2e\x73\
\x75\x70\x73\x73\x69\x78\x2e\x73\x75\x70\x73\x73\x65\x76\x65\x6e\
\x2e\x73\x75\x70\x73\x65\x69\x67\x68\x74\x2e\x73\x75\x70\x73\x6e\
\x69\x6e\x65\x2e\x73\x75\x70\x73\x75\x6e\x69\x30\x30\x41\x44\x68\
\x79\x70\x68\x65\x6e\x2e\x63\x61\x73\x65\x75\x6e\x69\x30\x30\x41\
\x44\x2e\x63\x61\x73\x65\x75\x6e\x69\x30\x30\x41\x30\x43\x52\x44\
\x45\x4c\x45\x75\x72\x6f\x6e\x6f\x74\x65\x71\x75\x61\x6c\x67\x72\
\x65\x61\x74\x65\x72\x65\x71\x75\x61\x6c\x6c\x65\x73\x73\x65\x71\
\x75\x61\x6c\x61\x70\x70\x72\x6f\x78\x65\x71\x75\x61\x6c\x69\x6e\
\x66\x69\x6e\x69\x74\x79\x69\x6e\x74\x65\x67\x72\x61\x6c\x75\x6e\
\x69\x32\x31\x32\x36\x75\x6e\x69\x32\x32\x30\x36\x70\x72\x6f\x64\
\x75\x63\x74\x73\x75\x6d\x6d\x61\x74\x69\x6f\x6e\x72\x61\x64\x69\
\x63\x61\x6c\x75\x6e\x69\x30\x30\x42\x35\x70\x61\x72\x74\x69\x61\
\x6c\x64\x69\x66\x66\x61\x72\x72\x6f\x77\x72\x69\x67\x68\x74\x61\
\x72\x72\x6f\x77\x6c\x65\x66\x74\x6c\x6f\x7a\x65\x6e\x67\x65\x75\
\x6e\x69\x32\x31\x31\x37\x75\x6e\x69\x32\x31\x31\x36\x75\x6e\x69\
\x30\x33\x30\x38\x75\x6e\x69\x30\x33\x30\x37\x67\x72\x61\x76\x65\
\x63\x6f\x6d\x62\x61\x63\x75\x74\x65\x63\x6f\x6d\x62\x75\x6e\x69\
\x30\x33\x30\x42\x75\x6e\x69\x30\x33\x30\x32\x75\x6e\x69\x30\x33\
\x30\x43\x75\x6e\x69\x30\x33\x30\x36\x75\x6e\x69\x30\x33\x30\x41\
\x74\x69\x6c\x64\x65\x63\x6f\x6d\x62\x75\x6e\x69\x30\x33\x30\x34\
\x75\x6e\x69\x30\x33\x31\x32\x75\x6e\x69\x30\x33\x32\x36\x75\x6e\
\x69\x30\x33\x32\x37\x75\x6e\x69\x30\x33\x32\x38\x75\x6e\x69\x30\
\x33\x33\x35\x75\x6e\x69\x30\x33\x33\x37\x75\x6e\x69\x30\x33\x33\
\x38\x75\x6e\x69\x30\x33\x33\x37\x2e\x63\x61\x73\x65\x74\x6f\x6e\
\x6f\x73\x64\x69\x65\x72\x65\x73\x69\x73\x74\x6f\x6e\x6f\x73\x74\
\x6f\x6e\x6f\x73\x63\x6f\x6d\x62\x64\x69\x65\x72\x65\x73\x69\x73\
\x74\x6f\x6e\x6f\x73\x63\x6f\x6d\x62\x61\x70\x6f\x73\x74\x72\x6f\
\x70\x68\x65\x63\x6f\x6d\x62\x30\x30\x34\x2e\x30\x30\x33\x43\x6f\
\x70\x79\x72\x69\x67\x68\x74\x20\x5c\x28\x63\x5c\x29\x20\x62\x79\
\x20\x42\x69\x6e\x6e\x65\x6e\x6c\x61\x6e\x64\x2c\x20\x32\x30\x30\
\x36\x2e\x20\x41\x6c\x6c\x20\x72\x69\x67\x68\x74\x73\x20\x72\x65\
\x73\x65\x72\x76\x65\x64\x2e\x20\x54\x68\x69\x73\x20\x73\x6f\x66\
\x74\x77\x61\x72\x65\x20\x6d\x61\x79\x20\x6e\x6f\x74\x20\x62\x65\
\x20\x72\x65\x70\x72\x6f\x64\x75\x63\x65\x64\x2c\x20\x75\x73\x65\
\x64\x2c\x20\x64\x69\x73\x70\x6c\x61\x79\x65\x64\x2c\x20\x6d\x6f\
\x64\x69\x66\x69\x65\x64\x2c\x20\x64\x69\x73\x63\x6c\x6f\x73\x65\
\x64\x20\x6f\x72\x20\x74\x72\x61\x6e\x73\x66\x65\x72\x72\x65\x64\
\x20\x77\x69\x74\x68\x6f\x75\x74\x20\x74\x68\x65\x20\x65\x78\x70\
\x72\x65\x73\x73\x20\x77\x72\x69\x74\x74\x65\x6e\x20\x61\x70\x70\
\x72\x6f\x76\x61\x6c\x20\x6f\x66\x20\x5c\x28\x42\x69\x6e\x6e\x65\
\x6e\x6c\x61\x6e\x64\x5c\x29\x2e\x42\x6c\x65\x6e\x64\x65\x72\x20\
\x50\x72\x6f\x20\x42\x6f\x6c\x64\x00\x9b\x02\x00\x01\x00\x16\x00\
\x2a\x00\x64\x00\x68\x00\x97\x00\xa5\x00\xbe\x00\xcb\x00\xcf\x00\
\xd8\x00\xe0\x00\xe5\x01\x3c\x01\x50\x01\x62\x01\x84\x01\x92\x01\
\xcd\x02\x06\x02\x24\x02\x32\x02\x39\x02\x40\x02\x44\x02\x49\x02\
\x9b\x02\xea\x02\xef\x03\x3b\x03\x5f\x03\x75\x03\x85\x03\x89\x03\
\x8e\x03\x93\x03\xf8\x04\x01\x04\x04\x04\x10\x04\x14\x04\x29\x04\
\x60\x04\x65\x04\x70\x04\x76\x04\xa7\x04\xad\x04\xff\x05\x28\x05\
\x36\x05\x4e\x05\x58\x05\x91\x05\x9f\x05\xa4\x05\xae\x05\xca\x05\
\xf4\x06\x13\x06\x21\x06\x67\x06\x7f\x06\x84\x06\x8e\x06\xc0\x06\
\xc9\x06\xe2\x06\xeb\x06\xf1\x06\xf9\x06\xfe\x07\x2a\x07\x3f\x07\
\x4c\x07\x56\x07\x5c\x07\x66\x07\x6f\x07\x72\x07\x81\x07\x87\x07\
\x8e\x07\x98\x07\x9d\x07\xa2\x07\xb6\x07\xc4\x07\xd1\x07\xdb\x07\
\xe2\x07\xef\x07\xf3\x08\x0d\x08\x3b\x08\x4c\x08\x5b\x08\x60\x08\
\x6b\x08\x92\x08\x9c\x08\xb1\x08\xbd\x08\xe1\x08\xe9\x09\x0c\x09\
\x17\x09\x22\x09\x28\x09\x46\x09\x4e\x09\x6d\x09\x71\x09\x76\x09\
\x94\x09\xa3\x09\xa8\x09\xaf\x09\xb2\x09\xba\x09\xc9\x09\xe3\x09\
\xea\x09\xed\x09\xf3\x0a\x08\x0a\x1d\x0a\x32\x0a\x47\x0a\x4b\x0a\
\x50\x0a\x58\x0a\x5c\x0a\x62\x0a\x73\x0a\x84\x0a\x8b\x0a\x9b\x0a\
\xab\x0a\xb3\x0a\xbb\x0a\xca\x0a\xd9\x0a\xe0\x0a\xef\x0a\xf3\x0b\
\x01\x0b\x0f\x0b\x14\x0b\x1a\x0b\x27\x0b\x34\x0b\x40\x0b\x43\x0b\
\x48\x0b\x53\x07\x76\x91\x74\x99\x78\x1e\x94\x7f\xa6\x70\x97\x82\
\x08\x7d\x9e\xa2\x85\xa0\x1b\x0b\xa0\xa2\x91\x99\x9e\x1f\x97\x94\
\xa6\xa6\x94\x97\x08\x99\x9e\x91\xa2\xa0\x1a\x0b\x15\xf7\x2c\x06\
\xae\xa0\x94\xa3\xa5\x1f\x96\x95\xa1\xa2\x97\x99\x08\x9d\xa0\x91\
\x9f\xa9\x1a\xf7\xc6\x07\xae\x82\xa0\x73\xa5\x1e\x2e\x1d\x5d\xf7\
\x28\x15\x3b\x1d\xfb\xcc\x07\xa7\x0a\x87\x81\x93\x98\x7e\x1f\x7d\
\x99\x84\x94\x8f\x1a\x0b\x06\x21\x0a\x0b\x15\xf7\x6e\x47\x0a\x4f\
\x5b\x52\x5b\x72\x1f\xe8\x6f\x05\x99\x96\x9c\xa3\x96\x56\x1d\x66\
\xfb\x24\x47\x1d\x83\x20\x1d\xe3\x06\xa2\x9f\x9a\x98\x9d\x1f\x8f\
\x74\x05\xee\x06\xfb\x3b\xe1\x38\x0a\x06\x83\x85\x8f\x96\x80\x1f\
\x80\x96\x87\x91\x93\x1a\x0b\x06\x68\x76\x82\x73\x71\x1f\x80\x81\
\x75\x74\x7f\x7d\x08\x79\x76\x85\x77\x6d\x1a\xfb\xc6\x44\x1d\x0b\
\x83\x87\x85\x80\x80\x1e\x80\x80\x85\x87\x83\x1b\x0b\x07\x29\x1d\
\x0b\x93\x8f\x91\x96\x96\x1e\x35\x1d\x0b\x20\x0a\x6c\xf7\x1b\x3b\
\x0a\x0b\x22\x0a\x4a\x0a\x0b\xcb\x06\x9c\x9e\x90\x96\x9a\x1f\x95\
\x92\xa1\xa1\x92\x95\x08\x96\x9a\x90\x9e\x9c\x1a\xf7\x08\x07\x9c\
\x86\x9e\x80\x9a\x1e\x84\x95\x75\xa1\x81\x92\x08\x96\x7c\x78\x90\
\x7a\x1b\x4b\x06\x7a\x78\x86\x80\x7c\x1f\x81\x84\x75\x75\x84\x81\
\x08\x80\x7c\x86\x78\x7a\x1a\xfb\x08\x07\x7a\x90\x78\x96\x7c\x1e\
\x92\x81\xa1\x75\x95\x84\x08\x80\x9a\x9e\x86\x9c\x1b\x0b\x15\xf7\
\x12\x4a\x1d\x22\x53\x0a\xfb\x0e\x34\x1d\xf8\x5b\x22\xfc\x58\x44\
\x1d\x0e\x81\x96\x74\xa1\x7d\x97\x08\x9d\x76\x77\x91\x6d\x1b\xfb\
\x2c\x26\x1d\x0b\xfb\x16\x06\x79\x0a\xf7\x17\x06\x93\xa1\x78\x6e\
\x9e\x1f\xf2\xa6\x86\x98\x79\xa7\x7f\x99\x19\xb0\x6c\x69\xa8\x5a\
\x1b\xfb\x1c\x26\x1d\x0b\x07\x8f\x93\x95\x98\x98\x1e\x99\x99\x94\
\x92\x8f\x1b\x0b\x15\xf7\x5e\xfb\x7e\x27\xf7\x15\x28\x37\x1d\xfb\
\x22\x06\x79\x0a\xf7\x20\x06\x93\xa1\x78\x6e\x9e\x1f\xf2\xa6\x86\
\x98\x79\xa7\x7f\x99\x19\xb0\x6c\x69\xa8\x5a\x1b\xfb\x25\x26\x1d\
\xf7\x26\x06\x9d\xa5\x9a\x99\x9d\x1f\x91\x6e\xf1\x90\x05\x0b\x5f\
\x1d\x28\x06\x87\x71\x05\x99\x79\x75\x9c\x73\x41\x1d\xe1\x06\xa0\
\xa3\x9c\x99\x99\x1f\x53\x78\x0a\x80\x7b\xa0\x99\x80\x1f\x2e\x6f\
\x05\x5b\xa4\xbc\x55\xc7\x1b\x5f\xf7\xbb\x65\x1d\xfb\x37\x07\x7c\
\x7e\x65\x6d\x80\x1b\x41\x45\x1d\x15\xd6\xb1\xd3\xbd\x82\x1f\x4d\
\x06\x6a\x8e\x7a\x75\x6f\x1b\x72\x78\x9e\xaf\x8d\x1f\x4d\x06\x57\
\x82\xb2\x45\xd5\x1b\x0b\x06\x87\x81\x93\x98\x7e\x1f\x7d\x99\x84\
\x94\x8f\x1a\x0b\x96\x96\x91\x8f\x93\x1b\x0b\x76\x74\x85\x7d\x78\
\x1f\x0b\x07\x31\x0a\x0b\xf7\x40\x28\x1d\x0b\x15\xdd\xab\x05\xba\
\x9d\xae\xa1\xb5\x1a\x9f\x84\x0a\x95\x7d\x7b\x8f\x7c\x1b\x42\x06\
\x5f\x66\x71\x65\x6f\x1f\xce\x63\x05\x99\x97\x9c\x98\x96\x1b\xc8\
\x06\x90\x8e\x89\x84\x92\x1f\x92\x84\x8d\x88\x86\x1a\x86\x07\x80\
\x82\x87\x7b\x85\x1e\x3d\x6c\x05\x5f\x7a\x6c\x77\x5c\x1a\x3a\xf7\
\x92\xdb\xfb\x39\x8f\x07\x8f\x8c\x8f\x93\x8e\x1e\x0e\xf7\x82\xf7\
\x69\x86\x15\xf7\xbf\x68\x0a\xfb\xbf\x26\x1d\x4d\xf7\x22\x15\xf7\
\xd8\x07\x90\x95\x97\x9a\x9b\x1e\x9c\x9c\x96\x93\x90\x1b\xf7\xc7\
\x06\x90\x97\x81\x7c\x9b\x1f\x9c\x7a\x93\x80\x86\x1a\xfb\xd8\x07\
\x86\x81\x7f\x7c\x7b\x1e\x7a\x7a\x80\x83\x86\x1b\xfb\xc7\x06\x86\
\x7f\x95\x9a\x7b\x1f\x7a\x9c\x83\x96\x90\x1a\x0b\xf7\xcc\x3a\x0a\
\x0b\x15\x84\x94\x78\x9e\x82\x92\x08\x95\x7d\x7b\x8f\x7c\x1b\x3b\
\xac\xf7\x2f\xd8\xfb\x7d\xfb\x4c\xf7\x29\x06\x90\x8e\x89\x84\x92\
\x1f\x92\x84\x8d\x88\x86\x1a\x7e\x07\x86\x89\x88\x84\x84\x1e\x84\
\x84\x88\x89\x86\x1b\x53\x06\x80\x79\x97\x99\x7f\x1f\x49\x64\x05\
\x68\xa5\xb0\x6e\xb9\x1b\xca\x48\x1d\xa3\x5d\x0a\x0e\x15\x73\x1d\
\xf7\x78\x07\x96\x82\xb7\x88\xa2\x1e\x26\x06\x8f\x6d\x94\x5f\x7c\
\x1a\xfb\x69\x07\x27\x1d\x31\x25\x1d\xf7\xc2\x27\xfb\xc6\x20\x1d\
\x0e\x82\x75\x9e\xa8\x78\x1f\x24\x70\x90\x7e\x9d\x6f\x97\x7d\x19\
\x66\xaa\xad\x6e\xbc\x1b\x0b\x15\x46\x1d\xfb\xc2\xef\xf7\xc6\x07\
\xa0\x85\xa2\x7d\x9e\x1e\x0b\x07\x32\x0a\x0b\x1b\x35\x20\x0a\x0b\
\xf7\xcc\x30\x1d\x0b\x9b\x1d\xfb\x01\x06\x71\x6f\x83\x6f\x70\x1f\
\xa7\x70\x70\x93\x70\x1b\xfb\x00\x06\x4f\x5a\x55\x61\x1d\x9b\xa0\
\x96\x1b\xf1\x25\x0a\x67\xfb\x2c\x47\x1d\x82\x20\x1d\xeb\x06\xaa\
\xad\xa9\x9f\xa6\x1f\x6c\xa8\xa3\x78\xb5\x1b\xf6\xb0\x1d\x73\x80\
\x1b\x27\x25\x1d\xb2\x07\x9a\xf7\x32\xa3\x1d\xe6\x25\x0a\x5f\xfb\
\x3f\xb7\x61\x0a\xfb\x42\xfb\x84\x15\x37\x25\x1d\x95\x28\x1d\xf7\
\x23\x59\x06\x81\x82\x64\x6d\x80\x1b\x0e\x4e\x0a\x08\x79\xa0\x7b\
\x0a\x1b\x0b\x25\x1d\x0e\x26\x0a\x39\x06\x74\x75\x79\x7e\x79\x44\
\x0a\x0b\x07\x21\x0a\x0b\x06\x9a\x9b\x8f\x95\x99\x1f\x94\x92\x9e\
\x9e\x92\x94\x08\x95\x99\x8f\x9b\x9a\x1a\x0b\x3f\x0a\x6d\x2c\xa0\
\x25\x0a\xfb\x40\x94\x1d\xf7\x41\x27\xfb\x41\x07\x83\x87\x85\x80\
\x80\x1e\x80\x80\x85\x87\x83\x1b\x63\x5e\x1d\xa0\xea\x6d\x20\x0a\
\xbe\x06\xaa\xa6\x97\xa8\xa8\x1f\x74\xa2\xa9\x79\xaf\x1b\xbe\x2b\
\x1d\x0e\x29\x0a\xf8\x58\x0b\x15\xe6\xf7\x22\x7b\x1d\x43\xfb\x05\
\x05\x0b\xf7\xb8\x06\x4f\x0a\x0b\xf7\x45\xf8\xcd\xf8\xaa\x6c\x0a\
\x44\xcf\x2b\x47\x44\x26\x1d\xd2\x3d\xeb\xd9\xd2\x29\x0a\xf7\xc6\
\x51\x0a\xfb\xf6\xfc\x4b\x15\x79\x0a\xd0\xfc\x2c\x06\xf7\x69\xbb\
\x15\x31\x0a\x46\xf8\x2c\xd0\x6b\x0a\x80\x1b\x23\x25\x1d\x0b\x15\
\x85\x92\x7f\x99\x7f\x96\xaf\xca\x18\x47\x06\x79\x6b\x05\x8f\x81\
\x80\x8c\x81\x8b\x1d\x91\x83\x9a\x7c\x97\x7f\x69\x4e\x18\xcc\x06\
\x9d\xab\x05\x88\x95\x95\x8a\x94\x1b\x74\x1d\xfb\x95\xfb\x83\x3b\
\x0a\xe2\x06\xfb\x10\xfb\x73\x05\x89\x8f\x8a\x8e\x8f\x1a\xf7\x45\
\x16\x27\x1d\x37\x06\xf7\x0f\xf7\x6f\x05\x8c\x89\x8b\x88\x89\x1a\
\x0e\x15\x3d\xfb\xaa\x3a\xf7\xaa\x05\x22\x06\x38\xfb\xaa\x3f\xf7\
\xaa\x05\x21\x06\xf7\x14\xfc\x44\x05\xf1\x06\xe2\xf7\xab\xe0\xfb\
\xab\x05\xf1\x06\xf7\x16\xf8\x44\x05\x0e\x81\x96\x74\xa1\x7d\x97\
\x08\x9d\x76\x77\x91\x6d\x1b\x0b\x1a\x55\xb4\x62\xcd\x97\x94\x8c\
\x8e\x94\x1e\xc8\x83\x07\x71\x71\x99\xad\xae\xa6\x9d\xa9\x1f\x0b\
\x15\x6a\x0a\x43\xfb\x05\xeb\x6e\x05\x0b\x80\xf8\x2a\x66\x1d\xfb\
\x03\x8c\x0a\x9b\xa4\x96\x1b\xf3\x25\x0a\x63\xfb\xa8\xfb\x1d\x07\
\x76\x91\x74\x99\x78\x1e\x94\x7f\xa6\x70\x97\x82\x08\x7d\x9e\xa2\
\x85\xa0\x1b\xf7\x06\x2b\x1d\x2c\xfb\x9d\x15\x9e\x0a\xba\xf7\x44\
\x5c\x95\x1d\x15\xec\xf2\x2a\x06\xf7\x35\x24\x15\xec\xf2\x2a\x06\
\x0b\x1b\xe5\x25\x0a\x0b\x86\x8c\x85\x92\x94\x1a\xba\x30\x1d\x0b\
\x8f\x06\xa6\xa2\x7c\x6d\x8a\x1f\x6f\x8a\x74\x80\x71\x1b\x7f\x4e\
\x06\x8a\x91\x95\x89\x9d\x1b\xcb\xb4\xb4\xc3\x0b\x85\x88\x89\x87\
\x1b\x4c\x06\x86\x88\x8d\x92\x84\x1f\x84\x92\x89\x8e\x90\x1a\x9f\
\x07\x93\x96\x95\x91\x90\x1b\xc8\x06\x8f\x8e\x89\x86\x91\x1f\x90\
\x85\x8d\x88\x87\x1a\x0e\xfb\x29\xf7\xc8\xf7\xe5\x15\xea\xfb\x10\
\xf7\x3a\x27\xfb\x3a\x48\x2c\xce\xfb\x62\x20\x1d\xd8\xea\x47\x25\
\x1d\xf7\x5e\x07\x0b\x15\x2a\x24\xec\x06\xf7\x35\xf2\x15\x2a\x24\
\xec\x06\x0b\xf7\x51\x15\xf7\x59\xf1\x05\xb2\x9f\xae\xb0\xbe\x1a\
\xd4\x28\x0a\xfb\x0a\x06\x59\x6b\x70\x64\x6a\x1f\x7f\x7d\x7b\x73\
\x84\x7a\xa9\x0a\xf1\x25\x0a\x4e\x07\x82\x86\x84\x83\x87\x1e\xfb\
\x5b\x24\x05\x61\x75\x6a\x68\x59\x1a\xfb\x40\xf8\x15\xef\xfb\xac\
\xcf\x07\x91\x90\x94\x96\x91\x1e\x0e\x15\xd0\x75\xf7\x09\xf7\x21\
\x05\x2d\x06\xb8\xfb\x0b\x15\xd0\x75\xf7\x09\xf7\x21\x05\x2d\x06\
\x0b\x25\x1d\x38\x1d\x0b\xf0\x22\x0a\xf8\x0d\x07\x93\xe4\x05\x0b\
\xa6\xf8\x91\x16\xfb\x53\xf7\xc8\xf7\x47\xf7\xb6\x05\xfb\x0b\x06\
\xfb\x0d\xfb\x5a\xfb\x0d\xf7\x5a\x05\xfb\x0b\x06\xf7\x47\xfb\xb6\
\xfb\x53\xfb\xc8\x05\xf7\x0b\x06\xf7\x19\xf7\x6d\xf7\x18\xfb\x6d\
\x05\x0e\x5b\x72\x1f\xe8\x6f\x05\x99\x96\x0b\x15\xfc\x1e\x27\xf7\
\x9c\x06\xfb\x9c\xfc\x31\x05\x36\xf8\x1e\xef\xfb\x9c\x07\xf7\x9c\
\xf8\x2f\x05\x0e\x15\xe4\xf7\x1b\x71\x0a\x82\x60\x0a\x9a\x97\xaf\
\x67\x0a\x0b\x70\x1d\xaf\x6e\x7c\x99\x1f\x0b\xf8\x05\x3f\x0a\x0b\
\xef\xf7\xc1\x06\x9a\x97\xa6\xa5\x9f\x1b\xcb\x06\x96\x9c\x73\x7d\
\x96\x1f\xe8\xa7\x05\xbb\x72\x5b\xc4\x4f\x1b\x49\x06\x74\x74\x7a\
\x7d\x79\x1f\x85\xa5\x05\x2b\x06\x95\x32\x05\x0b\x15\xfb\x8f\xfb\
\x6e\xf7\x8f\x22\x89\x0a\xf7\x8b\xf7\x6e\xfb\x8b\xf4\xf8\xea\x07\
\x0e\xf8\x79\x15\xb3\xf7\x18\x2a\xa9\x5a\xfb\x36\x05\x0b\xdb\x74\
\x94\xa0\xa1\x95\x95\x88\x19\x0b\x43\xf7\x05\x7b\x1d\x0b\x7c\x7d\
\x67\x6e\x7f\x1b\x41\x25\x1d\x0b\xf7\xeb\x27\xfb\xc1\x07\x7d\x7e\
\x0b\x61\x0a\x0e\x6d\xf8\x1b\xf7\x25\x15\xf8\x59\x22\xfc\x5b\x07\
\x75\x0a\x0e\x3b\x0a\xd5\x06\x97\x0b\x20\x1d\x6c\xf7\x1b\x15\x0b\
\x15\xf1\x06\xb7\xf7\x1a\x2c\xa2\x05\x0e\xf7\x00\x22\x0a\x0b\xf7\
\x07\x2b\x1d\x0b\x15\x3f\xf7\x32\x07\xfb\x20\xfb\x85\x05\xeb\x06\
\xf7\x2a\xf7\x97\x05\xc5\x07\x0e\x27\x1d\xfb\x03\x25\x1d\xd6\x28\
\x1d\xf7\x03\x25\x0a\x0b\xfb\x8e\x81\xf9\x22\x55\x1d\x36\xfd\x89\
\x15\x77\x0a\xf7\x33\xf8\xdb\x15\x8a\x1d\xa6\x0a\x0b\x15\xef\xf8\
\x44\x27\x06\x0e\xf7\x81\xfb\x24\x3b\xc9\xfb\x31\x3f\x3b\xf7\x77\
\x0b\x05\x6a\x0a\x0b\x7a\x7b\x1a\xfb\x1c\x07\x7c\x90\x79\x95\x7d\
\x1e\x92\x82\x9f\x77\x94\x84\x08\x81\x99\x9d\x86\x9a\x1b\x0b\x57\
\xf8\x3f\x16\xfb\x2a\xf7\x70\xf7\x23\xf7\x68\x05\xfb\x0b\x06\x38\
\xfb\x13\x35\xf7\x13\x05\xfb\x0b\x06\xf7\x25\xfb\x67\xfb\x2a\xfb\
\x71\x05\xf7\x0b\x06\xe6\xf7\x1a\xe6\xfb\x1a\x05\x0e\xe1\x06\xa3\
\xa1\x9c\x99\x9d\x1f\x90\x71\x05\xed\x06\x83\xe4\x05\x0b\x15\xfc\
\x41\x27\xf7\x36\xfc\x86\xf4\xf8\x86\xf7\x36\x06\x0e\xf7\x42\x25\
\x0a\x0b\x15\xb7\xf7\x1a\x2c\xa2\x58\xfb\x31\x05\x0e\x5d\xf7\x9b\
\xf7\x7b\x15\xf7\x3a\xf7\x5d\x05\xfb\x10\x06\xfb\x14\xfb\x30\x05\
\x78\xf7\xd6\x27\xfc\xea\xef\xf7\x4a\x9d\x06\xf7\x1c\xfb\x4a\x05\
\xf7\x14\x06\x0b\xfb\x12\x15\x4e\x07\xa8\x1d\xa6\x1d\x0e\x15\xfb\
\x01\x6b\xf7\x1b\xfb\x16\xfb\x1d\xfb\x19\xf7\x03\x6e\xf7\x35\xf7\
\x36\x05\x0b\xf0\x06\x7e\xe3\x05\xf8\x92\x27\xfc\x9d\x07\x0b\xfb\
\x4e\x15\xc8\x83\x07\x71\x71\x99\xad\xae\xa6\x9d\xa9\x1f\x8f\xa3\
\x06\x6d\x90\x05\x50\x5a\x62\x50\x55\xb4\x62\xcd\x97\x94\x8c\x8e\
\x94\x1f\x0e\x15\xf7\x77\xe4\xfb\x77\x06\x0b\x9b\xce\x16\xf8\x1d\
\xef\xfb\x95\x06\xf7\x36\xf7\x64\xfb\x36\xf7\x52\x05\xf7\x94\xef\
\xfc\x1e\x34\x06\xf7\x43\xfb\x5d\xfb\x41\xfb\x75\x05\x0e\x15\xf8\
\x86\x22\xfc\xea\xf8\x06\xef\x07\x0b\x83\x0a\xf7\xe5\xf5\xea\x21\
\xb0\x61\x0a\x0b\x1b\xfb\x07\x91\x0a\x0b\xbd\xf7\xde\xf8\xea\x15\
\x85\x0a\xfb\x65\xfc\xea\x05\xf8\xaf\x06\xfb\xa1\xf8\x64\x15\xf7\
\x0e\xfc\x00\x05\xfb\x89\x06\x0e\xf7\x0f\xf7\x12\xfb\x0f\x06\x0b\
\xdb\x06\x9b\x9c\x90\x95\x99\x1f\x94\x92\x9f\x9f\x92\x94\x08\x96\
\x99\x8f\x9c\x9b\x1a\xf7\x1c\x07\x9b\x87\x9c\x80\x99\x1e\x0b\x07\
\x90\x0a\x0b\xf8\xab\x3f\x0a\x0b\xf7\x04\x07\x91\x8e\x8f\x93\x93\
\x1e\x92\x92\x8f\x8e\x91\x1b\xc1\x06\x91\x8f\x88\x84\x93\x1f\x92\
\x83\x8e\x87\x85\x1a\x0b\x78\x0a\x83\x85\x8f\x96\x80\x1f\x80\x96\
\x87\x91\x93\x1a\x0e\xf7\x41\x25\x0a\x0b\x07\x27\x1d\x63\x25\x1d\
\x0b\xa2\x0a\x0e\x06\x76\x76\x7c\x7f\x7a\x1f\x0b\xfb\x01\xab\xfb\
\x35\xfb\x36\xf7\x35\xfb\x36\xf7\x03\xa8\x0b\x15\xfc\x12\xfb\x5c\
\x05\x47\x07\xf8\x11\xfb\x5d\x05\xf7\x03\x07\xfb\x83\xf7\x10\xf7\
\x84\xf7\x10\x05\x0b\x86\x15\xf7\x05\x22\x0a\x0b\x54\x0a\x0e\x15\
\xf7\x1d\x28\x0a\x0b\xf8\x81\x15\x2f\xf7\x17\x05\x29\x06\x2f\xfb\
\x17\x05\xf2\x06\xb1\xc8\xb1\x4e\x05\x0e\xf9\x04\x15\x65\x4e\x65\
\xc8\x05\x24\x06\xe7\xfb\x17\x05\xed\x06\xe7\xf7\x17\x05\x0e\x15\
\xec\xf7\x1f\xf7\x22\xe9\xfb\x22\xf7\x21\x2a\xfb\x21\xfb\x22\x2d\
\xf7\x22\x06\x0b\x06\x78\x76\x86\x7e\x7a\x1f\x80\x83\x73\x73\x83\
\x80\x08\x7e\x7a\x86\x76\x78\x1a\x0b\x15\xa4\x1d\x0b\x86\x7e\xa9\
\x0a\x0b\x15\xf7\x72\xe9\xfb\x72\x06\x0e\x15\x35\x1d\x0b\x42\x1d\
\xf7\x28\x06\x0b\xd4\xcd\x16\xf4\xf8\x86\xf7\x6e\xfc\x86\xf4\xf8\
\xea\xfc\x40\x06\x0e\x74\x61\x8f\x06\xa6\xa2\x7c\x6d\x8a\x1f\x6f\
\x8a\x74\x80\x71\x1b\x0b\xf8\x11\xe9\xfc\x11\x06\x0e\x8a\x91\x95\
\x89\x9d\x1b\xcb\xb4\xb4\xc3\xc4\x60\xaf\x4b\x1f\x0b\x06\x32\x94\
\x05\x2d\x07\xa4\x87\x05\x7e\x79\x7a\x75\x74\x1a\x0b\xf7\x04\x06\
\xc7\xbb\x7c\x0a\x0b\x15\x80\x80\x85\x87\x83\x1b\x0b\xf8\x66\x15\
\x91\xbb\x05\xf7\x01\x29\x24\x07\x84\x55\x05\x0b\x7e\x79\x85\x76\
\x77\x1a\x65\x07\x78\x91\x75\x98\x79\x1e\x0b\xf7\x12\xf8\x48\xb9\
\x0a\x0b\x2b\x15\xf4\x06\xa0\xf7\x57\x05\x5b\xf8\x87\x22\xfc\x87\
\x0b\xb5\x0a\x7b\x0b\x07\x87\x84\x82\x7d\x7d\x1e\x7e\x7e\x81\x83\
\x87\x1b\x0b\x7f\x99\x75\xa2\x80\x95\x08\xa3\x71\x76\x94\x68\x1b\
\x0b\xce\x16\x85\x1d\x0b\xf4\xf7\x92\xad\x06\x0b\x15\x80\x65\xa9\
\x9a\x7e\x1f\xf7\x37\x07\x9a\x98\x0b\xfb\x02\x07\xf7\x84\xfb\x10\
\xfb\x83\xfb\x10\x05\x0b\xd7\xea\x3f\xf7\x7f\x27\xfb\x7f\x40\x2c\
\xd6\x0b\x86\x0a\x0e\x07\x85\x88\x87\x0b\x27\xfb\xe5\xfb\x3d\xf7\
\xe5\x27\xfc\x44\x0b\x01\x00\x22\x00\x00\xab\x00\x01\x87\x00\x00\
\xac\x02\x01\x88\x01\x00\xaf\x01\x00\x8a\x00\x01\x8a\x00\x00\x23\
\x01\x01\x8b\x01\x00\xb1\x00\x01\x8d\x01\x00\x25\x00\x00\x9a\x00\
\x01\x8f\x01\x00\x26\x00\x00\xb2\x00\x01\x91\x01\x00\xb3\x01\x01\
\x93\x00\x00\xb5\x00\x01\x94\x02\x00\x27\x01\x01\x97\x03\x00\x29\
\x00\x01\x9b\x01\x00\x2a\x00\x00\xb6\x00\x01\x9d\x00\x00\xb7\x01\
\x01\x9e\x00\x00\xb9\x00\x01\x9f\x02\x00\x2b\x00\x01\xa2\x00\x00\
\x2c\x00\x01\xa3\x00\x00\x2d\x00\x01\xa4\x03\x00\x8c\x00\x00\x2e\
\x01\x01\xa8\x03\x00\xba\x00\x00\x30\x00\x00\xbb\x00\x01\xac\x00\
\x00\xbc\x02\x01\xad\x01\x00\x8d\x00\x01\xaf\x00\x00\xbf\x00\x00\
\x8e\x00\x00\x31\x00\x00\x9d\x00\x00\x32\x01\x01\xb0\x02\x00\x34\
\x00\x01\xb3\x00\x00\xc0\x00\x01\xb4\x03\x00\x35\x00\x01\xb8\x03\
\x00\x36\x00\x00\xc1\x00\x01\xbc\x00\x00\xc2\x02\x01\xbd\x04\x00\
\x37\x01\x01\xc2\x03\x00\x39\x01\x00\xc5\x00\x01\xc6\x00\x00\xc6\
\x00\x01\xc7\x00\x00\x3b\x00\x01\xc8\x00\x00\xc7\x00\x01\xc9\x00\
\x00\x42\x00\x00\xc8\x00\x01\xca\x00\x00\xc9\x02\x01\xcb\x01\x00\
\xcc\x01\x00\x90\x00\x01\xcd\x00\x00\x43\x01\x01\xce\x01\x00\xce\
\x00\x01\xd0\x01\x00\x45\x00\x00\xa7\x00\x01\xd2\x01\x00\x46\x00\
\x00\xcf\x00\x01\xd4\x01\x00\xd0\x01\x01\xd6\x00\x00\xd2\x00\x01\
\xd7\x03\x00\x47\x01\x01\xdb\x03\x00\x49\x00\x01\xdf\x01\x00\x4a\
\x00\x00\x91\x00\x00\xd3\x00\x01\xe1\x00\x00\xd4\x02\x01\xe2\x02\
\x00\x4b\x00\x01\xe5\x01\x00\x4c\x00\x01\xe7\x01\x00\x4d\x00\x01\
\xe9\x03\x00\x92\x00\x00\x4e\x01\x01\xed\x03\x00\xd7\x00\x00\x50\
\x00\x00\xd8\x00\x01\xf1\x00\x00\xd9\x02\x01\xf2\x01\x00\x93\x00\
\x01\xf4\x00\x00\xdc\x00\x00\x94\x00\x00\x51\x00\x00\xa2\x00\x00\
\x52\x01\x01\xf5\x02\x00\x54\x00\x01\xf8\x00\x00\xdd\x00\x01\xf9\
\x02\x00\x95\x00\x01\xfc\x00\x00\x55\x00\x01\xfd\x03\x00\x56\x00\
\x00\xde\x00\x02\x01\x00\x00\xdf\x02\x02\x02\x04\x00\x57\x01\x02\
\x07\x03\x00\x59\x01\x00\xe2\x00\x02\x0b\x00\x00\xe3\x00\x02\x0c\
\x00\x00\x5b\x00\x02\x0d\x00\x00\xe4\x00\x02\x0e\x00\x00\x6d\x01\
\x00\x8b\x00\x00\x8f\x00\x02\x0f\xa2\x00\x11\x09\x02\xb2\x33\x00\
\x63\x00\x00\x9b\x00\x00\x9e\x00\x00\xa3\x00\x00\x0b\x00\x00\x3d\
\x00\x00\x72\x00\x00\x74\x00\x00\x1b\x00\x00\x0d\x00\x00\x79\x00\
\x00\x02\x00\x00\x60\x00\x00\x04\x00\x00\x0f\x00\x00\x20\x00\x00\
\x7b\x00\x00\x03\x00\x00\x68\x00\x00\x1c\x00\x00\x10\x00\x00\x40\
\x00\x00\x5c\x00\x00\x5e\x00\x00\x3c\x00\x00\x3e\x00\x00\x09\x01\
\x00\x89\x00\x00\x6f\x00\x00\x0e\x00\x02\xe6\x02\x00\x6a\x00\x00\
\x78\x00\x00\x6b\x01\x00\x76\x00\x00\x69\x00\x00\x77\x00\x00\x41\
\x00\x00\x08\x00\x00\x75\x00\x00\x01\x00\x02\xe9\x02\x00\x61\x00\
\x00\x67\x00\x00\x05\x00\x02\xec\x00\x00\x65\x00\x00\x62\x00\x00\
\x64\x00\x00\x0c\x00\x00\xa6\x00\x00\xa8\x00\x00\x9f\x00\x00\x1e\
\x00\x02\xed\x00\x00\x1f\x00\x00\x1d\x00\x02\xee\x01\x00\x9c\x00\
\x02\xf0\x00\x00\x5f\x00\x00\x97\x00\x02\xf1\x08\x00\x06\x00\x00\
\x7a\x00\x02\xfa\x02\x00\x21\x00\x00\x07\x00\x00\x73\x00\x00\x66\
\x00\x00\xaa\x00\x00\xa5\x00\x02\xfd\x00\x00\x99\x00\x00\xa1\x00\
\x00\x5d\x00\x00\xa0\x00\x00\x70\x01\x02\xfe\x00\x00\x3f\x00\x02\
\xff\x12\x00\x7d\x00\x00\x81\x00\x00\x88\x00\x00\x85\x00\x00\x7e\
\x00\x00\x83\x00\x00\x82\x00\x00\x7c\x00\x00\x86\x00\x00\x80\x00\
\x00\x87\x00\x00\x84\x00\x00\x7f\x00\x03\x12\x04\x02\x71\x02\x00\
\x01\x00\x7a\x00\x80\x00\x8e\x00\x9c\x00\xaa\x00\xb7\x00\xca\x00\
\xdc\x01\x0a\x01\x18\x01\x29\x01\x31\x01\x3f\x01\x41\x01\x4d\x01\
\x5f\x01\x71\x01\x85\x01\x96\x01\xab\x01\xc8\x01\xca\x01\xf1\x01\
\xf3\x01\xfa\x02\x07\x02\x14\x02\x21\x02\x2e\x02\x3a\x02\x47\x02\
\x59\x02\x6a\x02\x88\x02\xa2\x02\xb8\x02\xc0\x02\xce\x02\xdc\x02\
\xe9\x02\xf7\x02\xfe\x03\x2b\x03\x37\x03\x3d\x03\x4b\x03\x59\x03\
\x67\x03\x69\x03\x79\x03\x89\x03\x96\x03\xa5\x03\xb6\x03\xb8\x03\
\xca\x03\xd0\x03\xf9\x03\xfd\x04\x0a\x04\x21\x04\x2a\x04\x33\x04\
\x57\x04\x59\x04\x61\x04\x6d\x04\x7a\x04\x87\x04\xae\x04\xbe\x04\
\xc5\x04\xd2\x04\xdf\x05\x04\x05\x12\x05\x22\x05\x30\x05\x3d\x05\
\x44\x05\x50\x05\x60\x05\x9e\x05\xbe\x05\xe2\x06\x2c\x06\x32\x06\
\x3f\x06\x4d\x06\x8d\x06\x99\x06\xab\x06\xbe\x06\xd4\x06\xe7\x06\
\xf7\x07\x35\x07\x3c\x07\x59\x07\x65\x07\x7f\x07\x96\x07\x9c\x07\
\xa8\x07\xb4\x07\xd2\x07\xde\x07\xed\x07\xfa\x08\x06\x08\x21\x08\
\x2d\x08\x3c\x08\x5c\x08\x64\x08\x71\x08\x7e\x08\x8b\x08\x9d\x08\
\x9f\x08\xa6\x08\xb1\x08\xbd\x08\xc8\x08\xd9\x08\xe0\x08\xec\x08\
\xf8\x09\x04\x09\x0a\x09\x17\x09\x24\x09\x31\x09\x3d\x09\x4f\x09\
\x60\x09\xa1\x09\xae\x09\xbe\x09\xc6\x09\xd4\x0a\x13\x0a\x24\x0a\
\x3b\x0a\x53\x0a\x75\x0a\x8d\x0a\xa1\x0a\xc4\x0b\x1a\x0b\x42\x0b\
\x76\x0b\x7d\x0b\x8a\x0b\x97\x0b\xa4\x0b\xb1\x0b\xbd\x0b\xca\x0b\
\xdc\x0b\xed\x0c\x16\x0c\x18\x0c\x1a\x0c\x34\x0c\x3c\x0c\x49\x0c\
\x91\x0c\x9e\x0c\xa8\x0c\xb5\x0c\xd2\x0c\xe9\x0c\xf3\x0c\xfd\x0d\
\x0a\x0d\x17\x0d\x24\x0d\x30\x0d\x3f\x0d\x4b\x0d\x62\x0d\x72\x0d\
\x89\x0d\x9d\x0d\xb4\x0d\xb7\x0d\xbf\x0d\xe4\x0d\xe9\x0d\xf8\x0e\
\x06\x0e\x0f\x0e\x1d\x0e\x44\x0e\x82\x0e\x8a\x0e\x98\x0e\xa6\x0e\
\xb3\x0e\xcc\x0e\xdd\x0e\xe3\x0e\xef\x0e\xfb\x0f\x26\x0f\x32\x0f\
\x41\x0f\x4d\x0f\x59\x0f\x60\x0f\x6d\x0f\x7b\x0f\xe2\x0f\xe4\x10\
\x1f\x10\x52\x10\x58\x10\x67\x10\x9a\x10\xa4\x10\xb8\x10\xd2\x10\
\xed\x11\x0b\x11\x26\x11\x3e\x11\xc4\x11\xdb\x11\xde\x12\x05\x12\
\x47\x12\x57\x12\x5e\x12\x80\x12\xaa\x12\xd3\x12\xfd\x13\x26\x13\
\x53\x13\x7b\x13\xa5\x13\xd5\x13\xfe\x14\x2a\x14\x2c\x14\x34\x14\
\x41\x14\x4e\x14\x5a\x14\x6c\x14\x6e\x14\x75\x14\x80\x14\x8c\x14\
\x97\x14\xa8\x14\xae\x14\xba\x14\xc6\x14\xd2\x14\xe2\x14\xf6\x15\
\x50\x15\x85\x15\x8b\x15\x9d\x15\x9f\x15\xa1\x15\xb6\x15\xc6\x15\
\xfe\x16\x05\x16\x11\x16\x51\x16\xa6\x16\xad\x16\xb8\x16\xbe\x16\
\xcb\x16\xe2\x16\xe4\x16\xeb\x16\xf2\x17\x03\x17\x23\x17\x2f\x17\
\x36\x17\x3d\x17\x49\x17\x4b\x17\x4d\x17\x66\x17\x76\x17\x8d\x17\
\xa3\x17\xbc\x17\xca\x17\xdb\x17\xf5\x18\x18\x18\x3f\x18\x4b\x18\
\x87\x18\xcb\x18\xd1\x18\xd3\x18\xd5\x19\x03\x19\x4a\x19\x95\x19\
\xcf\x19\xd5\x1a\x24\x1a\x5a\x1a\x5f\x1a\x6c\x1a\x7c\x1a\xb3\x1a\
\xba\x1a\xc6\x1b\x09\x1b\x4c\x1b\x51\x1b\x5f\x1b\x64\x1b\x72\x1b\
\x8c\x1b\xae\x1b\xc5\x1b\xcb\x1b\xdc\x1b\xde\x1b\xef\x1c\x00\x1c\
\x07\x1c\x12\x1c\x7b\x1c\x7d\x1c\x96\x1c\xaa\x1c\xb5\x1c\xcb\x1c\
\xdc\x1c\xec\x1c\xff\x1d\x36\x1d\x57\x1d\x76\x1d\x8a\x1d\xa2\x1d\
\xd2\x1d\xdc\x1d\xe8\x1d\xff\x1e\x1c\x1e\x56\x1e\x81\x1e\xb0\x1e\
\xb6\x1e\xb8\x1e\xba\x1e\xbc\x1e\xc3\x1e\xca\x1e\xd1\x1e\xe2\x1e\
\xe8\x1e\xee\x1f\x0b\x1f\x0d\x1f\x15\x1f\x35\x1f\x3c\x1f\x3e\x1f\
\x5e\x1f\x60\x1f\x67\x1f\x6e\x1f\x70\x1f\x72\x1f\x98\x1f\x9d\x1f\
\xa9\x1f\xb4\x1f\xbe\x1f\xca\x1f\xd7\x1f\xe1\x1f\xee\x1f\xf0\x1f\
\xfb\x20\x23\x20\x76\x20\xa6\x21\x02\x21\x09\x21\x2d\x21\x34\x21\
\x69\x21\x6f\x21\x74\x21\x95\x21\xc6\x21\xc8\x22\x00\x22\x06\x22\
\x27\x22\x63\x22\x7b\x22\x9c\x22\xbc\x22\xc2\x23\x05\x23\x35\x23\
\x5d\x23\x65\x23\x71\x23\x7e\x23\x8a\x23\x94\x23\xa0\x23\xab\x23\
\xb5\x23\xc1\x23\xed\x23\xf7\x24\x01\x24\x32\x24\x41\x24\x46\x24\
\x89\x24\x8e\x24\x93\x24\xe2\x24\xf8\x24\xfd\x25\x39\x25\x6a\x25\
\x80\x25\x85\x25\xc8\x25\xcd\x25\xd2\x26\x21\x26\x37\x26\x3c\x26\
\x78\x26\xaf\x26\xe6\x26\xf5\x27\x00\x27\x07\x27\x2c\x27\x33\x27\
\x3a\x27\x46\x27\x4d\x27\x55\x27\x5d\x27\x6c\x27\x77\x27\x7e\x27\
\xa3\x27\xab\x27\xb3\x27\xc0\x27\xc7\x27\xcf\x27\xd7\x27\xe2\x27\
\xee\x27\xf6\x28\x1b\x28\x23\x28\x2b\x28\x38\x28\x3f\x28\x47\x28\
\x4f\x28\x5b\x28\x63\x28\x88\x28\x98\x28\xa0\x28\xa8\x28\xb5\x28\
\xbc\x28\xc4\x28\xcc\x28\xd6\x28\xf2\x29\x0f\x29\x45\x29\x6a\x29\
\x7a\x29\x86\x29\xbc\x29\xd2\x29\xe2\x29\xf7\x2a\x0d\x2a\x24\x2a\
\x79\x2a\x80\x2a\xcd\x2b\x19\x2b\x28\x2b\x32\x2b\x48\x2b\x57\x2b\
\x62\x2b\x8d\x2b\xae\x2b\xbf\x2b\xd1\x2c\x02\x2c\x33\x2c\x3f\x2c\
\x4b\x2c\x52\x2c\x59\x2c\x60\x2c\x67\x2c\x80\x2c\x8e\x2c\x9c\x2c\
\xa4\x2c\xac\x2c\xb4\x2c\xc1\x2c\xc6\x2c\xcf\x2c\xd4\x2c\xd7\x2c\
\xda\x2c\xdc\x2c\xde\x2d\x45\x2d\xda\x2e\x4e\x2e\xa3\x2e\xc6\x2f\
\x24\x2f\x5d\x2f\x64\x2f\x6b\x2f\x98\x2f\xb3\x2f\xc3\x2f\xf4\x30\
\x06\x30\x0e\x30\x2b\x30\x39\x30\x47\x30\x54\x30\x5c\x30\x6b\x30\
\xf7\x31\x11\x31\x16\x31\x18\x31\x1a\x31\x1c\x31\x3e\x31\x70\x31\
\xb2\x31\xd3\x31\xff\x32\x22\x32\x44\x32\x6f\x32\xf1\x33\x4a\x33\
\x78\x34\x44\x34\x78\x34\xae\x34\xda\x35\x09\x35\x35\x35\x40\x35\
\x54\x35\x62\x35\x77\x35\xc8\x35\xe5\x35\xec\x35\xf1\x35\xfb\x36\
\x02\x36\x09\x36\x0c\x36\x10\x36\x17\x36\x1e\x36\x28\x36\x2f\x36\
\x36\x36\x3b\x36\x3f\x36\x42\x36\x4e\x36\x5f\x36\x6d\x36\x7e\x36\
\x87\x36\x90\x36\x95\x36\x9a\x36\x9f\x36\xa7\x36\xad\x36\xb9\x36\
\xc0\x36\xc8\x36\xce\x36\xd7\x36\xe1\x36\xe8\x36\xee\x36\xf5\x36\
\xfb\x37\x0c\xf7\xbe\xf8\x1c\xfb\x0d\x15\xf7\x66\xf7\x2d\xf7\x2c\
\xf7\x67\xf7\x66\xfb\x2d\xf7\x2c\xfb\x66\xfb\x66\xfb\x2c\xfb\x2c\
\xfb\x66\xfb\x67\xf7\x2c\xfb\x2c\xf7\x66\x1f\x5c\xf7\x95\x15\xc8\
\x07\xb8\xb1\xae\xad\x9c\x1e\xa4\x97\x05\x9c\x93\x8f\x8e\x93\x1a\
\xb3\x07\x95\x7d\x9a\x83\x1e\x31\x06\x87\x7b\x81\x73\x7d\x1f\x2e\
\xa4\x05\xbc\x9b\xc5\xc0\xbd\x1b\xf7\x26\x06\xa1\xb8\x5f\x6f\x1f\
\x2e\x07\x60\x6d\x72\x6b\x7b\x1e\x6d\x7b\x05\x74\x80\x87\x84\x85\
\x1a\x51\x07\x28\xfb\x1c\x15\xee\xf1\x28\x07\x0e\xbd\xf8\x3e\x16\
\x36\x0a\xbd\xf8\x28\xf9\x99\x53\x1d\xf7\x05\xfd\x0b\x15\x36\x0a\
\xbd\xf7\xa5\xf9\x1a\x33\x1d\xf7\x2d\xfd\x1a\x15\x36\x0a\xbd\xf7\
\xa1\xf9\x54\x39\x0a\xf7\x57\xfd\x17\x15\x36\x0a\xbd\xf7\x81\xf9\
\x89\x5b\x1d\xa7\xfd\x22\x15\x36\x0a\xbd\xf7\xd3\xf9\x28\x15\x6b\
\x1d\xe6\xfb\x22\x05\xf7\x5f\xfd\x0b\x15\x36\x0a\xbd\xf8\x12\xf9\
\x85\x15\xfb\x77\x32\xf7\x77\x06\xb7\xfd\x2c\x15\x36\x0a\xbd\xf8\
\xaa\x73\x15\x8f\xa3\x06\xfb\x64\xf8\xea\x05\x85\x0a\xb4\x0a\xf7\
\x79\x06\xb6\xfb\x13\x05\xba\x06\x61\x7e\x6c\x68\x5c\x52\x1d\xfb\
\xee\xf7\x8f\x15\xdc\xf7\x85\xdc\xfb\x85\x05\x0e\xbd\xf7\xa2\xf9\
\x0d\x81\x0a\xf7\x30\xfd\x94\x15\x36\x0a\xbd\xf7\x77\xf9\x30\x15\
\x3d\x0a\x6a\x1d\xf7\x5b\xfd\x30\x15\x36\x0a\xf7\x71\xf9\x1a\xf8\
\x86\x7a\x0a\xf7\x71\xf8\x8b\xf9\x99\x53\x1d\xf7\x7e\xfb\x19\x7a\
\x0a\x3e\x0a\xbc\xf7\x69\x86\x15\xf7\x1c\x54\x0a\x2f\x1d\x0e\xbc\
\xf7\xd4\xf9\x0b\x4b\x1d\x80\xfd\x2d\x15\xf7\x1c\x54\x0a\x2f\x1d\
\x0e\xbc\xf7\xd5\xf9\x17\x46\x0a\xf7\x0e\xfc\xb8\x15\x2f\x1d\xf7\
\x1c\x9a\x1d\xbc\xf7\xed\xea\x15\x2f\x1d\xa7\x66\x58\x1d\xb8\x71\
\xaa\x61\x97\x1f\xb9\x9a\x1d\xbc\xf7\xa8\xf9\x54\x39\x0a\xf6\xfc\
\xb8\x15\x2f\x1d\xf7\x1c\x9a\x1d\xbc\xf7\x72\xf9\x21\x15\xf6\xf6\
\x20\x06\x82\xfd\x91\x15\xf7\x1c\x54\x0a\x2f\x1d\x0e\xe0\xf8\x71\
\xa3\x0a\xfc\xea\xf7\xb9\x29\x0a\xf7\xbc\x51\x0a\x43\xfc\x11\x15\
\x31\x0a\xfb\x4e\xf8\x22\xf7\x4e\x6b\x0a\x5e\x0a\xe0\xf7\xd5\xf9\
\x17\x46\x0a\xf7\x92\xfb\x06\x6c\x0a\xfb\xb9\xfc\xea\xf7\xb9\x29\
\x0a\xf7\xbc\x51\x0a\x43\xfc\x11\x15\x31\x0a\xfb\x4e\xf8\x22\xf7\
\x4e\x6b\x0a\x5e\x0a\x9c\xf8\x4e\xf8\x86\x42\x0a\x9c\xf8\x23\xf9\
\x99\x53\x1d\xf7\x1a\xfb\x19\x42\x0a\x9c\xf7\xa0\xf9\x1a\x33\x1d\
\xf7\x42\xfb\x28\x42\x0a\x9c\xf7\xc9\xf9\x17\x46\x0a\xf7\x7b\xfb\
\x25\x42\x0a\x9c\xf7\x9c\xf9\x54\x39\x0a\xf7\x6c\xfb\x25\x42\x0a\
\x9c\xf7\x7c\xf9\x89\x5b\x1d\xbc\xfb\x30\x42\x0a\x9c\xf7\xd1\xf9\
\x8c\xb3\x0a\xf7\x11\xfb\x2f\x42\x0a\x9c\xf7\xce\xf9\x28\x15\x6b\
\x1d\xe6\xfb\x22\x05\xf7\x74\xfb\x19\x42\x0a\x9c\xf8\x0d\xf9\x85\
\x15\xfb\x77\x32\xf7\x77\x06\xcc\xfb\x3a\x42\x0a\x9c\xf8\x4e\xf8\
\x86\x15\xef\xfc\x0c\xfc\xea\xf7\xcb\x8f\x1d\xf7\x10\xfb\xa3\xf7\
\x27\xf7\x90\xef\xfb\x90\xf7\x2b\x06\x0e\x9c\xc9\xf8\xea\x15\x27\
\xf7\xa3\xfb\x2b\xfb\x90\x27\xf7\x90\xfb\x27\xfb\xa3\x27\xf8\x0c\
\xf8\xea\x07\x0e\x87\xf8\x4d\xf8\x86\x15\xef\xfc\x0b\x89\x0a\xf7\
\x8b\xf7\x90\xef\xfb\x90\xf7\x2b\x07\x0e\xe9\xf8\x92\xf7\x20\x31\
\x1d\x0e\xe9\xf7\xb1\xf9\x1a\x33\x1d\xf7\x75\xfc\x8e\x31\x1d\x0e\
\xe9\xf7\xad\xf9\x54\x39\x0a\xf7\x9f\xfc\x8b\x31\x1d\x0e\xe9\xf8\
\x92\xf7\x20\x31\x1d\xfb\xf0\xfb\x5c\x72\x1d\xe9\xf7\xe2\xf9\x8c\
\xb3\x0a\xf7\x44\xfc\x95\x31\x1d\x0e\xd4\xf8\x19\xf8\xea\x68\x1d\
\xd4\xf8\xaa\xf8\xc6\x15\x63\xaf\x22\x67\xfb\x6e\xaf\x22\x67\x62\
\x31\xb4\xfc\x6c\xf4\xf7\x8b\xf7\x6e\xfb\x8b\xf4\xf8\x6c\xb3\x06\
\xfb\x25\xfb\x11\x15\xfb\x6e\xf7\x11\xf7\x6e\x06\x0e\xd4\xf7\xac\
\xf9\x54\x39\x0a\xf7\x27\x5e\x68\x1d\xfb\x8e\xcd\x16\x77\x0a\xfb\
\x8e\xf7\x37\xf9\x0b\x4b\x1d\x8a\xfd\x28\x15\x77\x0a\xfb\x8e\xf7\
\x0f\xf9\x1a\x33\x1d\x52\xfd\x1a\x15\x77\x0a\xfb\x8e\xf7\x0b\xf9\
\x54\x39\x0a\x7c\xfd\x17\x15\x77\x0a\x77\x1d\xfb\x8e\xcc\xf9\x21\
\x15\xf6\xf6\x20\x06\x8c\xfd\x8c\x15\x77\x0a\xfb\x8e\xd4\xf9\x0b\
\x15\xeb\xa8\x6b\x1d\xdf\xfd\x99\x15\x77\x0a\xfb\x8e\x90\xf9\x2c\
\x87\x1d\xc8\xfd\x85\x15\x77\x0a\xfb\x8e\xcd\xf8\xea\x15\xfc\xea\
\xb3\x8f\x1d\xf9\x02\x06\x0e\xfb\x8e\x5f\xf9\x2b\x15\x6a\x1d\x3d\
\x0a\xf7\x02\xfd\x2b\x15\x77\x0a\x6f\x1d\x6d\xf7\xed\xf9\x54\x39\
\x0a\x76\xfc\x88\x15\x75\x0a\xf8\x59\x22\x07\x0e\xb3\xf8\x18\x16\
\x63\x0a\xb3\xf7\xba\xf7\xc5\x15\xf7\x6f\xf7\xb9\x05\xfb\x11\x06\
\xfb\x4c\xfb\x89\x05\x6a\xf7\x89\x22\xfc\xea\xb4\x1d\xf7\x4b\xfb\
\x92\x05\xf7\x15\x06\xfb\xea\xfb\x5c\x72\x1d\x78\xaf\x0a\x0e\x78\
\xf7\x9f\xf9\x99\x53\x1d\x86\xfc\xa7\x89\x1d\x0e\x78\xf8\x06\xf8\
\x96\x15\xf7\x01\x29\x24\x07\x84\x55\x05\xee\x06\xfb\x55\xfc\x02\
\x89\x1d\x0e\x78\xaf\x0a\xfb\xb6\xfb\xc0\x72\x1d\x7d\xaf\x0a\x70\
\xf7\xb2\xb3\x0a\x0e\x7b\xf7\x42\xef\x15\xf7\x38\x07\xf7\x13\xc7\
\x63\xe1\x34\x62\x05\xf7\x79\x22\xfb\xab\x07\x3e\x67\xb3\x35\xb0\
\x9c\x05\xfb\x6a\xf8\x06\xef\x07\x0e\x66\x0a\xcf\xf8\x14\xf8\xea\
\x57\x0a\x0e\xcf\xf8\x31\xf9\x99\x53\x1d\xc9\x6a\x57\x0a\x0e\xcf\
\xf7\xd7\xf9\x17\x46\x0a\xf7\x33\x5e\x57\x0a\x0e\xcf\xf8\x14\xf8\
\xea\x57\x0a\xfb\xcb\xfd\xb2\x72\x1d\xcf\xf8\x14\xf8\xea\x15\xfc\
\x27\x07\xfb\x61\xf8\x27\x05\xfb\x05\x89\x0a\xf8\x21\x06\xf7\x63\
\xfc\x21\x05\x96\x6d\x06\x27\x1d\x39\x2c\x80\x0a\xf9\x0c\x07\x0e\
\xcf\xf7\x80\xf9\x30\x15\x3d\x0a\x6a\x1d\xf7\x28\x45\x57\x0a\x0e\
\xe6\xf7\x69\x86\x22\x1d\x0e\xe6\xf7\xe1\xf9\x0b\x4b\x1d\x73\xfd\
\x2d\x22\x1d\x0e\xe6\xf7\xb9\xf9\x1a\x33\x1d\x3b\xfd\x1f\x22\x1d\
\x0e\xe6\xf7\xb5\xf9\x54\x39\x0a\xf7\x7c\xfb\x01\x15\x2e\x1d\x73\
\x0a\x43\xfc\x1b\x15\xa7\x0a\x87\x81\x93\x98\x7e\x1f\x7d\x99\x84\
\x94\x8f\x1a\x3b\x1d\x0e\xe6\xf7\x34\xf9\x22\x55\x1d\xfb\x00\xfd\
\x8e\x22\x1d\x0e\xe6\xf7\x87\xf9\x0b\x15\xeb\xa8\x6b\x1d\xc8\xfd\
\x9e\x22\x1d\x0e\xe6\xf7\x2b\xf9\x1d\x5d\x1d\xfb\x3b\xfd\x99\x22\
\x1d\x0e\xe6\xf7\x43\xf9\x2c\x87\x1d\xb1\xfd\x8a\x22\x1d\x0e\xe6\
\xf8\x77\xf8\xaa\x4c\x0a\xe6\xf8\x3c\xf9\x99\x53\x1d\xf7\x2a\x2a\
\x4c\x0a\xe6\xf7\x12\xf9\x2b\x15\x6a\x1d\x3d\x0a\xe2\xfd\x30\x22\
\x1d\x0e\xf7\xeb\xf9\x94\xf8\x86\x15\xef\xfc\x01\x7b\x07\x93\x7f\
\x76\x98\x7c\x1b\xfb\x22\x26\x1d\xf7\x22\x06\x9a\x9e\x97\x93\x98\
\x1f\x7c\xf8\x02\xef\xfb\x99\xf7\x27\xf7\x86\xef\xfb\x86\xf7\x2b\
\x07\x22\xfb\xf7\x15\x31\x0a\xfb\x1f\x06\x79\x0a\xf7\x1f\x6b\x0a\
\xb1\xf8\x6a\xf8\xa6\x3f\x0a\xfb\xb9\x89\x0a\xf7\x80\xf7\x50\x22\
\x0a\xef\x40\x1d\x36\xfb\x2e\x55\x0a\xfb\x42\xf7\x36\x80\x1d\x0e\
\xb1\xf8\x6a\xf8\x32\x3f\x0a\xfb\x50\xf7\x08\x22\xfc\xeb\xf4\xf7\
\x0d\xf7\x50\x22\x0a\xef\x40\x1d\x36\xfb\x2e\x55\x0a\xfb\x42\xf7\
\x36\x80\x1d\x0e\xe6\xf8\x77\xf8\xaa\x15\x2e\x1d\xce\x06\xae\x34\
\x05\xf7\x03\x06\x66\xe4\xa1\x8f\x9c\x94\x9e\x9d\x19\x96\x95\xa1\
\xa2\x97\x99\x08\x9d\xa0\x91\x9f\xa9\x1a\xf7\xc6\x51\x0a\x43\xfc\
\x1b\x15\x31\x0a\x7c\x06\x78\xba\x2b\x6b\x91\x7c\x05\x73\x06\x87\
\x81\x93\x98\x7e\x1f\x7d\x99\x84\x94\x8f\x1a\x3b\x1d\x0e\xcc\xf8\
\x20\x16\x49\x0a\xcc\xf8\x1a\xf9\x99\x53\x1d\xec\xfd\x0b\x15\x49\
\x0a\xcc\xf7\xc0\xf9\x17\x46\x0a\xf7\x56\xfd\x17\x15\x49\x0a\xcc\
\xf8\x20\xf7\x86\x15\x94\x8e\x94\x90\x93\x91\x97\x94\xa6\xa6\x94\
\x97\x08\x99\x9e\x91\xa2\xa0\x1a\xef\x28\x0a\xfb\xb9\x89\x0a\xf7\
\x80\xf7\x06\x06\xf7\x03\xfb\x80\x05\xf7\x0a\x06\xfb\xeb\xf8\x86\
\x15\x80\x1d\x39\x07\x27\x1d\xfb\x42\x06\x8f\xfc\xac\x72\x1d\xd9\
\xf7\x54\x86\x15\xf7\x3e\x50\x0a\x2a\x0a\x0e\xd9\xf7\xdb\xf9\x0b\
\x4b\x1d\x64\xfd\x2d\x15\xf7\x3e\x50\x0a\x2a\x0a\x0e\xd9\xf7\xdc\
\xf9\x17\x46\x0a\xf7\x61\xfb\xdc\x15\x2a\x0a\xf7\x3e\x50\x0a\x0e\
\xd9\xf8\x47\xf7\xcf\x15\x2a\x0a\xc3\x66\x58\x1d\xb8\x71\xaa\x61\
\x97\x1f\xbf\x50\x0a\x0e\xd9\xf7\xaf\xf9\x54\x39\x0a\xf7\x52\xfb\
\xdc\x15\x2a\x0a\xf7\x3e\x50\x0a\x0e\xd9\xf7\x54\x86\x15\xf7\x3e\
\x50\x0a\x2a\x0a\xe8\xfb\x57\x81\x1d\xe6\xf8\x77\xf8\xa9\x6c\x0a\
\xfb\x2b\x06\x5a\x69\x6e\x66\x6c\x1f\x7f\x7d\x79\x6f\xa1\x1d\xf7\
\x26\x3c\x0a\xfb\x04\xfb\xf1\xfb\x58\x44\x1d\x8d\x0a\x2e\xfc\x35\
\x15\x7d\x7d\x82\x84\x87\x1b\xfb\x28\x34\x1d\xee\xf7\x88\x28\x07\
\x87\x83\x81\x7e\x7e\x1e\x0e\x95\xf8\x63\xf8\xea\x7f\x1d\x95\xf8\
\x63\xf8\x86\x15\xef\xfc\x41\x27\xf7\x36\xfb\x2c\x37\x31\xdf\xfb\
\x94\xf4\xf7\x94\xdf\xe5\x37\xf7\x2c\x07\x0e\x95\xf7\xba\xf9\x17\
\x46\x0a\xf7\x9f\x5e\x7f\x1d\x95\xf7\xc1\xf8\x86\x15\xf7\x36\xef\
\xfc\x41\x27\xf7\x36\xfc\xb0\x58\x1d\xc4\x60\xaf\x4b\x1f\xdd\x06\
\x0e\x95\xad\xf8\xea\x15\x27\xf7\x36\xfc\x86\xf4\xf8\x86\xf7\x36\
\xef\x07\xfb\xc7\xfd\xb2\x72\x1d\xd4\xf7\x6d\x86\x2d\x1d\xd4\xf7\
\xd8\xf9\x0b\x4b\x1d\x80\xfd\x2d\x2d\x1d\xd4\xf7\xb0\xf9\x1a\x33\
\x1d\x48\xfd\x1f\x2d\x1d\xd4\xf7\xac\xf9\x54\x39\x0a\xf7\x27\x5e\
\x15\x53\x0a\xfb\x0e\x34\x1d\xf8\x5b\x22\xfc\x58\x44\x1d\xf7\x12\
\x4a\x1d\x07\x0e\xd4\xf7\x2b\xf9\x22\x55\x1d\x2c\xfd\x8e\x2d\x1d\
\xd4\xf7\x7e\xf9\x0b\x15\xeb\xa8\x6b\x1d\xd5\xfd\x9e\x2d\x1d\xd4\
\xf7\x22\xf9\x1d\x5d\x1d\xfb\x2e\xfd\x99\x2d\x1d\xd4\xf7\x3a\xf9\
\x2c\x87\x1d\xbe\xfd\x8a\x2d\x1d\xd4\xf8\x19\xf8\xea\x15\x53\x0a\
\xfb\x0e\x34\x1d\xf8\x5b\x22\xfc\x58\x44\x1d\xbb\x8e\x0a\x9e\x4a\
\x1d\x07\x0e\xd4\xf7\xad\xf9\x0d\x5c\x0a\x4b\xfd\x4e\x2d\x1d\xd4\
\xf7\x09\xf9\x2b\x15\x6a\x1d\x3d\x0a\xef\xfd\x30\x2d\x1d\xae\xf8\
\x2e\xf8\xea\x15\xfb\x29\xfc\x64\xfb\x26\xf8\x64\x05\xfb\x05\x06\
\xf7\x59\xfc\xea\x05\xf7\x0f\x06\xf7\x5a\xf8\xea\x05\x0e\xf7\x7e\
\xf8\xf1\xf8\xea\x4b\x0a\xf7\x7e\xf8\x84\xf9\x99\x53\x1d\xf7\x5c\
\x6a\x4b\x0a\xf7\x7e\xf7\xfd\xf9\x54\x39\x0a\xf7\xae\x5e\x4b\x0a\
\xf7\x7e\xf7\xdd\xf9\x89\x5b\x1d\xf7\x07\x53\x4b\x0a\xf7\x7e\xf8\
\x2f\xf9\x28\x15\x6b\x1d\xe6\xfb\x22\x05\xf7\xb6\x6a\x4b\x0a\x60\
\x1d\x9d\xf8\x17\xf8\xea\x48\x0a\x9d\xf8\x18\xf9\x99\x53\x1d\xe5\
\x6a\x48\x0a\x9d\xf7\x91\xf9\x54\x39\x0a\xf7\x40\x5e\x48\x0a\x9d\
\xf7\x71\xf9\x89\x5b\x1d\x90\x53\x48\x0a\x9d\xf7\xc3\xf9\x28\x15\
\x6b\x1d\xe6\xfb\x22\x05\xf7\x48\x6a\x48\x0a\x83\xf8\x51\xf8\xea\
\x62\x1d\x83\xf8\x13\xf9\x99\x53\x1d\xf7\x2d\x6a\x62\x1d\x83\xf7\
\xb9\xf9\x17\x46\x0a\xf7\x8e\x5e\x62\x1d\x83\xf7\xc1\xf9\x8c\xb3\
\x0a\xf7\x24\x54\x62\x1d\x77\xf8\x2b\xe3\x24\x1d\x77\xf7\xf9\xf9\
\x04\x53\x1d\xf7\x21\xfc\x1e\x24\x1d\x77\xf7\x80\xf8\x7e\x33\x1d\
\xf7\x3f\xfc\x26\x24\x1d\x77\xf7\x80\xf8\xbe\x39\x0a\xf7\x65\xfc\
\x29\x24\x1d\x77\xf7\x60\xf8\xeb\x5b\x1d\xb5\xfc\x2c\x24\x1d\x77\
\xf7\xbe\xf8\x93\x15\x6b\x1d\xe6\xfb\x22\x05\xf7\x61\xfc\x1e\x24\
\x1d\x77\xf7\xf1\xf8\xea\x15\xfb\x77\x32\xf7\x77\x06\xc5\xfc\x39\
\x24\x1d\x77\xf8\x2f\x73\x15\x8f\xa3\x06\x83\xe3\x05\xf7\x6e\x47\
\x0a\x4f\x5b\x52\x5b\x72\x1f\xe8\x6f\x05\x99\x96\x9c\xa3\x96\x56\
\x1d\x66\xfb\x24\x47\x1d\x83\x20\x1d\xe3\x06\xa2\x9f\x9a\x98\x9d\
\x1f\x8f\x74\x05\xad\x06\x61\x7e\x6c\x68\x5c\x52\x1d\xfb\x37\xf7\
\x02\x38\x0a\x77\xf7\x81\xf8\x80\x81\x0a\xf7\x3e\xfc\xaf\x24\x1d\
\x77\xf7\x56\xf8\xa1\x15\x3d\x0a\x6a\x1d\xf7\x69\xfc\x49\x24\x1d\
\xf7\x8d\xf9\x42\xf7\x3d\x43\x1d\xf7\x8d\xf8\x87\xf9\x04\x53\x1d\
\xf7\xaa\xfb\xcd\x43\x1d\x8a\xf8\x48\xf7\x12\x15\xf7\x48\x28\x0a\
\x35\x96\x1d\xf7\x50\x27\xfc\x91\x07\x83\x32\x05\xed\x06\x90\xa5\
\x05\x7d\x9d\xa1\x7a\xa3\x1b\xe1\x22\x0a\x27\xf7\x44\x15\x41\x0a\
\x41\x06\x7f\x67\xa8\x9a\x7d\x1f\xf7\x38\x07\x9d\x9a\xae\xa5\x97\
\x1b\xd5\x25\x0a\x0e\x6f\xf7\x49\x86\x15\xf7\x04\xb5\x0a\x7a\x73\
\x80\x1b\x23\x2d\x0a\x0e\x6f\xf7\x9d\xf8\x76\x4b\x1d\x97\xfc\x98\
\x15\xf7\x04\xb5\x0a\x7a\x73\x80\x1b\x23\x2d\x0a\x0e\x6f\xf7\xb0\
\xf8\x81\x46\x0a\xf7\x27\xfc\x01\x15\x7d\x80\x7a\x73\x80\x1b\x23\
\x2d\x0a\xaa\x1d\x0e\x72\xf8\x3e\xef\x15\x2e\xa7\x05\x7d\x80\x7a\
\x73\x80\x1b\x23\x2d\x0a\x9e\x66\x58\x1d\xb8\x71\xaa\x61\x97\x1f\
\xaa\x06\xc7\xbb\x7c\x0a\x0e\x6f\xf7\x7f\xf8\xbe\x39\x0a\xf7\x1c\
\xfc\x01\x15\x7d\x80\x7a\x73\x80\x1b\x23\x2d\x0a\xaa\x1d\x0e\x6f\
\xf7\x49\x87\x0a\xfc\xf1\x04\xf7\x04\xb5\x0a\x7a\x73\x80\x1b\x23\
\x2d\x0a\x0e\x8a\xf7\x49\x86\x7d\x0a\xf8\x91\x27\xfb\x50\x07\x97\
\x7a\x76\x9a\x76\x1b\x35\x2a\x1d\xd5\x06\x97\xae\x71\x79\x9a\x1f\
\xfb\x38\x07\x6c\x1d\x0e\x80\xf7\xe0\xf8\xb1\x15\x71\x98\xae\xa4\
\x5f\xc3\x4c\x5e\x32\xb8\x5f\x3a\xbb\x73\x73\x79\xb8\x55\xbd\xaf\
\xde\x61\x05\x9c\x82\x8f\x7a\x85\x1a\x7b\x07\x9a\x78\x72\x9d\x7a\
\x1b\x39\x20\x0a\xf7\x04\x22\x0a\xf7\xbf\x07\xc7\x71\xa2\x49\xac\
\x1e\x75\xfc\x48\xab\x1d\x2c\x5e\x1d\xda\x06\x9a\xa8\x6e\x7a\x96\
\x1f\x8c\xfb\x3a\x05\x83\x87\x85\x80\x80\x1e\x0e\x9e\xf8\xe9\xac\
\x1d\xfb\xd1\xfc\x6b\x7d\x0a\xf8\x91\x27\xfb\x50\x07\x97\x7a\x76\
\x9a\x76\x1b\x35\x2a\x1d\xd5\x06\x97\xae\x71\x79\x9a\x1f\xfb\x38\
\x07\x6c\x1d\x0e\x8a\xf8\x6c\xf8\x6c\x15\xe5\x5d\xaf\x27\x67\xfb\
\x18\x31\xf7\x18\x4d\x07\x97\x7a\x76\x9a\x76\x41\x1d\x7e\x1d\xf8\
\x13\x07\x27\xfb\xe6\x15\x7c\x7d\x67\x6e\x7f\x1b\x41\x5e\x1d\xd5\
\x06\x97\xae\x71\x79\x9a\x1f\x0e\x80\xf8\x3e\xf7\x3d\x24\x0a\x80\
\xf8\x01\xf9\x04\x53\x1d\xf7\x2c\xfb\xcd\x24\x0a\x80\xf7\x88\xf8\
\x7e\x33\x1d\xf7\x4a\xfb\xd5\x24\x0a\x80\xf7\xb9\xf8\x81\x46\x0a\
\xf7\x7b\xfb\xd8\x24\x0a\x80\xf7\x88\xf8\xbe\x39\x0a\xf7\x70\xfb\
\xd8\x24\x0a\x80\xf7\x68\xf8\xeb\x5b\x1d\xc0\xfb\xdb\x24\x0a\x80\
\xf7\xbd\xf8\xec\xb3\x0a\xf7\x15\xfb\xd8\x24\x0a\x80\xf7\xc6\xf8\
\x93\x15\x6b\x1d\xe6\xfb\x22\x05\xf7\x6c\xfb\xcd\x24\x0a\x80\xf7\
\xf9\xf8\xea\x15\xfb\x77\x32\xf7\x77\x06\xd0\xfb\xe8\x24\x0a\x80\
\xf8\x3e\xf7\x3d\x2b\x0a\xb9\x8e\x0a\x9f\x06\xc1\x92\xb6\xc0\xa2\
\xb7\x2e\xa7\x18\x7d\x80\x7b\x72\x4e\x1d\xb3\x07\x9a\xf7\x33\x15\
\x45\x0a\x5c\xfb\x44\xba\x6e\x1d\x54\x1d\x54\x1d\xfb\x37\xf7\x62\
\xf8\x82\x15\x96\x96\x91\x8f\x93\x1b\xe8\xe9\x25\x06\x76\x74\x85\
\x7d\x78\x1f\x8a\x1d\x0e\x8a\xf7\x56\xfb\x39\x15\x32\x1d\x8a\xf7\
\x8c\xf8\x7e\x33\x1d\x55\xfd\x23\x15\x32\x1d\x8a\xf7\x8c\xf8\xbe\
\x39\x0a\xf7\x11\x4e\x15\x87\x71\x05\x99\x79\x75\x9c\x73\x41\x1d\
\xe1\x06\xa0\xa3\x9c\x99\x99\x1f\x53\x78\x0a\x80\x7b\xa0\x99\x80\
\x1f\x2e\x6f\x05\x5b\xa4\xbc\x55\xc7\x1b\x5f\x1d\xfb\x00\xfb\xbd\
\x15\x7c\x7e\x65\x6d\x80\x1b\x41\x5e\x1d\xd5\x06\x97\xaf\x6e\x7c\
\x99\x1f\x0e\x8a\xf7\xaa\xf8\x76\x4b\x1d\x97\xfd\x38\x15\x32\x1d\
\x8a\xf7\x56\x87\x0a\xfd\x91\x04\x32\x1d\x88\xc5\x16\xef\xf7\xbe\
\x06\x64\x1d\x99\x0a\x07\x0e\x88\xf8\x2b\x66\x1d\x3c\x96\x1d\xc9\
\xf7\x1a\xe5\xfb\x1a\xaf\x27\x67\x64\x31\xb2\xfc\x6c\xef\xf7\xbe\
\x07\x64\x1d\x0e\x88\xf7\x92\xf9\x54\x39\x0a\xf7\x53\xfb\xa6\x15\
\x99\x0a\xfc\xea\xef\xf7\xbe\x07\x64\x1d\x0e\xfb\xa3\xc1\x87\x0a\
\x8f\xfc\xec\x79\x1d\xfb\xa3\xc5\x16\xef\xf8\x44\x27\x06\x0e\xfb\
\xa3\xf7\x1e\xf8\x76\x4b\x1d\x9b\xfc\x93\x79\x1d\xfb\xa3\xf7\x00\
\xf8\x7e\x33\x1d\x59\xfc\x7e\x79\x1d\xfb\xa3\xf7\x00\xf8\xbe\x39\
\x0a\x7f\xfc\x81\x79\x1d\xfb\xa3\x76\xf8\x84\x55\x1d\x39\xfc\xeb\
\x79\x1d\xfb\xa3\xd5\xf8\x76\x15\xeb\xa8\x6b\x1d\xd6\xfd\x04\x79\
\x1d\xfb\xa3\x85\xf8\x91\x87\x1d\xcb\xfc\xea\x79\x1d\xfb\xa3\xc1\
\xf8\xec\x15\x20\xf6\xf6\x07\x24\xfc\xec\x15\xae\x06\x90\x0a\xf8\
\x5c\x27\x06\x0e\xfb\xa3\x54\xf8\x9c\x15\x6a\x1d\x3d\x0a\xf7\x05\
\xfc\x9c\x79\x1d\xfb\x9a\xc7\x87\x0a\x33\xfd\x91\x15\xc8\x22\x0a\
\xf8\x66\x27\xfc\x64\x07\x27\x1d\x57\x06\x0e\xfb\x9a\x6f\xfb\x39\
\x15\xc8\x22\x0a\xf8\x66\x27\xfc\x64\x07\x27\x1d\x57\x06\x0e\xfb\
\x9a\xf7\x06\xf8\xbe\x39\x0a\x7f\xfc\xa1\x55\x0a\x57\x2e\xc8\x22\
\x0a\xf8\x66\x27\x07\x0e\x82\x1d\x0e\x82\x1d\xfb\xca\xfb\x5c\x72\
\x1d\x61\xf8\x50\x16\xfb\x5b\xf7\x78\xf5\xf7\x05\x05\xe3\xe6\xfb\
\x1d\x06\xfb\x24\xfb\x2e\x05\xf7\x2e\x27\xfc\x44\xef\xf7\x44\x07\
\xf7\x2e\xfb\x44\x05\x0e\xfb\xa1\xb3\x1d\x0e\xfb\xa1\xf7\x33\xf9\
\x0b\x4b\x1d\x8f\xfd\x28\x15\x85\x1d\x0e\xfb\x8d\xf7\xdf\xac\x1d\
\xfb\x39\xfc\x66\x15\x85\x1d\x0e\xfb\xa1\xb3\x1d\xc9\xfb\xa9\x81\
\x1d\xfb\x30\xb3\x1d\xf7\x36\xf7\x40\x15\xf6\xf6\x20\x06\x0e\xfb\
\x52\xf7\x57\xf7\x8e\x15\xf5\xbb\x63\xe1\x49\x6d\x05\xf7\x88\x27\
\xfb\xb6\x07\x2f\x61\xb3\x35\xbf\xa3\x05\xfb\x13\x07\x97\x3e\x05\
\xf0\x06\x7e\xe3\x05\x0e\xf7\x73\xf9\x0d\x66\x1d\x51\x06\x71\x74\
\x7d\x69\x5f\x1f\x80\x96\x7f\x97\x84\x90\x08\x33\x0a\x4f\x06\x74\
\x74\x79\x7e\x7a\x1f\x85\xa5\x05\x2a\x7f\x0a\xf7\xc3\x07\x9a\x98\
\xa1\xa3\xa3\x1b\xbb\x65\x0a\xf7\xc3\x07\x9a\x98\xa5\xa3\x9e\x1b\
\xb9\x62\x0a\x0e\x8c\xf8\x2f\xf8\x05\x3f\x1d\x0e\x8c\xf8\x0a\xf9\
\x04\x53\x1d\xf7\x14\xfb\x05\x3f\x1d\x0e\x8c\xf7\xc2\xf8\x81\x46\
\x0a\xf7\x63\xfb\x10\x3f\x1d\x0e\x8c\xf8\x2f\xf8\x05\x3f\x1d\xfb\
\x96\xfc\xcd\x72\x1d\x8c\xf7\x65\xfb\x39\x15\x80\x0a\xf7\xe8\x07\
\xa0\x85\xa2\x7d\x9e\x1e\x46\x1d\xfb\xe0\xac\x0a\x06\x0e\x8c\xf7\
\x67\xf8\xa1\x15\x3d\x0a\x6a\x1d\xf7\x5c\xfb\x30\x3f\x1d\x0e\x81\
\xf7\x49\x86\x23\x0a\x81\xf7\xa7\xf8\x76\x4b\x1d\x8d\xfc\x98\x23\
\x0a\x81\xf7\x89\xf8\x7e\x33\x1d\x4b\xfc\x83\x23\x0a\x81\xf7\x89\
\xf8\xbe\x39\x0a\xf7\x5c\xfb\x10\x15\x82\x97\x70\xa6\x7f\x94\x08\
\x99\x78\x74\x91\x76\x1b\xfb\x07\x20\x0a\x74\x1d\x3b\xfb\x83\x55\
\x0a\x2a\x5e\x1d\xec\x25\x0a\x0e\x81\xf7\x08\xf8\x84\x55\x1d\x2b\
\xfc\xf0\x23\x0a\x81\xf7\x67\xf8\x76\x15\xeb\xa8\x6b\x1d\xc8\xfd\
\x09\x23\x0a\x81\xf6\xf8\x8d\x5d\x1d\xfb\x2f\xfd\x09\x23\x0a\x81\
\xf7\x17\xf8\x91\x87\x1d\xbd\xfc\xef\x23\x0a\x81\xf8\x2b\xf8\x05\
\x4f\x1d\x81\xf8\x02\xf9\x04\x53\x1d\xf7\x18\xfb\x05\x4f\x1d\x81\
\xdd\xf8\x9c\x15\x6a\x1d\x3d\x0a\xee\xfc\xa1\x23\x0a\xf7\x9c\xf9\
\x51\xf7\x3c\x15\xf7\x1e\x28\x0a\x22\x06\x6c\x63\x7d\x75\x79\x1f\
\xa2\x74\x6a\x98\x6a\x1b\x21\x20\x0a\xf5\x06\xb1\xa2\x96\xa2\xa7\
\x1f\x75\xa1\xad\x7f\xac\x1b\xf0\x06\xc7\xbc\x7c\x0a\x2e\xa7\x05\
\x7d\x80\x7b\x73\x4e\x1d\xb1\x07\x27\x65\x15\x83\x87\x85\x80\x80\
\x1e\x80\x80\x85\x87\x83\x1b\x2b\x5e\x1d\xeb\x06\x93\x91\x87\x80\
\x96\x1f\x96\x80\x8f\x85\x83\x1a\xf7\x07\xa4\x15\x45\x0a\x5e\xfb\
\x44\xb8\x6e\x1d\x58\x0a\x87\xc5\xfb\x37\x15\xef\xf7\x4b\x06\x7f\
\x9b\xa0\x7e\xa1\x1b\xe0\x2b\x1d\x82\x97\x70\xa6\x7f\x94\x08\x99\
\x78\x74\x91\x76\x1b\x36\x06\x75\x77\x7e\x7d\x7a\x1f\xf7\x52\x27\
\x07\xf7\x36\xfc\x92\xb5\x1d\xb1\xa8\x96\x1b\xd4\x25\x0a\x41\x0a\
\x0e\x8a\xf7\xda\xfb\x36\x15\xef\xf8\x8d\x06\x93\xe4\x05\x29\x06\
\x86\x71\x05\x99\x79\x75\x9c\x73\x41\x1d\xe1\x06\xa0\xa0\x9a\x97\
\x9c\x1f\xfb\x44\xf7\x00\x65\x1d\xfb\x38\x07\x79\x7c\x68\x71\x7f\
\x1b\x41\x45\x1d\x4a\xc9\x16\x67\x1d\x0e\x4a\xf7\xa9\xf8\x76\x4b\
\x1d\xfb\x0b\xfc\x93\x15\x67\x1d\x0e\x4a\xf7\xbc\xf8\x81\x46\x0a\
\xe1\x53\x15\x49\x06\x74\x74\x7a\x7d\x79\x1f\x85\xa5\x05\x2b\x7f\
\x0a\xf7\xc1\x07\x9a\x97\xa6\xa5\x9f\x1b\xcb\x06\x96\x9c\x73\x7d\
\x96\x1f\xe8\xa7\x05\xbb\x72\x5b\xc4\x4f\x1b\x0e\x4a\xc9\x16\x67\
\x1d\xd5\xfc\xb3\x81\x1d\x72\xf7\x35\x86\x15\xf7\x13\x22\x0a\xa4\
\x07\xcd\x5e\xaa\x55\x91\x1e\x2c\x0a\x0e\x72\xf7\x9f\xf8\x76\x4b\
\x1d\x81\xfc\x98\x15\xf7\x13\x22\x0a\xa4\x07\xcd\x5e\xaa\x55\x91\
\x1e\x2c\x0a\x0e\x72\xf7\xb2\xf8\x81\x46\x0a\xf7\x18\xfb\x83\x15\
\x2c\x0a\xf7\x13\x22\x0a\xa4\x07\xcd\x5e\xaa\x55\x91\x1e\x0e\x72\
\xf7\xd4\xf7\x92\x15\x2c\x0a\xb8\x66\x58\x1d\xb8\x71\xaa\x61\x97\
\x1f\x9f\x22\x0a\xa4\x07\xcd\x5e\xaa\x55\x91\x1e\x0e\x72\xf7\x81\
\xf8\xbe\x39\x0a\xf7\x0d\xfb\x83\x15\x2c\x0a\xf7\x13\x22\x0a\xa4\
\x07\xcd\x5e\xaa\x55\x91\x1e\x0e\x72\xf7\x35\x86\x15\xf7\x13\x22\
\x0a\xa4\x07\xcd\x5e\xaa\x55\x91\x1e\x2c\x0a\xdd\xfb\x57\x81\x1d\
\xb7\xf7\xa2\x87\x15\xe7\x22\x0a\xb3\x07\xce\x5e\xa9\x55\x92\x1e\
\x62\x90\x05\x81\x8c\x85\x8f\x93\x1a\x9b\x07\xa1\x92\x8f\x9d\x9d\
\x1e\xa3\xa3\x9b\x9e\xa6\x1a\xbb\x28\x0a\x49\x06\x68\x76\x82\x73\
\x71\x1f\x80\x81\x75\x74\x7f\x7d\x08\x79\x76\x85\x77\x6d\x1a\xfb\
\xfa\x07\x82\x32\x05\xf0\x06\x93\xd3\x05\xf8\x13\x30\x1d\xc7\x25\
\x0a\x69\x07\x7e\x88\x87\x6b\x6b\x1e\x74\x74\x85\x78\x6f\x1a\x72\
\x07\x4b\xb4\x6d\xc0\x85\x1e\xba\x86\x05\x96\x8a\x8e\x82\x86\x1a\
\x69\x07\x27\x1d\x3a\x06\x88\x89\x8c\x91\x7f\x1f\x5c\x37\x05\x81\
\x9a\xa6\x83\x9f\x1b\x0e\xfb\x3b\xf7\x72\xf8\xef\x15\x76\x74\x85\
\x7d\x78\x1f\x83\x0a\xf8\x68\x28\x1d\xde\xea\x06\x0e\x5a\x1d\x0e\
\xfb\x29\xf7\xc8\xf7\xe5\x15\xea\xfb\x10\xf7\x3a\x27\xfb\x3a\x48\
\x2c\xce\x5d\x51\x31\xc5\x45\x20\x1d\xd8\xea\x47\x25\x1d\xcd\xf7\
\x10\xe5\xfb\x10\xb9\x07\x0e\xfb\x15\xf7\xa4\xf9\x03\x15\x24\x07\
\x84\x55\x05\xee\x06\x91\xbb\x05\xf7\x01\x07\xfb\x4e\x72\x15\x27\
\xfb\x3a\x48\x2c\xce\xfb\x62\x06\x76\x91\x74\x99\x78\x1e\x94\x7f\
\xa6\x70\x97\x82\x08\x7d\x9e\xa2\x85\xa0\x1b\xd8\xea\x47\x25\x1d\
\xf7\x5e\xf7\x10\xea\xfb\x10\x07\x0e\x5a\x1d\x79\xfb\xe5\x15\x74\
\x61\x58\x1d\xc4\x60\xaf\x4b\x1f\x0e\x5a\x1d\x56\xfc\xad\x72\x1d\
\x8c\xf7\xe7\x16\xec\x06\x82\xe4\x05\x6d\x1d\x70\x70\x78\x1b\x44\
\x25\x1d\xf7\xc2\x27\xfb\xc6\x20\x1d\xde\x06\xa2\xa1\x9d\x98\x9d\
\x1f\x0e\x8c\xf7\xaa\xf8\x76\x4b\x1d\xf7\x31\xfc\x93\x15\xec\x06\
\x82\xe4\x05\x6d\x1d\x70\x70\x78\x1b\x44\x25\x1d\xf7\xc2\x27\xfb\
\xc6\x20\x1d\xde\x06\xa2\xa1\x9d\x98\x9d\x1f\x0e\x8c\xf7\x8c\xf8\
\x7e\x33\x1d\xe6\xfc\x7e\x15\xec\x06\x82\xe4\x05\x6d\x1d\x70\x70\
\x78\x1b\x44\x25\x1d\xf7\xc2\x27\xfb\xc6\x20\x1d\xde\x06\xa2\xa1\
\x9d\x98\x9d\x1f\x0e\x8c\xf7\x8c\xf8\xbe\x39\x0a\xf7\x6d\xfc\x28\
\x15\x6d\x1d\x70\x70\x78\x1b\x44\x25\x1d\xf7\xc2\x27\xfb\xc6\x20\
\x1d\xde\x06\xa2\xa1\x9d\x98\x9d\x1f\x90\x71\x05\xec\x06\x0e\x8c\
\xf7\x0b\xf8\x84\x55\x1d\xc6\xfc\xeb\x15\xec\x06\x82\xe4\x05\x6d\
\x1d\x70\x70\x78\x1b\x44\x25\x1d\xf7\xc2\x27\xfb\xc6\x20\x1d\xde\
\x06\xa2\xa1\x9d\x98\x9d\x1f\x0e\x8c\xf7\x6a\xf8\x76\x15\xeb\xa8\
\x6b\x1d\xf7\x6c\xfd\x04\x15\xec\x06\x82\xe4\x05\x6d\x1d\x70\x70\
\x78\x1b\x44\x25\x1d\xf7\xc2\x27\xfb\xc6\x20\x1d\xde\x06\xa2\xa1\
\x9d\x98\x9d\x1f\x0e\x8c\xf7\x02\xf8\x8d\x5d\x1d\xfd\x04\x04\xec\
\x06\x82\xe4\x05\x6d\x1d\x70\x70\x78\x1b\x44\x25\x1d\xf7\xc2\x27\
\xfb\xc6\x20\x1d\xde\x06\xa2\xa1\x9d\x98\x9d\x1f\x0e\x8c\xf7\x1a\
\xf8\x91\x87\x1d\xf7\x61\xfc\xea\x15\xec\x06\x82\xe4\x05\x6d\x1d\
\x70\x70\x78\x1b\x44\x25\x1d\xf7\xc2\x27\xfb\xc6\x20\x1d\xde\x06\
\xa2\xa1\x9d\x98\x9d\x1f\x0e\x8c\xf8\x44\x73\x15\x8f\xa3\x06\x82\
\xe4\x05\x6d\x1d\x70\x70\x78\x1b\x44\x25\x1d\xf7\xc2\x27\xfb\xc6\
\x20\x1d\xde\x06\xa2\xa1\x9d\x98\x9d\x1f\x90\x71\x05\xab\x06\x61\
\x7e\x6c\x68\x5c\x52\x1d\x0e\x8c\xf7\x8d\xf8\x80\x5c\x0a\xe5\xfc\
\xbc\x15\xec\x06\x82\xe4\x05\x6d\x1d\x70\x70\x78\x1b\x44\x25\x1d\
\xf7\xc2\x27\xfb\xc6\x20\x1d\xde\x06\xa2\xa1\x9d\x98\x9d\x1f\x0e\
\x8c\xe0\xf8\x9c\x15\x6a\x1d\x3d\x0a\xf7\x92\xfc\x9c\x15\xec\x06\
\x82\xe4\x05\x6d\x1d\x70\x70\x78\x1b\x44\x25\x1d\xf7\xc2\x27\xfb\
\xc6\x20\x1d\xde\x06\xa2\xa1\x9d\x98\x9d\x1f\x0e\x8f\x0a\xf7\x25\
\xf8\xa4\xf8\x44\x50\x1d\xf7\x25\xf8\x4f\xf9\x04\x53\x1d\xf7\x44\
\x59\x50\x1d\xf7\x25\xf7\xd6\xf8\xbe\x39\x0a\xf7\x88\x4e\x50\x1d\
\xf7\x25\xf7\xb6\xf8\xeb\x5b\x1d\xd8\x4b\x50\x1d\xf7\x25\xf8\x14\
\xf8\x93\x15\x6b\x1d\xe6\xfb\x22\x05\xf7\x84\x59\x50\x1d\x7d\x1d\
\x45\xf7\xcc\xf8\x44\x4d\x0a\x45\xf7\xe6\xf9\x04\x53\x1d\xcc\x59\
\x4d\x0a\x45\xf7\x6d\xf8\xbe\x39\x0a\xf7\x19\x4e\x4d\x0a\x45\xf7\
\x4d\xf8\xeb\x5b\x1d\x69\x4b\x4d\x0a\x45\xf7\xab\xf8\x93\x15\x6b\
\x1d\xe6\xfb\x22\x05\xf7\x15\x59\x4d\x0a\x54\xf7\x4c\xea\x70\x0a\
\x54\xf7\xeb\xf9\x04\x53\x1d\x47\xfc\x17\x70\x0a\x54\xf7\xa3\xf8\
\x81\x46\x0a\x96\xfc\x22\x70\x0a\x54\xf7\xa7\xf8\xec\xb3\x0a\x30\
\xfc\x22\x70\x0a\xc0\x78\x1d\xf7\x6f\x9c\x15\x20\xf6\xf6\x07\x24\
\xfc\xec\x79\x1d\xc2\x78\x1d\xf7\xd4\xfc\x83\x15\xf8\x92\x27\xfc\
\x9d\x07\x97\x3e\x05\xf0\x06\x0e\xfb\x06\xf7\xdd\xf7\xa8\x15\x82\
\xd0\x05\xf7\x92\x3b\x07\x89\x85\x05\x90\x7f\x7e\x90\x82\x1b\x4d\
\x97\x0a\x80\x7d\x87\x7c\x1d\xbf\x06\x95\x9f\x96\x97\x9e\x1f\x8e\
\x79\x05\x30\xd8\x15\x85\x87\x8e\x93\x84\x1f\x83\x92\x88\x8f\x91\
\x1a\xf7\x04\x07\x91\x8e\x8f\x93\x93\x1e\x92\x92\x8f\x8e\x91\x1b\
\xc0\x06\x92\x95\x81\x7d\x97\x1f\xfb\x0c\x07\x83\x81\x75\x7b\x84\
\x1b\x0e\xfb\x0f\xf7\x22\xf7\xa3\x15\x8e\x1d\x84\x94\x77\x9f\x82\
\x92\x08\x96\x7d\x7a\x8f\x7b\x1b\x3b\x97\x0a\x80\x7d\x87\x7c\x1d\
\x7c\xf7\x02\x15\x91\x1d\xfb\x04\xb9\x1d\x84\x84\x5f\x0a\x84\x1f\
\x83\x92\x88\x8f\x91\x1a\x0e\xbd\xf8\x3e\x16\x36\x0a\xc3\xcd\x16\
\x4c\x1d\xf7\x2b\xf7\x9a\xef\xfc\x03\x06\xf4\xfc\x86\x88\x0a\x3e\
\x0a\xa4\x0a\x7a\xf7\xb9\xf9\x0b\x4b\x1d\xf7\x83\x4d\x15\xfc\x06\
\x89\x0a\xf8\x86\xf7\x9d\x06\x0e\x85\xcd\x16\xf4\xf8\x86\xf7\xa8\
\xf7\x57\x26\x2c\xfb\xac\x06\x0e\xf7\x05\x92\x2b\x15\xf2\xeb\xf7\
\xf0\x06\x82\x2b\x05\xf4\x06\x9f\xf7\x57\x05\x56\xf8\x87\xfc\x05\
\x06\x57\xfc\x58\x05\x84\x8a\x61\x63\x84\x1b\x60\x06\xf7\x46\x16\
\x94\x96\x93\x95\x8d\x9c\xb6\xf7\xfd\x18\xf7\x3e\xfc\x23\x06\x0e\
\x9c\xf8\x4e\xf8\x86\x42\x0a\x9c\xf7\x7c\xf9\x89\x5b\x1d\xbc\xfb\
\x30\x42\x0a\xf7\xde\x95\x16\xf7\x15\x06\xf7\x4b\xf7\x92\x05\xad\
\xfb\x92\xb4\x1d\xf7\x4b\xfb\x92\x05\xf7\x15\x06\xfb\x73\xf7\xc5\
\xf7\x6f\xf7\xb9\x05\xfb\x11\x06\xfb\x4c\xfb\x89\x05\x6a\xf7\x89\
\x22\xfb\x89\x6a\x06\xfb\x4c\xf7\x89\x05\xfb\x11\x06\xf7\x6f\xfb\
\xb9\x05\x0e\xa9\xf8\x63\xf8\x6c\x15\x27\x0a\xfb\x25\x06\x4f\x51\
\x53\x4a\x6c\x1f\xf2\x70\x05\xab\x0a\xf7\x14\x25\x0a\x42\x07\x81\
\x76\x6f\x7a\x1e\xfb\x20\x28\xf7\x21\x06\x97\xa4\x70\x80\x1f\x3b\
\x07\x27\x1d\xfb\x13\x06\x82\x72\xa1\xa5\x7b\x1f\x24\x70\x05\x54\
\xa6\xc0\x49\xd0\x1b\xf7\x25\x22\x0a\xe6\x07\xb0\x78\xa1\x70\xa4\
\x1e\xa6\xa6\x9e\xa4\xae\x1a\x0e\xcf\xf8\x0c\xf8\xea\x94\x0a\xcf\
\xf7\xad\xf9\x1a\x33\x1d\xea\x5b\x94\x0a\xb3\xf8\x18\x16\x63\x0a\
\xb3\xf8\x2e\xf9\x99\x53\x1d\xd0\xfd\x0b\x15\x63\x0a\xf2\x98\x86\
\x15\xbf\x29\x0a\xf7\xf3\xf7\x5f\xfc\x85\xf4\xf8\xea\xfc\x31\x53\
\x0a\x59\x06\x0e\x66\x0a\xd4\xf8\x19\xf8\xea\x68\x1d\xe6\xf7\x69\
\x86\x22\x1d\x0e\xc7\xcd\x16\xf4\xf8\x86\xf7\x61\xfc\x86\xf4\xf8\
\xea\xfc\x33\x06\x0e\xb1\xf8\x6a\xf8\xa6\x3f\x0a\xfb\xb9\x89\x0a\
\xf7\x80\xf7\x50\x22\x0a\xef\x40\x1d\x36\xfb\x2e\x55\x0a\xfb\x42\
\xf7\x36\x80\x1d\x0e\xbc\xf7\x69\x86\x15\xf7\x1c\x54\x0a\x2f\x1d\
\x0e\x95\xf8\x63\xf8\xea\x7f\x1d\x8c\xf8\x0e\xf8\xea\x8a\x0a\x8c\
\xf7\x8c\xf9\x1a\x33\x1d\xf7\x16\x5b\x8a\x0a\x4d\x1d\x60\x1d\xb5\
\xf7\xfa\x16\xf4\xf8\xea\x22\xfb\x8f\xfb\x46\x25\x1d\xf7\x67\x22\
\xfb\x70\x20\x1d\xf7\x54\x06\x0e\xcf\xf8\x27\xaf\x1d\xfb\x61\xf8\
\x87\x22\xfc\xea\xf7\xef\x06\x0e\xf7\x36\xcd\x16\xf8\x99\xf8\xea\
\x22\xfc\x87\x26\xf8\x87\x23\xfc\x87\x25\xf8\x87\x22\x06\x0e\xf7\
\x3e\xf8\x8d\xaf\x1d\x26\xf8\x87\x23\xfc\x87\x25\xf8\x87\x22\xfc\
\xea\xf8\x55\x06\x0e\xc7\xf7\x73\x2b\x15\xed\xeb\xf7\x34\xf8\xea\
\x22\xfc\x86\xfb\x61\xf8\x86\x22\xfc\xea\xf7\x31\x06\x0e\xc8\xcd\
\x16\x4c\x1d\xf7\x8f\x22\x06\xf4\xfc\x87\x72\x0a\xe6\xeb\x16\x4c\
\x1d\xf7\x8f\xfb\x59\x27\xe7\x06\xf4\xfc\x22\x88\x0a\xf7\xa4\xcd\
\x16\x4c\x1d\xf7\x8f\x22\x06\xf8\x9e\xfc\xea\x15\xf4\xf8\xea\x22\
\x06\xfc\x35\xfc\x87\x72\x0a\xf8\x46\x98\x86\x15\xd3\x29\x0a\xf7\
\xf3\xf7\x5f\xfc\x85\xf7\xb8\x07\x4f\x0a\xf7\x8f\xfc\x31\xfc\x5b\
\x06\x31\x0a\x45\x06\xf8\xa7\x8f\x72\x0a\xf8\x14\xcd\x16\xf4\xf7\
\x8b\xf7\x6e\xfb\x8b\x4c\x1d\xf7\x8f\x22\xfb\x8f\xfb\x6e\xf7\x8f\
\x22\x06\xf8\x40\xfc\x88\x15\xf7\x2b\x93\x0a\x8c\x44\x05\x27\x1d\
\x0e\xd9\xf7\x54\x86\x15\xf7\x3e\x50\x0a\x2a\x0a\x0e\xb0\xf7\xe1\
\xea\x15\xfb\x0a\x34\x1d\xf7\x02\xf7\x46\xee\xfb\x46\xf2\x30\x1d\
\xf7\x0b\x06\x93\xa1\x78\x6e\x9e\x1f\xf2\xa6\x05\xc8\x6c\x57\xc7\
\x49\x1b\xfb\x10\x26\x1d\xf7\x11\x06\xc5\xc0\xbc\xd3\xb0\x1f\x24\
\xa6\x05\x66\x72\x78\x80\x85\x1b\x0e\xb0\xf8\x4a\xf8\x9f\x15\xb2\
\x1d\xfb\x10\x06\x49\x57\x4f\x4e\x6c\x1f\xf2\x70\x05\xab\x0a\xf7\
\x0b\xb0\x0a\x24\xfb\x46\x28\xf7\x46\xfb\x02\xb1\x1d\xfb\x0a\x06\
\x85\x78\x96\xb0\x72\x1f\x24\x70\x05\x43\xb0\xc0\x5a\xc5\x1b\xf7\
\x11\x9f\x0a\xf7\xc6\x07\xa9\x85\x9f\x79\xa0\x1e\x0e\xfb\x8e\xcd\
\x16\x77\x0a\x77\x1d\x6f\x1d\xf7\x03\xf7\x3c\x16\xf4\xf7\xbe\x06\
\x9a\x97\xae\x67\x0a\x82\x97\x70\xa6\x7f\x94\x08\x99\x78\x74\x91\
\x76\x1b\x3c\x06\x76\x77\x7f\x80\x7a\x1f\xdf\xf7\x1a\xef\xfc\x09\
\x27\xf7\x1a\x07\x0e\xf7\xb8\xf8\x32\x86\x15\x8d\x0a\x51\x1d\xfb\
\x2c\x06\x68\x76\x82\x73\x71\x1f\x80\x81\x75\x74\x7f\x7d\x08\x79\
\x76\x85\x77\x6d\x1a\x23\x2f\xf7\x8f\x22\x89\x0a\xf7\x8b\xe7\x26\
\x44\x1d\x5d\xf7\x28\x15\xf7\xcb\x3a\x0a\xfb\xcb\x07\xa7\x0a\x87\
\x81\x93\x98\x7e\x1f\x7d\x99\x84\x94\x8f\x1a\x0e\xcc\xf7\x55\xf8\
\xea\x15\x21\x0a\x27\x07\x76\x91\x74\x99\x78\x1e\x94\x7f\xa6\x70\
\x97\x82\x93\x85\x94\x86\x94\x88\xfb\x0a\xfb\x86\x18\xf7\x0a\x06\
\xf7\x03\xf7\x80\x05\xf7\x06\xfb\x80\xf4\xf8\xea\x06\xfb\xab\xfb\
\x9a\x15\x83\x85\x8f\x96\x80\x1f\x80\x96\x87\x91\x93\x1a\xdd\x28\
\x1d\xf7\x42\xfb\x36\x06\x0e\xf3\xf7\xd3\x86\x15\xe6\x2b\x1d\x82\
\x97\x70\xa6\x7f\x94\x08\x99\x78\x74\x91\x76\x1b\x3c\x06\x76\x77\
\x7f\x80\x7a\x1f\xdf\xf7\x1a\xef\xfc\x09\x27\xf7\x1a\xfc\x86\xf4\
\xf7\xbe\x07\x9a\x97\xae\xa8\x98\x1b\xcf\x25\x0a\x41\x0a\x39\x06\
\x0e\x77\xf8\x2b\xe3\x24\x1d\x8e\xf7\x55\x86\x15\xf7\x08\x2b\x1d\
\x82\x97\x70\xa6\x7f\x94\x08\x99\x78\x74\x91\x76\x1b\x32\x06\x77\
\x74\x7d\x7e\x7c\x1f\xc4\x28\x1d\xf7\x03\x06\xa6\xe9\x05\xfb\x27\
\x23\x1d\xfb\xec\x71\x1d\xf7\x3c\x07\x9a\x98\xb0\xa8\x97\x1b\xd7\
\x8a\x05\x93\x91\x87\x80\x96\x1f\x96\x80\x8f\x85\x83\x1a\xfb\x3f\
\x07\x27\x1d\x29\x45\x1d\x71\xf8\x33\xf7\xc4\x15\x27\x0a\xfb\x76\
\xfc\x4b\xf7\x76\x22\x0a\x95\x07\xa3\x7d\xaa\x71\xa4\x1e\xa3\xa3\
\x9b\xa4\xa6\x1a\x29\x92\x55\x0a\xfb\x0d\xdf\xf7\x0d\x25\x0a\xfb\
\x45\x04\x27\x1d\xfb\x0d\xe1\xf7\x0d\x25\x0a\x0e\x25\xc5\x16\xb8\
\x0a\x25\xf7\x8e\xf8\x76\x4b\x1d\x2b\xfc\x93\x15\xb8\x0a\x26\xc5\
\x16\xef\xf7\xe5\xf7\x5d\xf7\x46\x2a\x38\xfb\x60\x06\x0e\xb5\x9e\
\x2a\x15\xeb\xec\xf7\xb2\x06\x83\x2a\x05\xea\x06\xa0\xf7\x52\x05\
\x58\xf7\xe7\xfb\xd4\x06\x62\xfb\xbb\x05\x78\x88\x73\x72\x7b\x1b\
\x68\x06\xf7\x30\x16\x91\x94\x96\x9c\x8d\x97\xa9\xf7\x64\x18\xf7\
\x1c\xfb\x8a\x06\x0e\x80\xf8\x3e\xf7\x3d\x24\x0a\x80\xf7\x68\xf8\
\xeb\x5b\x1d\xc0\xfb\xdb\x24\x0a\xf7\x6f\xf8\xd5\x16\xf7\x14\x06\
\xfb\x45\xf7\x7b\xf7\x3a\xf7\x5d\x05\xfb\x10\x06\xfb\x14\xfb\x30\
\x05\x64\xf7\x30\x27\xfb\x30\x64\x06\xfb\x14\xf7\x30\x05\xfb\x10\
\x06\xf7\x3a\xfb\x5d\xfb\x45\xfb\x7b\x05\xf7\x14\x06\xf7\x1c\xf7\
\x4a\x05\xb1\xfb\x4a\xef\xf7\x4a\xb1\x06\x0e\x6d\xf8\x2f\xf7\xb8\
\x15\x99\x28\x0a\xfb\x04\x8c\x0a\x9c\xa3\x96\x1b\xf3\x25\x0a\x27\
\x1d\x29\x31\xed\x25\x0a\x89\x07\x27\x1d\x21\x06\x80\x7a\xa3\x99\
\x80\x1f\x2e\x6f\x05\x5b\xa4\xbb\x52\xc7\x1b\xf7\x06\x22\x0a\x97\
\x07\xb1\x7d\xa0\x74\xa0\x1e\x9e\x99\x9d\xa5\xad\x1a\x0e\x96\xc5\
\x16\x98\x0a\x96\xf7\x93\xf8\x7e\x33\x1d\xfb\x59\xfc\x7e\x15\x98\
\x0a\x71\xc5\x16\x6e\x0a\x71\xf7\xbf\xf8\x76\x4b\x1d\xfb\x25\xfc\
\x93\x15\x6e\x0a\x9e\x9b\x80\x15\xb6\x22\x0a\xf7\x6d\xf7\x31\xfb\
\xe5\xf0\xf8\x44\xfb\xfb\xfb\xc8\x07\x27\x1d\x6a\x06\x0e\xbe\xc5\
\x16\xef\xf7\x88\x06\xd5\xfb\x26\x05\xd6\x06\xd4\xf7\x22\x05\xfb\
\x84\xef\xf8\x44\x23\x07\x21\xfb\x60\x21\xf7\x60\x05\x21\x06\x0e\
\x89\xc5\x16\xf0\xf7\x47\xf7\x3b\xfb\x47\xf0\xf8\x44\x26\xfb\x32\
\xfb\x3b\xf7\x32\x26\x06\x0e\x81\xf7\x49\x86\x23\x0a\x89\xc5\x16\
\xf0\xf7\xe5\xf7\x3b\xfb\xe5\xf0\xf8\x44\xfc\x05\x06\x0e\x58\x0a\
\x6f\xf7\x49\x86\x15\xf7\x04\xb5\x0a\x7a\x73\x80\x1b\x23\x2d\x0a\
\x0e\x4a\xf7\x35\x16\xef\xf7\xe5\xf7\x1a\xea\xfc\x04\x2c\xf7\x1a\
\x06\x0e\x45\xf7\xcc\xf8\x44\x4d\x0a\x45\xf7\x6d\xf8\x7e\x33\x1d\
\xea\x51\x4d\x0a\xf7\x85\xf7\xce\xfb\x36\x15\xef\xf7\x4a\x06\x7f\
\x9b\xa0\x7e\xa1\x1b\xd5\x2b\x1d\x82\x97\x70\xa6\x7f\x94\x08\x99\
\x78\x74\x91\x76\x1b\x41\x06\x75\x77\x7e\x7d\x7a\x1f\xf7\x50\x27\
\xfb\x50\x07\x99\x7a\x76\x98\x76\x1b\x41\x20\x0a\xd5\x06\xa0\xa1\
\x98\x97\x9b\x1f\xfb\x38\xf7\x02\x3b\x0a\xc9\x06\x97\xb0\x6e\x7c\
\x98\x1f\xfb\x37\x07\x7c\x7e\x65\x6d\x80\x1b\x4d\x25\x1d\xf7\xda\
\x63\xb5\x1d\xb0\xa8\x97\x1b\xc9\x25\x0a\x41\x0a\x0e\x7d\x1d\x73\
\xf7\xc5\x16\xef\xf8\x44\x27\xfb\x3f\xfb\x13\x25\x1d\xf7\x17\x27\
\xfb\x19\x20\x1d\xf7\x1c\x06\x0e\x96\xf7\xfe\x2a\x15\xea\x06\xa0\
\xf7\x52\x05\x58\xf7\xe7\xba\x1d\xf7\xcc\x06\x0e\xdf\xc5\x16\xf8\
\x5b\xf8\x44\xb1\x0a\x06\x0e\xed\xf8\x55\x2a\x15\xea\x06\xa0\xf7\
\x52\x05\x57\xf7\xe7\xb1\x0a\xfc\x44\xf8\x23\x06\x0e\x89\xf7\x55\
\x2d\x15\xed\xe9\xf7\x1c\xf8\x44\xba\x1d\xf7\x1b\x06\x0e\x83\xc5\
\x86\x15\xf7\x88\x06\x56\x0a\x27\x06\xef\xfb\xea\x63\x1d\x9c\xde\
\x86\x15\xf7\x88\x06\x56\x0a\xfb\x45\x2d\xd8\x06\xef\xfb\x8c\x63\
\x1d\xf7\x3f\xf8\x01\xf7\x91\x15\x33\x0a\xfb\x24\xf7\x33\x27\xfc\
\x49\xf7\x88\x22\x0a\x9b\x40\x1d\x82\x97\x70\xa6\x7f\x94\x08\xf7\
\x1b\xf7\x47\x15\xfc\x44\xef\xf8\x44\x07\xfb\x9f\xfb\xc2\x55\x0a\
\xfb\x1b\xe4\xf7\x1b\x25\x0a\x0e\xf7\xc2\x9b\x80\x15\xc0\x22\x0a\
\xf7\x6d\xf7\x3b\xfb\xea\xf7\x89\x07\x56\x0a\xfc\x05\xfb\xc9\x06\
\x27\x1d\x60\x06\xf8\x58\x92\x63\x1d\xf7\x99\xc5\x16\xf0\xf7\x47\
\xf7\x3b\xfb\x4c\xf7\x89\x06\x56\x0a\x26\xfb\x32\xfb\x3b\xf7\x32\
\x26\x06\xf8\x05\xfb\xea\x63\x1d\x72\xf7\x35\x86\x15\xf7\x13\x22\
\x0a\xa4\x07\xcd\x5e\xaa\x55\x91\x1e\x2c\x0a\x0e\x6f\xf7\xe1\xf7\
\x14\x15\x7d\x80\x7a\x73\x4e\x1d\xb4\xf7\x1e\xe5\xfb\x1e\xb4\x2f\
\x0a\xaa\x1d\x0e\x6f\xf8\x19\x66\x1d\xfb\x02\x8c\x0a\x9c\xa3\x96\
\x1b\xf1\x25\x0a\x62\xfb\x1e\x31\xf7\x1e\x62\x07\x27\x1d\x23\x06\
\x80\x7a\xa3\x99\x80\x1f\x2e\x6f\x05\x5b\xa4\xbb\x52\xc7\x1b\xf7\
\x04\x2b\x1d\x0e\xfb\xa3\xc1\x87\x0a\x8f\xfc\xec\x79\x1d\xfb\xa3\
\x76\xf8\x84\x55\x1d\x39\xfc\xeb\x79\x1d\xfb\x9a\xc7\x87\x0a\x33\
\xfd\x91\x15\xc8\x22\x0a\xf8\x66\x27\xfc\x64\x07\x27\x1d\x57\x06\
\x0e\x88\xf8\x2b\x66\x1d\x3c\x96\x1d\xc9\xf7\x1a\xe5\xfb\x1a\xaf\
\x27\x67\x64\x31\xb2\xfc\x6c\xef\xf7\xbe\x07\x64\x1d\x0e\xf7\x3d\
\xf7\xfe\x86\x15\xf7\x05\x2b\x1d\x82\x97\x70\xa6\x7f\x94\x08\x99\
\x78\x74\x91\x76\x1b\xfb\x05\x23\x1d\x6b\x42\xf7\x32\x27\xfc\x44\
\xef\xf7\x47\xd4\x56\x71\x1d\xf7\x40\x61\x0a\x96\x96\x91\x8f\x93\
\x1b\xea\x25\x0a\xfb\x40\x92\x1d\x78\x94\x16\xf7\x0b\x06\xf7\x01\
\xf7\x3b\x05\xd5\xfb\x3b\xee\xf8\x47\xfb\x79\x23\x1d\x7b\x07\x5c\
\xb7\x57\xad\x80\x1e\x9f\xf7\x0c\x15\x8f\x28\x1d\xf7\x0f\x37\xfb\
\x0f\x45\x1d\x8e\xf8\x31\x66\x1d\x3c\x96\x1d\xc9\xf7\x14\xe5\xfb\
\x14\xaf\x27\x67\x5e\x31\xb8\xfc\x6c\xef\xf7\xbe\x07\x9a\x97\xaf\
\xa8\x98\x1b\xcf\x25\x0a\xfb\xe0\xac\x0a\x2c\x80\x0a\xf7\xe8\x40\
\x1d\x0e\xbd\xf8\x3e\x16\x36\x0a\x3e\x0a\xa4\x0a\x8c\x1d\x9c\xf8\
\x4e\xf8\x86\x42\x0a\x83\xf8\x51\xf8\xea\x62\x1d\xd4\xf8\x19\xf8\
\xea\x68\x1d\xe6\xf7\x69\x86\x22\x1d\xb3\xf7\x05\x15\xf7\x38\xe5\
\xfb\x38\x06\x0e\xfb\x8e\xcd\x16\x77\x0a\xb3\xf8\x18\x16\x63\x0a\
\xbd\xf8\xae\x16\xfb\x64\xf8\xea\x05\x85\x0a\xfb\x65\xfc\xea\x05\
\xf7\x04\x06\xf7\x32\xf8\x63\xf7\x31\xfc\x63\x05\x0e\x66\x0a\xcf\
\xf8\x14\xf8\xea\x57\x0a\x0e\x98\xc9\xf8\x86\x15\xf8\x0c\xef\xfc\
\x0c\x06\xfb\xf3\x04\xf8\x0c\xef\xfc\x0c\x06\xf8\x0c\xfb\x8b\x15\
\xfc\x0c\x27\xf8\x0c\x06\x0e\xe6\xf7\x69\x86\x22\x1d\x0e\xa5\x1d\
\xb1\xf8\x6a\xf8\xa6\x3f\x0a\xfb\xb9\x89\x0a\xf7\x80\xf7\x50\x22\
\x0a\xef\x40\x1d\x36\xfb\x2e\x55\x0a\xfb\x42\xf7\x36\x80\x1d\x0e\
\x88\x1d\x95\xf8\x63\xf8\xea\x7f\x1d\x9d\xf8\x17\xf8\xea\x48\x0a\
\x4d\x1d\x60\x1d\xf7\x15\xf7\x94\x16\xf4\xf7\x34\xce\x22\x0a\xf7\
\xc7\x22\xfb\xbe\x07\x27\x1d\x56\xf7\xe6\x22\xfb\xe6\x55\x25\x1d\
\xf7\xbe\x22\xfb\xc7\x20\x1d\xcf\x06\x0e\xf0\xcc\x16\x40\x0a\xef\
\xf7\x34\x92\x0a\xf7\xf8\xfc\x79\x15\x36\x0a\xf7\x34\x99\xa0\x0a\
\xf8\x9e\xfb\x29\x42\x0a\xf7\x6c\xa3\xa0\x0a\xf8\x5f\x5a\x68\x1d\
\x20\xf7\x0c\x69\x1d\xf7\x57\xfc\x79\x15\x77\x0a\xf7\x7a\xf7\x0c\
\x69\x1d\xf7\xe6\xfc\x7e\x22\x1d\x0e\xf7\x64\x9d\xa0\x0a\xf8\x92\
\x5a\x48\x0a\xf7\x71\xf7\x0c\x69\x1d\xf7\x3f\xfc\x79\x15\x40\x0a\
\x77\x1d\x9d\xf7\x71\xf9\x89\x5b\x1d\x90\x53\x48\x0a\x8a\xf7\x49\
\x86\x7d\x0a\xf7\x92\x07\x93\xe4\x05\x29\x06\x86\x71\x05\x99\x79\
\x75\x9c\x73\x1b\x35\x2a\x1d\xd5\x06\x97\xaf\x6e\x7c\x99\x1f\xfb\
\x38\x07\x6c\x1d\x0e\x87\xf8\x09\xf7\xca\x15\xa4\xa2\x9b\xa0\xad\
\x1a\xde\x47\x0a\x36\x1d\x7f\x82\x70\x70\x82\x7f\x08\x7d\x78\x85\
\x74\x76\x1a\xfd\x0d\xef\xf7\x4d\x07\x7f\x9c\xa0\x7b\xa0\x1b\xe0\
\x22\x0a\xe8\x07\xb2\x76\xa1\x68\xa9\x1e\x5f\xfb\x48\x55\x0a\x42\
\x06\x7f\x67\xa9\x9c\x7d\x1f\xf7\xde\x28\x1d\xdb\x25\x0a\x40\x07\
\x27\x1d\x50\x2c\xd5\x25\x0a\x0e\x47\xf7\xce\xf8\x44\x15\x25\xfb\
\xb8\x26\xf7\xb8\x05\xfb\x04\x06\xf7\x33\xfc\x44\x05\x94\x06\x81\
\x6f\x05\x85\x7a\x88\x7e\x74\x1a\x39\xed\xea\x07\x94\x8d\x93\x8e\
\x94\x1e\xf7\x3d\xf8\x6e\x05\x0e\x7f\x96\x0a\xf7\x53\x07\xcd\x5e\
\xab\x55\x90\x1e\xfb\x2e\x9a\x05\x81\x8c\x86\x91\x93\x1a\x9d\x28\
\x1d\xe6\x06\x96\x9c\x7d\x7b\x97\x1f\xe9\xa7\x05\xbb\x75\x51\xbc\
\x52\x1b\x2a\x23\x1d\x6f\x07\x6b\x95\x72\x9c\x7a\x1e\x77\x7a\x7d\
\x75\x68\x1a\xfb\x3e\x71\x1d\xf7\x3d\x07\x94\x9c\x9d\x96\x92\x1e\
\x8d\x8d\x93\x8f\x8f\x1b\xf7\x0c\x81\x05\x96\x8a\x8d\x85\x84\x1a\
\xfb\x4d\x92\x1d\x6d\xf7\xdf\xf7\x14\x52\x0a\x5d\xf7\xf7\xfb\x37\
\x15\xba\x0a\x25\x25\x1d\xf7\xcf\x07\x95\xa6\xaf\x99\x98\x1e\xf7\
\x4e\xeb\xfb\x7d\xa9\x1d\xfb\xd6\x20\x1d\xe8\xa5\x0a\x05\x0e\x8c\
\xf8\x2f\xf8\x05\x6f\x0a\x92\xf8\x30\x90\x1d\xfb\x00\x23\x1d\xfb\
\xee\x20\x1d\xf7\x00\x5b\x0a\xfb\x7f\x61\x15\x96\x96\x91\x8f\x93\
\x56\x1d\xfb\x0a\xfb\x3e\xf7\x0a\x61\x0a\xf7\x20\xfc\x18\xab\x1d\
\x31\x25\x1d\xf7\x12\xf7\x3e\xfb\x12\x95\x1d\xfb\xa2\xcd\x16\x74\
\x0a\x71\xc5\x16\x6e\x0a\x47\xf8\x38\x16\xfb\x6a\xf8\xea\x05\x26\
\x06\xc9\xfb\x3a\x05\x82\x06\xfb\x33\xfc\x44\x05\xf7\x04\x06\xf0\
\xf7\xb8\xf1\xfb\xb8\x05\x0e\x8d\xc5\xfb\x36\x15\xef\xf7\x3f\x06\
\x83\x95\x96\x85\x95\x1b\xde\x06\xa2\xa1\x9d\x98\x9d\x1f\x90\x71\
\x05\xec\x06\x82\xe4\x05\x6d\x1d\x70\x70\x78\x1b\x43\x06\x7f\x70\
\xa5\x98\x1f\xf7\xc3\x27\x07\x0e\x8f\x0a\x55\xf7\xbc\xe5\x15\x25\
\x25\x1d\xe2\x28\x1d\xdf\xea\x46\x25\x1d\xc1\x07\x96\xa6\xad\x99\
\x98\x1e\xf7\x3f\xeb\xfb\x6e\xa9\x1d\x4f\x07\x6b\x95\x72\xa3\x76\
\x1e\x6d\x72\x78\x73\x61\x1a\x2e\x20\x1d\xe8\xa5\x0a\xec\x7c\xba\
\x0a\x0e\x81\xf7\x49\x86\x23\x0a\x8f\xc5\xf8\x44\x15\xfc\x44\xef\
\xf7\xe5\xf7\x3e\xfb\x9b\x07\x7d\x93\x5b\x8d\x7f\x1e\xf0\x06\x87\
\xa7\x84\xb1\x9e\x1a\xf7\xef\x07\x0e\x85\xc2\xfb\x36\x15\xef\xf7\
\x4d\x06\x7f\x9c\xa0\x7b\xa0\x1b\xe1\x2b\x1d\x82\x97\x70\xa6\x7f\
\x94\x08\x99\x78\x74\x91\x76\x1b\xfb\x06\x23\x1d\xf7\x36\xfb\x6c\
\x15\x80\x65\xa9\x9a\x7e\x1f\xf7\x3b\x07\x93\x8f\x91\x96\x96\x1e\
\x45\x0a\x41\x0a\x0e\x6d\xf7\xec\xfb\x37\x15\xb4\xf7\x0b\x05\xd6\
\xa5\x65\xc6\x3b\x1b\x24\x2d\x0a\xe9\xa5\x0a\x05\x0e\x89\x96\x0a\
\xf7\x41\x07\x99\x81\x9a\x81\x9a\x1e\xbd\xe4\xfb\xa6\x23\x1d\xfb\
\x43\x71\x1d\xf7\x3b\x28\x1d\xea\x25\x0a\xfb\x3b\x92\x1d\x48\xf7\
\x3a\x16\xf0\x06\x87\xa7\x84\xbd\x92\x1a\xf7\x90\xf7\x1d\xea\xfc\
\x02\x2c\xf7\x15\xfb\x9b\x07\x84\x92\x5a\x8e\x79\x1e\x0e\x88\xf7\
\x50\x86\x3d\x1d\xf7\x2d\xf7\xa2\xfb\x36\x15\xef\xf7\x31\xe4\x2b\
\x1d\x82\x97\x70\xa6\x7f\x94\x08\x99\x78\x74\x91\x76\x1b\x51\x23\
\x1d\xfb\x6c\x3b\x07\x83\x85\x8f\x96\x80\x1f\x80\x96\x87\x91\x93\
\x1a\x38\x1d\xa0\xea\x6d\x20\x0a\xe4\x06\xef\xea\x15\xf7\x68\x28\
\x1d\xb3\x25\x0a\x41\x0a\x0e\x57\xf8\x41\xfb\x36\x15\xfb\x2d\xf7\
\xbf\xf7\x29\xf7\xbb\x05\xfb\x00\x06\x28\xfb\x58\x2a\xf7\x58\x05\
\xfb\x03\x06\xf7\x2a\xfb\xbb\xfb\x2e\xfb\xbf\x05\xf7\x03\x06\xf0\
\xf7\x5c\xf2\xfb\x5c\x05\x0e\xf7\x0a\xf7\x94\xfb\x36\x15\xef\xf7\
\x31\xc8\x22\x0a\xf7\xc6\x27\xfb\xc2\x07\x27\x1d\x57\xf7\xea\x27\
\xfb\xea\x50\x25\x1d\xf7\xc2\x27\xfb\xc6\x20\x1d\xcf\x06\x0e\xf7\
\x2d\xf8\xce\xf8\x05\x49\x1d\xfb\xa2\xf7\x3f\x69\x1d\x8c\xfc\x79\
\x15\x74\x0a\xfb\xa2\x78\xf8\x84\x55\x1d\x3f\xfc\xeb\x15\x74\x0a\
\xfb\xa2\xc7\x69\x0a\xfb\x47\xfc\xeb\x15\x74\x0a\x88\xf7\xbf\x69\
\x1d\x86\xfc\x7e\x3d\x1d\x88\xf7\x01\xf8\x84\x55\x1d\x39\xfc\xf0\
\x3d\x1d\x88\xf7\x50\x69\x0a\xfb\x4d\xfc\xf0\x3d\x1d\x81\xf7\xc6\
\x69\x1d\x78\xfc\x7e\x23\x0a\xf7\x2d\xf8\x35\x92\x0a\xf7\x55\xfb\
\x08\x49\x1d\x8a\xf7\xc0\x69\x1d\x7e\xfc\x7e\x7d\x0a\xf7\x92\x07\
\x93\xe4\x05\x29\x06\x86\x71\x05\x99\x79\x75\x9c\x73\x1b\x35\x2a\
\x1d\xd5\x06\x97\xaf\x6e\x7c\x99\x1f\xfb\x38\x07\x6c\x1d\x0e\x6d\
\xf7\xe7\x92\x0a\xab\xfb\xf9\x52\x0a\x8c\xf7\xec\x92\x0a\xf6\xfb\
\x08\x6f\x0a\xb4\xf7\x51\x86\x15\xf7\x2a\x5b\x0a\x82\x97\x70\xa6\
\x7f\x94\x08\x99\x78\x74\x91\x76\x1b\xfb\x2a\x23\x1d\xfb\xee\x20\
\x1d\x71\xf7\x20\x15\xf7\xdc\x28\x1d\xf7\x0e\xa8\x0a\x07\x27\x1d\
\xfb\x0e\x45\x1d\x2d\xc9\xf8\xea\x15\x26\xf7\x0b\xfc\x85\xf4\xf8\
\xea\x07\x0e\x92\xf7\x41\x5c\x1d\xa8\xf8\x5e\xf8\x18\x15\xdf\x28\
\x0a\xfb\x19\x06\x5a\x6a\x6d\x67\x6b\x1f\x7d\x7b\x7b\x71\xa1\x1d\
\xf7\x08\x25\x0a\x44\x07\x27\x1d\xfb\x11\x28\xf7\x11\x25\x0a\x3d\
\x07\x27\x1d\xfb\x07\x06\x3e\x1d\xf7\x19\x22\x0a\xe6\x07\xb1\x75\
\xa4\x72\xa1\x1e\xa4\xa2\xa1\xa5\xb0\x1a\x0e\xb3\xf8\x78\x82\x0a\
\x98\xf8\x40\x5a\x0a\xa2\xf8\x4d\xf7\xd2\x3f\x0a\xfb\x01\x06\x7a\
\x73\x7b\x7d\x7a\x1f\xf6\x28\x1d\xf4\x06\x93\xa1\x78\x6e\x9e\x1f\
\xf2\xa6\x86\x98\x79\xa7\x7f\x99\x19\xb0\x6c\x69\xa8\x5a\x1b\xfb\
\x0e\x23\x1d\xfb\xee\x20\x1d\xf7\x21\x22\x0a\xf7\x15\x40\x1d\x36\
\xfb\x4b\x55\x0a\xfb\x05\x25\x1d\xf6\x07\xa3\x9b\xa8\xa1\x94\x1b\
\xee\x25\x0a\x0e\x79\xf7\x5d\x16\xf7\x80\xf8\x98\x05\xdd\xfc\x29\
\x27\xf7\xb1\x07\xfb\x7f\xfc\x86\x05\x0e\xa9\xf8\x5f\x43\x0a\xa2\
\xf8\x44\x90\x1d\xfb\x21\x23\x1d\xfb\x16\x20\x1d\xf7\x02\x06\x9c\
\xa1\x9b\x9a\x9d\x1f\x20\x07\x27\x1d\x24\x06\x3e\x1d\xf7\x0d\x5b\
\x0a\xfb\x23\xfb\x76\x15\x2d\x25\x1d\xf7\x06\x28\x1d\xf7\x04\x25\
\x0a\xfb\x01\x07\x72\x77\x76\x77\x7a\x1b\x0e\xa2\xf7\x48\x86\x15\
\xf7\x2a\x5b\x0a\x82\x97\x70\xa6\x7f\x94\x08\x99\x78\x74\x91\x76\
\x1b\xfb\x2a\x23\x1d\xfb\xee\x20\x1d\x71\xf7\x20\x15\xf7\xdc\x28\
\x1d\xf7\x0e\xa8\x0a\x07\x27\x1d\xfb\x0e\x45\x1d\xa2\xf7\xd5\xef\
\x15\xf8\x86\xfb\x6c\x26\xf7\x03\xfc\x21\xfb\x0a\x27\xf7\xdf\xef\
\x07\x0e\xa2\xf7\x4b\x5c\x1d\xa2\xf8\x5b\xf8\x18\x15\xdf\x28\x0a\
\xfb\x19\x06\x5a\x6a\x6d\x67\x6b\x1f\x7d\x7b\x7b\x71\xa1\x1d\xf7\
\x08\x25\x0a\x44\x07\x27\x1d\xfb\x11\x28\xf7\x11\x25\x0a\x3d\x07\
\x27\x1d\xfb\x07\x06\x3e\x1d\xf7\x19\x22\x0a\xe6\x07\xb1\x75\xa4\
\x72\xa1\x1e\xa4\xa2\xa1\xa5\xb0\x1a\x0e\xa2\xf8\x6f\x82\x0a\xa2\
\xf8\x45\x5a\x0a\xa2\xf8\x4d\xf7\xd2\x3f\x0a\xfb\x01\x06\x7a\x73\
\x7b\x7d\x7a\x1f\xf6\x28\x1d\xf4\x06\x93\xa1\x78\x6e\x9e\x1f\xf2\
\xa6\x86\x98\x79\xa7\x7f\x99\x19\xb0\x6c\x69\xa8\x5a\x1b\xfb\x0e\
\x23\x1d\xfb\xee\x20\x1d\xf7\x21\x22\x0a\xf7\x15\x40\x1d\x36\xfb\
\x4b\x55\x0a\xfb\x05\x25\x1d\xf6\x07\xa3\x9b\xa8\xa1\x94\x1b\xee\
\x25\x0a\x0e\xa2\xf7\x6c\x16\xf7\x8a\xf8\x98\x05\xdd\xfc\x33\x27\
\xf7\xbb\x07\xfb\x89\xfc\x86\x05\x0e\xa2\xf8\x5b\x43\x0a\xa2\xf8\
\x44\x90\x1d\xfb\x21\x23\x1d\xfb\x16\x20\x1d\xf7\x02\x06\x9c\xa1\
\x9b\x9a\x9d\x1f\x20\x07\x27\x1d\x24\x06\x3e\x1d\xf7\x0d\x5b\x0a\
\xfb\x23\xfb\x76\x15\x2d\x25\x1d\xf7\x06\x28\x1d\xf7\x04\x25\x0a\
\xfb\x01\x07\x72\x77\x76\x77\x7a\x1b\x0e\xa2\xf8\x4d\x90\x1d\xfb\
\x2a\x23\x1d\xfb\xee\x20\x1d\xf7\x2a\x5b\x0a\xfb\xa4\x5c\xa3\x1d\
\xf7\x0e\x06\x91\x90\x89\x84\x93\x1f\xfb\x49\xfb\xdd\x05\xf7\xbe\
\x9d\x0a\x87\x88\x8c\x8d\x88\x1f\xf7\x40\xf7\xcb\x05\xfb\xa6\x95\
\x1d\xb4\xf8\x56\x90\x1d\xfb\x2a\x23\x1d\xfb\xee\x20\x1d\xf7\x2a\
\x5b\x0a\xfb\xa4\x5c\xa3\x1d\xf7\x0e\x06\x8f\x8f\x8a\x88\x8f\x1f\
\xfb\x42\xfb\xd1\x05\xf7\xad\x9d\x0a\x85\x86\x8d\x90\x85\x1f\xf7\
\x47\xf7\xd8\x05\xfb\xb7\x95\x1d\xfb\x17\xf7\x26\x2c\x15\x2c\x1d\
\x73\xf7\x01\x15\x34\x0a\x0e\xfb\x34\xf7\x6a\x81\x15\x7a\x1d\xdb\
\x07\x0e\xfb\x17\xf7\x27\x90\x39\x1d\xfb\x21\xf7\xc6\xf7\x10\x15\
\x35\x0a\x94\x92\x9e\x9e\x92\x94\x08\x95\x99\x8f\x9b\x9a\x1a\x95\
\x07\xb0\x7e\x97\x7b\x93\x1e\x9b\x93\x98\x98\xb0\x1a\x0e\xfb\x21\
\xf7\xd0\xb7\x59\x0a\xfb\x30\xf7\xae\xcf\x3c\x1d\xfb\x26\xf7\x95\
\xef\x37\x0a\x85\x1e\x86\x59\x1d\xfb\x41\x9f\xf7\x77\x75\x1d\xfb\
\x17\xf7\xd0\xf7\x14\x2e\x0a\xfb\x26\xf7\xb3\xf7\x4c\x30\x0a\xfb\
\x17\xf7\x26\x86\x15\x2c\x1d\x73\xf7\x01\x15\x34\x0a\x0e\xfb\x34\
\xf7\x6a\xdb\x15\x7a\x1d\xdb\x07\x0e\xfb\x17\xf7\x27\xea\x39\x1d\
\xfb\x21\xf7\xc6\xf7\x6a\x15\x35\x0a\x94\x92\x9e\x9e\x92\x94\x08\
\x95\x99\x8f\x9b\x9a\x1a\x95\x07\xb0\x7e\x97\x7b\x93\x1e\x9b\x93\
\x98\x98\xb0\x1a\x0e\xfb\x21\xf7\xd0\xf7\x1a\x59\x0a\xfb\x30\xf7\
\xae\xf7\x32\x3c\x1d\xfb\x26\xf7\x95\xf7\x52\x37\x0a\x86\x1e\x85\
\x59\x1d\xfb\x41\x9f\xf7\xd1\x75\x1d\xfb\x17\xf7\xd0\xf7\x6e\x2e\
\x0a\xfb\x26\xf7\xb3\xf7\xa6\x30\x0a\xfb\x17\x64\x0a\x73\xf7\x01\
\x15\x34\x0a\x0e\xfb\x34\xf7\x6a\xf7\xfd\x15\x7a\x1d\xdb\x07\x0e\
\xfb\x17\xf7\x27\xf8\x0c\x39\x1d\xfb\x21\xf7\xc6\xf8\x83\x15\x35\
\x0a\x94\x92\x9e\x9e\x92\x94\x08\x95\x99\x8f\x9b\x9a\x1a\x95\x07\
\xb0\x7e\x97\x7b\x93\x1e\x9b\x93\x98\x98\xb0\x1a\x0e\xfb\x21\xf7\
\xd0\xf8\x33\x59\x0a\xfb\x30\xf7\xae\xf8\x4b\x3c\x1d\xfb\x26\xf7\
\x95\xf8\x6b\x37\x0a\x86\x1e\x85\x59\x1d\xfb\x41\x9f\xf8\xea\x75\
\x1d\xfb\x17\xf7\xd0\xf8\x87\x2e\x0a\xfb\x26\xf7\xb3\xf8\xbf\x30\
\x0a\xfb\x34\xf7\x6a\xf8\x57\x15\x7a\x1d\xdb\x07\x0e\xfb\x17\xf7\
\x27\xf8\x66\x39\x1d\xfb\x21\xf7\xc6\xf8\xdd\x15\x35\x0a\x94\x92\
\x9e\x9e\x92\x94\x08\x95\x99\x8f\x9b\x9a\x1a\x95\x07\xb0\x7e\x97\
\x7b\x93\x1e\x9b\x93\x98\x98\xb0\x1a\x0e\xfb\x17\xf7\x26\xf8\x02\
\x15\x2c\x1d\x73\xf7\x01\x15\x34\x0a\x0e\xfb\x21\xf7\xd0\xf8\x8d\
\x59\x0a\xfb\x30\xf7\xae\xf8\xa5\x3c\x1d\xfb\x26\xf7\x95\xf8\xc5\
\x37\x0a\x86\x1e\x85\x59\x1d\xfb\x41\x9f\xf9\x44\x75\x1d\xfb\x17\
\xf7\xd0\xf8\xe1\x2e\x0a\xfb\x26\xf7\xb3\xf9\x19\x30\x0a\xfc\x33\
\xfb\x3e\x16\x95\x0a\x33\x06\x0e\xf7\xb4\xf7\xaf\xf7\xfd\x15\x46\
\x7a\x1d\x06\xf7\x6e\xf7\xd1\x15\xfb\xd8\xfc\xea\x05\x95\x0a\x74\
\xfc\x8b\x39\x1d\xf7\x8c\xf7\xaf\xf7\xfd\x15\x46\x7a\x1d\x06\xf7\
\x6e\xf7\xd1\x15\xfb\xd8\xfc\xea\x05\x95\x0a\xf7\x08\xfc\x64\x59\
\x0a\xf7\x8b\xf7\x95\xf7\xb6\x15\x94\x92\x9e\x9e\x92\x94\x08\x95\
\x99\x8f\x9b\x9a\x1a\x95\x07\xb0\x7e\x97\x7b\x93\x1e\x9b\x93\x98\
\x98\xb0\x1a\x35\x0a\xf7\x87\xf7\xc8\x15\xfb\xd8\xfc\xea\x05\x95\
\x0a\xf7\x08\xfc\x64\x59\x0a\x6a\xf8\x16\xf8\x73\x15\x70\xdd\x2e\
\x6b\x8e\xec\x05\x34\x06\x8d\x28\x31\xab\x71\x38\xe8\x6f\x52\x3f\
\xd1\x59\xc2\xdb\xc3\x3b\xd1\xbe\x4f\xda\x05\x0e\x4c\xf7\xc1\x16\
\xf7\x07\x06\xfb\xda\xf8\xea\x05\xfb\x06\x06\x0e\xfb\x69\xd7\xf7\
\x58\x15\xf7\x0e\xef\x85\x0a\x0e\x30\xf7\x45\xf7\x0d\x15\xb5\x06\
\x9e\xa0\x90\x98\x9c\x1f\x96\x93\xa3\xa3\x93\x96\x08\x98\x9c\x90\
\xa0\x9e\x1a\x9a\x07\x9e\x86\xa0\x7e\x9c\x1e\x83\x96\x73\xa3\x80\
\x93\x08\x98\x7a\x76\x90\x78\x1b\x61\x9f\x1d\x7c\x9c\x0a\xfb\x7d\
\xcd\xf7\x8d\x15\xf7\x0e\xf7\x12\x85\x0a\xfc\x0b\x04\xf7\x0e\xf7\
\x12\x85\x0a\x0e\xfb\x82\xf7\x29\x38\x15\xbd\xf7\x39\x22\xa2\x54\
\xfb\x50\x05\x0e\xf7\x26\xcb\x16\x8d\x1d\xf7\x53\xfb\x12\x15\x8d\
\x1d\xf7\x53\xfb\x12\x15\x8d\x1d\x0e\xfb\x81\xd6\xf7\x36\x15\xef\
\xf8\x48\x27\x06\x80\xfc\xed\x15\xf7\x0e\xf7\x0a\x85\x0a\x0e\xfb\
\x81\xf7\x4e\xf8\xed\x15\xfb\x0e\xfb\x0a\xf7\x0e\x06\x80\x5c\x15\
\x27\xfc\x48\xef\x06\x0e\xb7\xf8\x73\xf7\xe8\x15\x9a\xda\x05\x3c\
\x06\x9e\xef\x05\x34\x06\x77\x27\x05\x44\x06\x9e\xef\x05\x34\x06\
\x77\x27\x05\x33\x06\x7c\x3c\x05\xe3\x06\x7b\x3b\x05\x35\x06\x7d\
\x3c\x05\xdf\x06\x77\x24\x05\xe4\x06\x9f\xf2\x05\xd1\x06\x77\x24\
\x05\xe4\x06\x9f\xf2\x05\xdd\x06\x9a\xda\x05\x39\x06\x9a\xdb\x05\
\x24\x3b\x15\x44\x06\x9a\xdb\x05\xd3\x06\x0e\xfb\x80\xcb\x16\x8d\
\x1d\x0e\x7b\xf7\x3f\xf7\x37\x15\xf4\xd1\x06\x97\x96\x94\x9b\x93\
\x1e\xbf\xa5\x05\xb1\x9e\xad\xb1\xbd\x1a\xd8\x28\x0a\xfb\x13\x06\
\x4f\x54\x59\x41\x68\x1f\xee\x6e\x05\xaf\xa3\x9f\x9c\x98\x1b\xf6\
\x25\x0a\x4a\x07\x82\x86\x84\x83\x87\x1e\x46\x67\x05\x65\x77\x6c\
\x69\x5b\x1a\x83\xfb\x84\x15\xf7\x0d\xf7\x09\xfb\x0d\x06\x0e\x7b\
\xf7\xc8\xf8\xed\x15\xfb\x0d\xfb\x09\xf7\x0d\x06\x83\x5d\x15\x22\
\x45\x06\x7f\x80\x82\x7b\x83\x1e\x57\x71\x05\x65\x78\x69\x65\x59\
\x1a\x3e\x20\x1d\xf7\x13\x06\xc7\xc2\xbd\xd5\xae\x1f\x28\xa8\x05\
\x67\x73\x77\x7a\x7e\x1b\x20\x25\x1d\xcc\x07\x94\x90\x92\x93\x8f\
\x1e\xd0\xaf\x05\xb1\x9f\xaa\xad\xbb\x1a\x0e\xfb\x0f\xf7\x2d\xf8\
\x48\x15\xa1\x0a\xf7\x8c\x16\xa1\x0a\x0e\xfb\xa4\xf7\x2d\xf8\x48\
\x15\xa1\x0a\x0e\xfb\x82\xd5\xf7\x8c\x15\x8d\x1d\x68\xfc\x5f\x15\
\xf7\x04\x06\xbb\xf7\x39\x25\xa2\x05\x0e\x64\x8f\x16\xf7\x08\x06\
\xf7\xd8\xf8\xea\x05\xfb\x06\x06\x0e\x65\xa9\x2d\x15\xf8\x19\xe9\
\xfc\x19\x06\x0e\xfb\x51\xf7\x62\x87\x15\xd4\xed\x42\x34\x1d\xf7\
\xce\x30\x1d\xd4\xed\x42\x06\x68\x76\x82\x73\x71\x1f\x80\x81\x75\
\x74\x7f\x7d\x08\x79\x76\x85\x77\x6d\x1a\xfb\xc4\x44\x1d\x0e\xfb\
\x51\xf7\x87\xf7\x27\x15\xf7\xc4\x07\xa9\x85\x9f\x79\xa0\x1e\xb2\
\x1d\x42\x29\xd4\xb0\x0a\xfb\xce\xb1\x1d\x42\x29\xd4\x9f\x0a\x0e\
\xfb\x61\xcd\x2a\x15\xf7\x59\xea\x2f\xf8\xd6\xe7\xea\xfb\x59\x06\
\x0e\xfb\x61\xf7\x6c\x2a\x15\xf9\x94\xfb\x59\x2c\xe7\xfc\xd6\x2f\
\x2c\x07\x0e\xfb\x52\xf7\x5e\x25\x15\xd7\xd1\x34\xe2\x05\x7c\x9a\
\x81\x98\x95\x1a\xf8\x0b\x07\x95\x95\x98\x9a\x9a\x1e\xe2\xe2\x3f\
\xd1\x2a\x29\x05\x75\x75\x76\x69\x69\x1a\xfc\x19\x07\x69\x9f\x6a\
\xa2\x74\x1e\x0e\xfb\x52\xea\x25\x15\xec\xed\x05\xa2\xa2\x9f\xac\
\xad\x1a\xf8\x19\x07\xad\x76\xad\x75\xa1\x1e\x2a\xed\x3f\x45\xe2\
\x34\x05\x9a\x7c\x95\x7e\x81\x1a\xfc\x0b\x07\x81\x81\x7e\x7c\x7c\
\x1e\x34\x34\x05\x0e\xb6\xb7\xf7\x8d\x15\xf8\x4e\xe8\xfc\x4e\x06\
\x0e\x69\xbc\xf7\x8c\x15\xf7\xf7\xe9\xfb\xf7\x06\x0e\xfb\x49\xb5\
\xf7\x8c\xa2\x1d\xfb\x49\xb5\xf7\x8c\xa2\x1d\xfb\x49\xb5\xf7\x91\
\xa2\x1d\xfb\x49\xb5\xf7\x91\xa2\x1d\xf7\x0e\xf7\xd8\xf8\x09\x15\
\x97\x1d\xfb\x1d\xf7\x19\x05\xf7\x79\x16\xf7\x1b\xf7\x16\x97\x1d\
\x05\x0e\xf7\x0e\xf7\x39\xf8\x29\x84\x1d\xcf\xf7\x36\x84\x1d\x0e\
\x20\xf7\x51\xf7\x87\x15\xf7\x1b\xf7\x16\x97\x1d\x05\x0e\x20\xf7\
\x39\xf8\x29\x84\x1d\x0e\xfb\x0f\xb2\x0a\xf7\xb1\xb6\x0a\xfb\x11\
\xae\x1d\xf7\xb0\xb6\x0a\xfb\x11\xca\xf9\x04\x15\xaa\x0a\xc9\x16\
\xaa\x0a\x0e\xfb\xbe\xae\x1d\x0e\xfb\xbe\xca\xf9\x04\x15\xaa\x0a\
\x0e\xfb\xbd\xb2\x0a\x0e\xfb\x90\x0e\xfb\x90\x0e\x98\x0e\x98\x0e\
\xbc\xf7\xed\xea\x15\x6a\xf8\x2c\xad\x06\x93\xa1\x78\x6e\x9e\x1f\
\xf2\xa6\x86\x98\x79\xa7\x7f\x99\x19\xb0\x6c\x69\xa8\x5a\x1b\x66\
\xcd\x51\x49\x62\x06\x68\x76\x82\x73\x71\x1f\x80\x81\x75\x74\x7f\
\x7d\x08\x79\x76\x85\x77\x6d\x1a\xfb\xc7\x4e\x0a\xa0\x79\x7b\x0a\
\x8c\x08\xb4\x36\xc5\xe0\xb0\x06\xbc\xac\xa8\xb0\xab\x1f\x97\x99\
\x9d\xa7\x90\x98\x24\xa6\x18\x6e\x78\x75\x78\x82\x1b\xfb\x16\x16\
\x79\x0a\xb2\xfc\x2c\x06\x0e\xc6\xf8\x48\xf7\x78\x15\xad\x0a\x84\
\x93\xac\xad\x48\xd0\x5c\x5c\x05\x8c\x85\x85\x8b\x86\x1b\xfb\x08\
\x06\x85\x86\x8a\x8a\x85\x1f\x5c\xbb\x4a\x48\xac\x6a\x87\x87\x88\
\x87\x89\x88\x19\xad\x1d\x8d\x88\x8e\x88\x8e\x88\x69\x69\x18\xd0\
\x46\xbb\xbb\x05\x8a\x90\x8f\x8b\x90\x1b\xf7\x08\x06\x90\x90\x8b\
\x8c\x91\x1f\xbb\x5b\xce\xce\x68\xae\x8f\x8f\x8e\x8e\x8d\x8e\x19\
\x22\xf7\x13\x15\x92\x91\x87\x82\x95\x1f\x94\x81\x8f\x85\x84\x1a\
\x72\x07\x84\x87\x85\x82\x82\x1e\x81\x81\x85\x87\x84\x1b\xfb\x09\
\x06\x84\x85\x8f\x95\x82\x1f\x81\x94\x87\x91\x92\x1a\xa4\x07\x92\
\x8f\x91\x95\x95\x1e\x94\x94\x91\x8f\x92\x1b\x0e\xd9\xf8\x47\xf7\
\xcf\x15\xfb\x09\xad\x05\xf7\x2e\xad\x07\x93\xa1\x78\x6e\x9e\x1f\
\xf2\xa6\x86\x98\x79\xa7\x7f\x99\x19\xb0\x6c\x69\xa8\x5a\x1b\x66\
\xcd\x51\x49\x58\x06\x68\x76\x82\x73\x71\x1f\x80\x81\x75\x74\x7f\
\x7d\x08\x79\x76\x85\x77\x6d\x1a\x59\x07\x5c\xa6\x5b\xbe\x7d\x1e\
\xf7\x10\x68\x05\xfb\x37\x4b\x07\x3e\x1d\xcf\x36\xc5\xe0\xb7\x50\
\x0a\xfb\x99\xd7\x15\x57\x1d\xbc\xfb\x1d\x06\xf7\x28\xfb\x73\x15\
\x31\x0a\x61\xf7\x26\x06\xd9\x75\x05\x91\x89\x91\x85\x82\x1a\x0e\
\xc0\xf7\xf1\xea\x15\xfb\x0b\x34\x1d\xc7\xf7\x42\xcb\xfb\x42\xcc\
\xf7\x42\xcb\xfb\x42\xc5\x30\x1d\xf7\x0c\x06\x93\xa1\x78\x6e\x9e\
\x1f\xf2\xa6\x86\x98\x78\xa7\x80\x99\x19\xb1\x6d\x68\xa7\x5a\x1b\
\xfb\x11\x06\x68\x76\x82\x73\x71\x1f\x80\x81\x75\x74\x7f\x7d\x08\
\x79\x76\x85\x77\x6d\x1a\x54\x46\x4b\xd0\x4a\x46\x4b\xd0\x52\x44\
\x1d\xf7\x11\x9a\x1d\xfb\x38\xf7\x54\xf8\x81\xa3\x1d\xdf\xea\x2e\
\x23\x1d\x63\x49\x2c\xcd\xfc\x03\x07\x27\x1d\x3a\x2c\xe5\x22\x0a\
\xf8\x07\xd1\xea\x45\xaf\x6e\x1d\xbd\xf7\x66\xf7\x2b\x15\xea\xf7\
\x53\xef\xfb\x53\xf7\x01\x30\x1d\xe4\x06\x93\xa1\x78\x6e\x9e\x1f\
\xf2\xa6\x86\x98\x79\xa7\x7f\x99\x19\xb0\x6c\x69\xa8\x5a\x1b\x2c\
\x06\x68\x76\x82\x73\x71\x1f\x80\x81\x75\x74\x7f\x7d\x08\x79\x76\
\x85\x77\x6d\x1a\x21\x45\x27\xd1\x2b\x07\x85\x8a\x87\x78\x78\x1e\
\x77\x77\x85\x8a\x85\x1b\x27\xf8\x3b\xef\x07\xfb\xb2\x89\x05\x98\
\x9a\x93\x99\xa3\x1a\x0e\x94\xf8\x85\xf8\xea\x15\x6a\x0a\xfb\x1b\
\xfb\x7d\xfb\x1a\xf7\x7d\x05\xfb\x06\x06\xf7\x08\xfb\x5e\x05\x3a\
\x4a\xf7\x0b\x06\xaf\x4b\x05\xfb\x2f\x4b\xf7\x34\xfb\x5f\xf5\xf7\
\x5f\xf7\x28\xcb\xfb\x23\x06\xb0\xcb\x05\xf5\xcc\x47\x06\x0e\x98\
\xf7\x5d\xc4\x9e\x1d\x0e\x98\xc6\xf7\x58\x15\xa7\x1d\x98\xf7\x15\
\xc1\x15\xf7\x0e\xf7\x0e\xf7\x0d\xfb\x0e\xcd\xce\xfb\x0c\xf7\x0d\
\xf7\x0d\xf7\x0e\x47\xd0\xfb\x0e\xfb\x0e\xfb\x0d\xf7\x0e\x49\x48\
\xf7\x0c\xfb\x0d\xfb\x0d\xfb\x0e\x05\x0e\x98\xf7\x4f\xf7\xfd\x15\
\x8d\x1d\xfb\x14\xfb\xb7\x15\xf8\x11\xe9\xfc\x11\x06\xf7\x14\xfb\
\xb6\x15\x8d\x1d\x0e\x98\xc6\xf7\xaf\x15\xf8\x11\xea\xfc\x11\x06\
\xfb\x8b\x04\xa7\x1d\x98\xf8\x4c\xf7\xaf\x15\xea\x4a\x07\xb2\xd5\
\x7b\x1d\x64\x41\x05\xfb\x5d\x2c\xf7\x2a\x06\x6c\x51\x05\xfb\x0b\
\x2d\xd0\x06\x60\x3b\x05\xf7\x07\x06\xb6\xdb\x05\xf7\x59\xe9\xfb\
\x27\x06\xaa\xc5\x05\x0e\x98\xbf\xf8\x8d\x15\xb6\x1d\xfb\x03\x07\
\xf8\x11\xf7\x5d\x05\xcf\x07\x0e\x98\xf8\x54\xf8\x8d\x98\x1d\x0e\
\x98\xc0\xf7\x1a\x15\xf8\x11\xf7\x5d\x05\xcf\x07\xfc\x12\xf7\x5c\
\x05\xb6\x1d\x8c\xfb\x2b\x15\x2d\xf8\x11\xe9\x07\x0e\x98\xf8\x54\
\xf8\xef\x98\x1d\xfc\x13\xfc\x81\x15\xa7\x1d\x98\xf7\x60\xf7\x27\
\x9e\x1d\xfb\x1b\xfb\xb2\x15\xa7\x1d\x98\xf7\x2c\xf7\xa4\x6d\x0a\
\xf0\xfb\x47\x6d\x0a\x0e\x98\xf7\x2f\xf7\x54\x6d\x0a\x0e\x98\xf7\
\xff\xc4\x15\xec\xf7\x7d\xfc\x38\x2d\xf7\xd7\x06\x0e\xf7\xbe\xf9\
\x3e\xf7\xe1\x15\x82\x97\x72\xa4\x7f\x94\x08\x98\x79\x76\x91\x77\
\x1b\x29\x06\x69\x71\x81\x6d\x70\x1f\xa6\x70\x79\x98\x61\x1b\x2a\
\x06\x78\x75\x85\x7e\x79\x1f\x7f\x82\x72\x72\x82\x7f\x08\xad\x1d\
\x94\x7f\xa4\x72\x97\x82\x08\x7e\x9d\xa1\x85\x9e\x1b\xec\x06\xb5\
\x99\x96\xa7\xaa\x1f\x72\xa4\xa1\x7d\xb3\x1b\xed\x06\x9f\xa0\x91\
\x98\x9d\x1f\x97\x94\xa4\xa4\x94\x97\x08\xad\x0a\xfb\xe2\x2c\x15\
\x7d\x74\x70\x7f\x1e\x25\x25\x1d\xb0\x28\x1d\xf1\x06\x97\xa2\x71\
\x7c\x1f\xf7\x9c\x67\x55\x0a\x26\x06\x81\x72\xa6\x99\x1f\xae\x07\
\x9a\xa4\xa5\x95\x1e\xf0\x25\x0a\x0e\xfb\x38\x73\xfb\x39\x15\xe5\
\x22\x0a\xf8\x85\x28\x1d\xdf\xea\x2e\x23\x1d\xfc\x85\x07\x27\x1d\
\x3a\x06\x0e\xf0\xcc\x16\x40\x0a\x8c\x1d\xa5\x1d\x88\x1d\xf7\x44\
\xf8\xe0\xf9\x7f\x15\xfb\xa4\xfd\xda\xfb\x13\xf8\x11\x05\xfb\x43\
\x2d\xf4\x06\xf7\x0e\xfb\xfb\x05\xf5\x06\xf7\xbd\xfa\x22\x05\x0e\
\x8d\xc5\xfb\x35\x15\xef\xf7\x36\x06\x88\x97\x99\x89\x98\x1b\xd6\
\x06\xa2\xa1\x9b\x98\x9d\x1f\x8e\x72\x05\xee\x06\x82\xe4\x05\x6d\
\x1d\x67\x71\x81\x1b\x43\x06\x80\x74\xa1\x94\x86\x1f\xf7\xca\x27\
\x07\x0e\x89\xf7\x49\x86\x15\xf7\x03\x5b\x0a\x82\x97\x70\xa6\x7f\
\x94\x08\x99\x78\x74\x91\x76\x1b\xfb\x22\x06\xa6\x2d\x05\xf5\x25\
\x0a\x49\x07\x95\x81\x6e\xa1\x78\x1b\x37\x23\x1d\xfb\x46\x71\x1d\
\xf7\x3f\x28\x1d\xd8\x06\x97\xae\x6e\x7a\x94\x1f\xfb\x39\x07\x27\
\x1d\x2e\x45\x1d\xf7\xbd\x64\x0a\xb3\xfb\xa8\x15\x95\x0a\x33\x06\
\xfc\x18\xfb\x69\x15\x34\x0a\xf8\x58\xfc\x1a\x15\x2c\x1d\x73\xf7\
\x01\x15\x34\x0a\x0e\xf9\x21\x64\x0a\xb3\xfb\xa8\x15\x95\x0a\x33\
\x06\xfc\x18\xfb\x69\x15\x34\x0a\xf8\x58\xfc\x1a\x15\x2c\x1d\xf7\
\xf8\x16\x2c\x1d\xfc\x10\xf7\x01\x15\x34\x0a\xf7\xf8\x16\x34\x0a\
\x0e\xf7\xa5\xf8\x1b\x8c\x15\xf7\xc9\xf7\xbc\xfb\xc9\xf7\xbe\x05\
\xfb\x1e\x06\xf7\x9b\xfb\x8d\x05\xfc\x5c\x2a\xf8\x59\x06\xfb\x97\
\xfb\x8c\x05\x0e\xf7\xa5\xf7\x8a\xf7\x8d\x15\xf8\x5a\xec\xfc\x5d\
\x06\xf7\x9b\xf7\x8d\x05\xfb\x1e\x06\xfb\xc8\xfb\xbe\xf7\xc8\xfb\
\xbc\x05\xf7\x1e\x06\x0e\xd1\xf7\xcb\xf8\xef\x15\x47\x06\xfb\x5b\
\xfc\x15\xf7\x5c\xfc\x16\x05\xcf\x06\xf7\x5d\xf8\x15\x05\xfb\x7f\
\xfb\x83\x15\xfb\x10\xf7\x83\xf7\x10\xf7\x84\xf7\x10\xfb\x83\x05\
\x0e\xf7\x3d\xf7\x23\xfb\x22\x15\xc4\xd6\x7a\x9a\x05\x7f\x95\x82\
\x97\x90\x1a\xf8\x79\x30\x1d\xf7\x82\x3c\x0a\x4b\x07\x97\x7c\x74\
\x99\x76\x1b\x5b\x23\x1d\xfb\x39\x20\x1d\xbb\x06\xa3\xa0\x95\x9e\
\x9d\x1f\x91\x73\x05\xed\x06\x83\xe4\x05\xf7\xff\x51\x0a\x51\x1d\
\xfb\x7c\x06\x68\x76\x82\x73\x71\x1f\x80\x81\x75\x74\x7f\x7d\x08\
\x79\x76\x85\x77\x6d\x1a\xfc\x68\x07\x67\x94\x77\xa3\x70\x1e\x94\
\x81\xa4\x75\x99\x80\x08\xf7\x6b\xf7\xa2\x15\xf7\x34\x28\x1d\xaf\
\x06\x97\xb0\x6c\x7c\x98\x1f\xfb\x27\x07\x7c\x7e\x65\x6b\x80\x1b\
\x67\x45\x1d\xc5\xf8\x09\xf7\xb2\x15\xfb\x2a\x07\x27\x1d\xfb\x1a\
\x25\x1d\xd4\x07\x97\xa5\xa5\x96\x1e\xf7\x14\xee\xfb\x14\x06\x80\
\x71\xa4\x98\x1f\xda\x28\x1d\xeb\x06\x93\xa1\x78\x6e\x9e\x1f\xf2\
\xa6\x86\x98\x7b\xa5\x7d\x9b\x19\xaf\x6b\x6a\xa9\x5a\x1b\xfb\x05\
\x23\x1d\x31\x07\x66\xa1\x71\xa4\x74\x1e\x72\x75\x75\x72\x65\x1a\
\x36\x20\x1d\xf7\x33\x22\x0a\xc5\xa7\xf1\x07\x0e\xb7\xf7\x76\x16\
\xf0\xf7\x8c\xb0\xfb\x8c\xf0\xf8\xea\xfb\xbf\x23\x1d\x33\x20\x1d\
\xc7\x06\x35\xf7\x21\x15\xce\x28\x1d\xb9\xfb\x27\x5d\x25\x1d\xf7\
\x4f\x63\x15\xf7\x27\xb0\xfb\x27\x07\x0e\x96\xf7\xce\xf8\x4d\x15\
\xfb\x28\x93\x05\x7e\x8c\x8a\x99\x94\x1a\x8d\x07\x91\x8f\x90\x96\
\x94\x1e\x94\x96\x91\x8e\x93\x1b\xf7\x0d\x06\x9e\xa3\x62\x7d\x92\
\x1f\xe8\xa9\x05\xcb\x71\x5a\xc4\x46\x1b\xfb\x15\x06\x36\x1d\x7f\
\x82\x70\x70\x82\x7f\x7e\x79\x85\x75\x8a\x77\x8c\x66\x99\x68\xa3\
\x74\x08\x77\x75\x7f\x73\x68\x1a\x7f\x07\x48\xd9\x49\xc8\x88\x1e\
\xf7\x1c\x85\x05\x93\x90\x84\x88\x1f\x7f\x07\x85\x87\x86\x80\x82\
\x1e\x82\x80\x85\x88\x83\x1b\xfb\x0d\x06\x78\x74\xb5\x98\x84\x1f\
\x2c\x6b\x05\x46\xac\xb9\x59\xce\x1b\xf7\x14\x22\x0a\x92\x07\xac\
\x7d\xa4\x77\x9c\x1e\xa2\xa3\x98\xa5\xad\x1a\x99\x07\xc6\x44\xd4\
\x4b\x8e\x1e\xfb\x9a\xaa\x15\x8c\x8b\x8c\x8c\x1a\x8f\x07\xf7\x95\
\xfb\x7f\x15\xfb\x09\x91\x05\x82\x72\xab\x94\x1f\x96\x07\x92\x99\
\xa8\x9f\x96\x1e\xf7\x08\x86\x05\x92\xaf\x6c\x7d\x1f\x82\x07\x83\
\x74\x6c\x7c\x84\x1e\x0e\x3a\x1d\xf7\x52\x83\x15\xc2\x06\xc1\xb6\
\xcd\xa8\x98\x1f\x3b\xa0\x05\x70\x7c\x84\x85\x80\x1b\x63\x25\x1d\
\xe8\x28\x1d\xb3\x06\x96\x92\x85\x70\x9a\x1f\xdb\xa0\x05\xb4\x78\
\x61\xc1\x58\x1b\x56\x9f\x1d\x24\x9c\x0a\x3a\x1d\xe0\x82\x15\xe4\
\xea\xbb\x06\xbb\x2e\x05\xe8\x06\x4d\xf7\x08\x05\xab\xa6\x9b\xa5\
\xb0\x1a\x9b\x07\xc7\x52\xbf\x50\x1e\xfb\x28\x06\xe4\xfb\x31\x15\
\xd5\xc8\x07\x8e\xa3\x72\x88\x1f\x79\x07\x88\x74\x72\x88\x1e\x0e\
\x3a\x1d\xe3\x82\x15\xe4\xea\xc5\x06\xc3\xc8\xc1\xbc\x1f\xaf\x07\
\xc2\x48\xba\x5a\x1e\xfb\x28\x06\xe4\xfb\x31\x15\xd5\xcc\x07\x8f\
\xa2\x73\x87\x1f\x79\x07\x87\x75\x73\x87\x1e\x0e\xf7\x15\xb1\xf8\
\xa0\x15\xd5\xfb\x60\xda\xf7\x60\xd1\xd5\xfb\x73\x06\xf8\x33\x16\
\x63\x34\x68\xe2\x05\x28\xfb\xaa\xda\xf7\x32\x06\xab\x3d\x05\xbe\
\x06\xab\xd9\x05\xfb\x32\xda\xf7\xaa\x07\x0e\xfb\x2b\xf7\x3d\xf8\
\x21\x15\xc3\xba\xb9\xc5\xc2\x5c\xba\x53\x53\x5a\x5c\x54\x51\xbc\
\x5d\xc3\x1f\xc3\x04\x71\x76\xa1\xa5\xa3\xa0\xa0\xa5\xa5\x9e\x76\
\x73\x71\x78\x75\x71\x1f\x0e\xfb\xad\xc1\x3b\x15\xed\xf9\x7f\x29\
\x06\x0e\xfb\xad\xc1\xf7\xef\x15\xed\xf7\xd4\x29\x06\xfd\x7f\x04\
\xed\xf7\xd5\x29\x06\x0e\xfb\x14\xf7\x79\xf7\xe5\x15\xb7\x1d\xfc\
\x35\xef\x06\x0e\xfb\x14\xf7\x15\x3b\x15\xef\xf7\x8a\xd7\xea\x3f\
\xd7\xb7\x1d\x3f\x40\x2c\xd6\x06\x0e\xf8\x1f\xf9\xcb\xf8\xbc\x15\
\x84\x94\x77\x9f\x82\x92\x08\x96\x7d\x7a\x8f\x7b\x1b\x3b\x97\x0a\
\x81\x7d\x86\x7c\x1d\x8e\x1d\xfc\x4b\xfb\xf9\x15\xfb\x61\xf8\x27\
\x05\xfb\x05\x89\x0a\xf8\x21\x06\xf7\x63\xfc\x21\x05\xf7\x03\xf8\
\xea\x22\x06\xf8\x07\xfb\x6d\x15\x85\x88\x87\x84\x84\x5f\x0a\x84\
\x1f\x83\x92\x88\x8f\x91\x1a\x91\x1d\x0e\xfb\x21\xf7\xe0\xf7\xab\
\x15\xfb\x05\xf7\xd3\x05\x2b\x06\xfb\x01\xfb\xd3\x05\xeb\x06\xc9\
\xf7\x54\xca\xfb\x54\x05\x0e\xfb\xc8\xf8\x84\x55\x1d\x0e\xfb\x31\
\x87\x0a\x0e\xfb\x26\xf8\x76\x15\xeb\xa8\x6b\x1d\x0e\xfb\x21\xf8\
\x76\x4b\x1d\x0e\xfc\x09\xf8\x8d\x5d\x1d\x0e\x59\x9c\x1d\xfb\x2d\
\x9d\x1d\xfb\x2f\xf8\x7e\x33\x1d\x0e\xfb\x28\xf8\x80\x5c\x0a\x0e\
\xfc\x0c\xf8\x9c\x15\x6a\x1d\x3d\x0a\x0e\xfb\xa9\xf8\x91\x87\x1d\
\x0e\xfb\x21\xf8\x76\x4b\x1d\x0e\x2d\xfb\x5c\x81\x1d\xfb\x51\x83\
\x1d\x58\x86\x1d\xfb\xd7\xf8\x6c\x15\xf7\xa5\xe5\xfb\xa5\x06\x0e\
\xfb\xc8\xf7\x48\x15\xf7\x96\xf7\x0a\x63\xe1\xfb\x96\xfb\x0a\x05\
\x0e\xfc\x1e\x68\x15\xcc\x06\xf7\xab\xf8\x85\x05\x47\x06\x0e\xfb\
\xd3\xf7\x59\x15\xf7\xa1\xf7\x13\x63\xe1\xfb\xa1\xfb\x13\x05\x0e\
\xfb\x5c\xf7\x26\xf8\x76\x4b\x1d\x0e\xfb\x45\xf7\x2f\xf8\x7e\x33\
\x1d\x0e\x22\xf7\x79\x9d\x1d\xfb\x8c\xbd\x83\x1d\x22\xf7\xe0\x9c\
\x1d\xfb\x15\xbd\xf8\x84\x55\x1d\x0e\xfb\xac\xbd\x87\x0a\x0e\xfb\
\x5c\xf7\x21\xf8\x76\x15\xeb\xa8\x6b\x1d\x0e\x4b\xbd\xf8\x8d\x5d\
\x1d\x0e\xfb\x34\xbd\xf8\x91\x87\x1d\x0e\xfb\x8d\xf7\x4f\x86\x1d\
\xfb\x51\xf7\x2a\xf8\x80\x5c\x0a\x0e\x4e\xbd\xf8\x9c\x15\x6a\x1d\
\x3d\x0a\x0e\xfb\x7d\xf7\x30\x69\x1d\x0e\xa8\xf7\x4c\x69\x0a\x0e\
\xfb\x85\xf7\x30\x69\x1d\x0e\xa8\xf7\x4c\x69\x0a\x0e\xfb\xae\xbd\
\xf8\x66\x15\xee\x06\x91\xbb\x05\xf7\x01\x29\x24\x07\x0e\x84\x92\
\xf8\x43\x92\xf7\x33\x93\x06\xfb\x3c\x92\x07\x1e\xa0\x37\xff\x0c\
\x09\x8b\x0c\x0b\xef\x0a\xf7\x02\x0b\xef\x0c\x0c\xf7\x02\x0c\x0d\
\xf8\x7b\x15\xb2\x13\x00\x9b\x02\x00\x01\x00\x11\x00\x21\x00\x25\
\x00\x41\x00\x58\x00\x66\x00\x70\x00\x75\x00\x79\x00\x8e\x00\xdd\
\x00\xe4\x01\x2f\x01\x41\x02\x09\x02\x21\x02\xbd\x02\xca\x02\xd1\
\x02\xd8\x03\x06\x03\x66\x03\x81\x03\xe8\x03\xfa\x04\x0d\x04\x14\
\x04\x18\x04\x26\x04\x42\x04\x71\x04\x75\x04\xd0\x04\xd6\x04\xec\
\x05\x24\x05\x38\x05\x3e\x05\x51\x05\x56\x05\x72\x05\xa8\x05\xad\
\x05\xda\x06\x2c\x06\x4a\x06\x58\x06\x60\x06\x6b\x06\x73\x06\xb1\
\x06\xb6\x06\xcd\x06\xd1\x06\xdb\x06\xf6\x07\x3f\x07\x59\x07\x87\
\x07\x8e\x07\xb4\x07\xbc\x07\xe4\x07\xf2\x07\xf6\x07\xfe\x08\x05\
\x08\x22\x08\x2a\x08\x30\x08\x5a\x08\x61\x08\x6a\x08\x87\x08\x8b\
\x08\x8e\x08\x92\x08\xb8\x08\xdc\x08\xef\x09\x07\x09\x15\x09\x1d\
\x09\x24\x09\x39\x09\x55\x09\x5a\x09\x60\x09\x66\x09\x75\x09\x9d\
\x09\xa1\x09\xa6\x09\xaa\x09\xaf\x09\xb7\x09\xbb\x09\xe2\x0a\x07\
\x0a\x1c\x0a\x26\x0a\x2a\x0a\x34\x0a\x3c\x0a\x44\x0a\x48\x0a\x68\
\x0a\x89\x0a\x90\x0a\x97\x0a\xa1\x0a\xbe\x0a\xc7\x0a\xd3\x0a\xdf\
\x0a\xe4\x0a\xfe\x0b\x06\x0b\x0b\x0b\x1a\x0b\x32\x0b\x3b\x0b\x41\
\x0b\x46\x0b\x5b\x0b\x66\x0b\x70\x0b\x85\x0b\x91\x0b\x9d\x0b\xa5\
\x0b\xac\x0b\xbc\x0b\xc7\x0b\xd0\x0b\xd6\x0b\xdb\x0b\xe1\x0b\xeb\
\x0b\xf2\x0b\xf7\x0c\x06\x0c\x0a\x0c\x10\x0c\x1e\x0c\x2c\x0c\x32\
\x0c\x38\x0c\x45\x0c\x50\x0c\x53\x0c\x5f\x0c\x69\x0c\x6d\x0c\x78\
\x91\x0a\x94\x7f\xa6\x70\x97\x82\x08\x7d\x9e\xa2\x85\xa0\x1b\x0b\
\x36\x1d\x7f\x82\x70\x70\x82\x7f\x08\x7d\x78\x85\x74\x76\x1a\x0b\
\x06\x21\x1d\x0b\x15\x74\x1d\x82\x97\x70\xa6\x7f\x94\x08\x99\x78\
\x74\x91\x76\x1b\xfb\x07\x2a\x1d\xec\x25\x0a\x41\x0a\x2a\x45\x1d\
\x2b\x0a\xf7\x03\xb0\x1d\x72\x4e\x1d\xb3\x07\x9a\xf7\x33\x15\x45\
\x0a\x5c\xfb\x44\xba\x6e\x1d\x06\x93\x91\x87\x80\x96\x1f\x96\x80\
\x8f\x85\x83\x1a\x0b\x82\x97\x70\xa6\x7f\x94\x08\x33\x0a\x0b\x32\
\x0a\x26\x0a\x0b\x07\x27\x0a\x0b\x06\xae\xa0\x94\xa3\xa5\x1f\x96\
\x95\xa1\xa2\x97\x99\x08\x9d\xa0\x91\x9f\xa9\x1a\x0b\xfb\x99\xd7\
\x05\x57\x1d\xf7\x21\x06\x93\xa1\x78\x6e\x9e\x1f\xf2\xa6\x86\x98\
\x79\xa7\x7f\x99\x19\xb0\x6c\x69\xa8\x5a\x1b\xfb\x26\x06\x68\x76\
\x82\x73\x71\x1f\x80\x81\x75\x74\x7f\x7d\x08\x79\x76\x85\x77\x6d\
\x1a\x59\x07\x5c\xa6\x5b\xbe\x7d\x1e\xf7\x98\x41\x05\x90\x8a\x92\
\x84\x82\x1a\x50\x37\x1d\xfb\x38\x06\x3e\x1d\x0b\x9b\x1d\xfb\x06\
\x20\x0a\x0b\xfb\x36\x9d\x05\x81\x8c\x86\x8f\x93\x1a\x9c\x28\x1d\
\xf0\x06\x96\x9c\x73\x7d\x96\x1f\xe8\xa7\x05\xbb\x72\x5b\xc4\x4f\
\x1b\xfb\x01\x23\x1d\x72\x07\x4b\xb4\x6a\xc0\x86\x1e\xf7\x3c\x7b\
\x05\x95\x8a\x8f\x86\x83\x1a\x78\x07\x27\x1d\xfb\x0b\x06\x80\x7a\
\xa3\x99\x80\x1f\x2e\x6f\x05\x5b\xa4\xbb\x52\xc7\x1b\x0b\x06\x83\
\x85\x8f\x96\x80\x1f\x80\x96\x87\x91\x93\x1a\xf7\x40\x2f\x0a\x0b\
\x15\x98\x07\x9a\x87\x9b\x81\x98\x1e\x85\x94\x78\x9e\x82\x91\x08\
\x95\x7e\x7b\x8f\x7c\x1b\x2f\x06\x7c\x7b\x87\x81\x7e\x1f\x82\x85\
\x78\x78\x85\x82\x08\x81\x7e\x87\x7b\x7c\x1a\x7e\x07\x6d\x93\x7c\
\x9f\x7e\x1e\x78\x80\x82\x7d\x6b\x1a\x7b\x07\x7c\x8f\x7b\x95\x7e\
\x1e\x91\x82\x9e\x78\x94\x85\x08\x81\x98\x9b\x87\x9a\x1b\xe7\x06\
\x9a\x9b\x8f\x95\x98\x1f\x94\x91\x9e\x9e\x91\x94\x08\x95\x98\x8f\
\x9b\x9a\x1a\x9b\x07\xab\x82\x99\x78\x96\x1e\x9f\x98\x93\x9a\xa9\
\x1a\x39\x88\x15\x83\x7e\x7f\x82\x1e\x47\x06\x82\x7e\x97\x93\x1f\
\x94\x07\x90\x8d\x8e\x92\x92\x1e\x92\x92\x8e\x8d\x90\x1b\xcb\x06\
\x90\x8e\x89\x84\x92\x1f\x92\x84\x8d\x88\x86\x1a\xfb\x16\x04\x86\
\x89\x88\x84\x84\x1e\x84\x84\x88\x89\x86\x1b\x4b\x06\x86\x88\x8d\
\x92\x84\x1f\x84\x92\x89\x8e\x90\x1a\x94\x07\x93\x98\x9a\x94\x1e\
\xcf\x06\x94\x98\x7c\x83\x1f\x0e\x28\x1d\xf1\x06\x96\x9c\x73\x7d\
\x96\x1f\xe8\xa7\x05\xbb\x72\x5b\xc4\x4f\x1b\xfb\x02\x20\x0a\x0b\
\x15\x84\x94\x78\x9e\x82\x92\x08\x95\x7d\x7b\x8f\x7c\x1b\x3d\x06\
\x7c\x7b\x87\x81\x7d\x1f\x82\x84\x78\x78\x84\x82\x08\x81\x7d\x87\
\x7b\x7c\x1a\x76\x07\x7c\x8f\x7b\x95\x7d\x1e\x92\x82\x9e\x78\x94\
\x84\x08\x81\x99\x9b\x87\x9a\x1b\xc8\x06\x92\x95\x91\x94\x97\x1f\
\x6a\x07\x86\x89\x88\x84\x84\x1e\x84\x84\x88\x89\x86\x1b\x56\x06\
\x80\x79\x97\x99\x7f\x1f\x49\x64\x05\x68\xa5\xb0\x6e\xb9\x1b\xca\
\x48\x1d\xf7\x20\x5d\x0a\x2d\x35\x15\x53\x06\x87\x88\x8d\x91\x86\
\x1f\x85\x90\x89\x8e\x8f\x1a\x9d\x07\x8f\x8d\x8e\x91\x91\x1e\x90\
\x90\x8e\x8d\x8f\x1b\xc5\x06\x90\x8e\x89\x84\x92\x1f\x92\x84\x8d\
\x88\x86\x1a\x77\x07\x83\x80\x81\x85\x86\x1b\x0e\x87\x83\x81\x7e\
\x7e\x1e\x7d\x7d\x82\x84\x87\x1b\x0b\xa0\x85\xa2\x7d\x9e\x1e\x0b\
\x99\x78\x74\x91\x76\x1b\x0b\xf7\x02\x07\x91\x8e\x8f\x93\x93\x1e\
\x93\x93\x8f\x8e\x91\x1b\xc1\x06\x91\x8f\x88\x83\x93\x1f\x93\x83\
\x8e\x87\x85\x1a\xfb\x02\xb9\x1d\x83\x83\x5f\x0a\x83\x1f\x83\x93\
\x88\x8f\x91\x1a\x0b\x9a\x84\x0a\x95\x7d\x7b\x8f\x7c\x1b\x42\x06\
\x5f\x66\x71\x65\x6f\x1f\xce\x64\x05\x99\x97\x9c\x97\x96\x1b\xca\
\x06\x90\x8e\x89\x84\x92\x1f\x92\x84\x8d\x88\x86\x1a\x87\x07\x7c\
\x83\x82\x79\x1e\x53\x43\xc3\x06\x9d\x93\x85\x7d\x1f\x85\x07\x86\
\x89\x88\x84\x84\x1e\x84\x84\x88\x89\x86\x1b\x4c\x06\x80\x79\x97\
\x99\x7f\x1f\x49\x64\x05\x68\xa5\xb0\x6e\xb9\x1b\xd4\x06\x9a\x9b\
\x8f\x95\x99\x1f\x0b\xf7\x04\x06\xfb\x64\xf8\xea\x05\x85\x0a\xb4\
\x0a\xf7\x79\x06\xfb\x57\xef\x15\xdc\xf7\x85\xdc\xfb\x85\x05\x0e\
\x15\x95\x7d\x7b\x8f\x7c\x1b\x4e\x06\x84\x81\x85\x82\x7f\x1f\xac\
\x07\x90\x8d\x8e\x92\x92\x1e\x92\x92\x8e\x8d\x90\x1b\xc0\x06\x96\
\x9d\x7f\x7d\x97\x1f\xcd\xb2\x05\xae\x71\x66\xa8\x5d\x1b\x4c\x06\
\x7c\x7b\x87\x81\x7d\x1f\x82\x84\x78\x78\x84\x82\x08\x81\x7d\x87\
\x7b\x7c\x1a\xfb\x20\x07\x7c\x8f\x7b\x95\x7d\x1e\x92\x82\x9e\x78\
\x94\x84\x08\x81\x99\x9b\x87\x9a\x1b\xd9\x48\x1d\xa0\x84\x0a\x6f\
\x29\x15\x87\x89\x88\x86\x0b\x15\x3f\x25\x1d\x99\x28\x1d\xf7\x1b\
\x55\x06\x82\x83\x63\x6c\x80\x1b\x0e\x15\xb1\x4e\x05\xf2\x06\x2f\
\xf7\x17\x05\x29\x06\x2f\xfb\x17\x05\xf2\x06\x0b\x30\x1d\xf7\x28\
\x3c\x0a\x0b\x15\x38\x1d\x0b\x06\x8f\x95\x83\x7e\x98\x1f\x99\x7d\
\x92\x82\x87\x1a\x0b\xcc\x76\xbc\x7b\xca\xa6\xa7\xd1\x19\x36\xa0\
\x82\x76\x7b\x84\x81\x8e\x19\x47\xa0\x58\x9b\x50\x70\x6f\x44\x19\
\x0b\xc3\xf8\x7d\xf8\x67\x15\x27\x0a\xfb\xb8\xfc\xea\x7e\x0a\xdc\
\x07\xb5\x74\xa0\x74\xa2\x1e\xa2\xa2\xa2\xa4\xb2\x1a\x22\x8d\x15\
\x76\x0a\xf7\x2b\x93\x1d\xfb\xd2\x04\x76\x0a\xf7\x2a\x93\x1d\x0e\
\x15\x26\x0a\x0b\xf7\x5b\xe3\x06\x56\xc3\x05\x72\xa6\x76\xa9\x92\
\x1a\xf7\x8b\x30\x1d\xf7\x36\x3c\x0a\xfb\x8b\x07\x84\x79\x72\x73\
\x71\x1e\x52\x4d\x05\x33\xf7\x5b\xed\x4b\x07\xa3\x9f\x05\xa8\xa3\
\x99\xac\xaa\x1a\xf7\x8a\x51\x0a\x51\x1d\xfb\x36\x06\x68\x76\x82\
\x73\x71\x1f\x80\x81\x75\x74\x7f\x7d\x08\x79\x76\x85\x77\x6d\x1a\
\xfb\x8a\x07\x6c\x95\x66\xac\x77\x1e\xac\x77\x05\x42\x06\x0e\xfb\
\x40\x07\x27\x1d\x0b\x15\xef\xfc\x0c\xfc\xea\xf8\x0c\xef\xfb\xa3\
\xf7\x27\xf7\x90\xef\xfb\x90\xf7\x2b\x07\x0e\xf8\x16\x15\xe1\x28\
\x0a\xfb\x1f\x23\x1d\x35\x07\x65\xa1\x71\xa3\x74\x1e\x73\x75\x75\
\x73\x65\x1a\x32\x20\x1d\xf7\x1f\x22\x0a\xe4\x07\xb1\x75\xa3\x73\
\xa1\x1e\xa3\xa2\xa1\xa5\xb1\x1a\x22\x8d\x15\x76\x1d\xfb\xdc\x04\
\x76\x1d\x0e\x1f\x85\xa5\x05\x2a\x7f\x0a\xf7\xc1\x07\x99\x98\xa6\
\xa6\x9e\x1b\xd1\x25\x0a\x0b\x35\x1d\xeb\x25\x0a\x0b\x15\xe7\xf7\
\x17\x05\x24\x06\x65\x4e\x65\xc8\x05\x24\x06\xe7\xfb\x17\x05\x0b\
\x28\x0a\x29\x06\x0b\x15\xfb\x1b\xfb\x7c\xfb\x1a\xf7\x7c\x7b\x1d\
\xf7\x58\xfb\xe7\x05\xfb\x97\xf4\xf7\x97\x07\xf7\x5a\xf7\xe7\x05\
\x0e\xf7\x0a\x06\xfb\x0a\xf7\x86\x94\x8e\x94\x90\x93\x91\x19\x97\
\x94\xa6\xa6\x94\x97\x08\x99\x9e\x91\xa2\xa0\x1a\xef\x28\x0a\xfb\
\xb9\x89\x0a\xf7\x80\xf7\x06\x06\xfb\x06\xf7\x9a\x15\x80\x1d\x39\
\x07\x27\x1d\xfb\x42\x06\x0e\xf7\x48\x40\x1d\x0b\x15\x31\xfc\x3a\
\x28\xf8\x3a\x05\xfb\x03\x06\x28\xfc\x3b\x31\xf8\x3b\x05\xfb\x01\
\x06\xf7\x1d\xfc\xea\x05\xf7\x0c\x06\xec\xf8\x36\xeb\xfc\x36\x05\
\xf7\x0c\x06\xf7\x1d\xf8\xea\x05\x0e\x15\x77\xa0\xb0\xcf\x05\x47\
\x06\x7b\x6d\x05\x92\x7c\x7b\x8e\x77\x8b\x0a\x9f\x76\x66\x47\x05\
\xcf\x06\x9b\xa9\x05\x84\x9a\x9b\x88\x9f\x1b\x73\x0a\xfb\xd0\xfc\
\x1b\xa0\x1d\x8c\x8c\x8b\x8a\x8c\x1f\xfb\x5a\xfb\xfe\x05\x8a\x8c\
\x8b\x8c\x8c\x1a\xf7\x88\x16\xa7\x0a\x8a\x8a\x8b\x8c\x8a\x1f\xf7\
\x5a\xf7\xfe\x05\x8c\x8a\x8b\x8a\x8a\x1a\x0e\x15\x26\xfb\xba\x25\
\xf7\xba\x05\xfb\x02\x06\xf7\x31\xfc\x44\x05\x94\x06\x4f\xfb\x36\
\x05\xf0\x06\xf7\x68\xf8\xe6\x05\x0e\x07\x68\x94\x76\xa3\x71\x1e\
\x95\x80\xa2\x75\x99\x7f\x0b\x21\x1d\xe0\x28\x0a\xfb\x4f\x0b\x29\
\x0a\xc7\x07\xb8\x70\xbc\x58\x9a\x1e\x0b\x07\xae\x82\xa0\x73\xa5\
\x1e\x0b\x15\x7d\x80\x7a\x73\x80\x1b\x21\x25\x1d\x8d\x28\x1d\xed\
\xe5\xae\x0a\x29\x1d\xf3\x06\x96\x9c\x73\x7d\x96\x1f\xe8\xa7\x05\
\xbb\x72\x5b\xc4\x4f\x1b\xfb\x04\x23\x1d\x7d\x07\x6d\x98\x73\xa2\
\x77\x1e\x74\x74\x7e\x77\x66\x1a\x7f\x9a\x0a\xc7\xbb\x7c\x0a\x0e\
\xfc\x5b\x37\x1d\x0b\x06\xbc\xad\xa8\xb0\xaa\x1f\x97\x99\x9d\xa7\
\x90\x98\x24\xa6\x18\x6e\x78\x75\x78\x82\x1b\x0b\x15\x27\x1d\x0b\
\x21\x1d\x9b\x28\x0a\xfb\x24\xf7\x33\x0b\x15\xfc\x27\x07\xfb\x61\
\xf8\x27\x05\xfb\x05\x89\x0a\xf8\x21\x06\xf7\x63\xfc\x21\x05\xf7\
\x03\xf8\xea\x06\x0b\x8b\xc8\xfb\x36\x15\xef\xf7\x4c\x06\x7e\x9c\
\xa0\x7d\xa0\x1b\xe1\x2b\x1d\x82\x97\x70\xa6\x7f\x94\x08\x99\x78\
\x74\x91\x76\x1b\x35\x06\x73\x75\x7a\x7d\x79\x1f\x86\xa5\x05\x28\
\x06\x94\x32\x05\xf7\x36\xfb\x91\x15\x80\x67\xa7\x9c\x7c\x1f\xf7\
\x37\x07\x9a\x98\xb0\xa8\x97\x1b\xd5\x25\x0a\x41\x0a\x0e\x15\x5c\
\xc9\x39\x4d\x55\x06\xd9\xf7\x4b\x05\x2e\x06\x38\xfb\x53\x05\x47\
\xf7\x2c\x51\xdd\xc5\xba\x07\x0e\xf7\xc7\x3f\x0a\xfb\x24\xf7\x0f\
\xf7\x8a\xef\xfb\xf3\xfb\xd7\xf7\x7f\x25\x0a\x27\x07\x27\x1d\x20\
\xb7\x0a\x9b\x72\x99\x7a\x19\x66\xaa\xad\x6e\xbc\x1b\xf7\x11\x22\
\x0a\xf7\x0a\x40\x1d\x0e\x22\x0a\xf7\xee\x40\x1d\x0b\x15\xc0\xb8\
\xb7\xc2\xbf\x5e\xb8\x56\x56\x5c\x5e\x57\x54\xba\x5f\xc0\x1f\xc7\
\x04\x76\x7a\x9d\xa0\x9e\x9c\x9c\xa0\xa0\x9a\x7a\x78\x76\x7c\x79\
\x76\x1f\x0b\x07\x9a\x87\x9b\x81\x99\x1e\x0b\xf7\x03\xf8\x8b\xa3\
\x0a\xfb\x90\x45\x31\xd1\xfb\x94\xf7\xb9\x29\x0a\xf7\xbc\x51\x0a\
\x43\xfc\x11\x15\x31\x0a\xfb\x4e\xf7\x30\xed\xe5\x29\xf7\x2c\xf7\
\x4e\x6b\x0a\x1e\x83\x83\x87\x88\x85\x1b\x55\x06\x85\x87\x8e\x93\
\x0b\x07\x27\x1d\x0e\x07\x93\x8f\x91\x96\x96\x1e\x0b\x65\x0a\xf7\
\xc6\x40\x1d\x0b\xf7\x15\x06\xfb\x73\xf7\xc5\xf7\x6f\xf7\xb9\x05\
\xfb\x11\x06\xfb\x4c\xfb\x89\x05\x6a\xf7\x89\x22\xfc\xea\xb4\x1d\
\x0e\xf7\x26\xf7\xa8\x15\x2c\x1d\x0b\x25\x0a\xfb\xc2\xef\x0b\xf7\
\x40\xf8\x6c\xf8\xea\x15\xfb\x22\xfb\xc8\xfb\x23\xf7\xc8\x05\xfb\
\x0d\x89\x0a\xf8\x2a\x06\xf7\x08\xfb\x91\x05\xe0\x06\xf7\x08\xf7\
\x91\x05\xfc\x2a\xf4\xf8\xea\x07\x0e\xa8\x98\x1b\xcf\x62\x0a\x0b\
\x29\x0a\xf7\xc6\x51\x0a\x51\x1d\x0b\xf8\x72\x15\xf5\x06\xbb\xf7\
\x22\x2a\xa9\x05\xfb\x53\xfb\x2e\x15\xec\xf2\x2a\x06\xf7\xd3\x24\
\x15\xec\xf2\x2a\x06\x0b\xfb\x07\x06\x0b\x3c\x0a\x0e\x15\x51\x1d\
\x0b\x15\x94\xa0\x97\x91\x94\x89\xf7\x0a\x72\x18\xc1\x80\xc2\xa7\
\xa7\xd1\x2d\xa8\x18\x82\x76\x7f\x84\x82\x8d\xfb\x0b\xa3\x18\x55\
\x96\x54\x71\x6f\x45\x08\x0b\xef\xf7\x4a\xb1\x06\xf7\x1c\xfb\x4a\
\x05\xf7\x14\x06\xfb\x45\xf7\x7b\xf7\x3a\xf7\x5d\x05\xfb\x10\x06\
\xfb\x14\xfb\x30\x05\x64\xf7\x30\x27\x06\x0e\x3f\x0a\x39\x06\x76\
\x74\x7b\x7c\x78\x44\x0a\xfc\x65\xef\xf8\x69\x40\x1d\x0e\x15\xf7\
\x5c\xf7\x93\x05\xdd\xfb\xea\x2c\xf7\x63\x07\xfb\x5b\xfb\x94\x05\
\x3a\xf7\xec\xea\x07\x0e\x07\x93\x91\x87\x80\x96\x1f\x96\x80\x8f\
\x85\x83\x1a\x0b\x15\xf7\x2b\x93\x0a\x44\x60\x0a\x9b\x0a\xf7\xc6\
\x51\x0a\x0b\xf0\x06\x87\xa8\x82\xbd\x94\x1a\xf7\xec\x27\xfb\xf7\
\x07\x85\x93\x5b\x8f\x74\x1e\x0e\x31\x0a\x49\x06\x3e\x1d\xd3\x06\
\xae\xa0\x93\xa3\xa5\x1f\x96\x95\xa1\xa2\x97\x99\x08\x9d\xa0\x91\
\x9f\xa9\x1a\x0b\x27\x1d\xfb\x41\x0b\xf4\xf8\xea\x22\x06\x0e\x07\
\x27\x1d\x2c\x06\x0b\x87\x81\x93\x98\x7e\x1f\x7d\x99\x84\x94\x8f\
\x1a\x42\x1d\x0b\x15\xef\xfc\x4a\x07\xb4\x0a\xf7\x26\xfb\x13\xf7\
\xee\xef\xfb\x85\xf7\x27\xf7\x72\xef\xfb\x72\xf7\x2b\x06\xfb\x6d\
\xfb\xa3\x15\xe8\xf7\xa3\x05\x9e\xfb\xa3\x06\x0e\x9f\x85\xa9\x0b\
\xc4\xbb\xa4\x1f\x0b\x15\x7e\x1d\x0b\xf7\xb8\x22\x0a\x0b\x06\x95\
\x32\x05\xfb\xeb\xef\x0b\xe6\x22\x0a\x0b\x15\xc0\xb8\xb7\xc2\xbf\
\x5e\xb8\x56\x56\x5c\x5e\x57\x54\xba\x5f\xc0\x1f\xf7\x1b\x04\xa0\
\x9a\x7a\x78\x76\x7c\x79\x76\x76\x7a\x9d\xa0\x9e\x9c\x9c\xa0\x1f\
\x0b\xf7\x6f\x15\x49\xf8\x0f\xfb\x26\x06\xfb\x79\xfc\x19\x05\x31\
\xf7\xa3\xfb\x0b\xf3\xf7\x0b\xcd\x07\xfb\xd2\xef\x15\xf7\x28\xf7\
\x95\x05\xfb\x95\x07\x0e\x7f\x82\x70\x70\x82\x7f\x08\x7d\x78\x85\
\x74\x76\x1a\x63\x48\x2c\xce\xfb\xe5\xef\x0b\x5d\x0a\x84\x94\x78\
\x9e\x82\x92\x08\x0b\xfb\x0e\x06\x0b\xbb\xf7\x39\x26\xa2\x51\xfb\
\x50\x05\x0b\xf8\x81\x15\xf6\xf6\x20\x06\x0b\x15\xf7\x2a\x93\x0a\
\x45\x60\x0a\xfc\xea\xf4\x0b\x15\xfb\x1b\xfb\xde\xfb\x15\xf7\xde\
\x05\xfb\x04\x06\xf7\x45\xfc\x4b\x05\xa0\x06\x4c\xfb\x33\x05\xf1\
\x06\xf7\x8b\xf8\xea\x05\x0e\x1b\xfb\x2c\x06\x68\x76\x82\x73\x71\
\x1f\x80\x81\x75\x74\x7f\x7d\x08\x79\x76\x85\x77\x6d\x1a\xfb\xc6\
\x07\x68\x94\x76\xa3\x71\x1e\x0b\x06\x4f\x5b\x52\x61\x1d\x0b\x9b\
\x0a\xf7\xc5\x51\x0a\x0b\x06\x67\x7b\x73\x6b\x61\x52\x1d\x8f\x0b\
\x45\xf7\xcb\xf8\x44\x15\x25\xfb\xb8\x27\xf7\xb8\x05\xfb\x02\x06\
\xf7\x31\xfc\x44\x05\xf5\x06\xf7\x30\xf8\x44\x05\x0e\x61\x7e\x6c\
\x68\x5c\x52\x1d\x8f\x0b\x23\x1d\xfb\x48\x07\x76\x91\x74\x99\x78\
\x1e\x0b\xf8\xfd\x15\x2a\xa9\x5a\xfb\x36\x05\xf5\x06\x0b\xf7\x41\
\x71\x0a\x0b\x15\xfb\x61\xfc\x27\x05\xf8\x27\x22\xfc\xea\xf7\x03\
\x07\xf7\x63\xf8\x21\x05\xfc\x21\xf4\xf8\xea\x07\x0e\xe3\x06\xf7\
\xd8\xf8\xea\x05\x0b\xf7\x49\x99\x1d\x0b\x06\x7c\x79\x87\x80\x7d\
\x1f\x82\x84\x77\x77\x84\x82\x08\x0b\xec\x06\xf7\x4d\xf7\x9e\x05\
\xfb\x9e\xef\xf8\x44\x27\x07\xfb\x4a\xfb\x9a\x05\xf7\x9a\x27\x07\
\x0e\x26\x0a\x3c\x96\x1d\xf7\x50\x27\x0b\x20\x1d\xf7\x06\x06\x0b\
\xf7\x2c\x29\x0a\x0b\x07\x78\x90\x76\x98\x7a\x1e\x93\x80\xa3\x73\
\x96\x83\x08\x7e\x9c\xa0\x86\x9e\x1b\x0e\x61\x0a\xf7\x40\xfc\x0e\
\xab\x1d\x85\x0a\x0b\x80\x80\x85\x87\x83\x1b\x2b\x25\x1d\x0b\x06\
\xa9\x9f\x91\x9d\xa0\x1f\x99\x97\xa2\xa1\x95\x96\x08\xa3\xa5\x94\
\xa0\xae\x1a\x0b\xf8\x79\x15\xf5\x06\xb3\xf7\x18\x2a\xa9\x05\x0b\
\x93\xcf\x05\xf7\x0b\x29\x21\x07\x82\x3a\x05\x0b\x07\x83\x87\x85\
\x80\x80\x1e\x0b\xf8\xa5\x6c\x0a\xfb\xb9\x0b\x7a\xf8\x48\xf8\xea\
\x15\xfc\x06\x89\x0a\xf8\x86\xf7\x9d\x06\x0e\x06\x9b\x8c\x7d\x7a\
\x85\x1f\x64\xfb\x04\x0b\x35\x1d\xe8\xe9\x25\x06\x36\x1d\x0b\x31\
\x0a\xfb\x28\x06\x0b\x25\x0a\xfb\xdc\x0b\xf2\x70\x18\xab\x0a\x0b\
\x5b\xfb\x39\xf0\x74\xc5\xf7\x50\x05\x0b\xa8\x9e\xa1\x9e\x93\x1b\
\x0b\x07\x27\x1d\x39\x0b\x98\x9d\x91\xa0\x9f\x1a\xb1\x07\x9f\x85\
\xa0\x7e\x9d\x1e\x0b\x29\x25\x1d\x0b\xf7\x3f\xef\x89\x1d\x0b\x06\
\x8f\x94\x84\x7d\x99\x1f\x98\x7e\x93\x81\x87\x1a\x0b\x29\xfb\xe7\
\x39\xf7\xe7\x29\xfb\xe7\x3c\xf7\xe7\x29\x0b\xf7\x07\x37\xb9\x0a\
\x0b\x15\x20\x20\xf6\x06\x0b\xfb\x65\xfc\xea\x05\xf7\x04\x06\xb6\
\xf7\x13\x05\x0b\x06\xc7\xbb\x7c\x0a\x2e\xa7\x05\x7d\x80\x0b\x16\
\xb8\x1d\x06\x82\x75\x9e\xa8\x78\x1f\x24\x70\x90\x7e\x0b\xf0\xf7\
\xe5\xf7\x5b\xea\xfb\xc0\x06\x0e\x15\x86\x0a\x0b\xb3\xf7\x0b\x05\
\xd6\xa4\x67\xc6\x3b\x1b\x0b\x00\x01\x00\x00\x00\x0c\x00\x00\x00\
\x00\x01\x2a\x00\x02\x00\x2f\x00\x01\x00\x44\x00\x01\x00\x46\x00\
\x53\x00\x01\x00\x55\x00\x5f\x00\x01\x00\x61\x00\x94\x00\x01\x00\
\x96\x00\xbb\x00\x01\x00\xbd\x00\xc7\x00\x01\x00\xc9\x00\xd4\x00\
\x01\x00\xd6\x00\xd6\x00\x01\x00\xd8\x00\xe2\x00\x01\x00\xe5\x01\
\x04\x00\x01\x01\x09\x01\x09\x00\x01\x01\x0b\x01\x0d\x00\x01\x01\
\x10\x01\x11\x00\x01\x01\x14\x01\x17\x00\x01\x01\x19\x01\x1b\x00\
\x01\x01\x1d\x01\x21\x00\x01\x01\x23\x01\x23\x00\x01\x01\x2e\x01\
\x2e\x00\x01\x01\x31\x01\x33\x00\x01\x01\x36\x01\x36\x00\x01\x01\
\x38\x01\x38\x00\x01\x01\x3b\x01\x3c\x00\x01\x01\x3f\x01\x40\x00\
\x01\x01\x43\x01\x46\x00\x01\x01\x4a\x01\x4a\x00\x01\x01\x4c\x01\
\x4d\x00\x01\x01\x4f\x01\x50\x00\x01\x01\x52\x01\x52\x00\x01\x01\
\x5d\x01\x5d\x00\x01\x01\x60\x01\x63\x00\x01\x01\x67\x01\x69\x00\
\x01\x01\x6b\x01\x70\x00\x01\x01\x72\x01\x73\x00\x01\x01\x75\x01\
\x75\x00\x01\x01\x77\x01\x77\x00\x01\x01\x79\x01\x7a\x00\x01\x01\
\x7c\x01\x7c\x00\x01\x01\x7f\x01\x84\x00\x01\x01\x86\x01\x88\x00\
\x01\x01\x8c\x01\x8c\x00\x01\x01\x8e\x01\x8e\x00\x01\x01\x90\x01\
\x91\x00\x01\x01\x94\x01\x94\x00\x01\x01\x96\x01\x96\x00\x01\x01\
\x9c\x01\x9c\x00\x01\x01\xa0\x01\xab\x00\x01\x02\x4c\x02\x5e\x00\
\x03\x00\x02\x00\x02\x02\x4c\x02\x57\x00\x02\x02\x58\x02\x58\x00\
\x01\x00\x00\x00\x01\x00\x00\x00\x0a\x00\x6e\x00\xe4\x00\x02\x44\
\x46\x4c\x54\x00\x0e\x6c\x61\x74\x6e\x00\x1e\x00\x04\x00\x00\x00\
\x00\xff\xff\x00\x03\x00\x00\x00\x05\x00\x0a\x00\x16\x00\x03\x43\
\x41\x54\x20\x00\x22\x4d\x4f\x4c\x20\x00\x2e\x52\x4f\x4d\x20\x00\
\x3a\x00\x00\xff\xff\x00\x03\x00\x01\x00\x06\x00\x0b\x00\x00\xff\
\xff\x00\x03\x00\x02\x00\x07\x00\x0c\x00\x00\xff\xff\x00\x03\x00\
\x03\x00\x08\x00\x0d\x00\x00\xff\xff\x00\x03\x00\x04\x00\x09\x00\
\x0e\x00\x0f\x6b\x65\x72\x6e\x00\x5c\x6b\x65\x72\x6e\x00\x5c\x6b\
\x65\x72\x6e\x00\x5c\x6b\x65\x72\x6e\x00\x5c\x6b\x65\x72\x6e\x00\
\x5c\x6d\x61\x72\x6b\x00\x64\x6d\x61\x72\x6b\x00\x64\x6d\x61\x72\
\x6b\x00\x64\x6d\x61\x72\x6b\x00\x64\x6d\x61\x72\x6b\x00\x64\x6d\
\x6b\x6d\x6b\x00\x6e\x6d\x6b\x6d\x6b\x00\x6e\x6d\x6b\x6d\x6b\x00\
\x6e\x6d\x6b\x6d\x6b\x00\x6e\x6d\x6b\x6d\x6b\x00\x6e\x00\x00\x00\
\x02\x00\x00\x00\x01\x00\x00\x00\x03\x00\x02\x00\x03\x00\x04\x00\
\x00\x00\x02\x00\x05\x00\x06\x00\x07\x00\x10\x02\x42\x21\xae\x24\
\x26\x27\x40\x38\x54\x38\x9e\x00\x02\x00\x08\x00\x03\x00\x0c\x00\
\x34\x01\x36\x00\x01\x00\x14\x00\x04\x00\x00\x00\x05\x00\x22\x00\
\x22\x00\x22\x00\x22\x00\x22\x00\x01\x00\x05\x01\xf3\x01\xf4\x01\
\xf8\x02\x10\x02\x15\x00\x01\x01\xf3\x00\x00\x00\x02\x00\x60\x00\
\x04\x00\x00\x00\x7c\x00\xb6\x00\x05\x00\x08\x00\x00\x00\x32\x00\
\x00\x00\x00\x00\x00\x00\x00\x00\x00\x00\x00\x00\x00\x00\x00\xff\
\xc4\x00\x00\x00\x00\x00\x00\x00\x00\x00\x00\x00\x00\x00\x32\x00\
\x00\xff\xa6\xff\xce\xff\xd8\xff\xa6\xff\xc4\x00\x00\x00\x00\xff\
\xc4\x00\x00\x00\x00\x00\x00\x00\x00\x00\x00\x00\x00\xff\x9c\x00\
\x00\x00\x00\x00\x00\x00\x00\x00\x00\x00\x00\x00\x01\x00\x0c\x01\
\xf2\x01\xf3\x01\xf4\x01\xf8\x01\xfd\x01\xfe\x02\x0d\x02\x0f\x02\
\x10\x02\x12\x02\x14\x02\x15\x00\x02\x00\x09\x01\xf3\x01\xf4\x00\
\x02\x01\xf8\x01\xf8\x00\x02\x01\xfe\x01\xfe\x00\x04\x02\x0d\x02\
\x0d\x00\x01\x02\x0f\x02\x0f\x00\x01\x02\x10\x02\x10\x00\x02\x02\
\x12\x02\x12\x00\x03\x02\x14\x02\x14\x00\x03\x02\x15\x02\x15\x00\
\x02\x00\x01\x01\xf3\x00\x23\x00\x02\x00\x02\x00\x00\x00\x00\x00\
\x00\x00\x02\x00\x00\x00\x00\x00\x03\x00\x03\x00\x00\x00\x01\x00\
\x00\x00\x00\x00\x00\x00\x00\x00\x00\x00\x00\x00\x00\x00\x00\x00\
\x00\x00\x00\x00\x00\x00\x00\x00\x00\x00\x04\x00\x05\x00\x04\x00\
\x05\x00\x02\x00\x06\x00\x07\x00\x06\x00\x07\x00\x02\x00\x02\x00\
\x58\x00\x04\x00\x00\x00\x7c\x00\xc2\x00\x06\x00\x06\x00\x00\x00\
\x14\x00\x00\x00\x00\x00\x00\x00\x00\x00\x00\x00\x00\x00\x1e\xff\
\xe2\x00\x28\x00\x00\x00\x00\x00\x14\x00\x00\x00\x00\x00\x00\x00\
\x00\x00\x00\x00\x00\x00\x00\x00\x00\x00\x00\xff\xce\x00\x00\xff\
\xc4\x00\x00\x00\x00\x00\x00\x00\x00\x00\x00\x00\x14\x00\x00\x00\
\x00\x00\x00\x00\x00\x00\x01\x00\x10\x01\xb3\x01\xcd\x01\xce\x01\
\xd0\x01\xd3\x01\xd7\x01\xd8\x01\xda\x01\xdd\x01\xe0\x01\xe1\x01\
\xe4\x01\xea\x01\xeb\x01\xec\x01\xed\x00\x02\x00\x0b\x01\xb3\x01\
\xb3\x00\x03\x01\xcd\x01\xcd\x00\x02\x01\xce\x01\xce\x00\x05\x01\
\xd3\x01\xd3\x00\x04\x01\xd7\x01\xd7\x00\x02\x01\xd8\x01\xd8\x00\
\x05\x01\xdd\x01\xdd\x00\x04\x01\xe0\x01\xe0\x00\x02\x01\xe1\x01\
\xe1\x00\x05\x01\xea\x01\xea\x00\x01\x01\xeb\x01\xeb\x00\x05\x00\
\x02\x00\x09\x01\xb0\x01\xb0\x00\x05\x01\xd0\x01\xd0\x00\x03\x01\
\xd1\x01\xd1\x00\x02\x01\xd3\x01\xd3\x00\x04\x01\xda\x01\xda\x00\
\x03\x01\xdb\x01\xdb\x00\x02\x01\xdd\x01\xdd\x00\x04\x01\xe4\x01\
\xe4\x00\x03\x01\xea\x01\xea\x00\x01\x00\x02\x00\x08\x00\x08\x00\
\x16\x00\x82\x01\x08\x05\xda\x13\x4c\x19\x20\x1d\x38\x1e\x82\x00\
\x01\x00\x2a\x00\x04\x00\x00\x00\x10\x00\x66\x00\x66\x00\x66\x00\
\x66\x00\x66\x00\x66\x00\x66\x00\x66\x00\x66\x00\x66\x00\x40\x00\
\x40\x00\x40\x00\x40\x00\x40\x00\x66\x00\x02\x00\x03\x00\x01\x00\
\x0a\x00\x00\x00\x61\x00\x65\x00\x0a\x02\x32\x02\x32\x00\x0f\x00\
\x09\x00\xad\xff\xec\x00\xaf\xff\xec\x00\xb0\xff\xec\x00\xb1\xff\
\xf6\x00\xb2\xff\xf6\x00\xb3\xff\xf6\x00\xb4\xff\xe8\x00\xb5\xff\
\xec\x00\xb6\x00\x0a\x00\x01\x00\xf6\xff\xf6\x00\x01\x00\x14\x00\
\x04\x00\x00\x00\x05\x00\x80\x00\x22\x00\x22\x00\x22\x00\x80\x00\
\x01\x00\x05\x01\x09\x01\x0c\x01\x0d\x01\x0e\x02\x32\x00\x17\x01\
\x3a\xff\xec\x01\x3b\xff\xec\x01\x3c\xff\xec\x01\x3d\xff\xec\x01\
\x43\xff\xec\x01\x44\xff\xec\x01\x45\xff\xec\x01\x46\xff\xec\x01\
\x48\xff\xec\x01\x49\xff\xec\x01\x4b\xff\xec\x01\x4c\xff\xec\x01\
\x54\xff\xec\x01\x55\xff\xec\x01\x56\xff\xec\x01\x57\xff\xec\x01\
\x58\xff\xec\x01\x5a\xff\xec\x01\x5c\xff\xec\x01\x60\xff\xec\x01\
\x61\xff\xec\x01\x64\xff\xec\x02\x36\xff\xec\x00\x01\x01\x2a\xff\
\xe7\x00\x02\x01\xc0\x00\x04\x00\x00\x01\xe8\x02\x34\x00\x08\x00\
\x1b\x00\x00\x00\x0a\x00\x00\x00\x00\x00\x00\x00\x00\x00\x00\x00\
\x00\x00\x00\x00\x00\x00\x00\x00\x00\x00\x00\x00\x00\x00\x00\x00\
\x00\x00\x00\x00\x00\x00\x00\x00\x00\x00\x00\x00\x00\x00\x00\x00\
\x00\x00\x00\x00\x00\x00\x00\x00\x00\x00\x00\xff\xe2\x00\x00\x00\
\x00\x00\x00\x00\x00\x00\x00\x00\x00\x00\x00\x00\x00\x00\x00\x00\
\x00\x00\x00\x00\x00\x00\x00\x00\x00\x00\x00\x00\x00\x00\x00\x00\
\x00\x00\x00\x00\x00\x00\x00\x00\x00\x00\x00\x00\x00\x00\x00\x00\
\x00\x00\x00\xff\xe2\x00\x00\x00\x00\x00\x00\x00\x00\x00\x00\x00\
\x00\x00\x00\x00\x00\x00\x00\x00\x00\x00\x00\x00\x00\x00\x00\x00\
\x00\x00\x00\x00\x00\x00\x00\x00\x00\x00\x00\x00\x00\x00\x00\x00\
\x00\x00\x00\x00\x00\x00\x14\xff\xc2\x00\x00\xff\xd8\xff\xe2\xff\
\xa3\x00\x00\x00\x00\x00\x00\x00\x00\x00\x00\x00\x00\x00\x00\x00\
\x00\x00\x00\x00\x00\x00\x00\x00\x00\x00\x00\x00\x00\x00\x00\x00\
\x00\x00\x00\x00\x00\x00\x00\x00\x00\x00\x00\xff\xc2\x00\x00\xff\
\xce\x00\x00\x00\x00\x00\x00\x00\x00\x00\x00\x00\x00\x00\x00\x00\
\x00\x00\x00\x00\x00\x00\x00\x00\x00\x00\x00\x00\x00\x00\x00\x00\
\x00\x00\x00\x00\x00\x00\x00\x00\x00\x00\x00\x00\x00\x00\x00\x00\
\x00\xff\xc2\x00\x00\xff\xce\x00\x00\x00\x00\x00\x00\xff\xf4\xff\
\xec\xff\xd8\xff\xd8\xff\xd8\xff\xec\xff\xd8\xff\xec\xff\xd8\xff\
\xd8\xff\xd8\xff\xec\xff\xec\xff\xec\xff\xec\xff\xec\xff\xec\xff\
\xd8\xff\xec\xff\xd8\x00\x00\xff\xd8\x00\x00\x00\x00\x00\x00\x00\
\x00\x00\x00\x00\x00\x00\x00\x00\x00\x00\x00\xff\xce\x00\x00\xff\
\xce\x00\x00\x00\x00\x00\x00\x00\x00\x00\x00\x00\x00\x00\x00\x00\
\x00\x00\x00\x00\x00\x00\x00\x00\x00\x00\x00\x00\x00\x00\x00\xff\
\xe2\x00\x00\x00\x00\x00\x00\x00\x00\x00\x00\x00\x00\x00\x00\x00\
\x00\x00\x00\x00\x00\x00\x00\x00\x00\x00\x00\x00\x00\x00\x00\x00\
\x00\x00\x00\x00\x00\x00\x00\x00\x00\x00\x00\x00\x00\x00\x00\x00\
\x00\x00\x02\x00\x06\x01\xf2\x01\xf4\x00\x00\x01\xf8\x01\xf8\x00\
\x03\x01\xfd\x01\xff\x00\x04\x02\x06\x02\x0b\x00\x07\x02\x0d\x02\
\x0d\x00\x0d\x02\x0f\x02\x15\x00\x0e\x00\x01\x01\xf3\x00\x23\x00\
\x03\x00\x03\x00\x00\x00\x00\x00\x00\x00\x03\x00\x00\x00\x00\x00\
\x00\x00\x00\x00\x00\x00\x06\x00\x07\x00\x00\x00\x00\x00\x00\x00\
\x00\x00\x00\x00\x00\x00\x01\x00\x01\x00\x01\x00\x01\x00\x01\x00\
\x01\x00\x00\x00\x02\x00\x00\x00\x02\x00\x03\x00\x04\x00\x05\x00\
\x04\x00\x05\x00\x03\x00\x02\x00\x6f\x00\x01\x00\x0b\x00\x01\x00\
\x0e\x00\x13\x00\x07\x00\x24\x00\x28\x00\x07\x00\x36\x00\x37\x00\
\x03\x00\x47\x00\x52\x00\x07\x00\x55\x00\x55\x00\x07\x00\x60\x00\
\x60\x00\x07\x00\x61\x00\x65\x00\x02\x00\x71\x00\x71\x00\x04\x00\
\x72\x00\x76\x00\x05\x00\x78\x00\x7c\x00\x06\x00\x81\x00\x8c\x00\
\x0d\x00\x8e\x00\xa1\x00\x0b\x00\xa5\x00\xa9\x00\x10\x00\xad\x00\
\xb6\x00\x0c\x00\xbc\x00\xbc\x00\x0c\x00\xc3\x00\xc9\x00\x0c\x00\
\xca\x00\xd5\x00\x0b\x00\xd6\x00\xd6\x00\x0c\x00\xd8\x00\xd8\x00\
\x0b\x00\xd9\x00\xdc\x00\x0c\x00\xdd\x00\xe2\x00\x11\x00\xe5\x00\
\xe9\x00\x12\x00\xea\x00\xf4\x00\x14\x00\xf5\x00\xfa\x00\x15\x00\
\xfb\x00\xfb\x00\x16\x00\xfc\x01\x00\x00\x15\x01\x01\x01\x04\x00\
\x17\x01\x09\x01\x09\x00\x01\x01\x1b\x01\x1b\x00\x07\x01\x1e\x01\
\x1e\x00\x07\x01\x1f\x01\x1f\x00\x02\x01\x22\x01\x22\x00\x07\x01\
\x2a\x01\x2a\x00\x02\x01\x2f\x01\x2f\x00\x07\x01\x33\x01\x33\x00\
\x03\x01\x34\x01\x34\x00\x02\x01\x37\x01\x37\x00\x02\x01\x38\x01\
\x38\x00\x0d\x01\x3a\x01\x3d\x00\x0c\x01\x3e\x01\x3e\x00\x09\x01\
\x3f\x01\x40\x00\x0b\x01\x41\x01\x41\x00\x19\x01\x42\x01\x42\x00\
\x18\x01\x43\x01\x46\x00\x0c\x01\x47\x01\x47\x00\x0f\x01\x48\x01\
\x49\x00\x0c\x01\x4a\x01\x4a\x00\x0b\x01\x4b\x01\x4c\x00\x0c\x01\
\x4d\x01\x4d\x00\x0b\x01\x4e\x01\x4e\x00\x13\x01\x4f\x01\x50\x00\
\x15\x01\x51\x01\x51\x00\x0b\x01\x52\x01\x52\x00\x16\x01\x53\x01\
\x53\x00\x0e\x01\x54\x01\x58\x00\x0c\x01\x59\x01\x59\x00\x13\x01\
\x5a\x01\x5a\x00\x0c\x01\x5b\x01\x5b\x00\x0f\x01\x5c\x01\x5c\x00\
\x0c\x01\x5d\x01\x5d\x00\x11\x01\x5e\x01\x5e\x00\x0b\x01\x5f\x01\
\x5f\x00\x18\x01\x60\x01\x61\x00\x0c\x01\x64\x01\x64\x00\x0c\x01\
\x65\x01\x65\x00\x0a\x01\x67\x01\x67\x00\x01\x01\x6a\x01\x6a\x00\
\x01\x01\x6e\x01\x6e\x00\x07\x01\x71\x01\x71\x00\x01\x01\x75\x01\
\x75\x00\x07\x01\x79\x01\x79\x00\x02\x01\x7a\x01\x7a\x00\x06\x01\
\x7b\x01\x7b\x00\x07\x01\x7f\x01\x7f\x00\x01\x01\x83\x01\x83\x00\
\x07\x01\x84\x01\x84\x00\x06\x01\x87\x01\x87\x00\x06\x01\x88\x01\
\x88\x00\x0b\x01\x8a\x01\x8a\x00\x15\x01\x8c\x01\x8c\x00\x0b\x01\
\x8d\x01\x8d\x00\x07\x01\x8e\x01\x8e\x00\x0c\x01\x8f\x01\x8f\x00\
\x07\x01\x90\x01\x91\x00\x0c\x01\x93\x01\x93\x00\x0c\x01\x94\x01\
\x94\x00\x15\x01\x96\x01\x96\x00\x0b\x01\x97\x01\x97\x00\x13\x01\
\x98\x01\x98\x00\x1a\x01\x99\x01\x9a\x00\x0b\x01\x9b\x01\x9b\x00\
\x13\x01\x9c\x01\x9c\x00\x14\x01\x9d\x01\x9d\x00\x0b\x01\x9e\x01\
\x9e\x00\x08\x01\x9f\x01\x9f\x00\x14\x01\xa0\x01\xa0\x00\x0b\x01\
\xa1\x01\xa3\x00\x0c\x01\xa4\x01\xa6\x00\x14\x01\xa7\x01\xaa\x00\
\x0b\x01\xab\x01\xab\x00\x0c\x01\xac\x01\xac\x00\x07\x01\xaf\x01\
\xaf\x00\x07\x01\xb1\x01\xb2\x00\x07\x01\xb4\x01\xb5\x00\x07\x02\
\x00\x02\x00\x00\x07\x02\x04\x02\x04\x00\x07\x02\x1a\x02\x1a\x00\
\x07\x02\x32\x02\x32\x00\x01\x02\x36\x02\x36\x00\x0c\x02\x37\x02\
\x37\x00\x0b\x00\x02\x07\x48\x00\x04\x00\x00\x07\xee\x0a\x1a\x00\
\x15\x00\x2c\x00\x00\xff\xb9\xff\xcd\xff\xcd\xff\xa6\x00\x00\x00\
\x00\x00\x00\x00\x00\x00\x00\x00\x00\x00\x00\x00\x00\x00\x00\x00\
\x00\x00\x00\x00\x00\x00\x00\x00\x00\x00\x00\x00\x00\x00\x00\x00\
\x00\x00\x00\x00\x00\x00\x00\x00\x00\x00\x00\x00\x00\x00\x00\x00\
\x00\x00\x00\x00\x00\x00\x00\x00\x00\x00\x00\x00\x00\x00\x00\x00\
\x00\x00\x00\x00\x00\x00\x00\x00\x00\x00\x00\x00\x00\x00\x00\x00\
\x19\x00\x00\xff\xf9\xff\xc2\xff\xc2\x00\x28\xff\xc0\xff\xce\xff\
\xf9\xff\xbf\xff\xf9\xff\xce\xff\xe2\x00\x14\xff\xbf\xff\xf9\xff\
\xe2\xff\xf1\x00\x00\x00\x00\x00\x00\x00\x00\x00\x00\x00\x00\x00\
\x00\x00\x00\x00\x00\x00\x00\x00\x00\x00\x00\x00\x00\x00\x00\x00\
\x00\x00\x00\x00\x00\x00\x00\x00\x00\x00\x00\x00\x00\x00\x00\x00\
\x00\x00\x00\x00\x00\x00\x00\xff\xf9\x00\x00\x00\x00\x00\x00\x00\
\x00\x00\x00\x00\x00\x00\x00\x00\x00\x00\x00\x00\x00\x00\x00\x00\
\x00\x00\x00\xff\xe2\x00\x00\x00\x00\x00\x00\x00\x00\x00\x00\x00\
\x00\x00\x00\x00\x00\x00\x00\x00\x00\x00\x00\x00\x00\x00\x00\x00\
\x00\x00\x00\x00\x00\x00\x00\x00\x00\x00\x00\x00\x00\x00\x00\x00\
\x00\x00\x00\x00\x00\x00\x00\x00\x00\x00\x00\x00\x00\x00\x00\xff\
\xf9\x00\x00\x00\x00\x00\x00\x00\x00\x00\x00\x00\x00\x00\x00\x00\
\x00\x00\x00\x00\x00\x00\x00\x00\x00\x00\x00\xff\xe2\x00\x00\x00\
\x00\x00\x00\x00\x00\x00\x00\x00\x00\x00\x00\x00\x00\x00\x00\x00\
\x00\x00\x00\x00\x00\x00\x00\x00\x00\x00\x00\x00\x00\x00\x00\x00\
\x00\x00\x00\x00\x00\x00\x00\x00\x00\x00\x00\x00\x00\x00\x00\x00\
\x00\x00\x00\x00\x00\x00\x00\x00\x00\x00\x00\x00\x00\x00\x00\x00\
\x00\x00\x00\x00\x00\x00\x00\x00\x00\x00\x00\x00\x00\x00\x00\x00\
\x00\x00\x00\x00\x00\x00\x00\xff\xe2\xff\xec\x00\x00\x00\x00\x00\
\x00\x00\x00\x00\x00\x00\x00\x00\x00\x00\x00\x00\x00\x00\x00\x00\
\x00\x00\x00\x00\x00\x00\x00\x00\x00\x00\x00\x00\x00\x00\x00\x00\
\x00\x00\x00\x00\x00\x00\x00\x00\x00\x00\x00\x00\x00\x00\x00\xff\
\xd8\x00\x00\xff\xc4\x00\x00\x00\x00\x00\x00\x00\x00\x00\x00\x00\
\x00\x00\x00\x00\x00\x00\x00\x00\x00\x00\x00\x00\x00\x00\x00\x00\
\x00\x00\x00\x00\x00\x00\x00\x00\x00\x00\x00\x00\x00\x00\x00\x00\
\x00\x00\x00\x00\x00\x00\x00\x00\x00\x00\x00\x00\x00\x00\x00\x00\
\x00\x00\x00\x00\x00\x00\x00\x00\x00\x00\x00\x00\x00\x00\x00\x00\
\x00\x00\x00\x00\x00\x00\x00\x00\x00\x00\x00\x00\x00\x00\x00\x00\
\x00\x00\x00\x00\x00\x00\x00\x00\x00\x00\x00\x00\x00\xff\xe2\x00\
\x00\x00\x00\xff\xd3\x00\x00\x00\x00\x00\x00\x00\x00\x00\x00\x00\
\x00\x00\x00\x00\x00\x00\x00\x00\x00\x00\x00\x00\x00\x00\x00\x00\
\x00\x00\x00\x00\x00\x00\x00\x00\x00\x00\x00\x00\x00\x00\x00\x00\
\x00\x00\x00\x00\x00\x00\x00\x00\x00\x00\x00\x00\x00\x00\x00\xff\
\xf9\x00\x00\x00\x00\x00\x00\x00\x00\x00\x00\x00\x00\x00\x00\x00\
\x00\x00\x00\x00\x00\x00\x00\x00\x00\x00\x00\x00\x00\x00\x00\x00\
\x00\x00\x00\x00\x00\x00\x00\x00\x00\x00\x00\x00\x00\x00\x00\x00\
\x00\x00\x00\x00\x00\x00\x00\x00\x00\x00\x00\x00\x00\x00\x00\x00\
\x00\x00\x00\x00\x00\x00\x00\x00\x00\x00\x00\x00\x00\x00\x00\x00\
\x00\x00\x00\x00\x00\x00\x00\x00\x00\x00\x00\x00\x00\x00\x00\x00\
\x00\x00\x00\x00\x00\x00\x00\xff\xec\x00\x00\x00\x00\x00\x05\x00\
\x05\x00\x00\x00\x05\x00\x00\xff\xd8\x00\x00\x00\x00\x00\x00\x00\
\x00\x00\x00\x00\x00\x00\x00\x00\x00\x00\x00\x00\x00\x00\x00\x00\
\x00\x00\x00\x00\x00\x00\x00\x00\x00\x00\x00\x00\x00\x00\x00\x00\
\x00\x00\x00\x00\x00\x00\x00\x00\x00\x00\x00\x00\x00\x00\x00\x00\
\x00\x00\x00\x00\x00\x00\x00\xff\x9c\x00\x00\x00\x00\x00\x00\x00\
\x00\xff\xba\x00\x00\xff\xba\xff\xcd\x00\x00\xff\xba\x00\x00\x00\
\x00\xff\xe2\x00\x00\x00\x00\x00\x00\x00\x00\x00\x00\x00\x00\x00\
\x00\x00\x00\x00\x00\x00\x00\x00\x00\x00\x00\x00\x00\x00\x00\x00\
\x00\x00\x00\x00\x00\x00\x00\x00\x00\x00\x00\x00\x00\x00\x00\x00\
\x00\x00\x00\x00\x00\xff\xb9\xff\xd1\xff\xcd\xff\xb0\x00\x00\x00\
\x00\x00\x00\x00\x00\x00\x00\x00\x00\x00\x00\x00\x00\x00\x00\x00\
\x00\x00\x00\x00\x00\x00\x00\x00\x00\x00\x00\x00\x00\x00\x00\x00\
\x00\x00\x00\x00\x00\x00\x00\x00\x00\x00\x00\x00\x00\x00\x00\x00\
\x00\x00\x00\x00\x00\x00\x00\x00\x00\x00\x00\x00\x00\x00\x00\x00\
\x00\x00\x00\x00\x00\x00\x00\x00\x00\x00\x00\x00\x00\x00\x00\x00\
\x00\x00\x00\x00\x00\x00\x00\x00\x00\x00\x00\x00\x00\x00\x00\x00\
\x00\xff\xec\x00\x00\x00\x00\x00\x00\x00\x00\xff\xec\x00\x00\x00\
\x00\x00\x00\x00\x00\x00\x00\x00\x00\x00\x00\x00\x00\x00\x00\x00\
\x00\x00\x00\x00\x00\x00\x00\x00\x00\x00\x00\x00\x00\x00\x00\x00\
\x00\x00\x00\x00\x00\x00\x00\x00\x00\x00\x00\x00\x00\x00\x00\x00\
\x00\x00\x00\x00\x00\x00\x00\xff\xf9\x00\x00\x00\x00\x00\x00\x00\
\x00\x00\x00\x00\x00\x00\x00\x00\x00\x00\x00\x00\x00\xff\xf9\xff\
\xf9\x00\x00\xff\xe2\x00\x00\x00\x00\x00\x00\x00\x00\x00\x00\x00\
\x00\x00\x00\x00\x00\x00\x00\x00\x00\x00\x00\x00\x00\x00\x00\x00\
\x00\x00\x00\x00\x00\x00\x00\x00\x00\x00\x00\x00\x00\x00\x00\x00\
\x00\x00\x00\x00\x00\x00\x00\x00\x00\x00\x00\x00\x00\x00\x00\x00\
\x00\x00\x00\x00\x00\x00\x00\x00\x00\x00\x00\x00\x00\x00\x00\x00\
\x00\xff\xf1\x00\x00\xff\xf9\x00\x00\x00\x00\x00\x00\x00\x00\x00\
\x00\x00\x00\x00\x00\x00\x00\x00\x00\x00\x00\x00\x00\x00\x00\x00\
\x00\x00\x00\x00\x00\x00\x00\x00\x00\x00\x00\x00\x00\x00\x00\x00\
\x00\x00\x00\x00\x00\x00\x00\x00\x00\x00\x00\x00\x00\x00\x00\x00\
\x00\x00\x00\x00\x00\x00\x00\x00\x00\x00\x00\x00\x00\x00\x00\x00\
\x00\x00\x00\x00\x00\x00\x00\x00\x00\x00\x00\x00\x00\x00\x00\x00\
\x00\x00\x00\x00\x00\x00\x00\x00\x00\x00\x00\x00\x14\x00\x00\x00\
\x00\x00\x00\x00\x00\x00\x00\x00\x00\x00\x00\x00\x00\x00\x00\x00\
\x00\x00\x00\x00\x00\x00\x00\x00\x00\x00\x00\x00\x00\x00\x00\x00\
\x00\x00\x00\x00\x00\x00\x00\x00\x00\x00\x00\x00\x00\xff\xb2\xff\
\xbf\xff\xdd\xff\xa6\x00\x00\x00\x00\x00\x00\x00\x00\x00\x00\x00\
\x00\x00\x00\x00\x00\x00\x00\x00\x00\x00\x00\x00\x00\x00\x00\xff\
\xd8\xff\xe7\x00\x00\xff\xbf\xff\xe2\xff\xba\xff\xd8\xff\xf6\xff\
\xce\xff\xd5\xff\xc4\xff\xca\xff\xc4\xff\xca\xff\xba\xff\xd8\xff\
\xec\xff\xc4\xff\xc4\xff\xd8\xff\xd8\xff\xec\xff\xc1\xff\xec\xff\
\xe2\x00\x00\x00\x00\x00\x00\xff\xf9\x00\x00\x00\x00\x00\x00\x00\
\x00\x00\x00\x00\x00\x00\x00\x00\x00\x00\x00\x00\x00\x00\x00\x00\
\x00\x00\x00\x00\x00\x00\x00\x00\x00\x00\x00\x00\x00\x00\x00\x00\
\x00\x00\x00\x00\x00\x00\x00\x00\x00\x00\x00\x00\x00\x00\x00\x00\
\x00\x00\x00\x00\x00\x00\x00\x00\x00\x00\x00\x00\x00\x00\x00\x00\
\x00\x00\x00\x00\x00\x00\x00\x00\x00\x00\x00\x00\x00\xff\xb0\xff\
\xce\x00\x00\xff\xc4\x00\x00\x00\x00\x00\x00\x00\x00\x00\x00\xff\
\xf9\x00\x00\x00\x00\x00\x0f\x00\x0f\x00\x05\x00\x0f\x00\x00\x00\
\x00\x00\x00\x00\x00\x00\x00\x00\x00\xff\xc4\xff\xce\xff\xf9\x00\
\x00\x00\x00\xff\xe2\xff\xf1\xff\xd8\x00\x00\x00\x00\xff\xe2\xff\
\xf1\xff\xe2\xff\xe2\xff\xf1\x00\x00\x00\x00\x00\x00\x00\x00\x00\
\x00\x00\x05\x00\x00\xff\xc4\xff\xe2\xff\xfb\xff\xec\x00\x00\x00\
\x00\x00\x00\x00\x00\x00\x00\xff\xf9\x00\x00\x00\x00\x00\x0f\x00\
\x0f\x00\x05\x00\x0f\x00\x00\x00\x00\x00\x00\x00\x00\x00\x00\x00\
\x00\xff\xd8\xff\xe2\x00\x00\x00\x00\x00\x00\xff\xf6\x00\x00\xff\
\xf1\x00\x00\x00\x00\x00\x00\x00\x00\xff\xf6\xff\xf6\x00\x00\x00\
\x00\x00\x00\x00\x00\x00\x00\x00\x00\x00\x05\x00\x00\x00\x00\x00\
\x14\x00\x00\x00\x00\x00\x00\x00\x00\x00\x00\x00\x00\x00\x00\x00\
\x00\x00\x00\x00\x00\x00\x05\x00\x05\x00\x00\x00\x05\x00\x00\xff\
\xe2\xff\xe2\x00\x00\x00\x00\x00\x00\x00\x00\x00\x00\x00\x00\x00\
\x00\x00\x00\x00\x00\x00\x00\x00\x00\x00\x00\x00\x00\x00\x00\x00\
\x00\x00\x00\x00\x00\x00\x00\x00\x00\x00\x00\x00\x00\x00\x00\x00\
\x00\x00\x00\x00\x00\xff\xb0\xff\xbf\xff\xd8\xff\xba\x00\x00\x00\
\x00\x00\x00\x00\x00\x00\x00\xff\xe2\x00\x00\x00\x00\x00\x0f\x00\
\x0f\x00\x05\x00\x14\x00\x00\x00\x00\x00\x00\x00\x00\x00\x00\x00\
\x00\xff\xb0\xff\xce\x00\x00\x00\x00\x00\x00\xff\xd8\xff\xec\xff\
\xcd\x00\x00\x00\x00\xff\xd8\xff\xec\xff\xce\xff\xd8\xff\xd8\x00\
\x00\x00\x00\x00\x00\x00\x00\x00\x00\x00\x05\x00\x02\x00\x1b\x00\
\x01\x00\x3d\x00\x00\x00\x3f\x00\x7c\x00\x3d\x01\x09\x01\x09\x00\
\x7b\x01\x0b\x01\x0b\x00\x7c\x01\x12\x01\x1f\x00\x7d\x01\x22\x01\
\x24\x00\x8b\x01\x26\x01\x26\x00\x8e\x01\x28\x01\x28\x00\x8f\x01\
\x2b\x01\x2b\x00\x90\x01\x2e\x01\x33\x00\x91\x01\x35\x01\x36\x00\
\x97\x01\x67\x01\x68\x00\x99\x01\x6a\x01\x6b\x00\x9b\x01\x6d\x01\
\x7c\x00\x9d\x01\x7f\x01\x84\x00\xad\x01\x86\x01\x87\x00\xb3\x01\
\x8f\x01\x8f\x00\xb5\x01\xac\x01\xac\x00\xb6\x01\xaf\x01\xaf\x00\
\xb7\x01\xb1\x01\xb2\x00\xb8\x01\xb4\x01\xb5\x00\xba\x02\x01\x02\
\x01\x00\xbc\x02\x03\x02\x03\x00\xbd\x02\x05\x02\x05\x00\xbe\x02\
\x1a\x02\x1a\x00\xbf\x02\x32\x02\x34\x00\xc0\x02\x37\x02\x37\x00\
\xc3\x00\x02\x00\x5c\x00\x01\x00\x0a\x00\x01\x00\x0b\x00\x0c\x00\
\x04\x00\x0d\x00\x0d\x00\x02\x00\x0e\x00\x13\x00\x03\x00\x14\x00\
\x17\x00\x0c\x00\x18\x00\x21\x00\x04\x00\x22\x00\x22\x00\x0e\x00\
\x23\x00\x23\x00\x05\x00\x24\x00\x28\x00\x06\x00\x29\x00\x35\x00\
\x0e\x00\x36\x00\x37\x00\x07\x00\x38\x00\x39\x00\x08\x00\x3a\x00\
\x3d\x00\x09\x00\x3f\x00\x3f\x00\x09\x00\x40\x00\x46\x00\x0e\x00\
\x47\x00\x51\x00\x0c\x00\x52\x00\x52\x00\x04\x00\x53\x00\x53\x00\
\x0a\x00\x55\x00\x55\x00\x0c\x00\x56\x00\x59\x00\x0b\x00\x5a\x00\
\x5f\x00\x0d\x00\x60\x00\x60\x00\x0c\x00\x61\x00\x65\x00\x0f\x00\
\x66\x00\x70\x00\x10\x00\x71\x00\x71\x00\x11\x00\x72\x00\x76\x00\
\x12\x00\x77\x00\x77\x00\x13\x00\x78\x00\x7c\x00\x14\x01\x09\x01\
\x09\x00\x01\x01\x0b\x01\x0b\x00\x02\x01\x12\x01\x12\x00\x08\x01\
\x13\x01\x13\x00\x02\x01\x14\x01\x15\x00\x0e\x01\x16\x01\x17\x00\
\x08\x01\x18\x01\x1a\x00\x0e\x01\x1b\x01\x1b\x00\x0c\x01\x1c\x01\
\x1c\x00\x0e\x01\x1d\x01\x1d\x00\x0a\x01\x1e\x01\x1e\x00\x03\x01\
\x1f\x01\x1f\x00\x0f\x01\x22\x01\x22\x00\x0c\x01\x23\x01\x23\x00\
\x13\x01\x24\x01\x24\x00\x0e\x01\x26\x01\x26\x00\x0e\x01\x28\x01\
\x28\x00\x0e\x01\x2b\x01\x2b\x00\x0e\x01\x2e\x01\x2e\x00\x0d\x01\
\x2f\x01\x2f\x00\x03\x01\x30\x01\x30\x00\x0c\x01\x31\x01\x32\x00\
\x0e\x01\x33\x01\x33\x00\x07\x01\x35\x01\x35\x00\x0c\x01\x36\x01\
\x36\x00\x0e\x01\x67\x01\x67\x00\x01\x01\x68\x01\x68\x00\x02\x01\
\x6a\x01\x6a\x00\x01\x01\x6b\x01\x6b\x00\x04\x01\x6d\x01\x6d\x00\
\x0e\x01\x6e\x01\x6e\x00\x0c\x01\x6f\x01\x6f\x00\x0e\x01\x70\x01\
\x70\x00\x08\x01\x71\x01\x71\x00\x01\x01\x72\x01\x73\x00\x0e\x01\
\x74\x01\x74\x00\x04\x01\x75\x01\x75\x00\x0c\x01\x76\x01\x76\x00\
\x0e\x01\x77\x01\x77\x00\x0a\x01\x78\x01\x78\x00\x04\x01\x79\x01\
\x79\x00\x0f\x01\x7a\x01\x7a\x00\x14\x01\x7b\x01\x7b\x00\x0c\x01\
\x7c\x01\x7c\x00\x13\x01\x7f\x01\x7f\x00\x01\x01\x80\x01\x80\x00\
\x04\x01\x81\x01\x82\x00\x0e\x01\x83\x01\x83\x00\x0c\x01\x84\x01\
\x84\x00\x14\x01\x86\x01\x86\x00\x0e\x01\x87\x01\x87\x00\x14\x01\
\x8f\x01\x8f\x00\x0c\x01\xac\x01\xac\x00\x0c\x01\xaf\x01\xaf\x00\
\x0c\x01\xb1\x01\xb2\x00\x0c\x01\xb4\x01\xb5\x00\x0c\x02\x01\x02\
\x01\x00\x0c\x02\x03\x02\x03\x00\x0e\x02\x05\x02\x05\x00\x0c\x02\
\x1a\x02\x1a\x00\x03\x02\x32\x02\x32\x00\x01\x02\x33\x02\x33\x00\
\x0e\x02\x34\x02\x34\x00\x04\x02\x37\x02\x37\x00\x0c\x00\x02\x00\
\x8e\x00\x01\x00\x0b\x00\x02\x00\x0c\x00\x0c\x00\x03\x00\x0e\x00\
\x13\x00\x0a\x00\x15\x00\x15\x00\x14\x00\x17\x00\x17\x00\x14\x00\
\x24\x00\x28\x00\x0a\x00\x36\x00\x37\x00\x04\x00\x3f\x00\x3f\x00\
\x14\x00\x47\x00\x52\x00\x0a\x00\x55\x00\x55\x00\x0a\x00\x5a\x00\
\x5f\x00\x19\x00\x60\x00\x60\x00\x0a\x00\x61\x00\x65\x00\x0b\x00\
\x66\x00\x70\x00\x0c\x00\x71\x00\x71\x00\x0d\x00\x72\x00\x76\x00\
\x0e\x00\x77\x00\x77\x00\x0f\x00\x78\x00\x7c\x00\x10\x00\x81\x00\
\x8c\x00\x1e\x00\x8e\x00\xa1\x00\x1c\x00\xa2\x00\xa3\x00\x24\x00\
\xa5\x00\xa9\x00\x21\x00\xad\x00\xb6\x00\x1d\x00\xb7\x00\xb9\x00\
\x22\x00\xbc\x00\xbc\x00\x1d\x00\xc3\x00\xc9\x00\x1d\x00\xca\x00\
\xd5\x00\x1c\x00\xd6\x00\xd6\x00\x1d\x00\xd8\x00\xd8\x00\x1c\x00\
\xd9\x00\xdc\x00\x1d\x00\xdd\x00\xe2\x00\x23\x00\xea\x00\xf4\x00\
\x25\x00\xf5\x00\xfa\x00\x13\x00\xfb\x00\xfb\x00\x26\x00\xfc\x01\
\x00\x00\x13\x01\x01\x01\x04\x00\x27\x01\x09\x01\x09\x00\x02\x01\
\x0f\x01\x0f\x00\x15\x01\x12\x01\x12\x00\x2b\x01\x13\x01\x13\x00\
\x11\x01\x1b\x01\x1b\x00\x0a\x01\x1e\x01\x1e\x00\x0a\x01\x1f\x01\
\x1f\x00\x0b\x01\x20\x01\x21\x00\x09\x01\x22\x01\x22\x00\x0a\x01\
\x23\x01\x23\x00\x0f\x01\x24\x01\x24\x00\x08\x01\x2a\x01\x2a\x00\
\x0b\x01\x2e\x01\x2e\x00\x19\x01\x2f\x01\x2f\x00\x0a\x01\x30\x01\
\x30\x00\x11\x01\x33\x01\x33\x00\x04\x01\x34\x01\x34\x00\x0b\x01\
\x37\x01\x37\x00\x0b\x01\x38\x01\x38\x00\x1e\x01\x3a\x01\x3d\x00\
\x1d\x01\x3e\x01\x3e\x00\x1a\x01\x3f\x01\x40\x00\x1c\x01\x41\x01\
\x41\x00\x29\x01\x42\x01\x42\x00\x28\x01\x43\x01\x46\x00\x1d\x01\
\x47\x01\x47\x00\x20\x01\x48\x01\x49\x00\x1d\x01\x4a\x01\x4a\x00\
\x1c\x01\x4b\x01\x4c\x00\x1d\x01\x4d\x01\x4d\x00\x1c\x01\x4e\x01\
\x4e\x00\x12\x01\x4f\x01\x50\x00\x13\x01\x51\x01\x51\x00\x1c\x01\
\x52\x01\x52\x00\x26\x01\x53\x01\x53\x00\x1f\x01\x54\x01\x58\x00\
\x1d\x01\x59\x01\x59\x00\x12\x01\x5a\x01\x5a\x00\x1d\x01\x5b\x01\
\x5b\x00\x20\x01\x5c\x01\x5c\x00\x1d\x01\x5d\x01\x5d\x00\x23\x01\
\x5e\x01\x5e\x00\x1c\x01\x5f\x01\x5f\x00\x28\x01\x60\x01\x61\x00\
\x1d\x01\x62\x01\x62\x00\x22\x01\x64\x01\x64\x00\x1d\x01\x65\x01\
\x65\x00\x1b\x01\x67\x01\x67\x00\x02\x01\x6a\x01\x6a\x00\x02\x01\
\x6e\x01\x6e\x00\x0a\x01\x71\x01\x71\x00\x02\x01\x75\x01\x75\x00\
\x0a\x01\x79\x01\x79\x00\x0b\x01\x7a\x01\x7a\x00\x10\x01\x7b\x01\
\x7b\x00\x0a\x01\x7c\x01\x7c\x00\x0f\x01\x7f\x01\x7f\x00\x02\x01\
\x83\x01\x83\x00\x0a\x01\x84\x01\x84\x00\x10\x01\x87\x01\x87\x00\
\x10\x01\x88\x01\x88\x00\x1c\x01\x8a\x01\x8a\x00\x13\x01\x8c\x01\
\x8c\x00\x1c\x01\x8d\x01\x8d\x00\x0a\x01\x8e\x01\x8e\x00\x1d\x01\
\x8f\x01\x8f\x00\x0a\x01\x90\x01\x91\x00\x1d\x01\x93\x01\x93\x00\
\x1d\x01\x94\x01\x94\x00\x13\x01\x96\x01\x96\x00\x1c\x01\x97\x01\
\x97\x00\x12\x01\x99\x01\x9a\x00\x1c\x01\x9b\x01\x9b\x00\x12\x01\
\x9c\x01\x9c\x00\x25\x01\x9d\x01\x9d\x00\x1c\x01\x9f\x01\x9f\x00\
\x25\x01\xa0\x01\xa0\x00\x1c\x01\xa1\x01\xa3\x00\x1d\x01\xa4\x01\
\xa6\x00\x25\x01\xa7\x01\xaa\x00\x1c\x01\xab\x01\xab\x00\x1d\x01\
\xac\x01\xac\x00\x0a\x01\xaf\x01\xaf\x00\x0a\x01\xb1\x01\xb2\x00\
\x0a\x01\xb4\x01\xb5\x00\x0a\x01\xf3\x01\xf4\x00\x01\x01\xf8\x01\
\xf8\x00\x01\x01\xfe\x01\xfe\x00\x07\x01\xff\x01\xff\x00\x2a\x02\
\x00\x02\x00\x00\x0a\x02\x04\x02\x04\x00\x0a\x02\x06\x02\x0b\x00\
\x16\x02\x0c\x02\x0c\x00\x17\x02\x0d\x02\x0d\x00\x18\x02\x0e\x02\
\x0e\x00\x17\x02\x0f\x02\x0f\x00\x18\x02\x10\x02\x10\x00\x01\x02\
\x11\x02\x11\x00\x05\x02\x12\x02\x12\x00\x06\x02\x13\x02\x13\x00\
\x05\x02\x14\x02\x14\x00\x06\x02\x15\x02\x15\x00\x01\x02\x1a\x02\
\x1a\x00\x0a\x02\x32\x02\x32\x00\x02\x02\x36\x02\x36\x00\x1d\x02\
\x37\x02\x37\x00\x1c\x00\x02\x02\x20\x00\x04\x00\x00\x02\xae\x03\
\xa8\x00\x0c\x00\x16\x00\x00\x00\x46\x00\x3c\x00\x82\x00\x78\x00\
\x46\x00\x50\x00\x28\x00\x46\x00\x46\x00\x46\x00\x5a\x00\x5a\x00\
\x00\x00\x00\x00\x00\x00\x00\x00\x00\x00\x00\x00\x00\x00\x00\x00\
\x00\x00\x00\x00\x00\x00\x00\x00\x00\x00\x00\x00\x00\x00\x00\x00\
\x00\x00\x00\x00\x00\x00\x00\x00\x00\x00\x00\xff\xe2\xff\xd8\xff\
\xce\x00\x00\x00\x00\x00\x00\x00\x00\x00\x00\x00\x00\x00\x00\x00\
\x00\x00\x00\x00\x00\x00\x00\x00\x00\x00\x00\x00\x00\x00\x00\x00\
\x00\x00\x00\xff\xf6\x00\x00\xff\xc4\xff\xc4\xff\xb0\x00\x00\x00\
\x00\x00\x00\x00\x00\x00\x00\x00\x00\x00\x00\x00\x00\x00\x00\x00\
\x00\x00\x00\x00\x00\x00\x00\x00\x00\x00\x00\x00\x00\x00\x00\x00\
\x00\x00\x00\xff\xd8\xff\xd8\xff\xba\x00\x00\x00\x00\x00\x00\x00\
\x00\x00\x00\x00\x00\x00\x00\x00\x00\x00\x00\x00\x00\x00\x00\x00\
\x00\x00\x00\x00\x00\x00\x00\x00\x00\x00\x00\x00\x00\x00\x00\xff\
\xba\xff\xd8\xff\xc4\x00\x00\x00\x00\x00\x00\x00\x00\x00\x00\x00\
\x00\x00\x00\x00\x00\x00\x00\x00\x00\x00\x00\x00\x00\x00\x00\x00\
\x00\x00\x00\x00\x00\x00\x00\x00\x00\x00\x00\x00\x00\x00\x00\x00\
\x00\xff\xd8\x00\x00\x00\x00\x00\x00\x00\x00\x00\x00\x00\x00\x00\
\x00\x00\x00\x00\x00\x00\x00\x00\x00\x00\x00\x00\x00\x00\x00\x00\
\x00\x00\x00\x00\x00\x00\x00\xff\xe2\x00\x00\xff\xec\x00\x00\x00\
\x00\x00\x00\x00\x00\x00\x00\x00\x00\x00\x00\x00\x00\x00\x00\x00\
\x00\x00\x00\x00\x00\x00\x00\x00\x00\x00\x00\x00\x0f\x00\x00\x00\
\x0f\x00\x00\x00\x00\x00\x00\xff\xd8\xff\xba\x00\x00\x00\x00\x00\
\x00\x00\x00\x00\x00\x00\x00\x00\x00\x00\x00\x00\x00\x00\x00\x00\
\x00\x00\x00\x00\x00\x00\x00\x00\x00\x00\x00\x00\x00\x00\x00\xff\
\xc4\xff\xd8\xff\xd8\x00\x00\x00\x00\x00\x00\x00\x00\x00\x00\x00\
\x00\x00\x00\x00\x00\x00\x00\x00\x00\x00\x00\x00\x00\x00\x00\x00\
\x00\x00\x00\x00\x00\x00\x00\x00\x00\x00\x00\xff\xce\xff\xd8\xff\
\xc4\x00\x00\x00\x00\x00\x00\x00\x00\x00\x00\x00\x00\x00\x00\x00\
\x00\x00\x00\x00\x00\x00\x00\x00\x00\x00\x00\x00\x00\x00\x00\x00\
\x00\x00\x00\x00\x14\x00\x00\xff\xce\x00\x00\x00\x00\xff\xce\xff\
\xfb\xff\xfb\xff\xd8\xff\xef\xff\xf1\x00\x00\x00\x00\x00\x00\x00\
\x00\x00\x00\x00\x00\x00\x00\x00\x00\x00\x00\x00\x00\x00\x00\x00\
\x00\x00\x00\xff\xce\x00\x00\x00\x00\x00\x00\x00\x00\x00\x00\x00\
\x00\x00\x00\x00\x00\x00\x02\x00\x17\x00\x81\x00\x93\x00\x00\x00\
\x96\x00\x96\x00\x13\x00\x98\x00\xa9\x00\x14\x00\xbf\x00\xbf\x00\
\x26\x00\xca\x00\xd7\x00\x27\x00\xd9\x00\xe2\x00\x35\x00\xea\x00\
\xfa\x00\x3f\x00\xfc\x01\x04\x00\x50\x01\x38\x01\x39\x00\x59\x01\
\x3f\x01\x40\x00\x5b\x01\x4a\x01\x4a\x00\x5d\x01\x4c\x01\x4d\x00\
\x5e\x01\x4f\x01\x51\x00\x60\x01\x5d\x01\x5f\x00\x63\x01\x64\x01\
\x64\x00\x66\x01\x8a\x01\x8c\x00\x67\x01\x94\x01\x94\x00\x6a\x01\
\x96\x01\x96\x00\x6b\x01\x98\x01\x9a\x00\x6c\x01\x9d\x01\x9d\x00\
\x6f\x01\xa0\x01\xa0\x00\x70\x01\xa7\x01\xa8\x00\x71\x01\xaa\x01\
\xaa\x00\x73\x00\x02\x00\x29\x00\x81\x00\x8a\x00\x02\x00\x8b\x00\
\x8c\x00\x04\x00\x8d\x00\x8d\x00\x01\x00\x8e\x00\x93\x00\x03\x00\
\x98\x00\xa1\x00\x04\x00\xa2\x00\xa3\x00\x01\x00\xa4\x00\xa4\x00\
\x05\x00\xa5\x00\xa9\x00\x06\x00\xca\x00\xd4\x00\x01\x00\xd5\x00\
\xd5\x00\x04\x00\xd6\x00\xd7\x00\x01\x00\xd9\x00\xdc\x00\x07\x00\
\xdd\x00\xe2\x00\x08\x00\xea\x00\xf4\x00\x09\x00\xf5\x00\xfa\x00\
\x0a\x00\xfc\x01\x00\x00\x0a\x01\x01\x01\x04\x00\x0b\x01\x38\x01\
\x38\x00\x02\x01\x39\x01\x39\x00\x01\x01\x3f\x01\x40\x00\x04\x01\
\x4a\x01\x4a\x00\x01\x01\x4c\x01\x4c\x00\x01\x01\x4d\x01\x4d\x00\
\x03\x01\x4f\x01\x50\x00\x0a\x01\x51\x01\x51\x00\x01\x01\x5d\x01\
\x5d\x00\x08\x01\x5e\x01\x5e\x00\x03\x01\x5f\x01\x5f\x00\x01\x01\
\x64\x01\x64\x00\x01\x01\x8a\x01\x8a\x00\x0a\x01\x8b\x01\x8b\x00\
\x01\x01\x8c\x01\x8c\x00\x03\x01\x94\x01\x94\x00\x0a\x01\x96\x01\
\x96\x00\x01\x01\x98\x01\x98\x00\x01\x01\x99\x01\x99\x00\x03\x01\
\x9a\x01\x9a\x00\x01\x01\x9d\x01\x9d\x00\x01\x01\xa0\x01\xa0\x00\
\x01\x01\xa7\x01\xa8\x00\x01\x01\xaa\x01\xaa\x00\x03\x00\x02\x00\
\x5c\x00\x01\x00\x0b\x00\x11\x00\x0c\x00\x0c\x00\x12\x00\x61\x00\
\x65\x00\x0d\x00\x72\x00\x76\x00\x0e\x00\x78\x00\x7c\x00\x0f\x00\
\x8d\x00\x8d\x00\x06\x00\x8e\x00\xa1\x00\x07\x00\xaa\x00\xac\x00\
\x06\x00\xad\x00\xb6\x00\x08\x00\xba\x00\xbb\x00\x06\x00\xbc\x00\
\xbc\x00\x08\x00\xbd\x00\xc1\x00\x06\x00\xc3\x00\xc9\x00\x08\x00\
\xca\x00\xd5\x00\x07\x00\xd6\x00\xd6\x00\x08\x00\xd7\x00\xd7\x00\
\x06\x00\xd8\x00\xd8\x00\x07\x00\xd9\x00\xdc\x00\x08\x00\xe3\x00\
\xe3\x00\x06\x00\xe5\x00\xe9\x00\x09\x00\xea\x00\xf4\x00\x0a\x00\
\xf5\x00\xfa\x00\x0b\x00\xfc\x01\x00\x00\x0b\x01\x09\x01\x09\x00\
\x11\x01\x1f\x01\x1f\x00\x0d\x01\x2a\x01\x2a\x00\x0d\x01\x34\x01\
\x34\x00\x0d\x01\x37\x01\x37\x00\x0d\x01\x3a\x01\x3d\x00\x08\x01\
\x3e\x01\x3e\x00\x13\x01\x3f\x01\x40\x00\x07\x01\x43\x01\x46\x00\
\x08\x01\x47\x01\x47\x00\x15\x01\x48\x01\x49\x00\x08\x01\x4a\x01\
\x4a\x00\x07\x01\x4b\x01\x4c\x00\x08\x01\x4d\x01\x4d\x00\x07\x01\
\x4f\x01\x50\x00\x0b\x01\x51\x01\x51\x00\x07\x01\x54\x01\x58\x00\
\x08\x01\x5a\x01\x5a\x00\x08\x01\x5b\x01\x5b\x00\x15\x01\x5c\x01\
\x5c\x00\x08\x01\x5e\x01\x5e\x00\x07\x01\x60\x01\x61\x00\x08\x01\
\x63\x01\x63\x00\x06\x01\x64\x01\x64\x00\x08\x01\x66\x01\x66\x00\
\x06\x01\x67\x01\x67\x00\x11\x01\x6a\x01\x6a\x00\x11\x01\x71\x01\
\x71\x00\x11\x01\x79\x01\x79\x00\x0d\x01\x7a\x01\x7a\x00\x0f\x01\
\x7f\x01\x7f\x00\x11\x01\x84\x01\x84\x00\x0f\x01\x87\x01\x87\x00\
\x0f\x01\x88\x01\x88\x00\x07\x01\x89\x01\x89\x00\x06\x01\x8a\x01\
\x8a\x00\x0b\x01\x8c\x01\x8c\x00\x07\x01\x8e\x01\x8e\x00\x08\x01\
\x90\x01\x91\x00\x08\x01\x92\x01\x92\x00\x14\x01\x93\x01\x93\x00\
\x08\x01\x94\x01\x94\x00\x0b\x01\x96\x01\x96\x00\x07\x01\x99\x01\
\x9a\x00\x07\x01\x9c\x01\x9c\x00\x0a\x01\x9d\x01\x9d\x00\x07\x01\
\x9f\x01\x9f\x00\x0a\x01\xa0\x01\xa0\x00\x07\x01\xa1\x01\xa3\x00\
\x08\x01\xa4\x01\xa6\x00\x0a\x01\xa7\x01\xaa\x00\x07\x01\xab\x01\
\xab\x00\x08\x01\xee\x01\xee\x00\x05\x01\xf3\x01\xf4\x00\x10\x01\
\xf5\x01\xf5\x00\x02\x01\xf8\x01\xf8\x00\x10\x01\xf9\x01\xf9\x00\
\x0c\x02\x01\x02\x01\x00\x01\x02\x03\x02\x03\x00\x01\x02\x05\x02\
\x05\x00\x01\x02\x10\x02\x10\x00\x10\x02\x11\x02\x11\x00\x03\x02\
\x12\x02\x12\x00\x04\x02\x13\x02\x13\x00\x03\x02\x14\x02\x14\x00\
\x04\x02\x15\x02\x15\x00\x10\x02\x32\x02\x32\x00\x11\x02\x36\x02\
\x36\x00\x08\x02\x37\x02\x37\x00\x07\x00\x02\x01\x3c\x00\x04\x00\
\x00\x01\x5e\x01\x98\x00\x05\x00\x1e\x00\x00\xff\xf9\x00\x00\x00\
\x00\x00\x00\x00\x00\x00\x00\x00\x00\x00\x00\x00\x00\x00\x00\x00\
\x00\x00\x00\x00\x00\x00\x00\x00\x00\x00\x00\x00\x00\x00\x00\x00\
\x00\x00\x00\x00\x00\x00\x00\x00\x00\x00\x00\x00\x00\x00\x00\x00\
\x00\x00\x00\x00\x00\x00\x00\xff\xc4\xff\xc9\xff\xb0\xff\xa2\x00\
\x05\xff\xd1\xff\xd3\xff\xd1\xff\xc2\xff\xd4\xff\xd1\xff\xd1\xff\
\xe9\xff\xe1\xff\xc9\x00\x00\x00\x00\x00\x00\x00\x00\x00\x00\x00\
\x00\x00\x00\x00\x00\x00\x00\x00\x00\x00\x00\x00\x00\x00\x00\x00\
\x00\x00\x00\xff\xba\xff\xbf\xff\xb2\xff\x88\x00\x00\x00\x00\xff\
\xc4\xff\xca\xff\xd8\xff\xca\xff\xba\xff\xec\xff\xd8\xff\xd8\xff\
\xc1\xff\xe2\xff\xba\xff\xce\xff\xd5\xff\xec\xff\xd8\xff\xd8\xff\
\xd8\xff\xe2\xff\xe2\x00\x00\x00\x00\x00\x00\x00\x00\x00\x00\xff\
\xf9\x00\x00\x00\x00\x00\x00\x00\x00\x00\x00\x00\x00\x00\x00\x00\
\x00\x00\x00\x00\x00\x00\x00\x00\x00\x00\x00\x00\x00\x00\x00\x00\
\x00\x00\x00\x00\x00\x00\x00\x00\x00\x00\x00\x00\x00\x00\x00\x00\
\x00\xff\xa2\xff\xa2\x00\x00\x00\x00\x00\x00\x00\x00\x00\x00\x00\
\x00\x00\x00\x00\x00\x00\x00\x00\x00\x00\x00\x00\x00\x00\x00\x00\
\x00\x00\x00\xff\xec\x00\x00\x00\x00\x00\x00\x00\x00\x00\x00\x00\
\x00\x00\x00\x00\x00\x00\x00\x00\x00\x00\x00\x00\x00\x00\x00\x00\
\x00\xff\xf0\x00\x16\x00\x01\x00\x0f\x01\x0a\x01\x0c\x01\x0d\x01\
\x0e\x01\x0f\x01\x20\x01\x21\x01\x25\x01\x27\x01\x29\x01\x2a\x01\
\x2c\x01\x2d\x01\x37\x01\x69\x00\x02\x00\x09\x01\x0c\x01\x0e\x00\
\x02\x01\x0f\x01\x0f\x00\x04\x01\x20\x01\x21\x00\x01\x01\x25\x01\
\x25\x00\x04\x01\x27\x01\x27\x00\x04\x01\x29\x01\x2a\x00\x03\x01\
\x2c\x01\x2d\x00\x03\x01\x37\x01\x37\x00\x03\x01\x69\x01\x69\x00\
\x02\x00\x02\x00\x6a\x00\x01\x00\x0b\x00\x01\x00\x36\x00\x37\x00\
\x04\x00\x61\x00\x65\x00\x1b\x00\x77\x00\x77\x00\x05\x00\x81\x00\
\x8c\x00\x09\x00\x8d\x00\x8d\x00\x06\x00\x8e\x00\xa1\x00\x07\x00\
\xa5\x00\xa9\x00\x15\x00\xaa\x00\xac\x00\x06\x00\xad\x00\xb6\x00\
\x08\x00\xb7\x00\xb9\x00\x0c\x00\xba\x00\xbb\x00\x06\x00\xbc\x00\
\xbc\x00\x08\x00\xbd\x00\xc1\x00\x06\x00\xc3\x00\xc9\x00\x08\x00\
\xca\x00\xd5\x00\x07\x00\xd6\x00\xd6\x00\x08\x00\xd7\x00\xd7\x00\
\x06\x00\xd8\x00\xd8\x00\x07\x00\xd9\x00\xdc\x00\x08\x00\xdd\x00\
\xe2\x00\x16\x00\xe3\x00\xe3\x00\x06\x00\xea\x00\xf4\x00\x17\x00\
\xf5\x00\xfa\x00\x18\x00\xfb\x00\xfb\x00\x0e\x00\xfc\x01\x00\x00\
\x18\x01\x09\x01\x09\x00\x01\x01\x0f\x01\x0f\x00\x02\x01\x18\x01\
\x18\x00\x1d\x01\x1f\x01\x1f\x00\x1b\x01\x20\x01\x21\x00\x1a\x01\
\x23\x01\x23\x00\x05\x01\x24\x01\x24\x00\x1c\x01\x2a\x01\x2a\x00\
\x1b\x01\x2c\x01\x2c\x00\x1d\x01\x33\x01\x33\x00\x04\x01\x34\x01\
\x34\x00\x1b\x01\x37\x01\x37\x00\x1b\x01\x38\x01\x38\x00\x09\x01\
\x3a\x01\x3d\x00\x08\x01\x3e\x01\x3e\x00\x12\x01\x3f\x01\x40\x00\
\x07\x01\x41\x01\x41\x00\x19\x01\x42\x01\x42\x00\x0f\x01\x43\x01\
\x46\x00\x08\x01\x47\x01\x47\x00\x0b\x01\x48\x01\x49\x00\x08\x01\
\x4a\x01\x4a\x00\x07\x01\x4b\x01\x4c\x00\x08\x01\x4d\x01\x4d\x00\
\x07\x01\x4e\x01\x4e\x00\x0d\x01\x4f\x01\x50\x00\x18\x01\x51\x01\
\x51\x00\x07\x01\x52\x01\x52\x00\x0e\x01\x53\x01\x53\x00\x0a\x01\
\x54\x01\x58\x00\x08\x01\x59\x01\x59\x00\x0d\x01\x5a\x01\x5a\x00\
\x08\x01\x5b\x01\x5b\x00\x0b\x01\x5c\x01\x5c\x00\x08\x01\x5d\x01\
\x5d\x00\x16\x01\x5e\x01\x5e\x00\x07\x01\x5f\x01\x5f\x00\x0f\x01\
\x60\x01\x61\x00\x08\x01\x62\x01\x62\x00\x0c\x01\x63\x01\x63\x00\
\x06\x01\x64\x01\x64\x00\x08\x01\x65\x01\x65\x00\x13\x01\x66\x01\
\x66\x00\x06\x01\x67\x01\x67\x00\x01\x01\x6a\x01\x6a\x00\x01\x01\
\x71\x01\x71\x00\x01\x01\x79\x01\x79\x00\x1b\x01\x7c\x01\x7c\x00\
\x05\x01\x7f\x01\x7f\x00\x01\x01\x88\x01\x88\x00\x07\x01\x89\x01\
\x89\x00\x06\x01\x8a\x01\x8a\x00\x18\x01\x8c\x01\x8c\x00\x07\x01\
\x8e\x01\x8e\x00\x08\x01\x90\x01\x91\x00\x08\x01\x92\x01\x92\x00\
\x14\x01\x93\x01\x93\x00\x08\x01\x94\x01\x94\x00\x18\x01\x96\x01\
\x96\x00\x07\x01\x97\x01\x97\x00\x0d\x01\x99\x01\x9a\x00\x07\x01\
\x9b\x01\x9b\x00\x0d\x01\x9c\x01\x9c\x00\x17\x01\x9d\x01\x9d\x00\
\x07\x01\x9f\x01\x9f\x00\x17\x01\xa0\x01\xa0\x00\x07\x01\xa1\x01\
\xa3\x00\x08\x01\xa4\x01\xa6\x00\x17\x01\xa7\x01\xaa\x00\x07\x01\
\xab\x01\xab\x00\x08\x01\xf3\x01\xf4\x00\x03\x01\xf8\x01\xf8\x00\
\x03\x02\x06\x02\x0b\x00\x10\x02\x0c\x02\x0c\x00\x11\x02\x0e\x02\
\x0e\x00\x11\x02\x10\x02\x10\x00\x03\x02\x15\x02\x15\x00\x03\x02\
\x32\x02\x32\x00\x01\x02\x36\x02\x36\x00\x08\x02\x37\x02\x37\x00\
\x07\x00\x02\x00\x52\x00\x04\x00\x00\x00\x70\x00\x98\x00\x03\x00\
\x0b\x00\x00\x00\x14\xff\xf6\x00\x00\x00\x00\x00\x00\x00\x00\x00\
\x00\x00\x00\x00\x00\x00\x00\x00\x00\x00\x00\x00\x00\xff\xc2\xff\
\xd1\x00\x00\x00\x00\x00\x00\x00\x00\x00\x00\x00\x00\x00\x00\xff\
\xdd\x00\x00\x00\x00\x00\x00\xff\xc5\xff\xe2\xff\xf6\xff\xe2\xff\
\xe2\xff\xec\x00\x01\x00\x0d\x01\x3b\x01\x3c\x01\x3d\x01\x3e\x01\
\x4e\x01\x54\x01\x56\x01\x58\x01\x59\x01\x5b\x01\x5c\x01\x97\x01\
\x9b\x00\x02\x00\x06\x01\x3b\x01\x3d\x00\x02\x01\x4e\x01\x4e\x00\
\x02\x01\x58\x01\x59\x00\x01\x01\x5b\x01\x5c\x00\x01\x01\x97\x01\
\x97\x00\x02\x01\x9b\x01\x9b\x00\x02\x00\x02\x00\x1d\x00\x01\x00\
\x0b\x00\x06\x00\x77\x00\x77\x00\x08\x00\xf5\x00\xfa\x00\x04\x00\
\xfc\x01\x00\x00\x04\x01\x09\x01\x09\x00\x06\x01\x12\x01\x12\x00\
\x09\x01\x20\x01\x21\x00\x07\x01\x23\x01\x23\x00\x08\x01\x3e\x01\
\x3e\x00\x01\x01\x47\x01\x47\x00\x0a\x01\x4e\x01\x4e\x00\x03\x01\
\x4f\x01\x50\x00\x04\x01\x53\x01\x53\x00\x02\x01\x59\x01\x59\x00\
\x03\x01\x5b\x01\x5b\x00\x0a\x01\x67\x01\x67\x00\x06\x01\x6a\x01\
\x6a\x00\x06\x01\x71\x01\x71\x00\x06\x01\x7c\x01\x7c\x00\x08\x01\
\x7f\x01\x7f\x00\x06\x01\x8a\x01\x8a\x00\x04\x01\x94\x01\x94\x00\
\x04\x01\x97\x01\x97\x00\x03\x01\x9b\x01\x9b\x00\x03\x01\xf3\x01\
\xf4\x00\x05\x01\xf8\x01\xf8\x00\x05\x02\x10\x02\x10\x00\x05\x02\
\x15\x02\x15\x00\x05\x02\x32\x02\x32\x00\x06\x00\x02\x00\x34\x00\
\x04\x00\x00\x00\x40\x00\x56\x00\x03\x00\x06\x00\x00\xff\xdd\x00\
\x00\x00\x00\x00\x00\x00\x00\x00\x00\x00\x00\xff\xf6\xff\xef\x00\
\x00\x00\x00\x00\x00\x00\x00\x00\x00\xff\xe7\xff\xce\xff\xf4\x00\
\x01\x00\x04\x01\x8d\x01\x92\x01\x95\x01\x9e\x00\x02\x00\x03\x01\
\x8d\x01\x8d\x00\x02\x01\x92\x01\x92\x00\x01\x01\x95\x01\x95\x00\
\x02\x00\x02\x00\x18\x00\x8e\x00\xa1\x00\x05\x00\xca\x00\xd5\x00\
\x05\x00\xd8\x00\xd8\x00\x05\x00\xf5\x00\xfa\x00\x03\x00\xfc\x01\
\x00\x00\x03\x01\x3f\x01\x40\x00\x05\x01\x4a\x01\x4a\x00\x05\x01\
\x4d\x01\x4d\x00\x05\x01\x4f\x01\x50\x00\x03\x01\x51\x01\x51\x00\
\x05\x01\x5e\x01\x5e\x00\x05\x01\x88\x01\x88\x00\x05\x01\x8a\x01\
\x8a\x00\x03\x01\x8c\x01\x8c\x00\x05\x01\x92\x01\x92\x00\x01\x01\
\x94\x01\x94\x00\x03\x01\x96\x01\x96\x00\x05\x01\x99\x01\x9a\x00\
\x05\x01\x9d\x01\x9d\x00\x05\x01\x9e\x01\x9e\x00\x02\x01\xa0\x01\
\xa0\x00\x05\x01\xa7\x01\xaa\x00\x05\x02\x06\x02\x0b\x00\x04\x02\
\x37\x02\x37\x00\x05\x00\x04\x00\x00\x00\x01\x00\x08\x00\x01\x05\
\x9e\x00\x0c\x00\x05\x02\xe0\x00\x68\x00\x01\x00\x2c\x01\x09\x01\
\x0b\x01\x0c\x01\x0d\x01\x10\x01\x11\x01\x14\x01\x15\x01\x16\x01\
\x17\x01\x19\x01\x1a\x01\x1b\x01\x1d\x01\x1e\x01\x1f\x01\x20\x01\
\x21\x01\x23\x01\x2e\x01\x31\x01\x32\x01\x33\x01\x36\x01\x38\x01\
\x3b\x01\x3c\x01\x3f\x01\x40\x01\x43\x01\x44\x01\x45\x01\x46\x01\
\x4a\x01\x4c\x01\x4d\x01\x4f\x01\x50\x01\x52\x01\x5d\x01\x60\x01\
\x61\x01\x62\x01\x63\x00\x2c\x0f\xe8\x0f\xee\x0f\xdc\x16\x30\x16\
\x30\x10\x0c\x16\x30\x10\x12\x16\x30\x16\x30\x16\x30\x16\x30\x12\
\x52\x16\x30\x16\x30\x16\x30\x16\x30\x01\xba\x16\x30\x16\x30\x10\
\x90\x10\x96\x10\x9c\x16\x30\x16\x30\x10\x90\x10\x96\x10\x78\x16\
\x30\x16\x30\x01\xd8\x16\x30\x01\xc0\x16\x30\x16\x30\x01\xd8\x16\
\x30\x01\xc6\x16\x30\x16\x30\x11\xfe\x16\x30\x11\x26\x16\x30\x16\
\x30\x11\xfe\x16\x30\x01\xcc\x16\x30\x16\x30\x11\x5c\x16\x30\x11\
\x62\x16\x30\x16\x30\x12\x94\x16\x30\x12\x88\x10\xd2\x16\x30\x11\
\xbc\x11\xe6\x11\xb0\x11\xf2\x16\x30\x11\xd4\x16\x30\x11\xda\x16\
\x30\x16\x30\x10\x3c\x16\x30\x10\x36\x16\x30\x10\x30\x12\x40\x16\
\x30\x12\x52\x12\x58\x15\x46\x16\x30\x16\x30\x13\xb4\x16\x30\x16\
\x30\x16\x30\x16\x30\x01\xd2\x16\x30\x16\x30\x12\xd6\x16\x30\x12\
\xdc\x16\x30\x16\x30\x12\x22\x16\x30\x12\x34\x16\x30\x12\x3a\x11\
\x08\x11\x0e\x11\x02\x16\x30\x16\x30\x11\x08\x11\x0e\x10\xea\x16\
\x30\x16\x30\x14\xf2\x16\x30\x11\x1a\x16\x30\x16\x30\x01\xd8\x16\
\x30\x01\xde\x16\x30\x16\x30\x13\x42\x13\x48\x13\x36\x16\x30\x16\
\x30\x16\x30\x16\x30\x01\xe4\x16\x30\x16\x30\x16\x30\x16\x30\x01\
\xea\x16\x30\x16\x30\x13\xba\x13\xc0\x13\xc6\x16\x30\x16\x30\x13\
\xba\x13\xc0\x13\xa2\x16\x30\x16\x30\x16\x30\x16\x30\x01\xf0\x16\
\x30\x16\x30\x16\x30\x16\x30\x01\xf6\x16\x30\x16\x30\x16\x30\x16\
\x30\x04\xec\x16\x30\x16\x30\x16\x30\x16\x30\x01\xfc\x16\x30\x16\
\x30\x14\xf2\x14\xf8\x14\xe6\x15\x04\x16\x30\x15\x0a\x16\x30\x15\
\x10\x16\x30\x16\x30\x13\x84\x16\x30\x13\x78\x16\x30\x16\x30\x16\
\x06\x16\x30\x15\xf4\x16\x30\x16\x30\x16\x06\x16\x30\x02\x02\x16\
\x30\x16\x30\x15\xe8\x16\x30\x15\xee\x16\x30\x16\x30\x15\x46\x16\
\x30\x15\x58\x16\x30\x16\x30\x14\x0e\x14\x44\x14\x38\x16\x30\x16\
\x30\x14\x3e\x14\x44\x14\x26\x16\x30\x16\x30\x14\x5c\x16\x30\x14\
\x50\x16\x30\x16\x30\x13\xfc\x16\x30\x13\xf6\x14\x08\x16\x30\x00\
\x01\x00\xfa\x03\x1a\x00\x01\x01\x15\x02\x56\x00\x01\x01\x15\x02\
\xf4\x00\x01\x01\x14\x03\x1a\x00\x01\x00\xf4\x02\xf4\x00\x01\x01\
\x15\x00\x00\x00\x01\x01\x29\x02\x56\x00\x01\x00\xdc\x01\xb0\x00\
\x01\x00\xdc\x02\x7a\x00\x01\x00\xff\x01\xb0\x00\x01\x00\xff\x02\
\x54\x00\x01\x01\x0d\x02\x7a\x00\x01\x00\xd9\x02\x54\x00\x04\x00\
\x00\x00\x01\x00\x08\x00\x01\x03\x26\x00\x0c\x00\x05\x00\x68\x00\
\xb6\x00\x01\x00\x2c\x01\x67\x01\x68\x01\x69\x01\x6b\x01\x6c\x01\
\x6d\x01\x6e\x01\x6f\x01\x70\x01\x72\x01\x73\x01\x75\x01\x77\x01\
\x79\x01\x7a\x01\x7c\x01\x7f\x01\x80\x01\x81\x01\x82\x01\x83\x01\
\x84\x01\x86\x01\x87\x01\x88\x01\x8c\x01\x8e\x01\x90\x01\x91\x01\
\x94\x01\x96\x01\x9c\x01\xa0\x01\xa1\x01\xa2\x01\xa3\x01\xa4\x01\
\xa5\x01\xa6\x01\xa7\x01\xa8\x01\xa9\x01\xaa\x01\xab\x00\x13\x00\
\x02\x14\x74\x00\x02\x14\x7a\x00\x02\x14\x80\x00\x02\x14\xaa\x00\
\x02\x14\x86\x00\x02\x14\x8c\x00\x02\x14\x8c\x00\x02\x14\x92\x00\
\x02\x14\x98\x00\x02\x14\x9e\x00\x02\x14\xa4\x00\x02\x14\xaa\x00\
\x00\x13\xe8\x00\x04\x03\x56\x00\x01\x03\x5c\x00\x03\x03\x62\x00\
\x03\x03\x68\x00\x03\x03\x6e\x00\x03\x03\x74\x00\x2c\x0d\x22\x0d\
\x28\x0d\x16\x13\x6a\x13\x6a\x0d\x46\x13\x6a\x0d\x4c\x13\x6a\x13\
\x6a\x13\x6a\x13\x6a\x0f\x8c\x13\x6a\x13\x6a\x0d\xca\x0d\xd0\x0d\
\xd6\x13\x6a\x13\x6a\x10\x46\x13\x6a\x12\xd4\x13\x6a\x13\x6a\x0f\
\xce\x13\x6a\x0f\xc2\x0e\x0c\x13\x6a\x0e\xf6\x0f\x20\x0e\xea\x0f\
\x2c\x13\x6a\x0e\x42\x0e\x48\x0e\x3c\x13\x6a\x13\x6a\x0f\x38\x13\
\x6a\x0e\x60\x13\x6a\x13\x6a\x0e\x96\x13\x6a\x0e\x9c\x13\x6a\x13\
\x6a\x0e\xba\x13\x6a\x0e\xb4\x13\x6a\x13\x6a\x0e\xf6\x0f\x20\x0e\
\xea\x0f\x2c\x13\x6a\x0f\x0e\x13\x6a\x0f\x14\x13\x6a\x13\x6a\x0f\
\x7a\x13\x6a\x0f\x8c\x0f\x92\x12\x80\x12\x50\x13\x6a\x10\x1c\x13\
\x6a\x13\x6a\x10\x10\x13\x6a\x10\x16\x13\x6a\x13\x6a\x01\xba\x01\
\xc0\x01\xc6\x13\x6a\x13\x6a\x01\xcc\x01\xd2\x01\xd8\x13\x6a\x13\
\x6a\x01\xde\x13\x6a\x01\xe4\x01\xea\x13\x6a\x01\xf0\x01\xf6\x01\
\xfc\x13\x6a\x13\x6a\x02\x02\x02\x08\x02\x0e\x02\x14\x13\x6a\x02\
\x1a\x13\x6a\x02\x20\x13\x6a\x13\x6a\x0e\x42\x0e\x48\x0e\x24\x13\
\x6a\x13\x6a\x12\x50\x13\x6a\x10\x2e\x13\x6a\x13\x6a\x13\x6a\x13\
\x6a\x02\x4a\x13\x6a\x13\x6a\x13\x6a\x13\x6a\x02\x50\x13\x6a\x13\
\x6a\x13\x6a\x13\x6a\x02\x56\x13\x6a\x13\x6a\x13\x6a\x13\x6a\x02\
\x32\x13\x6a\x13\x6a\x13\x6a\x13\x6a\x02\x26\x13\x6a\x13\x6a\x12\
\xf8\x13\x6a\x12\xfe\x13\x6a\x13\x6a\x12\x2c\x12\x32\x12\x20\x12\
\x3e\x13\x6a\x13\x6a\x13\x6a\x02\x50\x13\x6a\x13\x6a\x02\x3e\x13\
\x6a\x02\x44\x13\x6a\x13\x6a\x13\x6a\x13\x6a\x02\x32\x13\x6a\x13\
\x6a\x13\x6a\x13\x6a\x02\x2c\x13\x6a\x13\x6a\x13\x6a\x13\x6a\x02\
\x32\x13\x6a\x13\x6a\x13\x6a\x13\x6a\x02\x50\x13\x6a\x13\x6a\x13\
\x6a\x13\x6a\x02\x38\x13\x6a\x13\x6a\x13\x6a\x13\x6a\x02\x50\x13\
\x6a\x13\x6a\x12\x2c\x12\x32\x12\x20\x12\x3e\x13\x6a\x02\x3e\x13\
\x6a\x02\x44\x13\x6a\x13\x6a\x13\x6a\x13\x6a\x02\x4a\x13\x6a\x13\
\x6a\x13\x6a\x13\x6a\x02\x50\x13\x6a\x13\x6a\x13\x6a\x13\x6a\x02\
\x56\x13\x6a\x13\x6a\x00\x01\x01\x3f\x00\x00\x00\x01\x02\x4c\x00\
\x00\x00\x01\x01\x3f\x02\x56\x00\x01\x01\x97\x00\x00\x00\x01\x02\
\x49\x00\x00\x00\x01\x01\x97\x02\x56\x00\x01\x01\xa7\x00\x00\x00\
\x01\x01\xa7\x02\x56\x00\x01\x01\xa7\x02\x03\x00\x01\x01\x06\x00\
\x00\x00\x01\x01\x3a\x00\x00\x00\x01\x01\x06\x02\x56\x00\x01\x01\
\xac\x00\x00\x00\x01\x02\x97\x00\x0a\x00\x01\x01\xac\x02\x56\x00\
\x01\x01\xac\x01\x2b\x00\x01\x01\xbb\x00\x00\x00\x01\x01\xbb\x02\
\x56\x00\x01\x01\x0d\x01\xb0\x00\x01\x00\x6e\x02\x57\x00\x01\x00\
\x6e\x01\xb0\x00\x01\x00\xee\x02\x57\x00\x01\x01\x46\x00\x00\x00\
\x01\x01\x3c\x01\xb0\x00\x01\x00\xef\x01\xb0\x00\x01\x00\xee\x01\
\xb0\x00\x01\x00\xf3\x01\xb0\x00\x04\x00\x00\x00\x01\x00\x08\x00\
\x01\x00\x0c\x00\x16\x00\x05\x00\x56\x00\xc8\x00\x02\x00\x01\x02\
\x4c\x02\x5e\x00\x00\x00\x02\x00\x0a\x00\x01\x00\x44\x00\x00\x00\
\x46\x00\x53\x00\x44\x00\x55\x00\x5f\x00\x52\x00\x61\x00\x94\x00\
\x5d\x00\x96\x00\xbb\x00\x91\x00\xbd\x00\xc7\x00\xb7\x00\xc9\x00\
\xd4\x00\xc2\x00\xd6\x00\xd6\x00\xce\x00\xd8\x00\xe2\x00\xcf\x00\
\xe5\x01\x04\x00\xda\x00\x13\x00\x02\x11\x6c\x00\x02\x11\x72\x00\
\x02\x11\x78\x00\x02\x11\xa2\x00\x02\x11\x7e\x00\x02\x11\x84\x00\
\x02\x11\x84\x00\x02\x11\x8a\x00\x02\x11\x90\x00\x02\x11\x96\x00\
\x02\x11\x9c\x00\x02\x11\xa2\x00\x00\x10\xe0\x00\x03\x00\x4e\x00\
\x01\x00\x54\x00\x04\x00\x5a\x00\x04\x00\x60\x00\x04\x00\x66\x00\
\x04\x00\x6c\x00\x01\xff\x79\x00\x00\x00\x01\xff\xce\x00\x00\x00\
\x01\xff\x46\x02\x03\x00\x01\xff\x36\x01\x18\x00\x01\xff\x22\x00\
\xd6\x00\x01\xff\x22\x01\x2b\x00\xfa\x09\xf6\x09\xfc\x09\xea\x10\
\x3e\x10\x3e\x09\xf6\x09\xfc\x09\xc6\x10\x3e\x10\x3e\x09\xf6\x09\
\xfc\x09\xcc\x10\x3e\x10\x3e\x09\xf6\x09\xfc\x09\xd2\x10\x3e\x10\
\x3e\x09\xf6\x09\xfc\x09\xd8\x10\x3e\x10\x3e\x09\xf6\x09\xfc\x09\
\xde\x10\x3e\x10\x3e\x09\xf6\x09\xfc\x09\xe4\x10\x3e\x10\x3e\x09\
\xf6\x09\xfc\x09\xea\x10\x3e\x10\x3e\x09\xf6\x09\xfc\x09\xf0\x10\
\x3e\x10\x3e\x09\xf6\x09\xfc\x0a\x02\x10\x3e\x10\x3e\x0a\x0e\x10\
\x3e\x0a\x08\x10\x3e\x10\x3e\x0a\x0e\x10\x3e\x0a\x14\x10\x3e\x10\
\x3e\x0a\x1a\x10\x3e\x0a\x20\x10\x3e\x10\x3e\x0a\x4a\x10\x3e\x0a\
\x44\x0a\x3e\x10\x3e\x0a\x4a\x10\x3e\x0a\x26\x0a\x3e\x10\x3e\x0a\
\x4a\x10\x3e\x0a\x50\x0a\x3e\x10\x3e\x0a\x2c\x10\x3e\x0a\x44\x0a\
\x3e\x10\x3e\x0a\x4a\x10\x3e\x0a\x32\x0a\x3e\x10\x3e\x0a\x4a\x10\
\x3e\x0a\x38\x0a\x3e\x10\x3e\x0a\x4a\x10\x3e\x0a\x44\x10\x3e\x0a\
\x56\x0a\x5c\x10\x3e\x0a\x62\x10\x3e\x0a\x68\x0a\x4a\x10\x3e\x0a\
\x50\x10\x3e\x0a\x56\x0a\x5c\x10\x3e\x0a\x62\x10\x3e\x0a\x68\x0a\
\x9e\x0a\xa4\x0a\xaa\x10\x3e\x10\x3e\x0a\x9e\x0a\xa4\x0a\x6e\x10\
\x3e\x10\x3e\x0a\x9e\x0a\xa4\x0a\x74\x10\x3e\x10\x3e\x0a\x9e\x0a\
\xa4\x0a\x7a\x10\x3e\x10\x3e\x0a\x9e\x0a\xa4\x0a\x80\x10\x3e\x10\
\x3e\x0a\x9e\x0a\xa4\x0a\x86\x10\x3e\x10\x3e\x0a\x9e\x0a\xa4\x0a\
\x8c\x10\x3e\x10\x3e\x0a\x9e\x0a\xa4\x0a\x92\x10\x3e\x10\x3e\x0a\
\x9e\x0a\xa4\x0a\x98\x10\x3e\x10\x3e\x0a\x9e\x0a\xa4\x0a\xaa\x10\
\x3e\x10\x3e\x0d\x50\x0a\xb0\x0a\xb6\x10\x3e\x10\x3e\x0f\x24\x10\
\x3e\x0c\xf0\x10\x3e\x10\x3e\x0a\xd4\x10\x3e\x0a\xce\x10\x3e\x10\
\x3e\x0a\xd4\x10\x3e\x0a\xbc\x10\x3e\x10\x3e\x0a\xd4\x10\x3e\x0a\
\xc2\x10\x3e\x10\x3e\x0a\xc8\x10\x3e\x0a\xce\x10\x3e\x10\x3e\x0a\
\xd4\x10\x3e\x0a\xda\x10\x3e\x10\x3e\x0c\xa2\x10\x3e\x0c\x96\x10\
\x3e\x0a\xe0\x0c\xa2\x10\x3e\x0c\x96\x10\x3e\x0a\xe0\x0c\xa2\x10\
\x3e\x0c\x78\x10\x3e\x0a\xe0\x0b\x16\x0b\x1c\x0b\x10\x10\x3e\x10\
\x3e\x0b\x16\x0b\x1c\x0a\xe6\x10\x3e\x10\x3e\x0b\x16\x0b\x1c\x0a\
\xec\x10\x3e\x10\x3e\x0b\x16\x0b\x1c\x0a\xf2\x10\x3e\x10\x3e\x0b\
\x16\x0b\x1c\x0a\xf8\x10\x3e\x10\x3e\x0b\x16\x0b\x1c\x0a\xfe\x10\
\x3e\x10\x3e\x0b\x16\x0b\x1c\x0b\x04\x10\x3e\x10\x3e\x0b\x16\x0b\
\x1c\x0b\x0a\x10\x3e\x10\x3e\x0b\x16\x0b\x1c\x0b\x10\x10\x3e\x10\
\x3e\x0b\x16\x0b\x1c\x0b\x22\x10\x3e\x10\x3e\x0f\x00\x10\x3e\x0b\
\x28\x10\x3e\x10\x3e\x0f\x00\x10\x3e\x0b\x2e\x10\x3e\x10\x3e\x0c\
\x0c\x10\x3e\x0b\x34\x10\x3e\x10\x3e\x0c\x18\x10\x3e\x0b\x34\x10\
\x3e\x10\x3e\x0b\x46\x10\x3e\x0b\x4c\x10\x3e\x0b\x52\x0b\x46\x10\
\x3e\x0b\x3a\x10\x3e\x0b\x52\x0b\x46\x10\x3e\x0b\x4c\x10\x3e\x0b\
\x52\x0b\x40\x10\x3e\x0b\x4c\x10\x3e\x0b\x52\x0b\x46\x10\x3e\x0b\
\x4c\x10\x3e\x0b\x52\x0b\x58\x10\x3e\x0b\x5e\x10\x3e\x0b\x64\x0b\
\x6a\x10\x3e\x0b\x70\x10\x3e\x10\x3e\x0b\x8e\x10\x3e\x0b\x88\x10\
\x3e\x10\x3e\x0b\x8e\x10\x3e\x0b\x76\x10\x3e\x10\x3e\x0b\x8e\x10\
\x3e\x0b\x7c\x10\x3e\x10\x3e\x0b\x82\x10\x3e\x0b\x88\x10\x3e\x10\
\x3e\x0b\x8e\x10\x3e\x0b\x94\x10\x3e\x10\x3e\x0b\xca\x0b\xf4\x0b\
\xbe\x10\x3e\x0c\x00\x0b\xca\x0b\xf4\x0b\xc4\x10\x3e\x0c\x00\x0b\
\xca\x0b\xf4\x0b\x9a\x10\x3e\x0c\x00\x0b\xca\x0b\xf4\x0b\xa0\x10\
\x3e\x0c\x00\x0b\xca\x0b\xf4\x0b\xa6\x10\x3e\x0c\x00\x0b\xca\x0b\
\xf4\x0b\xac\x10\x3e\x0c\x00\x0b\xca\x0b\xf4\x0b\xb2\x10\x3e\x0c\
\x00\x0b\xca\x0b\xf4\x0b\xb8\x10\x3e\x0c\x00\x0b\xca\x0b\xf4\x0b\
\xbe\x10\x3e\x0c\x00\x0b\xca\x0b\xf4\x0b\xc4\x10\x3e\x0c\x00\x0b\
\xca\x0b\xf4\x0b\xd0\x10\x3e\x0c\x00\x0b\xd6\x10\x3e\x0b\xdc\x10\
\x3e\x10\x3e\x0b\xe2\x10\x3e\x0b\xe8\x10\x3e\x10\x3e\x0b\xee\x0b\
\xf4\x0b\xfa\x10\x3e\x0c\x00\x0c\x0c\x10\x3e\x0c\x1e\x10\x3e\x10\
\x3e\x0c\x0c\x10\x3e\x0c\x06\x10\x3e\x10\x3e\x0c\x0c\x10\x3e\x0c\
\x12\x10\x3e\x10\x3e\x0c\x18\x10\x3e\x0c\x1e\x10\x3e\x10\x3e\x0c\
\x30\x10\x3e\x0c\x42\x0c\x48\x10\x3e\x0c\x30\x10\x3e\x0c\x24\x0c\
\x48\x10\x3e\x0c\x30\x10\x3e\x0c\x2a\x0c\x48\x10\x3e\x0c\x3c\x10\
\x3e\x0c\x42\x0c\x48\x10\x3e\x0c\x30\x10\x3e\x0c\x36\x0c\x48\x10\
\x3e\x0c\x3c\x10\x3e\x0c\x42\x0c\x48\x10\x3e\x0c\x4e\x10\x3e\x0c\
\x60\x0f\x54\x0c\x66\x0c\x4e\x10\x3e\x0c\x60\x0f\x54\x0c\x66\x0c\
\x4e\x10\x3e\x0c\x54\x0f\x54\x0c\x66\x0f\x78\x10\x3e\x0c\x60\x0f\
\x54\x0c\x66\x0c\x5a\x10\x3e\x0c\x60\x0f\x54\x0c\x66\x0c\xa2\x0c\
\xa8\x0c\x96\x10\x3e\x10\x3e\x0c\xa2\x0c\xa8\x0c\x6c\x10\x3e\x10\
\x3e\x0c\xa2\x0c\xa8\x0c\x72\x10\x3e\x10\x3e\x0c\xa2\x0c\xa8\x0c\
\x78\x10\x3e\x10\x3e\x0c\xa2\x0c\xa8\x0c\x7e\x10\x3e\x10\x3e\x0c\
\xa2\x0c\xa8\x0c\x84\x10\x3e\x10\x3e\x0c\xa2\x0c\xa8\x0c\x8a\x10\
\x3e\x10\x3e\x0c\xa2\x0c\xa8\x0c\x90\x10\x3e\x10\x3e\x0c\xa2\x0c\
\xa8\x0c\x96\x10\x3e\x10\x3e\x0c\xa2\x0c\xa8\x0c\x9c\x10\x3e\x10\
\x3e\x0c\xa2\x0c\xa8\x0c\xae\x10\x3e\x10\x3e\x0c\xb4\x10\x3e\x0c\
\xba\x10\x3e\x10\x3e\x0c\xd8\x10\x3e\x0c\xc0\x10\x3e\x10\x3e\x0c\
\xd8\x10\x3e\x0c\xc6\x10\x3e\x10\x3e\x0c\xd8\x10\x3e\x0c\xcc\x10\
\x3e\x10\x3e\x0c\xd8\x10\x3e\x0c\xd2\x10\x3e\x10\x3e\x0c\xd8\x10\
\x3e\x0c\xde\x10\x3e\x10\x3e\x0c\xe4\x10\x3e\x0c\xea\x10\x3e\x10\
\x3e\x0f\x24\x10\x3e\x0c\xf0\x10\x3e\x10\x3e\x0f\x24\x10\x3e\x0c\
\xf6\x10\x3e\x10\x3e\x0f\x24\x10\x3e\x0c\xfc\x10\x3e\x10\x3e\x0f\
\x24\x10\x3e\x0d\x02\x10\x3e\x10\x3e\x0f\x24\x10\x3e\x0d\x08\x10\
\x3e\x10\x3e\x0d\x1a\x10\x3e\x0f\xa8\x10\x3e\x10\x3e\x0d\x1a\x10\
\x3e\x0d\x0e\x10\x3e\x10\x3e\x0d\x1a\x10\x3e\x0d\x14\x10\x3e\x10\
\x3e\x0d\x1a\x10\x3e\x0d\x20\x10\x3e\x10\x3e\x0d\x50\x0d\x56\x0d\
\x44\x10\x3e\x10\x3e\x0d\x50\x0d\x56\x0d\x26\x10\x3e\x10\x3e\x0d\
\x50\x0d\x56\x0d\x2c\x10\x3e\x10\x3e\x0d\x50\x0d\x56\x0d\x38\x10\
\x3e\x10\x3e\x0d\x50\x0d\x56\x0d\x32\x10\x3e\x10\x3e\x0d\x50\x0d\
\x56\x0d\x38\x10\x3e\x10\x3e\x0d\x50\x0d\x56\x0d\x3e\x10\x3e\x10\
\x3e\x0d\x50\x0d\x56\x0d\x44\x10\x3e\x10\x3e\x0d\x50\x0d\x56\x0d\
\x4a\x10\x3e\x10\x3e\x0d\x50\x0d\x56\x0d\x5c\x10\x3e\x10\x3e\x0d\
\x68\x10\x3e\x0d\x62\x10\x3e\x10\x3e\x0d\x68\x10\x3e\x0d\x6e\x10\
\x3e\x10\x3e\x0d\xf8\x10\x3e\x0d\x74\x10\x3e\x10\x3e\x0d\x92\x10\
\x3e\x0d\x86\x10\x3e\x10\x3e\x0d\x92\x10\x3e\x0d\x7a\x10\x3e\x10\
\x3e\x0d\x92\x10\x3e\x0d\x8c\x10\x3e\x10\x3e\x0d\x80\x10\x3e\x0d\
\x86\x10\x3e\x10\x3e\x0d\x92\x10\x3e\x0d\x8c\x10\x3e\x10\x3e\x0d\
\x92\x10\x3e\x0d\x98\x10\x3e\x10\x3e\x0f\x24\x10\x3e\x0f\x2a\x10\
\x3e\x0d\x9e\x0f\x24\x10\x3e\x0f\x2a\x10\x3e\x0d\x9e\x0f\x24\x10\
\x3e\x0f\x2a\x10\x3e\x0d\x9e\x0d\xc8\x0d\xce\x0d\xd4\x10\x3e\x10\
\x3e\x0d\xc8\x0d\xce\x0d\xa4\x10\x3e\x10\x3e\x0d\xc8\x0d\xce\x0d\
\xaa\x10\x3e\x10\x3e\x0d\xc8\x0d\xce\x0d\xbc\x10\x3e\x10\x3e\x0d\
\xc8\x0d\xce\x0d\xbc\x10\x3e\x10\x3e\x0d\xc8\x0d\xce\x0d\xb0\x10\
\x3e\x10\x3e\x0d\xc8\x0d\xce\x0d\xb6\x10\x3e\x10\x3e\x0d\xc8\x0d\
\xce\x0d\xbc\x10\x3e\x10\x3e\x0d\xc8\x0d\xce\x0d\xc2\x10\x3e\x10\
\x3e\x0d\xc8\x0d\xce\x0d\xd4\x10\x3e\x10\x3e\x0d\xda\x0d\xe0\x0d\
\xe6\x10\x3e\x10\x3e\x0d\xda\x0d\xe0\x0d\xe6\x10\x3e\x10\x3e\x0d\
\xec\x10\x3e\x0d\xf2\x10\x3e\x10\x3e\x0d\xf8\x10\x3e\x0f\xae\x10\
\x3e\x10\x3e\x0d\xf8\x10\x3e\x0f\x96\x10\x3e\x10\x3e\x0d\xf8\x10\
\x3e\x0f\xa2\x10\x3e\x10\x3e\x0d\xf8\x10\x3e\x0f\x90\x10\x3e\x10\
\x3e\x0d\xf8\x10\x3e\x0d\xfe\x10\x3e\x10\x3e\x0e\x0a\x10\x3e\x0e\
\x04\x10\x3e\x0e\x16\x0e\x0a\x10\x3e\x0e\x04\x10\x3e\x0e\x16\x0e\
\x0a\x10\x3e\x0e\x10\x10\x3e\x0e\x16\x0e\x1c\x0e\x52\x0e\x46\x10\
\x3e\x10\x3e\x0e\x4c\x0e\x52\x0e\x22\x10\x3e\x10\x3e\x0e\x4c\x0e\
\x52\x0e\x28\x10\x3e\x10\x3e\x0e\x4c\x0e\x52\x0e\x2e\x10\x3e\x10\
\x3e\x0e\x4c\x0e\x52\x0e\x3a\x10\x3e\x10\x3e\x0e\x4c\x0e\x52\x0e\
\x34\x10\x3e\x10\x3e\x0e\x4c\x0e\x52\x0e\x3a\x10\x3e\x10\x3e\x0e\
\x4c\x0e\x52\x0e\x40\x10\x3e\x10\x3e\x0e\x4c\x0e\x52\x0e\x46\x10\
\x3e\x10\x3e\x0e\x4c\x0e\x52\x0e\x58\x10\x3e\x10\x3e\x0e\x6a\x10\
\x3e\x0e\x5e\x10\x3e\x10\x3e\x0e\x6a\x10\x3e\x0e\x64\x10\x3e\x10\
\x3e\x0e\x6a\x10\x3e\x0e\x70\x10\x3e\x10\x3e\x0e\x76\x10\x3e\x0e\
\x82\x10\x3e\x10\x3e\x0e\x7c\x10\x3e\x0e\x82\x10\x3e\x10\x3e\x0e\
\x94\x10\x3e\x0e\x9a\x10\x3e\x0e\xa0\x0e\x94\x10\x3e\x0e\x88\x10\
\x3e\x0e\xa0\x0e\x94\x10\x3e\x0e\x9a\x10\x3e\x0e\xa0\x0e\x8e\x10\
\x3e\x0e\x9a\x10\x3e\x0e\xa0\x0e\x94\x10\x3e\x0e\x9a\x10\x3e\x0e\
\xa0\x0e\xa6\x10\x3e\x0e\xac\x10\x3e\x0e\xb2\x0e\xb8\x10\x3e\x0e\
\xbe\x10\x3e\x10\x3e\x0f\x24\x10\x3e\x0f\x2a\x10\x3e\x10\x3e\x0f\
\x24\x10\x3e\x0e\xc4\x10\x3e\x10\x3e\x0f\x24\x10\x3e\x0e\xca\x10\
\x3e\x10\x3e\x0e\xd0\x10\x3e\x0f\x2a\x10\x3e\x10\x3e\x0f\x24\x10\
\x3e\x0e\xd6\x10\x3e\x10\x3e\x0f\x00\x0f\x06\x0e\xf4\x10\x3e\x0f\
\x12\x0f\x00\x0f\x06\x0e\xfa\x10\x3e\x0f\x12\x0f\x00\x0f\x06\x0e\
\xdc\x10\x3e\x0f\x12\x0f\x00\x0f\x06\x0e\xe8\x10\x3e\x0f\x12\x0f\
\x00\x0f\x06\x0e\xe2\x10\x3e\x0f\x12\x0f\x00\x0f\x06\x0e\xe8\x10\
\x3e\x0f\x12\x0f\x00\x0f\x06\x0e\xe8\x10\x3e\x0f\x12\x0f\x00\x0f\
\x06\x0e\xee\x10\x3e\x0f\x12\x0f\x00\x0f\x06\x0e\xf4\x10\x3e\x0f\
\x12\x0f\x00\x0f\x06\x0e\xfa\x10\x3e\x0f\x12\x0f\x00\x0f\x06\x0f\
\x0c\x10\x3e\x0f\x12\x0f\x18\x10\x3e\x0f\x1e\x10\x3e\x10\x3e\x0f\
\x24\x10\x3e\x0f\x2a\x10\x3e\x10\x3e\x0f\x36\x10\x3e\x0f\x48\x10\
\x3e\x10\x3e\x0f\x36\x10\x3e\x0f\x30\x10\x3e\x10\x3e\x0f\x36\x10\
\x3e\x0f\x3c\x10\x3e\x10\x3e\x0f\x42\x10\x3e\x0f\x48\x10\x3e\x10\
\x3e\x0f\x54\x10\x3e\x0f\x66\x10\x3e\x10\x3e\x0f\x54\x10\x3e\x0f\
\x4e\x10\x3e\x10\x3e\x0f\x54\x10\x3e\x0f\x5a\x10\x3e\x10\x3e\x0f\
\x60\x10\x3e\x0f\x66\x10\x3e\x10\x3e\x0f\x54\x10\x3e\x0f\x5a\x10\
\x3e\x10\x3e\x0f\x60\x10\x3e\x0f\x66\x10\x3e\x10\x3e\x0f\x6c\x10\
\x3e\x0f\x7e\x0f\x84\x0f\x8a\x0f\x6c\x10\x3e\x0f\x7e\x0f\x84\x0f\
\x8a\x0f\x6c\x10\x3e\x0f\x7e\x0f\x84\x0f\x8a\x0f\x72\x10\x3e\x0f\
\x7e\x0f\x84\x0f\x8a\x0f\x78\x10\x3e\x0f\x7e\x0f\x84\x0f\x8a\x0f\
\xba\x0f\xc0\x0f\xae\x10\x3e\x10\x3e\x0f\xba\x0f\xc0\x0f\x90\x10\
\x3e\x10\x3e\x0f\xba\x0f\xc0\x0f\x96\x10\x3e\x10\x3e\x0f\xba\x0f\
\xc0\x0f\xa2\x10\x3e\x10\x3e\x0f\xba\x0f\xc0\x0f\x9c\x10\x3e\x10\
\x3e\x0f\xba\x0f\xc0\x0f\xa2\x10\x3e\x10\x3e\x0f\xba\x0f\xc0\x0f\
\xa2\x10\x3e\x10\x3e\x0f\xba\x0f\xc0\x0f\xa8\x10\x3e\x10\x3e\x0f\
\xba\x0f\xc0\x0f\xae\x10\x3e\x10\x3e\x0f\xba\x0f\xc0\x0f\xb4\x10\
\x3e\x10\x3e\x0f\xba\x0f\xc0\x0f\xc6\x10\x3e\x10\x3e\x0f\xcc\x10\
\x3e\x0f\xd2\x10\x3e\x10\x3e\x0f\xea\x10\x3e\x0f\xd8\x10\x3e\x10\
\x3e\x0f\xea\x10\x3e\x0f\xde\x10\x3e\x10\x3e\x0f\xea\x10\x3e\x0f\
\xf0\x10\x3e\x10\x3e\x0f\xea\x10\x3e\x0f\xe4\x10\x3e\x10\x3e\x0f\
\xea\x10\x3e\x0f\xf0\x10\x3e\x10\x3e\x0f\xf6\x10\x3e\x0f\xfc\x10\
\x3e\x10\x3e\x10\x14\x10\x3e\x10\x02\x10\x3e\x10\x3e\x10\x14\x10\
\x3e\x10\x08\x10\x3e\x10\x3e\x10\x14\x10\x3e\x10\x1a\x10\x3e\x10\
\x3e\x10\x14\x10\x3e\x10\x0e\x10\x3e\x10\x3e\x10\x14\x10\x3e\x10\
\x1a\x10\x3e\x10\x3e\x10\x32\x10\x3e\x10\x20\x10\x3e\x10\x3e\x10\
\x32\x10\x3e\x10\x26\x10\x3e\x10\x3e\x10\x32\x10\x3e\x10\x2c\x10\
\x3e\x10\x3e\x10\x32\x10\x3e\x10\x38\x10\x3e\x10\x3e\x00\x01\x01\
\x0e\x03\x1a\x00\x01\x01\x0d\x02\xf4\x00\x01\x01\x0d\x03\x06\x00\
\x01\x01\x0d\x02\xed\x00\x01\x01\x0d\x03\x1a\x00\x01\x01\x0d\x02\
\xf6\x00\x01\x01\x0d\x02\x56\x00\x01\x01\x0d\x03\x5a\x00\x01\x01\
\x0d\x00\x00\x00\x01\x02\x1a\x00\x00\x00\x01\x01\x0d\x02\xfe\x00\
\x01\x01\x70\x02\x56\x00\x01\x01\x70\x00\x00\x00\x01\x01\x71\x03\
\x1a\x00\x01\x01\x11\x00\x00\x00\x01\x01\x11\x02\x56\x00\x01\x01\
\x15\x03\x1a\x00\x01\x01\x14\xff\x3a\x00\x01\x01\x14\x03\x06\x00\
\x01\x01\x14\x02\xf8\x00\x01\x01\x1e\x00\x00\x00\x01\x01\x14\x02\
\x56\x00\x01\x01\x14\x00\x00\x00\x01\x01\x14\x03\x10\x00\x01\x00\
\x85\x01\x2b\x00\x01\x01\x2e\x00\x00\x00\x01\x01\x2e\x02\x56\x00\
\x01\x00\x9f\x01\x2b\x00\x01\x01\x09\x03\x1a\x00\x01\x01\x08\x02\
\xf4\x00\x01\x01\x08\x03\x10\x00\x01\x01\x08\x03\x06\x00\x01\x01\
\x08\x02\xed\x00\x01\x01\x08\x02\xf8\x00\x01\x01\x08\x03\x1a\x00\
\x01\x01\x08\x02\xf6\x00\x01\x01\x08\x00\x00\x00\x01\x01\xba\x00\
\x00\x00\x01\x01\x08\x02\x56\x00\x01\x00\x3e\x00\x00\x00\x01\x00\
\xf0\x02\x56\x00\x01\x01\x19\x02\xf4\x00\x01\x01\x19\x03\x06\x00\
\x01\x01\x19\xff\x3a\x00\x01\x01\x19\x02\x56\x00\x01\x01\x19\x00\
\x00\x00\x01\x01\x19\x02\xf8\x00\x01\x01\x18\x02\x03\x00\x01\x00\
\x78\x03\x1a\x00\x01\x00\x77\x02\xf4\x00\x01\x00\x77\x03\x06\x00\
\x01\x00\x77\x02\xed\x00\x01\x00\x77\x02\xf8\x00\x01\x00\x77\x03\
\x1a\x00\x01\x00\x77\x02\xf6\x00\x01\x00\x77\x02\x56\x00\x01\x00\
\x77\x00\x00\x00\x01\x00\xab\x00\x00\x00\x01\x00\x77\x02\xfe\x00\
\x01\x01\x59\x02\x56\x00\x01\x01\x59\x03\x06\x00\x01\x01\x13\x02\
\x56\x00\x01\x00\x85\x03\x1a\x00\x01\x00\xf6\xff\x3a\x00\x01\x00\
\xf6\x00\x00\x00\x01\x00\x84\x02\x56\x00\x01\x00\x7e\x01\x2b\x00\
\x01\x00\xf9\x00\x00\x00\x01\x00\x87\x02\x56\x00\x01\x00\x81\x01\
\x2b\x00\x01\x01\x4a\x00\x00\x00\x01\x01\x4a\x02\x56\x00\x01\x01\
\x17\x03\x1a\x00\x01\x01\x16\x03\x10\x00\x01\x01\x16\xff\x3a\x00\
\x01\x01\x16\x02\x56\x00\x01\x01\x16\x00\x00\x00\x01\x01\x16\x02\
\xfe\x00\x01\x01\x21\x02\xf4\x00\x01\x01\x21\x03\x06\x00\x01\x01\
\x21\x02\xed\x00\x01\x01\x21\x03\x1a\x00\x01\x01\x21\x02\x70\x00\
\x01\x01\x21\x02\xf6\x00\x01\x01\x21\x02\x56\x00\x01\x01\x22\x03\
\x1a\x00\x01\x01\x21\x00\x00\x00\x01\x01\x21\x02\xfe\x00\x01\x01\
\xae\x00\x00\x00\x01\x01\xae\x02\x56\x00\x01\x01\x12\x00\x00\x00\
\x01\x01\x12\x02\x56\x00\x01\x01\x20\x00\x00\x00\x01\x02\x0c\x00\
\x0a\x00\x01\x01\x20\x02\x56\x00\x01\x01\x21\x01\x2b\x00\x01\x01\
\x00\x03\x1a\x00\x01\x01\x13\x00\x00\x00\x01\x00\xff\x03\x10\x00\
\x01\x01\x13\xff\x3a\x00\x01\x00\xff\x02\x56\x00\x01\x01\x1c\x03\
\x1a\x00\x01\x01\x1b\x03\x10\x00\x01\x01\x1b\x00\x00\x00\x01\x01\
\x1b\x03\x06\x00\x01\x01\x1b\xff\x3a\x00\x01\x01\x1b\x02\x56\x00\
\x01\x01\x25\x00\x00\x00\x01\x01\x00\x00\x00\x00\x01\x00\xf9\x03\
\x10\x00\x01\x01\x00\xff\x3a\x00\x01\x00\xf9\x02\x56\x00\x01\x00\
\xf9\x01\x2b\x00\x01\x01\x19\x03\x1a\x00\x01\x01\x18\x02\xf4\x00\
\x01\x01\x18\x03\x06\x00\x01\x01\x18\x02\xed\x00\x01\x01\x18\x03\
\x1a\x00\x01\x01\x18\x02\x70\x00\x01\x01\x18\x02\xf6\x00\x01\x01\
\x18\x02\x56\x00\x01\x01\x18\x03\x5a\x00\x01\x01\x18\x00\x00\x00\
\x01\x01\x57\x00\x00\x00\x01\x01\x18\x02\xfe\x00\x01\x01\x05\x00\
\x00\x00\x01\x01\x05\x02\x56\x00\x01\x01\x69\x02\x56\x00\x01\x01\
\x6a\x03\x1a\x00\x01\x01\x69\x03\x06\x00\x01\x01\x69\x02\xed\x00\
\x01\x01\x69\x00\x00\x00\x01\x01\x69\x03\x1a\x00\x01\x01\x01\x00\
\x00\x00\x01\x01\x01\x02\x56\x00\x01\x00\xfd\x02\x56\x00\x01\x00\
\xfe\x03\x1a\x00\x01\x00\xfd\x03\x06\x00\x01\x00\xfd\x02\xed\x00\
\x01\x00\xfd\x03\x1a\x00\x01\x00\xf9\x03\x1a\x00\x01\x00\xf8\x03\
\x10\x00\x01\x00\xf8\x00\x00\x00\x01\x00\xf8\x02\xf8\x00\x01\x00\
\xec\x02\x7a\x00\x01\x00\xec\x02\x54\x00\x01\x00\xec\x02\x57\x00\
\x01\x00\xec\x02\x70\x00\x01\x00\xec\x02\x56\x00\x01\x00\xec\x01\
\xb0\x00\x01\x00\xec\x02\xba\x00\x01\x00\xf0\x00\x00\x00\x01\x01\
\x9f\x00\x00\x00\x01\x00\xec\x02\x5e\x00\x01\x01\x7a\x01\xb0\x00\
\x01\x01\x68\x00\x00\x00\x01\x01\x7a\x02\x7a\x00\x01\x00\xfa\x01\
\xb0\x00\x01\x00\xeb\x02\x7a\x00\x01\x00\xeb\xff\x3a\x00\x01\x00\
\xeb\x01\xb0\x00\x01\x00\xeb\x02\x70\x00\x01\x00\xeb\x00\x00\x00\
\x01\x00\xeb\x02\x58\x00\x01\x01\x4e\x02\x03\x00\x01\x00\xf4\x02\
\x7a\x00\x01\x00\xf4\x02\x54\x00\x01\x00\xf4\x02\x57\x00\x01\x00\
\xf4\x02\x58\x00\x01\x00\xf4\x02\x70\x00\x01\x00\xf4\x02\x56\x00\
\x01\x00\xf4\x00\x00\x00\x01\x01\x31\x00\x00\x00\x01\x00\xf4\x01\
\xb0\x00\x01\x00\xe8\x00\x00\x00\x01\x00\xab\x01\xb0\x00\x01\x00\
\xe8\x01\xb0\x00\x01\x00\xac\x00\x00\x00\x01\x00\xac\x01\xb0\x00\
\x01\x00\xfa\x00\x00\x00\x01\x00\xf8\x02\x58\x00\x01\x00\xfe\x02\
\x56\x00\x01\x00\xfe\x00\x00\x00\x01\x00\xfe\x03\x06\x00\x01\x00\
\x9c\x02\x03\x00\x01\x00\x71\x00\x00\x00\x01\x00\x6c\x01\xb0\x00\
\x01\x00\x6c\x02\x7a\x00\x01\x00\x6c\x02\x54\x00\x01\x00\x6c\x02\
\x57\x00\x01\x00\x6c\x02\x70\x00\x01\x00\x6c\x02\x56\x00\x01\x00\
\x6c\x02\x58\x00\x01\x00\x72\x00\x00\x00\x01\x00\x9e\x00\x00\x00\
\x01\x00\x6c\x02\x5e\x00\x01\x00\x72\x02\x58\x00\x01\x00\x72\x01\
\xb0\x00\x01\x00\x79\x00\x00\x00\x01\x00\x72\x02\x70\x00\x01\x00\
\xe6\x00\x00\x00\x01\x00\xe6\xff\x3a\x00\x01\x00\xe6\x01\xb0\x00\
\x01\x00\x74\x03\x1a\x00\x01\x00\x73\xff\x3a\x00\x01\x00\x73\x00\
\x00\x00\x01\x00\x73\x02\x56\x00\x01\x00\x6d\x01\x18\x00\x01\x00\
\x9b\x00\x00\x00\x01\x00\x9b\x02\x56\x00\x01\x00\x95\x01\x18\x00\
\x01\x01\x6c\x00\x00\x00\x01\x01\x6c\x01\xb0\x00\x01\x00\xfd\x02\
\x7a\x00\x01\x00\xfd\x02\x70\x00\x01\x00\xfd\xff\x3a\x00\x01\x00\
\xfd\x02\x5e\x00\x01\x00\xf5\x02\x54\x00\x01\x00\xf5\x02\x57\x00\
\x01\x00\xf5\x02\x70\x00\x01\x00\xf5\x02\x56\x00\x01\x00\xf5\x01\
\xb0\x00\x01\x00\xf5\x02\x7a\x00\x01\x00\xf5\x00\x00\x00\x01\x01\
\xb2\x00\x0a\x00\x01\x00\xf5\x02\x5e\x00\x01\x00\xf1\x00\xd8\x00\
\x01\x00\xfb\x00\x00\x00\x01\x00\xfb\x01\xb0\x00\x01\x00\xfd\x00\
\x00\x00\x01\x00\xfd\x01\xb0\x00\x01\x00\xf7\x02\x7a\x00\x01\x00\
\x86\x00\x00\x00\x01\x00\xf7\x02\x70\x00\x01\x00\x86\xff\x3a\x00\
\x01\x00\xf7\x01\xb0\x00\x01\x00\xed\x02\x7a\x00\x01\x00\xf1\x00\
\x00\x00\x01\x00\xed\x02\x70\x00\x01\x00\xf1\xff\x3a\x00\x01\x00\
\xed\x01\xb0\x00\x01\x00\xe7\x00\x00\x00\x01\x00\xb2\xff\x3a\x00\
\x01\x00\xe7\xff\x3a\x00\x01\x00\xb1\x01\xb0\x00\x01\x00\xbc\x00\
\x00\x00\x01\x00\xa8\x00\xf4\x00\x01\x00\xf8\x02\x7a\x00\x01\x00\
\xf8\x02\x54\x00\x01\x00\xf8\x02\x57\x00\x01\x00\xf8\x02\x70\x00\
\x01\x00\xf8\x02\x56\x00\x01\x00\xf8\x01\xb0\x00\x01\x00\xf8\x02\
\xba\x00\x01\x01\x02\x00\x00\x00\x01\x01\xb4\x00\x00\x00\x01\x00\
\xf8\x02\x5e\x00\x01\x00\xd7\x00\x00\x00\x01\x00\xd8\x01\xb0\x00\
\x01\x01\x42\x01\xb0\x00\x01\x01\x42\x02\x7a\x00\x01\x01\x42\x02\
\x57\x00\x01\x01\x42\x00\x00\x00\x01\x01\x42\x02\x70\x00\x01\x00\
\xe0\x00\x00\x00\x01\x00\xe0\x01\xb0\x00\x01\x00\xd9\x01\xb0\x00\
\x01\x00\xd9\x02\x7a\x00\x01\x00\xd9\x02\x57\x00\x01\x00\xd8\x00\
\x00\x00\x01\x00\xd9\x02\x70\x00\x01\x00\xde\x01\xb0\x00\x01\x00\
\xde\x02\x7a\x00\x01\x00\xde\x02\x70\x00\x01\x00\xde\x00\x00\x00\
\x01\x00\xde\x02\x58\x00\x01\x00\x00\x00\x00\x00\x06\x01\x00\x00\
\x01\x00\x08\x00\x01\x00\x0c\x00\x12\x00\x01\x00\x1c\x00\x28\x00\
\x01\x00\x01\x02\x58\x00\x01\x00\x03\x02\x58\x02\x59\x02\x62\x00\
\x01\x00\x00\x00\x06\x00\x01\xff\xa0\x00\x00\x00\x03\x00\x08\x00\
\x0e\x00\x14\x00\x01\xff\xa0\xff\x3a\x00\x01\xff\x6f\xff\x3a\x00\
\x01\x00\x5e\xff\x3a\x00\x06\x02\x00\x00\x01\x00\x08\x00\x01\x00\
\x0c\x00\x16\x00\x01\x00\x32\x00\xa0\x00\x02\x00\x01\x02\x4c\x02\
\x57\x00\x00\x00\x02\x00\x04\x02\x4c\x02\x57\x00\x00\x02\x5f\x02\
\x61\x00\x0c\x02\x63\x02\x68\x00\x0f\x02\x6a\x02\x6b\x00\x15\x00\
\x0c\x00\x00\x00\x32\x00\x00\x00\x38\x00\x00\x00\x3e\x00\x00\x00\
\x68\x00\x00\x00\x44\x00\x00\x00\x4a\x00\x00\x00\x4a\x00\x00\x00\
\x50\x00\x00\x00\x56\x00\x00\x00\x5c\x00\x00\x00\x62\x00\x00\x00\
\x68\x00\x01\xff\x4d\x01\xb0\x00\x01\xff\x99\x01\xb0\x00\x01\xff\
\x90\x01\xb0\x00\x01\xff\x15\x01\xb0\x00\x01\xff\x41\x01\xb0\x00\
\x01\xff\x65\x01\xb0\x00\x01\xff\x6b\x01\xb0\x00\x01\xff\x2b\x01\
\xb0\x00\x01\xff\x5d\x01\xb0\x00\x01\xff\x55\x01\xb0\x00\x17\x00\
\x30\x00\x36\x00\x3c\x00\x66\x00\x42\x00\x48\x00\x48\x00\x4e\x00\
\x54\x00\x5a\x00\x60\x00\x66\x00\x6c\x00\x72\x00\x78\x00\x78\x00\
\x7e\x00\x84\x00\x8a\x00\x90\x00\x96\x00\x9c\x00\xa2\x00\x01\xff\
\x4d\x02\x57\x00\x01\xff\x99\x02\x58\x00\x01\xff\x90\x02\x70\x00\
\x01\xff\x15\x02\x70\x00\x01\xff\x41\x02\x70\x00\x01\xff\x65\x02\
\x54\x00\x01\xff\x6b\x02\xba\x00\x01\xff\x2b\x02\x5e\x00\x01\xff\
\x5d\x02\x56\x00\x01\xff\x55\x02\x7a\x00\x01\x00\x74\x02\x7a\x00\
\x01\x00\x9b\x02\x54\x00\x01\x00\xbf\x02\x70\x00\x01\x00\xb3\x02\
\x57\x00\x01\x00\x68\x02\x58\x00\x01\x00\xaf\x02\x70\x00\x01\x00\
\xbc\x02\x70\x00\x01\x00\xa4\x02\x56\x00\x01\x00\x95\x02\xba\x00\
\x01\x00\xd5\x02\x5e\x00\x00\x00\x01\x00\x00\x00\x0a\x00\xec\x03\
\x38\x00\x02\x44\x46\x4c\x54\x00\x0e\x6c\x61\x74\x6e\x00\x36\x00\
\x04\x00\x00\x00\x00\xff\xff\x00\x0f\x00\x00\x00\x05\x00\x0a\x00\
\x0f\x00\x14\x00\x19\x00\x1e\x00\x26\x00\x2b\x00\x30\x00\x35\x00\
\x3a\x00\x3f\x00\x44\x00\x49\x00\x16\x00\x03\x43\x41\x54\x20\x00\
\x3a\x4d\x4f\x4c\x20\x00\x60\x52\x4f\x4d\x20\x00\x86\x00\x00\xff\
\xff\x00\x0f\x00\x01\x00\x06\x00\x0b\x00\x10\x00\x15\x00\x1a\x00\
\x1f\x00\x27\x00\x2c\x00\x31\x00\x36\x00\x3b\x00\x40\x00\x45\x00\
\x4a\x00\x00\xff\xff\x00\x10\x00\x02\x00\x07\x00\x0c\x00\x11\x00\
\x16\x00\x1b\x00\x20\x00\x23\x00\x28\x00\x2d\x00\x32\x00\x37\x00\
\x3c\x00\x41\x00\x46\x00\x4b\x00\x00\xff\xff\x00\x10\x00\x03\x00\
\x08\x00\x0d\x00\x12\x00\x17\x00\x1c\x00\x21\x00\x24\x00\x29\x00\
\x2e\x00\x33\x00\x38\x00\x3d\x00\x42\x00\x47\x00\x4c\x00\x00\xff\
\xff\x00\x10\x00\x04\x00\x09\x00\x0e\x00\x13\x00\x18\x00\x1d\x00\
\x22\x00\x25\x00\x2a\x00\x2f\x00\x34\x00\x39\x00\x3e\x00\x43\x00\
\x48\x00\x4d\x00\x4e\x61\x61\x6c\x74\x01\xd6\x61\x61\x6c\x74\x01\
\xd6\x61\x61\x6c\x74\x01\xd6\x61\x61\x6c\x74\x01\xd6\x61\x61\x6c\
\x74\x01\xd6\x63\x61\x6c\x74\x01\xde\x63\x61\x6c\x74\x01\xde\x63\
\x61\x6c\x74\x01\xde\x63\x61\x6c\x74\x01\xde\x63\x61\x6c\x74\x01\
\xde\x63\x61\x73\x65\x01\xe4\x63\x61\x73\x65\x01\xe4\x63\x61\x73\
\x65\x01\xe4\x63\x61\x73\x65\x01\xe4\x63\x61\x73\x65\x01\xe4\x63\
\x63\x6d\x70\x01\xea\x63\x63\x6d\x70\x01\xea\x63\x63\x6d\x70\x01\
\xea\x63\x63\x6d\x70\x01\xea\x63\x63\x6d\x70\x01\xea\x64\x6e\x6f\
\x6d\x01\xf2\x64\x6e\x6f\x6d\x01\xf2\x64\x6e\x6f\x6d\x01\xf2\x64\
\x6e\x6f\x6d\x01\xf2\x64\x6e\x6f\x6d\x01\xf2\x66\x72\x61\x63\x01\
\xf8\x66\x72\x61\x63\x01\xf8\x66\x72\x61\x63\x01\xf8\x66\x72\x61\
\x63\x01\xf8\x66\x72\x61\x63\x01\xf8\x6c\x69\x67\x61\x02\x02\x6c\
\x69\x67\x61\x02\x02\x6c\x69\x67\x61\x02\x02\x6c\x69\x67\x61\x02\
\x02\x6c\x69\x67\x61\x02\x02\x6c\x6f\x63\x6c\x02\x08\x6c\x6f\x63\
\x6c\x02\x0e\x6c\x6f\x63\x6c\x02\x14\x6e\x75\x6d\x72\x02\x1a\x6e\
\x75\x6d\x72\x02\x1a\x6e\x75\x6d\x72\x02\x1a\x6e\x75\x6d\x72\x02\
\x1a\x6e\x75\x6d\x72\x02\x1a\x6f\x72\x64\x6e\x02\x20\x6f\x72\x64\
\x6e\x02\x20\x6f\x72\x64\x6e\x02\x20\x6f\x72\x64\x6e\x02\x20\x6f\
\x72\x64\x6e\x02\x20\x70\x6e\x75\x6d\x02\x28\x70\x6e\x75\x6d\x02\
\x28\x70\x6e\x75\x6d\x02\x28\x70\x6e\x75\x6d\x02\x28\x70\x6e\x75\
\x6d\x02\x28\x73\x69\x6e\x66\x02\x2e\x73\x69\x6e\x66\x02\x2e\x73\
\x69\x6e\x66\x02\x2e\x73\x69\x6e\x66\x02\x2e\x73\x69\x6e\x66\x02\
\x2e\x73\x75\x62\x73\x02\x34\x73\x75\x62\x73\x02\x34\x73\x75\x62\
\x73\x02\x34\x73\x75\x62\x73\x02\x34\x73\x75\x62\x73\x02\x34\x73\
\x75\x70\x73\x02\x3a\x73\x75\x70\x73\x02\x3a\x73\x75\x70\x73\x02\
\x3a\x73\x75\x70\x73\x02\x3a\x73\x75\x70\x73\x02\x3a\x74\x6e\x75\
\x6d\x02\x40\x74\x6e\x75\x6d\x02\x40\x74\x6e\x75\x6d\x02\x40\x74\
\x6e\x75\x6d\x02\x40\x74\x6e\x75\x6d\x02\x40\x7a\x65\x72\x6f\x02\
\x46\x7a\x65\x72\x6f\x02\x46\x7a\x65\x72\x6f\x02\x46\x7a\x65\x72\
\x6f\x02\x46\x7a\x65\x72\x6f\x02\x46\x00\x00\x00\x02\x00\x00\x00\
\x01\x00\x00\x00\x01\x00\x16\x00\x00\x00\x01\x00\x13\x00\x00\x00\
\x02\x00\x02\x00\x03\x00\x00\x00\x01\x00\x0b\x00\x00\x00\x03\x00\
\x0c\x00\x0d\x00\x0e\x00\x00\x00\x01\x00\x14\x00\x00\x00\x01\x00\
\x06\x00\x00\x00\x01\x00\x05\x00\x00\x00\x01\x00\x04\x00\x00\x00\
\x01\x00\x0a\x00\x00\x00\x02\x00\x0f\x00\x10\x00\x00\x00\x01\x00\
\x11\x00\x00\x00\x01\x00\x08\x00\x00\x00\x01\x00\x07\x00\x00\x00\
\x01\x00\x09\x00\x00\x00\x01\x00\x12\x00\x00\x00\x01\x00\x15\x00\
\x1a\x00\x36\x00\xa8\x01\x8c\x02\x16\x02\x50\x02\x50\x02\x72\x02\
\xb6\x02\xb6\x02\xc4\x03\x08\x02\xe6\x02\xf4\x03\x08\x03\x16\x03\
\x5e\x03\x9c\x03\xbe\x03\xd6\x03\xee\x04\x06\x04\x2e\x04\x48\x04\
\x76\x04\x94\x04\xc2\x00\x01\x00\x00\x00\x01\x00\x08\x00\x02\x00\
\x36\x00\x18\x01\x07\x01\x08\x00\x5f\x00\x65\x01\x07\x00\xae\x00\
\xb8\x01\x08\x00\xe2\x00\xe9\x01\xcc\x01\xcd\x01\xce\x01\xcf\x01\
\xd0\x01\xd1\x01\xd2\x01\xd3\x01\xd4\x01\xd5\x01\xea\x02\x0a\x02\
\x0b\x02\x5e\x00\x01\x00\x18\x00\x01\x00\x47\x00\x5d\x00\x64\x00\
\x81\x00\xad\x00\xb7\x00\xca\x00\xe0\x00\xe8\x01\xd6\x01\xd7\x01\
\xd8\x01\xd9\x01\xda\x01\xdb\x01\xdc\x01\xdd\x01\xde\x01\xdf\x01\
\xfe\x02\x08\x02\x09\x02\x5c\x00\x03\x00\x00\x00\x01\x00\x08\x00\
\x01\x00\xd2\x00\x14\x00\x2e\x00\x3c\x00\x48\x00\x54\x00\x60\x00\
\x6c\x00\x78\x00\x84\x00\x90\x00\x9c\x00\xa8\x00\xae\x00\xb2\x00\
\xb6\x00\xba\x00\xbe\x00\xc2\x00\xc6\x00\xca\x00\xce\x00\x06\x01\
\xc2\x01\xe3\x01\xd6\x01\xcc\x01\xb6\x01\xc1\x00\x05\x01\xc3\x01\
\xe0\x01\xd7\x01\xcd\x01\xb7\x00\x05\x01\xc4\x01\xe1\x01\xd8\x01\
\xce\x01\xb8\x00\x05\x01\xc5\x01\xe2\x01\xd9\x01\xcf\x01\xb9\x00\
\x05\x01\xc6\x01\xe4\x01\xda\x01\xd0\x01\xba\x00\x05\x01\xc7\x01\
\xe5\x01\xdb\x01\xd1\x01\xbb\x00\x05\x01\xc8\x01\xe6\x01\xdc\x01\
\xd2\x01\xbc\x00\x05\x01\xc9\x01\xe7\x01\xdd\x01\xd3\x01\xbd\x00\
\x05\x01\xca\x01\xe8\x01\xde\x01\xd4\x01\xbe\x00\x05\x01\xcb\x01\
\xe9\x01\xdf\x01\xd5\x01\xbf\x00\x02\x01\xac\x01\xc0\x00\x01\x01\
\xad\x00\x01\x01\xae\x00\x01\x01\xaf\x00\x01\x01\xb0\x00\x01\x01\
\xb1\x00\x01\x01\xb2\x00\x01\x01\xb3\x00\x01\x01\xb4\x00\x01\x01\
\xb5\x00\x02\x00\x01\x01\xac\x01\xbf\x00\x00\x00\x06\x00\x00\x00\
\x04\x00\x0e\x00\x20\x00\x50\x00\x62\x00\x03\x00\x00\x00\x01\x00\
\x26\x00\x01\x00\x38\x00\x01\x00\x00\x00\x17\x00\x03\x00\x00\x00\
\x01\x00\x14\x00\x02\x00\x1c\x00\x26\x00\x01\x00\x00\x00\x17\x00\
\x01\x00\x02\x00\xad\x00\xb7\x00\x02\x00\x01\x02\x59\x02\x5d\x00\
\x00\x00\x02\x00\x01\x02\x4c\x02\x57\x00\x00\x00\x03\x00\x01\x00\
\x6e\x00\x01\x00\x6e\x00\x00\x00\x01\x00\x00\x00\x17\x00\x03\x00\
\x01\x00\x12\x00\x01\x00\x5c\x00\x00\x00\x01\x00\x00\x00\x17\x00\
\x02\x00\x03\x00\x01\x00\x80\x00\x00\x01\x09\x01\x37\x00\x80\x01\
\x67\x01\x87\x00\xaf\x00\x06\x00\x00\x00\x02\x00\x0a\x00\x1c\x00\
\x03\x00\x00\x00\x01\x00\x2a\x00\x01\x00\x24\x00\x01\x00\x00\x00\
\x17\x00\x03\x00\x01\x00\x12\x00\x01\x00\x18\x00\x00\x00\x01\x00\
\x00\x00\x17\x00\x01\x00\x01\x02\x5e\x00\x01\x00\x01\x02\x5c\x00\
\x01\x00\x00\x00\x01\x00\x08\x00\x02\x00\x0e\x00\x04\x00\x5f\x00\
\x65\x00\xe2\x00\xe9\x00\x01\x00\x04\x00\x5d\x00\x64\x00\xe0\x00\
\xe8\x00\x06\x00\x00\x00\x02\x00\x0a\x00\x24\x00\x03\x00\x00\x00\
\x02\x00\x14\x00\x2e\x00\x01\x00\x14\x00\x01\x00\x00\x00\x18\x00\
\x01\x00\x01\x00\xbd\x00\x03\x00\x00\x00\x02\x00\x1a\x00\x14\x00\
\x01\x00\x1a\x00\x01\x00\x00\x00\x18\x00\x01\x00\x01\x01\xf0\x00\
\x01\x00\x01\x00\x3a\x00\x01\x00\x00\x00\x01\x00\x08\x00\x01\x01\
\x26\x00\x16\x00\x01\x00\x00\x00\x01\x00\x08\x00\x02\x01\x18\x00\
\x0a\x01\xe3\x01\xe0\x01\xe1\x01\xe2\x01\xe4\x01\xe5\x01\xe6\x01\
\xe7\x01\xe8\x01\xe9\x00\x01\x00\x00\x00\x01\x00\x08\x00\x01\x00\
\xf6\x00\x20\x00\x01\x00\x00\x00\x01\x00\x08\x00\x01\x00\x06\xff\
\xec\x00\x01\x00\x01\x01\xfe\x00\x01\x00\x00\x00\x01\x00\x08\x00\
\x01\x00\xd4\x00\x2a\x00\x06\x00\x00\x00\x02\x00\x0a\x00\x22\x00\
\x03\x00\x01\x00\x12\x00\x01\x00\x34\x00\x00\x00\x01\x00\x00\x00\
\x19\x00\x01\x00\x01\x01\xea\x00\x03\x00\x01\x00\x12\x00\x01\x00\
\x1c\x00\x00\x00\x01\x00\x00\x00\x19\x00\x02\x00\x01\x01\xcc\x01\
\xd5\x00\x00\x00\x02\x00\x01\x01\xd6\x01\xdf\x00\x00\x00\x06\x00\
\x00\x00\x02\x00\x0a\x00\x24\x00\x03\x00\x01\x00\x7c\x00\x01\x00\
\x12\x00\x00\x00\x01\x00\x00\x00\x19\x00\x01\x00\x02\x00\x01\x00\
\x81\x00\x03\x00\x01\x00\x62\x00\x01\x00\x12\x00\x00\x00\x01\x00\
\x00\x00\x19\x00\x01\x00\x02\x00\x47\x00\xca\x00\x04\x00\x00\x00\
\x01\x00\x08\x00\x01\x00\x14\x00\x01\x00\x08\x00\x01\x00\x04\x02\
\x4a\x00\x03\x00\xca\x01\xf8\x00\x01\x00\x01\x00\x41\x00\x01\x00\
\x00\x00\x01\x00\x08\x00\x01\x00\x06\xff\xf6\x00\x02\x00\x01\x01\
\xb6\x01\xbf\x00\x00\x00\x01\x00\x00\x00\x01\x00\x08\x00\x01\x00\
\x06\x00\x0a\x00\x02\x00\x01\x01\xac\x01\xb5\x00\x00\x00\x01\x00\
\x00\x00\x01\x00\x08\x00\x01\x00\x06\x00\x02\x00\x01\x00\x03\x02\
\x08\x02\x09\x02\x5c\x00\x04\x00\x00\x00\x01\x00\x08\x00\x01\x00\
\x1a\x00\x01\x00\x08\x00\x02\x00\x06\x00\x0c\x01\x05\x00\x02\x00\
\xad\x01\x06\x00\x02\x00\xbd\x00\x01\x00\x01\x00\xa4\x00\x01\x00\
\x00\x00\x01\x00\x08\x00\x02\x00\x0a\x00\x02\x01\xc1\x01\xc0\x00\
\x01\x00\x02\x01\xac\x01\xb6\x00\x04\x00\x00\x00\x01\x00\x08\x00\
\x01\x00\x1e\x00\x02\x00\x0a\x00\x14\x00\x01\x00\x04\x02\x3a\x00\
\x02\x02\x27\x00\x01\x00\x04\x02\x3b\x00\x02\x02\x08\x00\x01\x00\
\x02\x02\x08\x02\x28\x00\x01\x00\x00\x00\x01\x00\x08\x00\x02\x00\
\x0c\x00\x03\x00\xae\x00\xb8\x02\x5e\x00\x01\x00\x03\x00\xad\x00\
\xb7\x02\x5c\x00\x04\x00\x00\x00\x01\x00\x08\x00\x01\x00\x1e\x00\
\x02\x00\x0a\x00\x14\x00\x01\x00\x04\x00\x3e\x00\x02\x01\xf0\x00\
\x01\x00\x04\x00\xc1\x00\x02\x01\xf0\x00\x01\x00\x02\x00\x3a\x00\
\xbd\x00\x01\x00\x00\x00\x01\x00\x08\x00\x02\x00\x22\x00\x0e\x01\
\x07\x01\x08\x01\x07\x01\x08\x01\xcc\x01\xcd\x01\xce\x01\xcf\x01\
\xd0\x01\xd1\x01\xd2\x01\xd3\x01\xd4\x01\xd5\x00\x01\x00\x0e\x00\
\x01\x00\x47\x00\x81\x00\xca\x01\xd6\x01\xd7\x01\xd8\x01\xd9\x01\
\xda\x01\xdb\x01\xdc\x01\xdd\x01\xde\x01\xdf\x00\x01\x00\x00\x00\
\x08\x00\x02\x00\x00\x00\x12\x00\x02\x00\x00\x00\x22\x77\x67\x68\
\x74\x01\x00\x00\x00\x69\x74\x61\x6c\x01\x00\x00\x01\x00\x04\x00\
\x10\x00\x01\x00\x00\x00\x02\x01\x00\x00\x00\x00\x00\x00\x01\x00\
\x01\x00\x00\x01\x00\x02\xbc\x00\x00\x00\x00\x03\x11\x00\x1e\x02\
\x19\xff\xff\x02\x19\xff\xff\x02\x19\xff\xff\x02\x19\xff\xff\x02\
\x19\xff\xff\x02\x19\xff\xff\x02\x19\xff\xff\x02\x19\xff\xff\x02\
\x19\xff\xff\x02\x19\xff\xff\x02\xc4\xff\xff\x02\xc4\xff\xff\x02\
\x1f\x00\x42\x02\x18\x00\x3e\x02\x18\x00\x3e\x02\x18\x00\x3e\x02\
\x18\x00\x3e\x02\x18\x00\x3e\x02\x18\x00\x3e\x02\x3c\x00\x42\x02\
\x56\x00\x16\x02\x3c\x00\x42\x02\x56\x00\x16\x01\xf8\x00\x42\x01\
\xf8\x00\x42\x01\xf8\x00\x42\x01\xf8\x00\x42\x01\xf8\x00\x42\x01\
\xf8\x00\x42\x01\xf8\x00\x42\x01\xf8\x00\x42\x01\xf8\x00\x42\x01\
\xf8\x00\x42\x01\xf8\x00\x3e\x01\xe3\x00\x42\x02\x45\x00\x3e\x02\
\x45\x00\x3e\x02\x45\x00\x3e\x02\x45\x00\x3e\x02\x45\x00\x3e\x02\
\x30\x00\x42\x02\x30\x00\x19\x02\x30\x00\x42\x00\xed\x00\x42\x00\
\xed\x00\x42\x00\xed\x00\x11\x00\xed\xff\xea\x00\xed\xff\xf6\x00\
\xed\x00\x41\x00\xed\xff\xee\x00\xed\x00\x05\x00\xed\x00\x21\x00\
\xed\xff\xd4\x01\xc9\x00\x13\x01\xc9\x00\x13\x02\x0f\x00\x42\x02\
\x0f\x00\x42\x01\xd4\x00\x42\x01\xd4\x00\x42\x01\xd4\x00\x42\x01\
\xd4\x00\x42\x01\xd9\x00\x42\x01\xd7\xff\xf8\x02\x93\x00\x42\x02\
\x2b\x00\x42\x02\x2b\x00\x42\x02\x2b\x00\x42\x02\x2b\x00\x42\x02\
\x2b\x00\x42\x02\x2b\x00\x42\x02\x42\x00\x3e\x02\x42\x00\x3e\x02\
\x42\x00\x3e\x02\x42\x00\x3e\x02\x42\x00\x3e\x02\x42\x00\x3e\x02\
\x42\x00\x3e\x02\x42\x00\x3e\x02\x42\x00\x3e\x02\x42\x00\x3e\x02\
\x42\x00\x3e\x03\x3e\x00\x3e\x02\x0d\x00\x42\x02\x0d\x00\x42\x02\
\x42\x00\x3e\x02\x28\x00\x42\x02\x28\x00\x42\x02\x28\x00\x42\x02\
\x28\x00\x42\x02\x35\x00\x2b\x02\x35\x00\x2b\x02\x35\x00\x2b\x02\
\x35\x00\x2b\x02\x35\x00\x2b\x02\x35\x00\x2b\x02\x42\x00\x3e\x01\
\xf1\x00\x22\x01\xf1\x00\x22\x01\xf1\x00\x22\x01\xf1\x00\x22\x01\
\xf1\x00\x22\x02\x30\x00\x42\x02\x30\x00\x42\x02\x30\x00\x42\x02\
\x30\x00\x42\x02\x30\x00\x42\x02\x30\x00\x42\x02\x30\x00\x42\x02\
\x30\x00\x42\x02\x30\x00\x42\x02\x30\x00\x42\x02\x30\x00\x42\x02\
\x0a\x00\x02\x02\xd1\x00\x07\x02\xd1\x00\x07\x02\xd1\x00\x07\x02\
\xd1\x00\x07\x02\xd1\x00\x07\x02\x02\x00\x05\x01\xf9\x00\x03\x01\
\xf9\x00\x03\x01\xf9\x00\x03\x01\xf9\x00\x03\x01\xf9\x00\x03\x01\
\xdf\x00\x33\x01\xdf\x00\x33\x01\xdf\x00\x33\x01\xdf\x00\x33\x01\
\xd3\x00\x20\x01\xd3\x00\x20\x01\xd3\x00\x20\x01\xd3\x00\x20\x01\
\xd3\x00\x20\x01\xd3\x00\x20\x01\xd3\x00\x20\x01\xd3\x00\x20\x01\
\xd3\x00\x20\x01\xd3\x00\x20\x02\xe0\x00\x20\x02\xe0\x00\x20\x01\
\xe6\x00\x34\x01\xcb\x00\x32\x01\xcb\x00\x32\x01\xcb\x00\x32\x01\
\xce\x00\x32\x01\xcb\x00\x32\x01\xcb\x00\x32\x01\xe6\x00\x32\x01\
\xdc\x00\x32\x01\xfa\x00\x32\x01\xe6\x00\x32\x01\xdc\x00\x32\x01\
\xdc\x00\x32\x01\xdc\x00\x32\x01\xdc\x00\x32\x01\xdc\x00\x32\x01\
\xdc\x00\x32\x01\xdc\x00\x32\x01\xdc\x00\x32\x01\xdc\x00\x32\x01\
\xdc\x00\x32\x01\xdc\x00\x32\x01\xdc\x00\x32\x01\x44\x00\x18\x01\
\xe6\x00\x32\x01\xe6\x00\x32\x01\xe6\x00\x32\x01\xe6\x00\x32\x01\
\xe6\x00\x32\x01\xe4\x00\x3a\x01\xe4\x00\x13\x01\xe4\x00\x3a\x00\
\xd8\x00\x36\x00\xd8\x00\x3a\x00\xd8\x00\x2a\x00\xd8\x00\x02\x00\
\xd8\xff\xdf\x00\xd8\xff\xeb\x00\xd8\xff\xef\x00\xd8\xff\xfa\x00\
\xd8\x00\x14\x00\xd8\xff\xc9\x00\xe1\xff\xe4\x00\xe1\xff\xe4\x00\
\xe1\xff\xe4\x01\xb9\x00\x3a\x01\xb9\x00\x3a\x01\xbd\x00\x3a\x00\
\xda\x00\x37\x00\xda\x00\x37\x00\xee\x00\x37\x00\xda\x00\x0f\x01\
\x4b\x00\x37\x01\x29\x00\x03\x02\xc6\x00\x34\x01\xe8\x00\x34\x01\
\xe8\x00\x34\x01\xe8\x00\x34\x01\xe8\x00\x34\x01\xe8\x00\x34\x01\
\xe8\x00\x34\x01\xdd\x00\x32\x01\xdd\x00\x32\x01\xdd\x00\x32\x01\
\xdd\x00\x32\x01\xdd\x00\x32\x01\xdd\x00\x32\x01\xdd\x00\x32\x01\
\xdd\x00\x32\x01\xdd\x00\x32\x01\xdd\x00\x32\x01\xdd\x00\x32\x02\
\xef\x00\x32\x01\xe7\x00\x34\x01\xe3\x00\x3a\x01\xe6\x00\x32\x01\
\xa6\x00\x34\x01\xa6\x00\x34\x01\xa6\x00\x34\x01\xa6\x00\x22\x01\
\xce\x00\x1c\x01\xce\x00\x1c\x01\xce\x00\x1c\x01\xce\x00\x1c\x01\
\xce\x00\x1c\x01\xce\x00\x1c\x02\x13\x00\x2d\x01\x40\x00\x18\x01\
\x52\x00\x11\x01\x52\x00\x11\x01\x66\x00\x11\x01\x52\x00\x11\x01\
\x52\x00\x11\x01\xe8\x00\x39\x01\xe8\x00\x39\x01\xe8\x00\x39\x01\
\xe8\x00\x39\x01\xe8\x00\x39\x01\xe8\x00\x39\x01\xe8\x00\x39\x01\
\xe8\x00\x39\x01\xe8\x00\x39\x01\xe8\x00\x39\x01\xe8\x00\x39\x01\
\xa1\xff\xff\x02\x78\xff\xff\x02\x78\xff\xff\x02\x78\xff\xff\x02\
\x78\xff\xff\x02\x78\xff\xff\x01\xb3\x00\x08\x01\xa1\xff\xff\x01\
\xa1\xff\xff\x01\xa1\xff\xff\x01\xa1\xff\xff\x01\xa1\xff\xff\x01\
\xb0\x00\x2a\x01\xb0\x00\x2a\x01\xb0\x00\x2a\x01\xb0\x00\x2a\x02\
\x1c\x00\x18\x02\x1e\x00\x18\x01\x75\x00\x2c\x01\x6c\x00\x2c\x02\
\x19\xff\xff\x02\x1f\x00\x42\x02\x1f\x00\x42\x01\xd6\x00\x42\x01\
\xd6\x00\x42\x01\xe1\x00\x42\x02\x58\x00\x07\x01\xf8\x00\x42\x01\
\xf8\x00\x42\x03\x31\x00\x0a\x02\x05\x00\x26\x02\x2b\x00\x42\x02\
\x2b\x00\x42\x02\x0f\x00\x42\x02\x0f\x00\x42\x02\x4e\x00\x0d\x02\
\x93\x00\x42\x02\x30\x00\x42\x02\x42\x00\x3e\x02\x23\x00\x42\x02\
\x0d\x00\x42\x02\x18\x00\x3e\x01\xf1\x00\x22\x01\xe8\x00\x02\x01\
\xe8\x00\x02\x02\x98\x00\x3e\x02\x02\x00\x05\x02\x11\x00\x23\x02\
\x2b\x00\x42\x02\x89\x00\x42\x02\x91\x00\x42\x02\x23\x00\x42\x02\
\x24\x00\x42\x02\x42\x00\x04\x02\xf7\x00\x42\x03\x99\x00\x0d\x03\
\x67\x00\x42\x02\x35\x00\x2b\x02\x0c\x00\x3e\x02\x0c\x00\x26\x00\
\xed\x00\x42\x00\xed\xff\xf6\x01\xc9\x00\x13\x02\x56\x00\x22\x03\
\x0b\x00\x42\x02\x28\x00\x26\x02\x4f\x00\x22\x01\xd3\x00\x20\x01\
\xea\x00\x3e\x01\xcd\x00\x3a\x01\x81\x00\x3a\x01\x81\x00\x3a\x01\
\x82\x00\x3a\x02\x11\x00\x13\x01\xdc\x00\x32\x01\xdc\x00\x32\x02\
\xc2\x00\x01\x01\xc9\x00\x21\x01\xf2\x00\x3a\x01\xf2\x00\x3a\x01\
\xcd\x00\x3a\x01\xcd\x00\x3a\x01\xfa\x00\x10\x02\x1a\x00\x3a\x01\
\xe5\x00\x3a\x01\xdd\x00\x32\x01\xe5\x00\x3a\x01\xe7\x00\x34\x01\
\xcb\x00\x32\x01\xa6\x00\x1b\x01\xa1\xff\xff\x01\xa1\xff\xff\x02\
\xd8\x00\x32\x01\xb3\x00\x08\x01\xcf\x00\x26\x01\xf2\x00\x3a\x02\
\x3b\x00\x3a\x02\x49\x00\x3a\x01\xe5\x00\x3a\x01\xdf\x00\x3a\x01\
\xf8\x00\x06\x02\x92\x00\x3a\x03\x15\x00\x10\x02\xec\x00\x3a\x01\
\xce\x00\x1c\x01\xcb\x00\x32\x01\xcb\x00\x21\x00\xd8\x00\x36\x00\
\xd8\xff\xeb\x00\xe1\xff\xe4\x01\xe4\x00\x13\x02\x90\x00\x3a\x01\
\xd4\x00\x09\x01\xea\x00\x13\x02\x19\xff\xff\x02\x1f\x00\x42\x01\
\xd6\x00\x42\x02\x19\xff\xff\x01\xf8\x00\x42\x01\xdf\x00\x33\x02\
\x30\x00\x42\x02\x42\x00\x3e\x00\xed\x00\x42\x02\x0f\x00\x42\x02\
\x19\xff\xff\x02\x93\x00\x42\x02\x2b\x00\x42\x01\xf4\x00\x3e\x02\
\x42\x00\x3e\x02\x30\x00\x42\x02\x0d\x00\x42\x01\xf7\x00\x41\x01\
\xf1\x00\x22\x01\xf9\x00\x03\x02\x98\x00\x3e\x02\x02\x00\x05\x02\
\x68\x00\x39\x02\x4c\x00\x3e\x02\x4b\x00\x0e\x02\x87\x00\x0e\x02\
\xbf\x00\x18\x01\x7c\x00\x0e\x02\xcd\x00\x0e\x02\xb7\x00\x12\x02\
\xc4\x00\x0e\x00\xed\xff\xf6\x01\xf9\x00\x03\x01\xe6\x00\x32\x01\
\xe3\x00\x36\x01\xa3\xff\xff\x01\xdb\x00\x32\x01\xc9\x00\x2e\x01\
\xb9\x00\x3e\x01\xe8\x00\x34\x01\xee\x00\x3e\x00\xd9\x00\x36\x01\
\xcd\x00\x3a\x01\xa3\xff\xff\x01\xe9\x00\x3a\x01\xa1\xff\xff\x01\
\xb1\x00\x36\x01\xdd\x00\x32\x01\xeb\x00\x3a\x01\xe1\x00\x37\x01\
\xc9\x00\x32\x01\xe5\x00\x32\x01\xa4\x00\x1b\x01\xe4\x00\x39\x02\
\x80\x00\x32\x01\xb3\x00\x06\x02\x5d\x00\x39\x02\x80\x00\x32\x00\
\xd9\x00\x36\x00\xd9\xff\xed\x00\xd9\xff\xb6\x01\xe4\x00\x39\x01\
\xe4\x00\x39\x01\xe4\x00\x36\x01\xdd\x00\x32\x02\x80\x00\x32\x01\
\xe6\x00\x32\x01\xc9\x00\x2e\x01\xe8\x00\x34\x02\x10\x00\x3a\x01\
\x89\x00\x3e\x01\xee\x00\x2d\x02\x04\x00\x2d\x02\x0f\x00\x2b\x01\
\xf4\x00\x2b\x01\xfe\x00\x3a\x01\xd5\x00\x20\x02\x05\x00\x3a\x01\
\xfe\x00\x31\x01\xfe\x00\x31\x01\xfe\x00\x62\x01\xfe\x00\x37\x01\
\xfe\x00\x2a\x01\xfe\x00\x22\x01\xfe\x00\x30\x01\xfe\x00\x3a\x01\
\xfe\x00\x2f\x01\xfe\x00\x36\x01\xfe\x00\x31\x01\xfe\x00\x31\x02\
\x10\x00\x3a\x01\x64\x00\x28\x01\x47\x00\x38\x01\x64\x00\x23\x01\
\x5a\x00\x1e\x01\x5a\x00\x23\x01\x4b\x00\x1e\x01\x55\x00\x28\x01\
\x3a\x00\x14\x01\x64\x00\x28\x01\x55\x00\x23\x01\x64\x00\x28\x01\
\x47\x00\x38\x01\x64\x00\x23\x01\x5a\x00\x1e\x01\x5a\x00\x23\x01\
\x4b\x00\x1e\x01\x55\x00\x28\x01\x3a\x00\x14\x01\x64\x00\x28\x01\
\x55\x00\x23\x01\x64\x00\x28\x01\x47\x00\x38\x01\x64\x00\x23\x01\
\x5a\x00\x1e\x01\x5a\x00\x23\x01\x4b\x00\x1e\x01\x55\x00\x28\x01\
\x3a\x00\x14\x01\x64\x00\x28\x01\x55\x00\x23\x01\x47\x00\x38\x01\
\x64\x00\x23\x01\x5a\x00\x1e\x01\x64\x00\x28\x01\x5a\x00\x23\x01\
\x4b\x00\x1e\x01\x55\x00\x28\x01\x3a\x00\x14\x01\x64\x00\x28\x01\
\x55\x00\x23\x00\x48\xff\x56\x03\x07\x00\x38\x02\xdf\x00\x38\x02\
\xde\x00\x1e\x01\xc6\x00\x44\x01\xa8\xff\xe8\x01\x12\x00\x4c\x01\
\x8c\x00\x3b\x00\xfe\x00\x42\x00\xf9\x00\x27\x02\x79\x00\x40\x00\
\xfa\x00\x40\x00\xfa\x00\x40\x02\x13\x00\x25\x00\xfb\x00\x40\x01\
\xd7\x00\x13\x01\xd7\x00\x2c\x01\x6c\x00\x36\x00\xd7\x00\x36\x00\
\xf9\x00\x27\x01\xc0\x00\x04\x01\xc1\x00\x1e\x01\x2a\x00\x37\x01\
\x2a\x00\x13\x01\x1a\x00\x42\x01\x1a\x00\x13\x01\x29\x00\x3e\x01\
\x29\x00\x13\x02\x12\x00\x2c\x01\xc5\x00\x31\x01\x32\x00\x2a\x01\
\x32\x00\x2a\x01\x32\x00\x2a\x01\x32\x00\x2a\x02\x61\x00\x36\x02\
\x61\x00\x36\x01\x7c\x00\x36\x01\x7c\x00\x36\x01\x6c\x00\x04\x01\
\x6a\x00\x0f\x01\x6a\x00\x0f\x00\xbd\x00\x0f\x00\xbd\x00\x0f\x00\
\xbe\x00\x04\x00\xeb\x00\x00\x00\xeb\x00\x00\x01\xf4\x00\x00\x01\
\xf4\x00\x00\x02\x18\x00\x3e\x02\x22\x00\x54\x02\x35\x00\x2b\x02\
\x1c\x00\x08\x01\x43\xff\xd4\x02\x19\x00\x22\x01\xf0\xff\xff\x01\
\xf4\x00\x3b\x01\xf4\x00\x3b\x01\xf4\x00\x3d\x01\xf4\x00\x3b\x01\
\xf4\x00\x3b\x01\xf4\x00\x3b\x01\xf4\x00\x34\x01\xf4\x00\x42\x01\
\xf4\x00\x34\x01\xf4\x00\x41\x01\xf4\x00\x3e\x01\xf4\x00\x39\x01\
\xf4\x00\x3c\x01\xf4\x00\x28\x03\x11\x00\x54\x01\x43\xff\xe8\x02\
\x4c\x00\x3e\x02\x19\xff\xff\x02\x30\x00\x42\x01\xf7\x00\x41\x02\
\x97\x00\x0e\x01\xe9\x00\x3a\x01\xe5\x00\x32\x03\x10\x00\x28\x04\
\x74\x00\x28\x02\xf8\x00\x3c\x02\xf8\x00\x3c\x02\x2d\x00\x2c\x02\
\x90\x00\x3e\x02\x21\x00\x36\x02\x13\x00\x23\x01\xf2\x00\x2a\x02\
\xd5\x00\x3e\x02\xd5\x00\x3e\x02\xd5\x00\x3e\x02\x68\x00\x26\x01\
\x50\x00\x40\x00\xce\x00\x36\x00\xce\x00\x36\x01\x67\x00\x36\x01\
\x67\x00\x36\x03\x72\x00\x42\x01\x5a\x00\x0e\x00\x00\xfe\xcc\x00\
\x00\xff\x63\x00\x00\xff\x13\x00\x00\xff\x13\x00\x00\xfe\x8b\x00\
\x00\xfe\xb4\x00\x00\xfe\xb4\x00\x00\xfe\xfb\x00\x00\xff\x08\x00\
\x00\xfe\x88\x00\x00\xfe\xeb\x00\x00\xff\x13\x00\x00\xff\x3c\x00\
\x00\xff\x43\x00\x00\xff\x44\x00\x00\xfe\xbd\x00\x00\xfe\xa4\x00\
\x00\xfe\x76\x00\x00\xfe\x99\x01\x1f\x00\x32\x01\x36\x00\x31\x01\
\x7e\x00\x32\x00\xef\x00\x32\x01\x7e\x00\x32\x01\x66\x00\x32\x00\
\xcf\x00\x32\x01\x1f\x00\x32\x01\xa7\x00\x32\x01\x47\x00\x32\x00\
\xee\x00\x32\x01\x2a\x00\x32\x01\xaa\x00\x32\x00\xfe\x00\x32\x02\
\x04\x00\x32\x00\xf6\x00\x32\x02\x04\x00\x32\x00\xcd\x00\x32\x20\
\x7c\x20\x76\x6b\x2e\x63\x6f\x6d\x2f\x66\x6f\x6e\x74\x30\x6d\x61\
\x73\x73\
"

qt_resource_name = b"\
\x00\x14\
\x09\xc7\x94\x46\
\x00\x62\
\x00\x6c\x00\x65\x00\x6e\x00\x64\x00\x65\x00\x72\x00\x2d\x00\x70\x00\x72\x00\x6f\x00\x2d\x00\x62\x00\x6f\x00\x6c\x00\x64\x00\x2e\
\x00\x6f\x00\x74\x00\x66\
"

qt_resource_struct_v1 = b"\
\x00\x00\x00\x00\x00\x02\x00\x00\x00\x01\x00\x00\x00\x01\
\x00\x00\x00\x00\x00\x00\x00\x00\x00\x01\x00\x00\x00\x00\
"

qt_resource_struct_v2 = b"\
\x00\x00\x00\x00\x00\x02\x00\x00\x00\x01\x00\x00\x00\x01\
\x00\x00\x00\x00\x00\x00\x00\x00\
\x00\x00\x00\x00\x00\x00\x00\x00\x00\x01\x00\x00\x00\x00\
\x00\x00\x01\x9c\x65\x60\xda\x5f\
"

qt_version = [int(v) for v in QtCore.qVersion().split('.')]
if qt_version < [5, 8, 0]:
    rcc_version = 1
    qt_resource_struct = qt_resource_struct_v1
else:
    rcc_version = 2
    qt_resource_struct = qt_resource_struct_v2

def qInitResources():
    QtCore.qRegisterResourceData(rcc_version, qt_resource_struct, qt_resource_name, qt_resource_data)

def qCleanupResources():
    QtCore.qUnregisterResourceData(rcc_version, qt_resource_struct, qt_resource_name, qt_resource_data)

qInitResources()
