:020000040800F2
:1000000000000220151F0008BD180008C1180008D4
:10001000C5180008C9180008CD1800080000000025
:10002000000000000000000000000000D1180008DF
:10003000D518000800000000D9180008DD180008D5
:10004000651F0008651F0008651F0008651F000880
:10005000651F0008651F0008651F0008651F000870
:10006000651F0008651F0008651F0008E1180008EB
:10007000ED180008F9180008651F0008651F000842
:10008000651F0008651F0008651F0008651F000840
:1000900005190008651F0008651F0008651F000896
:1000A000651F0008651F0008651F0008651F000820
:1000B000111900081D19000829190008651F0008FA
:1000C000651F0008651F0008651F0008651F000800
:1000D000651F0008651F0008651F0008651F0008F0
:1000E000651F0008651F0008651F0008651F0008E0
:1000F000651F0008651F0008651F0008651F0008D0
:10010000651F0008651F0008651F0008651F0008BF
:10011000651F0008651F0008651F0008651F0008AF
:10012000651F0008651F0008651F0008651F00089F
:10013000651F0008651F0008651F0008651F00088F
:10014000651F0008651F0008651F0008651F00087F
:1001500035190008651F0008651F0008651F0008A5
:10016000651F000841190008651F0008651F000889
:10017000651F0008651F0008651F0008651F00084F
:10018000651F0008651F0008651F0008651F00083F
:10019000651F000800000000651F0008651F0008BB
:1001A000651F0008651F0008651F0008651F00081F
:1001B000651F0008651F0008651F0008651F00080F
:1001C000651F0008651F0008651F0008651F0008FF
:0801D000651F0008651F00080F
:100200000348044B834202D0034B03B118477047A5
:10021000B4020020B4020020000000000548064B94
:100220001B1AD90F01EBA301491002D0034B03B1F4
:1002300018477047B4020020B402002000000000FC
:1002400010B5064C237843B9FFF7DAFF044B13B11E
:100250000448AFF300800123237010BDB8020020D2
:100260000000000030C9000808B5044B1BB1044968
:100270000448AFF30080BDE80840CFE7000000006D
:10028000BC02002030C9000808B52DED028BB0EE8D
:10029000408A00F02FF8B4EE488AF1EE10FA0FD63B
:1002A000B5EEC08AF1EE10FA0ADCB5EE408AF1EE46
:1002B00010FA08D100F0E2FB22239FED090A036047
:1002C000BDEC028B08BD00F0D9FBBDEC028B0346F0
:1002D00021221A600348BDE8084000F005B800BFBD
:1002E000000080FFF0C900089FED010A704700BFC1
:1002F0000000C07F10EE102A32F000432FD0002AF9
:10030000134633DBB2F1FF4F40DAB2F5000F34DBB6
:100310004FF0000C6448C3F31601084400F40002D7
:1003200082F07E520A43DB1500EE102A7F3B5F4AC3
:10033000634401F10F0CF7EE007A0CEA020230EE92
:10034000670A03EBD05322BBB5EE400AF1EE10FA78
:1003500062D1002B40F090809FED550A70479FEDD1
:10036000557ADFED537A87EE270A704770EE407AB0
:100370009FED4F7A87EE870A7047DFED4F7A60EE88
:10038000277A6FF0180C17EE903AC3E730EE000AA8
:100390007047F0EE007A70EE277A07EE103A80EEA2
:1003A000274A4648C1F55712084402F52272024313
:1003B000002A9FED433ADFED434ADFED435ADFED7C
:1003C000433A9FED435ADFED437ADFED436A24EE73
:1003D000046AF8EEC72A26EE067AE7EE034AA7EE8D
:1003E000235AE4EE875AE5EE076AE5EE877A67EE70
:1003F000867AE6EE877A2ADDB6EE007A20EE077A74
:1004000027EE007A77EE877A67EE847A3BBB37EE89
:10041000677A30EE470A70479FED307AF6EE007A41
:10042000E0EE477A20EE007A27EE277A002BF0D014
:1004300007EE903A9FED2A6ADFED2A6AF8EEE77A36
:10044000A7EEC67A37EE400A97EEA60A704770EE1E
:10045000677A67EE847AE3B930EE670A70479FEDFA
:10046000206ADFED206AE2EE867A37EE677A37EEB1
:10047000400A92EEA60A704707EE903A9FED180ADE
:100480009FED187AF8EEE77A27EE800AA7EE870A42
:100490007047DFED136A9FED137AE2EEE67A37EEEE
:1004A000C00A92EE870A704720FB4A00F0FF7F00E7
:1004B00000000000000000CC0000004C305CCFFFCA
:1004C0009788173E25333A3E2549923E4FD01C3E31
:1004D000298E633EABAA2A3FCDCCCC3EABAAAA3E26
:1004E000D1F717378071313F53B94AB9002908BF96
:1004F00000281CBF4FF0FF314FF0FF3000F06AB909
:10050000ADF1080C6DE904CE00F006F8DDF804E06A
:10051000DDE9022304B070472DE9F047089D0E463F
:1005200004460F46002B4AD194468C45B2FA82F21B
:1005300060D942B1C2F12003974020FA03F30CFACC
:1005400002FC1F4394404FEA1C4E1FFA8CF6B7FB87
:10055000FEF1230C0EFB117743EA074301FB06F083
:1005600098420AD91CEB030301F1FF3780F0158193
:10057000984240F21281023963441B1AA4B2B3FBC1
:10058000FEF00EFB103344EA034400FB06F6A642DD
:100590000AD91CEB040400F1FF3380F00081A6426D
:1005A00040F2FD806444023840EA0140A41B00216F
:1005B0001DB1D4400023C5E90043BDE8F0878B425C
:1005C00005D90DB1C5E9000100210846F5E7B3FAE8
:1005D00083F1002946D1B34202D3824200F2F58072
:1005E000841A66EB030201201746002DE5D0C5E909
:1005F0000047E2E7002A40F09380A1EB0C034FEAAA
:100600001C471FFA8CFE0121B3FBF7F607FB1630DF
:10061000230C43EA00430EFB06F0984208D91CEB7A
:10062000030306F1FF3802D2984200F2D08046461A
:100630001B1AA4B2B3FBF7F007FB103344EA0344E0
:100640000EFB00FEA64508D91CEB040400F1FF33A5
:1006500002D2A64500F2B6801846A4EB0E0440EA8A
:100660000640A5E7C1F120078B4022FA07FC4CEABF
:10067000030C06FA01FE20FA07F426FA07F344EA0F
:100680000E0400FA01F84FEA1C404FEA1449B3FB8C
:10069000F0FE1FFA8CF600FB1E3349EA03430EFB03
:1006A00006F9994502FA01F20BD91CEB03030EF18E
:1006B000FF3A80F08580994540F28280AEF1020ECB
:1006C0006344A3EB0909A4B2B9FBF0F300FB13994F
:1006D00044EA094403FB06F6A64208D91CEB0404CD
:1006E00003F1FF3068D2A64266D9023B644443EA74
:1006F0000E40A41BA0FB02E6B4427346B14652D39F
:100700004FD05DB1B8EB030264EB090404FA07F7BC
:1007100022FA01F31F43CC40C5E9007400214CE7E5
:10072000C2F1200120FA01F30CFA02FC26FA01F1D1
:10073000964033434FEA1C471FFA8CFEB1FBF7F09B
:1007400007FB1016190C41EA064100FB0EF68E421B
:1007500004FA02F408D91CEB010100F1FF382DD294
:100760008E422BD902386144891B9BB2B1FBF7F64C
:1007700007FB161143EA014306FB0EF1994208D923
:100780001CEB030306F1FF3814D2994212D9023E42
:1007900063445B1A46EA004136E73946EDE61846FF
:1007A00002E7F045ADD2BEEB020366EB0C06013862
:1007B000B146A6E74646ECE7034698E74046D3E74E
:1007C000D6467EE76444023847E708460DE7023E16
:1007D00063442DE7704700BF0000000000000000E8
:1007E0000000000000000000000000000000000009
:1007F00000000000000000000000000000000000F9
:1008000030B490F800F020F007016FF0000C10F009
:10081000070491F820F040F048804FF000046FF09A
:100820000700D1E9002391F840F000F1080082FAB6
:100830004CF2A4FA8CF283FA4CF3A2FA8CF34BBB81
:10084000D1E9022382FA4CF200F10800A4FA8CF2FA
:1008500083FA4CF3A2FA8CF3E3B9D1E9042382FAC8
:100860004CF200F10800A4FA8CF283FA4CF3A2FADD
:100870008CF37BB9D1E9062301F1200182FA4CF215
:1008800000F10800A4FA8CF283FA4CF3A2FA8CF37C
:10089000002BC6D0002A04BF04301A4612BAB2FA9E
:1008A00082F200EBD20030BC7047D1E9002304F0A3
:1008B0000305C4F100004FEAC50514F0040F91F8D8
:1008C00040F00CFA05F562EA05021CBF63EA050375
:1008D00062464FF00004AAE7830730B547D0541EA4
:1008E000002A3ED0CAB2034601E0013C39D303F8E6
:1008F000012B9D07F9D1032C2CD9CDB205EB052591
:100900000F2C05EB054535D9A4F1100222F00F0C90
:1009100003F1100EE6444FEA121C1A46C2E90055D4
:10092000C2E9025510327245F8D10CF1010214F0FF
:100930000C0F03EB021204F00F0C13D0ACF1040304
:1009400023F003030433134442F8045B9342FBD1C6
:100950000CF003042CB1C9B21C4403F8011BA342E0
:10096000FBD130BD64461346002CF4D1F9E70346B1
:100970001446C0E71A46A446E0E700BF88420ED9F5
:100980008B1883420BD900EB020C002A6ED0624612
:1009900013F801CD02F801CD9942F9D170470F2A21
:1009A0000FD8034602F1FF3C002A5FD00CF1010C86
:1009B000013B8C4411F8012B03F8012F6145F9D15B
:1009C000704740EA01039B0751D1A2F1100370B5B3
:1009D00001F1200C23F00F0501F1100E00F11004BD
:1009E000AC441B095EF8105C44F8105C5EF80C5CCB
:1009F00044F80C5C5EF8085C44F8085C5EF8045C43
:100A000044F8045C0EF1100EE64504F11004E9D13F
:100A1000013312F00C0F01EB031102F00F0400EB95
:100A2000031328D0043C24F003064FEA940C1E4420
:100A30001C1F8E465EF8045B44F8045FB442F9D193
:100A40000CF1010402F0030203EB840301EB8401C7
:100A500002F1FF3C4AB10CF1010C013B8C4411F84E
:100A6000012B03F8012F6145F9D170BD704702F1E8
:100A7000FF3C03469AE72246EAE700BF014B1868AD
:100A8000704700BF00000020844641EA000313F0D5
:100A900003036DD1403A41D351F8043B40F8043B85
:100AA00051F8043B40F8043B51F8043B40F8043B48
:100AB00051F8043B40F8043B51F8043B40F8043B38
:100AC00051F8043B40F8043B51F8043B40F8043B28
:100AD00051F8043B40F8043B51F8043B40F8043B18
:100AE00051F8043B40F8043B51F8043B40F8043B08
:100AF00051F8043B40F8043B51F8043B40F8043BF8
:100B000051F8043B40F8043B51F8043B40F8043BE7
:100B100051F8043B40F8043B403ABDD2303211D387
:100B200051F8043B40F8043B51F8043B40F8043BC7
:100B300051F8043B40F8043B51F8043B40F8043BB7
:100B4000103AEDD20C3205D351F8043B40F8043B87
:100B5000043AF9D2043208D0D2071CBF11F8013B85
:100B600000F8013B01D30B8803806046704700BF4B
:100B7000082A13D38B078DD010F003038AD0C3F15A
:100B80000403D21ADB071CBF11F8013B00F8013B3C
:100B900080D331F8023B20F8023B7BE7043AD9D3FB
:100BA000013A11F8013B00F8013BF9D20B780370D0
:100BB0004B7843708B7883706046704770B50F4BED
:100BC0000F4DAB42A3EB050607D0B610002455F835
:100BD000043B01349847A642F9D80BF0A9FE094D11
:100BE000094B5E1BAB424FEAA60606D0002455F81F
:100BF000043B01349847A642F9D870BD04CB0008E5
:100C000004CB000804CB00080CCB000800230146ED
:100C10001A46184600F014B838B5074D074C2C1B7F
:100C2000A41005D0013C55F8043D9847002CF9D19B
:100C3000BDE838400BF082BE10CB00080CCB00089A
:100C400070B4164D2C681CB365681F2D23DC38B9B1
:100C5000AB1C0135656044F82310002070BC704760
:100C600004EB850C0228CCF88820D4F888614FF07A
:100C7000010202FA05F246EA0206C4F88861CCF8DD
:100C80000831E5D1D4F88C311343C4F88C31DFE757
:100C9000034C2C60D8E74FF0FF30DFE71004002052
:100CA0001404002030B500248DB020252A462146AA
:100CB00004A8CDE901440394FFF70EFE3748012351
:100CC000436180F8383080F84030036504230362C4
:100CD00043644FF0A0424FF44033C0E9002308239F
:100CE000C0E902440461848380F82440C4648361C1
:100CF0004FF4D4644FF48063C0E90B434FF4805346
:100D00008564C36301F08AF9002834D100232348A5
:100D1000019301A902F0BAF800283CD120491F48EC
:100D20000622CDE9041200237F24042204A9CDE980
:100D30000634CDE9082301F063FB48BB194A174884
:100D40000C2304A9CDE9042301F05AFBE8B9164AA3
:100D50001248122304A9CDE9042301F051FB88B9FC
:100D6000124A0E48182304A9CDE9042301F048FBD8
:100D700020B90DB030BD00F0F1FCC7E700F0EEFC8B
:100D80000DB030BD00F0EAFCEAE700F0E7FCDEE77A
:100D900000F0E4FCD2E700F0E1FCBFE7E006002051
:100DA00002003004040060080800900C1000C0101D
:100DB00010B588B0202200216846FFF78DFD1E4C3B
:100DC0001E484FF44031C0E90041042181614FF4D5
:100DD0008051C1631C210023012241648021C0E9AC
:100DE0000233C0E90433C0E90B33C0E91213838333
:100DF000026280F8243080F8383080F840200265A4
:100E000001F00CF988B90E480622CDE90002002352
:100E10007F24042209486946CDE90234CDE9042340
:100E200001F0EEFA20B908B010BD00F097FCEAE737
:100E300000F094FC08B010BD0001005074060020C2
:100E40000000524710B588B0202200216846FFF705
:100E500043FD1E4C1E484FF44031C0E900410421BF
:100E600081614FF48051C163142100230122416448
:100E70006021C0E90233C0E90433C0E90B33C0E9A3
:100E800012138383026280F8243080F8383080F8AF
:100E90004020026501F0C2F888B90E480622CDE96B
:100EA000000200237F24042209486946CDE9023468
:100EB000CDE9042301F0A4FA20B908B010BD00F078
:100EC0004DFCEAE700F04AFC08B010BD00060050F7
:100ED000080600201000C09070B50446A0B00021A4
:100EE00054220BA8CDE90611CDE908110A91FFF7AC
:100EF000F3FC2368B3F1A04F08D0554A934253D076
:100F0000544A934200F0828020B070BD4FF40042FA
:100F10004FF000530BA80B921C9305F025F9002805
:100F200040F08A804C4A13680133012B136009D1C9
:100F30004A4BDA6C42F40052DA64DB6C03F400537F
:100F40000193019B454B464DDA6C42F00102DA6495
:100F5000DB6C03F0010302930F2206A90323002692
:100F60004FF09040CDE906230896029B02F0E2F98B
:100F70003C4A0523C5E9002380234FF480712B618F
:100F80004FF48063C5E9051320224FF4005328462F
:100F9000C5E90266C5E9072302F094F800284ED19E
:100FA0006565AC6220B070BD4FF400424FF0005355
:100FB0000BA80B921C9305F0D7F8002842D1264AC3
:100FC00013680133012B136009D1244BDA6C42F40E
:100FD0000052DA64DB6C03F400530393039B1F4B52
:100FE000DA6C42F00102DA64DB6C03F00103049373
:100FF00010240023032506A94FF09040CDE90645B3
:10100000049A089302F096F920B070BD4FF4803234
:101010004FF000430BA80B921D9305F0A5F8A0B963
:101020000E4BDA6C42F48042DA64DB6C03F48043EA
:101030000593059B20B070BD00F090FB72E700F0B7
:101040008DFBADE700F08AFBB9E700F087FBE7E72F
:101050000001005000060050A405002000100240CE
:10106000A805002008000240174B10B5986C40F00E
:10107000040098649C6C82B004F004040094009C0A
:101080009C6C44F001049C649B6C002203F00103FF
:10109000114601930B20019B01F0B0FF0B2001F0E2
:1010A000E9FF002211460C2001F0A8FF0C2001F0FE
:1010B000E1FF002211460D2001F0A0FF0D2002B03B
:1010C000BDE8104001F0D6BF00100240F0B500248A
:1010D0008DB0CDE90644CDE90844334B0A94D96C70
:1010E000324F334E41F00401D964D96C01F0040150
:1010F00001910199D96C41F02001D964D96C01F0BA
:10110000200102910299D96C41F00101D964D96C96
:1011100001F0010103910399D96C41F00201D964F6
:10112000D96C01F0020104910499D96C41F00801D5
:10113000D964DB6C03F00803224605934FF40041A9
:101140004FF09040059B02F0B3FA22463846042146
:1011500002F0AEFA22463046B82102F0A9FA002485
:1011600000254FF40042012306A94FF09040CDE93D
:101170000623CDE9084502F0DDF8384606A9042229
:101180000123CDE90623CDE9084502F0D3F8B822C2
:10119000012306A93046CDE90845CDE9062302F032
:1011A000C9F80DB0F0BD00BF00100240000C0048AF
:1011B00000040048124B02689A4200D0704703F5C1
:1011C000284300B5186E40F0806018661B6E83B02F
:1011D000002203F08063114601934420019B01F03B
:1011E0000DFF442001F046FF00221146492001F086
:1011F00005FF492003B05DF804EB01F03BBF00BFE1
:101200000068014070B51E4B026888B000249A4205
:10121000CDE90244CDE90444069401D008B070BD84
:1012200003F528430326DA6C164842F00202DA641A
:10123000DA6C02F002020092009ADA6C42F00102CB
:10124000DA64DB6C03F0010301934FF440420D2597
:1012500002A90223CDE90223CDE90565019B02F035
:1012600069F84FF44073029302A902234FF09040B3
:10127000CDE904460393069502F05CF808B070BD12
:10128000006801400004004810B50024BCB0602292
:10129000214624A8CDE90744CDE90B44CDE90D440E
:1012A000CDE90F44009406940A9401940994FFF741
:1012B00013FB242221461BA8CDE903440594FFF724
:1012C0000BFB2022214612A8FFF706FBBE48BF4BAE
:1012D0000360C0E9014402F0FBF9002840F01A81E4
:1012E000B9480C2102F06EFA002840F01C81B64883
:1012F0000A2102F09FFA002840F01E819FEDAA7B90
:10130000B1486A4601218DED007B02F0EFFA00281A
:1013100040F06481AC480022012102F00FFC00285B
:1013200040F0598146F2905300210693A6480823C5
:1013300006AACDE90711099302F0A2FA002840F0AD
:1013400047819FED9B7B00219F480A910AAA8DED62
:101350000C7B109102F006FE002840F02181102342
:101360009FED957B2493012328934FF00063002188
:101370002E93954827914FF0005324AACDE92511CB
:10138000CDE92911CDE92B11CDE92F11CDE932118C
:10139000CDE93811CDE93A118DED347B2D9136919F
:1013A000319302F067FC002840F0F7809FED847BCA
:1013B00000238548249324AA03218DED347B2E93AA
:1013C0003193369302F056FC002840F0E38043F25C
:1013D000C82303937C4803AB0122002102F08AFE5C
:1013E000002840F0D48041F664130393764803ABA1
:1013F0000422002102F07EFE002840F0C5804FF458
:10140000C8731C9320934FF400444FF48043002191
:10141000CDE91E434FF0004C4FF080436A481B91CA
:101420001BAACDE922C31D91219102F015FE0028CF
:1014300040F0A7804FF4004363481E931BAA03218A
:1014400002F00AFE002840F09980042008230021C1
:10145000CDE9130301225C48129112ABCDE91511BD
:10146000CDE91711199102F005FF002840F08380A3
:10147000554812AB4022032102F0FCFE002877D130
:1014800008220423CDE913234F4812AB0222002186
:1014900002F0F0FE002868D14B4812AB80220321F5
:1014A00002F0E8FE00285DD1474806AA032102F0B9
:1014B000E7F9002853D144480AAA032102F052FD5B
:1014C000002849D14FF4827103913F4803AB0122B8
:1014D000032102F00FFE00283BD100210820042246
:1014E000CDE9121014923848199112AB0222CDE9BD
:1014F0001511CDE9171102F0BDFE38BB324812AB11
:101500008022032102F0B6FEC8B92F48FFF77AFE09
:101510003CB010BD00F022F92B480C2102F052F92A
:1015200000283FF4E4AE00F019F927480A2102F040
:1015300081F900283FF4E2AE00F010F9DEE600F099
:101540000DF92148FFF75EFE3CB010BD00F006F932
:10155000D4E700F003F9C0E700F000F9B2E700F0CB
:10156000FDF8A8E700F0FAF89EE700F0F7F893E737
:1015700000F0F4F884E700F0F1F879E700F0EEF815
:1015800063E700F0EBF855E700F0E8F837E700F024
:10159000E5F828E700F0E2F819E700F0DFF805E7E2
:1015A00000F0DCF8DBE600BF0000010000080000EE
:1015B00000000000000000000000008000010000AA
:1015C00000000000000100005007002000680140FA
:1015D00000F0C4F8B5E600F0C1F8A3E600F0BEF8EC
:1015E00098E600BF0848094908B503224FF47A730A
:1015F000C0E901230160C36003F04EF900B908BDE2
:10160000BDE8084000F0AAB85008002000300040B3
:1016100010B594B03822002106A8FFF75DF900202C
:10162000CDE90100CDE903000590032404F07CF925
:10163000022301222920CDE90B22CDE90D344FF4FC
:1016400080311193139305224423CDE90601CDE99E
:101650000F2306A80623129304F0E0F908B172B62E
:10166000FEE7042103460F220DEB0100CDE9012422
:10167000CDE90333059304F04FFC08B172B6FEE7E1
:1016800014B010BD08B500F095FCFFF7C1FFFFF7DF
:101690001DFDFFF7E9FCFFF7F7FDFFF703FBFFF781
:1016A00087FBFFF7CFFBFFF79DFF00F059F800F035
:1016B000CDF908F00BFB00F053F900F08BF900F0C6
:1016C00003FA00F017FB00F059FB0948094C01220E
:1016D000802101F0EDFF084808F0D8FD204603F016
:1016E00009F909F0F7FB012000F086FCF6E700BFDE
:1016F000000400485008002060080020034B83428B
:1017000000D070470029FCD109F036B850070020FE
:1017100008B50368B3F1804F00D008BD0A4803F054
:10172000E9F80A4B0A481A680A4901321A601B682C
:1017300000FB03F3B1EBB30FEFD3BDE8084006485D
:10174000202101F0BBBF00BF500800206808002026
:10175000D578E9266E1283000004004872B6FEE7D1
:1017600010B51148114C4FF482720023C0E90042B9
:101770004FF4E0614FF40072C0E90231102482613D
:1017800007210822C0E90433C0E90743C0E909334F
:10179000C0E90B13426304F093FF00B910BDBDE82C
:1017A0001040FFF7DBBF00BF30090020003C0040C5
:1017B00070B52F4B026888B000249A42CDE90244EC
:1017C000CDE90444069401D008B070BD03F5EA33B6
:1017D00005469A6D274E42F400429A659A6D02F4CE
:1017E00000420092009ADA6C42F00402DA64DB6C88
:1017F00003F0040301934FF4E0520223CDE90223E6
:1018000001981D480322062302A9CDE9052301F012
:1018100091FD1A4A34620E23C6E900233046802324
:10182000C6E90244C6E90434C6E9064401F04AFCAC
:10183000C0B9134C1349AE650F220023C4E900124E
:10184000204610218022C4E90213C4E90533C4E90B
:101850000733B562226101F035FC30B96C65A562D1
:1018600008B070BDFFF77AFFE3E7FFF777FFF5E712
:10187000003C0040CC080020000800481C0002404A
:101880006C080020300002400B4B1A6E42F001023F
:101890001A661A6E82B002F001020092009A9A6DE6
:1018A00042F080529A659B6D03F080530193019B37
:1018B00002B004F0ABB800BF00100240FEE700BF6A
:1018C000FEE700BFFEE700BFFEE700BFFEE700BF88
:1018D000704700BF704700BF704700BF00F07ABB81
:1018E000014801F0D9BC00BFA8050020014801F063
:1018F000D3BC00BFCC080020014801F0CDBC00BF24
:101900006C080020014803F0FBB800BFFC22002057
:10191000014805F0C1BF00BF880A0020014805F05A
:10192000BBBF00BF380A0020014805F0B5BF00BFAB
:10193000E80900200148002102F0E6BD5007002020
:101940000148FF2102F0E0BD50070020034AD2F811
:10195000883043F47003C2F88830704700ED00E02F
:1019600000B51B484FF080420260A922002389B0D5
:10197000426040F2E732C0E902328022CDE904330E
:10198000CDE90633CDE9013303930361826105F0AC
:1019900083FC90B94FF480530D48049304A905F0DB
:1019A00099FE90B900230A48019301A9039306F018
:1019B00087F928B909B05DF804FBFFF7CFFEE9E726
:1019C000FFF7CCFE09B05DF804FBFFF7C7FEE9E7BF
:1019D000880A002000B51B481B4A0260A922002388
:1019E00089B0426041F28732C0E902328022CDE9FB
:1019F0000433CDE90633CDE90133039303618261FA
:101A000005F04AFC90B94FF480530E48049304A9A2
:101A100005F060FE90B900230A48019301A90393E1
:101A200006F04EF928B909B05DF804FBFFF796FE01
:101A3000E9E7FFF793FE09B05DF804FBFFF78EFEC0
:101A4000E9E700BF380A00200004004000B51B4849
:101A50001B4A0260A922002389B0426042F20F7241
:101A6000C0E902328022CDE90433CDE90633CDE965
:101A7000013303930361826105F00EFC90B94FF4CA
:101A800080530E48049304A905F024FE90B9002366
:101A90000A48019301A9039306F012F928B909B085
:101AA0005DF804FBFFF75AFEE9E7FFF757FE09B0C0
:101AB0005DF804FBFFF752FEE9E700BFE8090020EC
:101AC000000800400000000030B50024A5B034221A
:101AD000214617A8504D0694CDE90744CDE90344AB
:101AE000CDE91144CDE91344CDE915440294109495
:101AF0000994FEF7F1FE494AAC600523C5E90023CD
:101B000040F2E733EB6028468023C5E90444AB612B
:101B100005F0C2FB00284FD14FF480533E48069396
:101B200006A905F0D7FD002855D13B4805F096FCE5
:101B300000284DD100230022CDE90223364800239E
:101B400002A9049306F0BCF800283ED160229FED64
:101B5000307B002310924FF4FA72CDE911232E4806
:101B6000139310A908228DED147B169305F0BAFF8C
:101B700040BB00234FF40050CDE91B304FF0007202
:101B80002548239317A9CDE91733CDE91933CDE9BA
:101B90001D33CDE91F32CDE9213306F0EBF870B9E2
:101BA0001E4A296800239142CDE90A33CDE90C335E
:101BB0000E9313D025B030BDFFF7D0FDACE7FFF793
:101BC000CDFDEDE7FFF7CAFDD3E7FFF7C7FDBDE7A2
:101BD000FFF7C4FDAEE7FFF7C1FDA6E703F18043C1
:101BE00003F504330E48DA6C42F00202DA64DB6C6F
:101BF00003F0020301934FF400740A2302250AA99B
:101C0000CDE90A45019A0E9301F094FB25B030BD51
:101C1000000000000000000098090020003401408E
:101C20000004004800B50368B3F1804F85B018D0B8
:101C30002C4A93422BD02C4A93423DD02B4A9342BC
:101C400002D005B05DF804FB294B1A6E42F4005235
:101C50001A661B6E03F400530393039B05B05DF8F3
:101C600004FB03F504330022986D40F001009865F1
:101C70009B6D03F00103009311461C20009B01F0B3
:101C8000BDF91C2005B05DF804EB01F0F3B9184B69
:101C9000986D40F0020098659B6D002203F00203EE
:101CA000019311461D20019B01F0A8F91D2005B0EC
:101CB0005DF804EB01F0DEB90D4B986D40F00400C7
:101CC00098659B6D002203F00403029311461E20C9
:101CD000029B01F093F91E2005B05DF804EB01F0C2
:101CE000C9B900BF000400400008004000340140B2
:101CF0000010024010B51F481F4C00234FF4E13183
:101D00000C22C0E90041C0E90233C0E90432C0E955
:101D10000633C0E90833836206F060FB70B91548EA
:101D2000002106F0ADFB88B91248002106F0EAFB5D
:101D3000A0B9104806F086FBB8B910BDFFF70EFD3C
:101D40000C48002106F09CFB0028EDD0FFF706FDB3
:101D50000848002106F0D6FB0028EAD0FFF7FEFC79
:101D6000044806F06FFB0028E7D0BDE81040FFF7FD
:101D7000F5BC00BF700B00200038014010B51F48B3
:101D80001F4C00234FF4E1310C22C0E90041C0E9AF
:101D90000233C0E90432C0E90633C0E90833836284
:101DA00006F01CFB70B91548002106F069FB88B9E4
:101DB0001248002106F0A6FBA0B9104806F042FB2D
:101DC000B8B910BDFFF7CAFC0C48002106F058FB5B
:101DD0000028EDD0FFF7C2FC0848002106F092FB76
:101DE0000028EAD0FFF7BAFC044806F02BFB0028D5
:101DF000E7D0BDE81040FFF7B1BC00BFD80A002013
:101E0000004800400000000010B504469EB00021CC
:101E1000542209A8CDE90411CDE906110891FEF775
:101E20005BFD374A2368934204D0364A93422BD055
:101E30001EB010BD012309A8099304F095F90028EC
:101E40004BD1314B31481A6E42F480421A661A6EF9
:101E500002F480420092009ADA6C9FED237B42F0FC
:101E60000402DA64DB6C8DED047B9FED217B03F0D3
:101E70000403019304A907238DED067B019A0893BF
:101E800001F058FA1EB010BD042309A8099304F00C
:101E90006BF928BB1C4B1E489A6D42F480229A6550
:101EA0009A6D02F480220292029ADA6C9FED127B04
:101EB00042F00202DA64DB6C8DED047B9FED0C7B5B
:101EC00003F00203039304A907238DED067B039A15
:101ED000089301F02FFA1EB010BDFFF73FFCB0E7EA
:101EE000FFF73CFCD6E700BF300000000200000016
:101EF0000000000000000000000C000002000000D4
:101F0000003801400048004000100240000800482E
:101F1000000400480D488546FFF718FD0C480D49A0
:101F20000D4A002302E0D458C4500433C4188C4234
:101F3000F9D30A4A0A4C002301E013600432A2429A
:101F4000FBD3FEF73BFEFFF79DFBFEE70000022000
:101F500000000020B402002010CB0008B8020020CE
:101F6000AC280020FEE7000038B50F4B1B680BB90A
:101F7000012038BD0D494FF47A720546B2FBF3F3E8
:101F80000868B0FBF3F001F083F804460028EFD1B5
:101F90000F2DEDD8024629464FF0FF3001F02EF804
:101FA000034B20461D6038BD2C0100202801002075
:101FB0003001002010B5032001F00EF80F20FFF7CC
:101FC000D3FF10B10124204610BD0446FFF75CFC8E
:101FD000204610BD034A0449136809680B44136086
:101FE000704700BF040C00202C010020014B186832
:101FF000704700BF040C002038B50446FFF7F6FF19
:10200000631C054602D0044B1B681C44FFF7EEFF1F
:10201000401BA042FAD338BD2C01002030B583B05C
:102020000023019300285CD0C56D0446002D00F00C
:10203000C180226893689B0005D5936823F02043F4
:1020400023F03F0393609368DD0019D46F4B704811
:102050001B6891689B09A0FB030321F010419B09B9
:1020600021F03F0101335B0041F080519160019309
:10207000019B2BB1019B013B0193019B002BF9D1EB
:102080009368D80030D4E36D43F01003E365236E0A
:10209000012003432366936813F0040FE36D1CD102
:1020A000D9061AD4E36D23F4817343F00203E36588
:1020B0009368DB0729D4B2F1A04F17D0554B9A4251
:1020C00014D05549554B89689B680B43544989681E
:1020D0000B43D90719D4534911E0E36D43F01003C2
:1020E000E365012003B030BD0020D4E7494B4FF039
:1020F000A04189689B680B43DD0706D44A498B6879
:10210000656823F47C132B438B60E568E36B94F8DC
:1021100024102B43A5682B43657F012943EA4533EF
:1021200043EA01434CD0E16A21B1256B01F4787197
:1021300029430B43D5683D4929401943D1601369B0
:10214000616B23F040630B43136193681B0722D438
:10215000D16894F83830257F21F480415B0021F06C
:10216000020143EA85330B432169D36013690029D7
:1021700033D043F480331361D2F8C0306FF30D03D2
:102180000B43C2F8C03094F84030012B2FD01369B4
:1021900023F0010313616369012B16D0136B23F045
:1021A0000F031363E36D23F0030343F00103E365BF
:1021B00003B030BDFEF790FE256684F8585038E72E
:1021C000A16A013943EA4143ADE7116B236A21F06B
:1021D0000F01013B0B431363E4E723F480331361E6
:1021E000D2F8C0306FF30D03C2F8C030CBE71169ED
:1021F000636CA56C6FF38A012B430B43E16C0B43BB
:10220000216D0B4343F001031361C4E72801002053
:10221000632D3E05000100500004005000050050F1
:102220000006005000070050000300500740F0FF78
:102230000368B3F1A04F2DE9F04105460F4666D083
:102240004148424A4249834218BF0A46AC699668EF
:10225000082C06F01F061CD040F22122F240D407C1
:1022600013D4B3F1A04F6CD03748384A3849834271
:1022700018BF0A46936813F4604F09D0EB6D43F022
:102280002003EB650120BDE8F081DB68D807F5D4B9
:102290000424FFF7ABFE791C2A6880463AD1136804
:1022A0002342FCD0EB6D43F40073EB65D36813F469
:1022B000406F0FD16B7F6BB913681B070AD5EB6DAD
:1022C00023F48073EB65EB6DDF0403D4EB6D43F017
:1022D0000103EB651C4B9A420DD003F580639A42D3
:1022E0002DD0082CD36810D05B0401D40C231360CC
:1022F0000020BDE8F0814FF0A04140F22123F340DF
:10230000D807EED4082CCB68EED11460F0E70F4A62
:102310009CE74FB113682342C4D1FFF767FEA0EBDF
:102320000803BB422A68F4D913682340F2D1EA6D4E
:1023300085F8583042F00402EA650320D9E70549E0
:10234000DBE7024A96E700BF00010050000300509F
:1023500000070050000400500368186C704700BF6D
:10236000704700BF704700BF08B5806AFFF7FAFFEB
:1023700008BD00BF704700BF836ADA6D12F0500FCE
:1023800010B5DA6D1DD1196842F40072DA650A6879
:1023900012F0080FCA681BD012F4406F0DD1CA6842
:1023A00094040AD4DA6D22F48072DA65DA6DD1040D
:1023B00003D4DA6D42F00102DA651846FFF7D0FF68
:1023C00010BDD2060AD45B6DBDE810405B6B1847A8
:1023D0009007E7D51846FFF7C3FFF1E71846FFF768
:1023E000C9FF10BD806A08B5C36D43F04003C365E3
:1023F000036E43F004030366FFF7BCFF08BD00BF94
:102400002DE9F04190F8582082B00346012A4FF0A0
:102410000000019000F01F811A68012083F8580025
:102420009468640767D448684FEA901E00F01F0C58
:102430000EF00C0E086802F13004C0F3846054F80A
:102440000E501F2600FA0CF006FA0CFC25EA0C0CC4
:1024500040EA0C0044F80E009068470755D5906894
:1024600008689468E50712D4CE68BD4CD2F8B05025
:1024700006F01807FC40C0F31207044025EA0705E0
:102480002C43C2F8B040B74CA64200F09180B64948
:1024900008422ED0B2F1A04F00F0DB80B34DB4491A
:1024A000B44CAA4218BF2146B34C8968A04201F03F
:1024B000E07500F0D480B14CA04200F0D080B04C68
:1024C000A04200F0F580AF4CA04212D1490210D4D6
:1024D000A6498A420DD0A64801F5C061B2F1A04FCD
:1024E00008BF01468A6822F0E0722A4342F4800263
:1024F0008A60002003E0DA6D42F02002DA650022F3
:1025000083F8582002B0BDE8F08194680868260777
:10251000A7D48D68C0F304560724C00DB440B5F1AC
:10252000004F00F004006FEA040400F0358102F16E
:102530001407B5403E5834402C433C50506920F0BD
:1025400000405061D1E904640868D568042E07464C
:1025500000F0D980C5F3C1056D0000F0F84704FA1A
:1025600005F002F16004884D54F826C00CEA050518
:102570003D43284340F0004044F826000D698E6931
:1025800054F8250020F08070304344F825000E698F
:102590000D7F54F82600A5F10105B5FA85F56D0902
:1025A00020F0007040EA456044F82600086858E7CB
:1025B000002F00F0928090FAA0F4002C00F0F6803A
:1025C000B4FA84F4013404F01F04092C40F2EE80C4
:1025D00090FAA0F4002C00F09181B4FA84F4013454
:1025E000A40604F0F84490FAA0F5002D00F09D81B7
:1025F000B5FA85F5013505F01F05012606FA05F542
:102600002C4390FAA0F0002800F08D81B0FA80F001
:10261000451C05F01F0503206FF01D0610FB05602B
:10262000000540F000702043C50D8C6805F00405DE
:1026300002F11406C0F3045004FA00F74FF0070C3F
:1026400074590CFA00F024EA00003843705108680D
:102650001DE7474928E7022002B0BDE8F0810C02DF
:102660003FF547AFB2F1A04F4BD048498A427FF4C3
:1026700040AF4048464A474C126881689209A4FB23
:102680000242920921F0E0710132294302EB420239
:10269000920041F4000181600192019A002A3FF406
:1026A00028AF019A013A0192019A002AF9D120E754
:1026B000C8013FF51EAFB2F1A04F00F01D812B4CB9
:1026C0002B492C48A24218BF01468A6822F0E072CA
:1026D0002A4342F080728A600BE7800E013000F0DE
:1026E0001F050124800600F0F840AC40092D44EAA3
:1026F000000405EB45007ED91E38000540F000704F
:1027000091E71B48B6E7146E146EC0F31205C4F3CC
:102710008464002D71D1C0F38460844200F0A580F0
:10272000546E556E02F16004C5F3846502F1640EC7
:10273000854200F0C580A568A56804F1080CC5F3C2
:102740008465854200F0A680E568E56804F10C0622
:10275000C5F38464A04200F0C980384681E600BF1A
:10276000FFFF070000007F400000088000010050CC
:102770000003005000070050000021C31000C0906B
:10278000000052C7000084CB00F0FF030006005099
:1027900028010020632D3E0502F1140635582C4017
:1027A0003450506940F000405061CBE690FAA0F4FC
:1027B000002C00F0AB80B4FA84F40134A40604F0D9
:1027C000F84490FAA0F5002D00F09E80B5FA85F54A
:1027D000013505F01F05012606FA05F52C4390FA90
:1027E000A0F0002800F08D80B0FA80F0013000F0F9
:1027F0001F0000EB4000000515E790FAA0F51DB1A1
:10280000B5FA85F5AC4230D0546E556E02F16004D5
:10281000C5F3846502F1640E97FAA7F604F1080C7B
:10282000E046002E7AD0B6FA86F6AE424AD0DCF800
:102830000050DCF80050C5F3846597FAA7FE04F158
:102840000C06B046BEF1000F63D0BEFA8EFEAE4558
:1028500022D034683468C4F3846497FAA7F5002D55
:102860003FF4FFADB5FA85F074E7106E144620F022
:10287000004044F8600F0F68506E556EC7F31206A3
:1028800002F1640EC5F384653846002EC4D1C7F347
:1028900084604DE704F10C08DCF8000020F00040F3
:1028A000CCF800000F68E068E468C7F312054646FC
:1028B000C4F384643846002DCFD1C7F3846049E760
:1028C00004F10808DEF8000020F00040CEF8000017
:1028D0000F68A068A568C7F31206C446C5F38465EF
:1028E0003846002EA9D1C7F384602AE7306820F06B
:1028F000004030600868B4E50D49E6E64FF08064BA
:1029000071E64FF440108EE6022567E74FF08064D1
:1029100057E7E568E468C4F384649EE7A568A568A2
:10292000C5F3846589E703487DE6022568E600BFB4
:1029300000030050000050FE03689A6812F0040F74
:1029400070B59A68044601D116073CD5DA6895013E
:1029500004D5A08B40F20112904245D002299A681A
:1029600033D0500702D59A68920759D5012955D01E
:102970009A6810070AD59A68920707D49A6822F0D5
:10298000004222F03F0242F020029A60032945D122
:102990000C25FFF72BFB236806469B681D4212D0CF
:1029A000FFF724FB801B05282368F6D99A682A4282
:1029B000F3D0E36D43F01003E365236E43F00103AE
:1029C0002366012070BD002070BD16070AD59A68E5
:1029D000950707D49A6822F0004222F03F0242F0A5
:1029E00020029A600825D4E71A68500606D4114AD6
:1029F00001E0013ADDD019684906FAD540221A6093
:102A00009A6856070AD59A68950707D49A6822F0FB
:102A1000004222F03F0242F010029A600425B8E71B
:102A20009A6822F0004222F03F0242F010029A60BF
:102A30009CE700BF000040A370B582B0002203688D
:102A400001929A68D20734D499682D4A11420446FB
:102A500032D19A6822F0004222F03F0242F0010295
:102A6000B3F1A04F9A6048D02648274A27498342AD
:102A700018BF0A4693681B0229D4FFF7B7FA2368E8
:102A80001A68D607054614D4214E9A68D00704D494
:102A90009A68324042F001029A60FFF7A7FA431B9E
:102AA000022B236802D91A68D10705D51A68D20704
:102AB000EBD5002002B070BDE36D43F01003E36579
:102AC000236E012043F00103236602B070BD114B59
:102AD000114A1B689B09A2FB03239B09013303EBEB
:102AE00043039B000193019B002BC6D0019B013B3C
:102AF0000193019B002BF9D1BFE7034ABAE700BF5E
:102B00003F0000800001005000030050000700500B
:102B1000C0FFFF7F28010020632D3E050368B3F14D
:102B2000A04F70B5044652D039483A4A3A498342D8
:102B300018BF0A4696689D6815F0040545D194F8BB
:102B40005830012B41D0012384F858302046FFF73C
:102B500073FF00283DD1E36D226823F4706323F0F6
:102B6000010343F48073E365294B9A4206F01F0684
:102B700044D003F580639A4245D01146E36D23F4B7
:102B80008013E365E36D13F480531CBF236E23F0C1
:102B9000060323661C2313608A424FF0000384F867
:102BA000583019D040F22123F340DD0714D4E36DEF
:102BB00043F48013E365CB689B0105D5E36D23F4F3
:102BC000405343F48053E36570BD022070BD114A49
:102BD000B0E784F8585070BDD368990105D5E36D0E
:102BE00023F4405343F48053E365936823F0004398
:102BF00023F03F0343F00403936070BD4FF0A04106
:102C0000002EBFD1BAE70549002EBBD1B6E700BF01
:102C10000001005000030050000700500004005065
:102C20002DE9F0410568B5F1A04F04460E46174660
:102C300067D0394A39483A4B954218BF18468268DE
:102C4000AB685B0715D494F85830012B11D0354B85
:102C500001209D4202F01F0884F858000CD040F279
:102C6000212323FA08F3034006D184F85830BDE845
:102C7000F0810220BDE8F0812046FFF7DDFE00284C
:102C800041D1E36D216823F4706323F0010343F421
:102C90008073E365204B99423AD003F580639942F3
:102CA00036D0E36D23F48013E365E36D606D1E4D54
:102CB00013F480531CBF236E23F006032366C56202
:102CC0001A4D05631A4D45631C250D60002584F8D7
:102CD00058504D6845F010054D60CD6845F0010530
:102CE0003B463246CD60403100F07EFA2268936860
:102CF00023F0004323F03F0343F004039360BDE857
:102D0000F08106489BE7002384F85830BDE8F08145
:102D1000B8F1000FC9D1C4E7000100500003005012
:102D200000070050000600507923000869230008BE
:102D3000E523000838B503689A68950702D59B68B3
:102D4000002038BD9A68D407FAD59A6802F00D02BF
:102D5000012A044609D0E36D43F01003E365236EB6
:102D600043F001032366012038BD9A6822F0004237
:102D700022F03F02032142F002029A601960FFF73D
:102D800035F923689B68D907054603D4D8E79B68C3
:102D9000DB07D5D5FFF72AF9401B02282368F6D9AF
:102DA0009A68D207F3D5D6E790F85830012B1DD09A
:102DB000012310B5032180F858300446FFF7BCFD0D
:102DC00018B1002384F8583010BD2046FFF7B2FF39
:102DD0000028F6D1E36D23F4885323F0010343F078
:102DE0000103E365002384F8583010BD02207047CA
:102DF00030B590F8583083B00022012B01923FD0BB
:102E0000012380F8583004460D46FFF793FFE36D29
:102E1000E8B923F4885323F00203226843F0020345
:102E2000E365936823F0404305F0804123F03F03BE
:102E30000B4343F00043936093681349002B0EDB70
:102E4000E36D23F0030343F00103E36502E043F085
:102E50001003E365002384F8583003B030BD019BB4
:102E600001330193019B8B42E6D9E36D23F01203FA
:102E7000002243F01003E36584F858200120ECE7BA
:102E8000022003B030BD00BF01DE040090F85820DE
:102E9000012A4CD070B402689DB003460024012082
:102EA000B2F1A04F189483F8580019940BD0444DF8
:102EB000AA423AD0DA6D83F8584042F02002DA652F
:102EC0001DB070BC70473F48806840070BD59268C2
:102ED000DA6D42F020020120DA65002283F85820E2
:102EE0001DB070BC704790684407F1D4B2F1A04F98
:102EF0000D681ED0344A002D31D191683348304CD2
:102F000021F460419160A468816800F58070806858
:102F1000C00708D42143CD0705D4916821F471611D
:102F200021F00F0191600020D7E72848CCE702206C
:102F30007047002D33D0264C4E68A06893F838C0F7
:102F400020F46040304340EA4C30A0609268D607DD
:102F500033D41C4A9268D607E5D4224615E090681F
:102F60004C6820F46040204393F8384040EA4430F5
:102F700090601348174C866800F580708068A468DC
:102F8000E407D0D43043C007CDD49068896820F4DA
:102F90007160294320F00F0001439160C3E70C49A1
:102FA000886820F4604088609268D20705D4054A9A
:102FB0009268D607B7D40A46AFE7024A9268B2E7EA
:102FC00000040050000100500007005000050050B0
:102FD00000030050000600500749CA6803024FF67C
:102FE000FF0003F4E0630240134343F0BF6343F484
:102FF0000033CB60704700BF00ED00E01B4BDB6887
:10300000C3F3022300B5C3F1070EBEF1040F03F1B1
:10301000040C28BF4FF0040EBCF1060F1CD9A3F11D
:10302000030C4FF0FF3303FA0CF322EA03024FF0D4
:10303000FF3303FA0EF321EA030303FA0CF31343FD
:103040001B010028DBB20ADB00F1604000F56140A3
:1030500080F800335DF804FB00229446E7E7044A59
:1030600000F00F00024413765DF804FB00ED00E071
:10307000FCEC00E0002807DB044A4109012300F0D2
:103080001F00834042F82130704700BF00E100E09C
:103090000138B0F1807F01D30120704710B44FF0A8
:1030A000E023074C58614FF0F00C84F823C0002255
:1030B000072110469A615DF8044B1961704700BF03
:1030C00000ED00E0002876D0F0B43C4A0468944259
:1030D00003465CD93A493B4A3B482144A2FB0121C3
:1030E0000909890002229D6883F82520DA68354E97
:1030F000364FC3E9100118692A4302435869024355
:1031000098690243D8690243E0B20838A6FB006020
:10311000266826F4FF4C1E6A2CF0700C324342EAFB
:103120000C022260254E2A4AC0F30410B44298BF14
:103130003A4606F27946012404FA00F0DE64B5F559
:10314000804F01EB020618659E644FEA910127D07B
:103150005E68F5B2013E032E42F82150C7F88400A4
:1031600024D81C4A1C482A449200013DAC4000214E
:10317000C3E91520DC651160184A5464002001225F
:10318000D86383F8240083F82520F0BC70471449E5
:103190000C4A14482144A2FB012109098900A1E736
:1031A00000245C6042F82140C7F884000022C3E993
:1031B0001522DA65E2E70120704700BF07040240EC
:1031C000F8FBFDBFCDCCCCCC00040240000802408F
:1031D000200802403F8200104009024000090240DE
:1031E000F8FFFDBF00000240F0B490F82440012C2D
:1031F00009D0012480F8244090F82540012C05D006
:10320000002380F824300220F0BC7047022480F8AC
:1032100025400024C4630468C66C256825F00105B8
:103220002560D0E91475776015B1D0E9166777602D
:10323000466C076C06F01F0C012606FA0CF67E6041
:1032400063608368102B036B0BBFA260A160E16019
:10325000E260BBB1236843F00E032360836C1A68FD
:10326000D20303D51A6842F480721A601DB12B682C
:1032700043F480732B60236843F001030020236034
:10328000F0BC7047236823F004032360236843F0F5
:103290000A032360E2E700BF70B4436C066C056864
:1032A00031682C6803F01F0304229A400A420ED0B2
:1032B00014F0040F0BD02B689B0603D42B6823F06B
:1032C00004032B60036B7260CBB170BC1847022201
:1032D0009A400A4215D014F0020F12D02B689906BA
:1032E00006D42B6823F00A032B60012380F82530D5
:1032F000C36A7260002180F82410002BE5D170BCF5
:10330000704708229A400A42F9D02207F7D52A6866
:10331000416B22F00E022A60012202FA03F300241C
:103320007360C26380F8244080F825200029E6D02D
:1033300070BC08470B68002B00F098812DE9F04F16
:10334000B0F1904F85B04FF000024FF0010B00F04C
:103350000D81DFF84CE30093009B0BFA02FC1CEAA2
:10336000030A77D04D6805F003075400032307F1E3
:10337000FF3803FA04F6B8F1010F6FEA060640F2CF
:103380001981032F40F0798107FA04F407683E4061
:10339000344315F4403F04605CD0BE4E346E44F0BC
:1033A00001043466346E04F001040394039C22F09B
:1033B000030404F1804402F003070F2304F5803472
:1033C000BF0003FA07FCB44BA668984226EA0C0635
:1033D00000F04081B14B984200F02D81DFF8C4C26B
:1033E000604500F03D81DFF8C0C2604500F03F81DC
:1033F000DFF8B8C260450CBF4FF0050C4FF0060C6B
:103400000CFA07F73E43A660DEF808406FEA0A06AA
:10341000EF0254BF34404AEA0404CEF80840DEF814
:103420000C40AB0254BF34404AEA0404CEF80C40CE
:10343000DEF80440AF0354BF34404AEA0404CEF837
:103440000440DEF80040EB0354BF34404AEA040471
:10345000CEF80040009B013233FA02F47FF47CAFD7
:1034600005B0BDE8F08FD0F80890CE680AEA0909E7
:1034700006FA07F848EA0908C0F80880D0F804807E
:1034800028EA0E08C5F3001E0EFA02FE4EEA080EE8
:10349000C0F804E0D0F80C808E680AEA080806FA42
:1034A00007FE4EEA080E022CC0F80CE019D14FEAD4
:1034B000D20E0E694FEA8E0E02F007080EF1904E02
:1034C0004FEA880806FA08F6DEF8209000960F26E4
:1034D00006FA08F8009E29EA080946EA0908CEF823
:1034E0002080BC40076807EA0A073C4315F4403FC8
:1034F000046036D0674F3C6E44F001043C663C6E7D
:1035000004F001040394039C22F0030404F18044BA
:1035100004F5803402F00307D4F808E00F26BF005A
:1035200006FA07F72EEA0707A7605D4CEE02A468CB
:103530006FEA0C077CD43C40594EB460F468AE028C
:1035400000F185803C40564EF4607468AE037BD435
:103550003C40534EED037460346872D43C40504D8F
:103560002C60013233FA02F43FF47AAF0BFA02FE18
:1035700013EA0E0CF5D04D685700032606FA07F83B
:1035800005F003046FEA080A04F1FF38B8F1010FEF
:103590007FF669AF032CA4D04FF090488E68D8F81E
:1035A0000C9006FA07FE0AEA09094EEA090EC8F865
:1035B0000CE096E7D0F80890CB6809EA060903FA10
:1035C00004F848EA0908C0F80880D0F804808B683D
:1035D00028EA0C08C5F3001C0CFA02FC4CEA080CA3
:1035E000C0F804C0D0F80C8003FA04FC08EA06080E
:1035F0004CEA080C022FC0F80CC07FF4C5AE0B6972
:103600004FEAD20802F0070C00EB88084FEA8C0C56
:1036100003FA0CF3D8F8209001930F2303FA0CFC63
:10362000019B29EA0C0943EA090CC8F820C0ABE663
:1036300044EA0C0480E74FF0020C0CFA07F73E4313
:10364000E1E64CEA04048AE744EA0C0481E74CEA28
:10365000040478E74FF0010C0CFA07F73E43D2E67A
:103660004FF0030C0CFA07F73E43CCE670474FF0DF
:10367000040C0CFA07F73E43C5E6D0F80C808B68C3
:1036800008EA060803FA04FC4CEA080CC0F80CC06F
:103690007AE600BF0010024000040048000800481D
:1036A00000040140000C00480010004800140048CD
:1036B0000AB1816170478162704700BF436901EAC6
:1036C000030221EA030141EA02418161704700BF20
:1036D000002866D010B5826800230221D207C0E915
:1036E0003833C0E93A33C0E93C3382B0044680F84D
:1036F000DD10C0F8F8300FD50168314B994252D037
:10370000D4E904030A6800F4404022F47042024302
:1037100003F4405313430B602046FDF74BFDA368B1
:103720009B0708D52168E3680A6803F4407322F414
:10373000407213430B60002301221846C4E906338C
:10374000C4E90833C4E90C33C4E90E33C4E91033C7
:10375000C4E91333C4E91533C4E91733C4E91A3390
:10376000C4E91C33C4E91E33C4E92133C4E923335B
:10377000C4E9253384F8DD2084F8DC30A362C4F882
:10378000A030C4E92933C4E92B33C4E92F33C4E999
:103790003133C4E93333C4F8B430C4F8D83002B09C
:1037A00010BD0120704703F528431A6E42F0806275
:1037B0001A661B6E03F080630193019BA0E700BFB4
:1037C0000068014090F8DC30012B30D00223012248
:1037D00080F8DD30036880F8DC20B1F1FF3FD3F8DA
:1037E000CC2315D042F00202C3F8CC23D3F8CC236B
:1037F00022F00C020A43C3F8CC23D3F8CC2342F0C6
:103800000102C3F8CC23012380F8DD30002070478B
:1038100022F00202C3F8CC23D3F8CC2342F00102F9
:10382000C3F8CC23012380F8DD300020704702204C
:10383000704700BF70B50D460446FEF7D7FB6E1CFF
:103840000BD12268D2F88833D903FBD5002001239D
:1038500084F8DD3084F8DC0070BD06462368D3F8B8
:103860008833DB03F2D4FEF7C1FB831BAB4201D8E4
:10387000002DF3D1072384F8DD30032070BD00BF95
:1038800090F8DDC0BCF1020F2CD003460220F0B44A
:10389000062983F8DD00D2E90276D2E900451868EE
:1038A00015D000EBC111D1F8802022F007023A4375
:1038B00022F018023243C1F88020C1F89440C1F8C8
:1038C0009850012283F8DD200020F0BC7047026888
:1038D00022F007023A4322F01802324302604461A8
:1038E0008561EEE75FFA8CF0704700BF90F8DDC0AD
:1038F000BCF1020F03465FFA8CF000F0CD8093F824
:10390000DC00012800F0C98030B5012483F8DC40D8
:103910001868022483F8DD402029D0F88053D0F8BD
:10392000FC431AD8002900F0E78001F1FF3CBCF10C
:103930001F0F00F2D380DFE80CF0A090D17FD1D12F
:10394000D16DD1D1D1D1D1D1D162D1D1D1D1D1D13A
:10395000D1D1D1D1D1D1D1D1D152B1F5807F00F027
:10396000AE8028D8402900F09A80802940F0DA8083
:10397000D2E90012090901F4E04124F4E0440C43C7
:10398000D0F8F813120402F4F81221F4F811C0F878
:10399000F813D0F8F8130A43C0F8F82393F8DD20A1
:1039A000072A58D0C0F8FC430020012283F8DD200C
:1039B00083F8DC0030BDB1F5007F40F0A780D2E98C
:1039C0000012090101F4E00124F4E0040C43D0F8F2
:1039D000F813920602F0F84221F0F841D7E7D2E955
:1039E0000012090B01F0700124F070040C43D0F8B0
:1039F000F813520102F4787221F47871C7E7518804
:103A0000526861F30204D0F8F81302F01F0221F0AB
:103A10001F01BCE7D2E90012C0F8C82393F8DD40CB
:103A20004A0225F0606502F06062072C45EA020553
:103A300011D0C0F88053B7E7D2E90012C0F8C42310
:103A400093F8DD408A0125F0E07502F0E072072C62
:103A500045EA0205EDD1012030BDD2E90012C0F8DF
:103A6000C02393F8DD40CA0025F4601502F460120B
:103A7000072C45EA0205DCD1EDE7D2E90012C0F8D7
:103A8000BC2393F8DD4025F4E02501F4E022072C67
:103A900045EA0205CDD1DEE7704702207047D2E942
:103AA0000012090A01F4E06124F4E0640C43D0F848
:103AB000F813920202F4F84221F4F84167E7D2E9E0
:103AC000001224F4E02401F4E0210C43D0F8F813B0
:103AD000520502F0787221F0787158E7072283F8D6
:103AE000DD2093F8DD204FF0000C072A83F8DCC0BE
:103AF000B1D00F299DD955E7072283F8DD2093F82F
:103B0000DD2083F8DC10072A93D1A4E7072283F88D
:103B1000DD2093F8DD200021072A83F8DC107FF4F4
:103B200041AF98E7072283F8DD2093F8DD200021DC
:103B3000072A83F8DC108ED034E700BF90F8DDC090
:103B4000BCF1020F03465FFA8CF023D093F8DC003F
:103B500001287CD04FF0010C0220202983F8DCC022
:103B600083F8DD0017D831B301391F2923D8DFE8E6
:103B700001F0564E22462222223E222222222222D8
:103B800022662222222222222222222222222222D1
:103B9000225E01207047B1F5807F5AD01CD84029A1
:103BA0005FD0802907D11868D0F8041462F310316F
:103BB000C0F8041405E00721002283F8DD1083F823
:103BC000DC2093F8DD20072AE3D00020012283F8CF
:103BD000DD2083F8DC007047B1F5007FEBD1186879
:103BE000D0F8041462F31C61C0F80414E9E7186803
:103BF000D0F8001462F39641C0F80014E1E71868A9
:103C0000D0F8001462F31031C0F80014D9E7186836
:103C1000D0F8001462F38A11C0F80014D1E71868D4
:103C2000D0F8001462F30401C0F80014C9E7186862
:103C3000D0F8041462F30401C0F80414C1E7186852
:103C4000D0F8001462F31C61C0F80014B9E7022038
:103C500070471868D0F8041462F39641C0F8041451
:103C6000AFE71868D0F8041462F38A11C0F804149E
:103C7000A7E700BF90F8DD30022B8446D8B200F0F1
:103C80006B819CF8DC30012B00F067812DE9F04F4F
:103C9000012002238CF8DC008CF8DD300629DCF8EA
:103CA0000000556983B000F0C68000EBC11E202DD6
:103CB000DEF8803023F07043CEF88030DEF88030BC
:103CC000DEF8E880DEF8E460D0F8A04323F02009B5
:103CD0004FEAC11749EA05090ED09369022B0BD0B0
:103CE000032B00F03481042B06BF29F0800949F42E
:103CF000807929F4D07903E029F4C07949F02009CA
:103D0000D369956D29F4006949EA0309136A29F416
:103D1000806949EA0309536A29F0C06949EA03093D
:103D2000936A29F0006949EA0309D36A019329F0EB
:103D3000704949EA0309536B29F40039B3F1005F74
:103D400008BF49F4003926F4807A966B29F04003C5
:103D5000334323F480232B43D56B23F0FC7365F3AB
:103D60000508156D23F4803328F000492B43D2F861
:103D70004880156C28F4805B49EA0509556CBBF551
:103D8000606F4AEA050A53D02AF4F05A48EA0A0A50
:103D9000D56C2AF4804A4AEA0508D2F854A00529CD
:103DA00009D8DFE801F0CEC8C2BC03B6166B24F414
:103DB000001444EA46140744CEF88030C7F8E8906F
:103DC000C1EBC103C7F8E480C7F8D4A0C0F8A04392
:103DD000D2E901A9D2E903479B00203315684CF8CA
:103DE00003500CEB0306C6E901A9C6E90347052900
:103DF0000AD8DFE801F003847D766F68D0F8843359
:103E000043F00203C0F88433019B43B9DEF88030ED
:103E1000D26D23F4007343EA4223CEF880300020B1
:103E200001238CF8DD308CF8DC0003B0BDE8F08FA6
:103E3000402EADD1A8E70468D0F8A01324F02004E8
:103E40002C43202D24F0C00360D09569022D5DD055
:103E5000032D00F08480042D0CBF43F0800324F078
:103E6000E003D46923F400632343146A23F48063DA
:103E70002343546A23F0C0632343946A23F000630E
:103E80002343D46A23F0404343EA8403546B23F072
:103E900000532343146B036021F480312143C0F8A5
:103EA000A013D2E90213D2E900541269CCF8D82049
:103EB000CCE93254CCE93413D0F8843343F0010315
:103EC000C0F88433ABE7D0F8843343F04003C0F844
:103ED000843399E7D0F8843343F02003C0F8843367
:103EE00092E7D0F8843343F01003C0F884338BE7B3
:103EF000D0F8843343F00803C0F8843384E7D0F863
:103F0000843343F00403C0F884337DE743F0200397
:103F1000A7E7166B24F4800444EA86144BE7166B7B
:103F200024F4801444EA061445E7166B24F40024B4
:103F300044EAC6043FE7166B24F4802444EA86046E
:103F400039E7166B24F4003444EA460433E729F4D5
:103F5000807949F08009D3E670470220704743F02A
:103F600040037EE790F8DD30022B8446D8B246D07D
:103F70009CF8DC30012B6DD0DCF80000022310B57A
:103F80008CF8DD3000EBC1131468D3F8EC3023F06B
:103F9000100343EA0413546823F480132343D468C2
:103FA00023F480332343946823F400332343946938
:103FB000012C4FEAC11E17D08644CEF8EC300629FA
:103FC0000BD8DFE801F0242B323904401D00D0F873
:103FD000843343F02003C0F88433002001238CF89D
:103FE000DD308CF8DC0010BD1469526923F0040345
:103FF000234323F00203134343F00103DCE770473C
:10400000D0F8843343F00103C0F88433E5E7D0F8F7
:10401000843343F00203C0F88433DEE7D0F88433FE
:1040200043F00403C0F88433D7E7D0F8843343F077
:104030000803C0F88433D0E7D0F8843343F010038A
:10404000C0F88433C9E7D0F8843343F04003C0F8A4
:104050008433C2E70220704790F8DD30022B84469B
:10406000D8B23FD09CF8DC30012B3CD0022310B5F5
:104070008CF8DD30D2E90003C3F3080300F4E0500C
:1040800018439368546903F400731843136903F4E5
:1040900080431843D36803F400430343906900F05E
:1040A00000700343106A00F080400343D06900F0C1
:1040B00000421343DCF8002002EBC1110B4AD1F897
:1040C000B80002EA04421343094A02404FF0000ECE
:1040D00013430122C1F8B8308CF8DD208CF8DCE005
:1040E000704610BD70470220704700BF0000FF01FE
:1040F0000020003C00B590F8DDE0BEF1020F8446E0
:104100005FFA8EF027D09CF8DC00012800F0A08038
:1041100001208CF8DC0006294FF002008CF8DD004D
:1041200002F1FF3219D0072A05D8DFE802F02B612F
:10413000043904040441072200238CF8DD208CF8A4
:10414000DC309CF8DD30072B27D0002001238CF8D1
:10415000DD308CF8DC005DF804FB072AEBD801A108
:1041600051F822F03D420008334200083741000870
:10417000474200083741000837410008374100082E
:1041800029420008DCF800201B6802EBC112C2F8CB
:104190009C309CF8DD30072BD7D101205DF804FB63
:1041A000DCF800201B6802EBC112C2F8A830C8E797
:1041B000DCF80020186802EBC1125968C2F8AC00A4
:1041C00000294FD0D2F8800020F44040C2F880008F
:1041D000D2F88000B1F5005F40EA8100C2F88000AB
:1041E0001ED0B1F5405FACD19B68C2F8A830A8E7FB
:1041F000DCF80020186802EBC1125968C2F8A4006C
:1042000049B3D2F8800020F44050C2F88000D2F8C0
:104210008000B1F5005F40EA0100C2F88000E0D103
:104220009B68C2F89C308CE7DCF800201B68D362E6
:1042300087E7DCF800201B68536282E7DCF8002087
:104240001B68D3617DE7DCF800201B68936278E788
:1042500002205DF804FBD2F8803023F44053C2F80A
:1042600080306EE7D2F8803023F44043C2F88030CB
:1042700067E700BFF0B590F8DD40022C8446E0B25D
:1042800044D09CF8DC0001284FF002003ED08CF8AE
:10429000DD00DCF800004FEAC11E00EBC111402A2E
:1042A000D1F8E460D1F8B8503AD030D8012A37D0EC
:1042B000023A1E2A3CD8012101FA02F228490A4298
:1042C00048D000EB0E025968C2F8C4109968C2F8D1
:1042D000C81010246FF47E0206EA0201DE681A6834
:1042E0005F6932431E6932433A439F693A43A240B1
:1042F000082E42EA01021FD000EB0E03012100202C
:10430000C3F8E4208CF8DD108CF8DC00F0BDB2F5C9
:10431000007FD6D017D8802AD3D0B2F5807F07D1BE
:1043200000EB0E025968C2F8BC109968C2F8C010C0
:104330006FF0FE020024CFE715F0022FDCD1DB691D
:10434000A3401A43D8E7B2F5806FE9D0B2F5006F09
:10435000EED1B6E744F204010A42E1D1E8E700BF3A
:104360004100004090F8DC20012A034611D000688B
:10437000022283F8DD20D0F894234FF0000C0A438A
:104380000121C0F89423604683F8DD1083F8DCC077
:1043900070470220704700BF90F8DC20012A0346D6
:1043A00011D00068022283F8DD20D0F898234FF066
:1043B000000C0A430121C0F89823604683F8DD1001
:1043C00083F8DCC070470220704700BF90F8DC2003
:1043D000012A03460FD00068022283F8DD2002681C
:1043E0004FF0000C0A4301210260604683F8DD10A3
:1043F00083F8DCC070470220704700BF90F8DC20D3
:10440000012A51D003460268022010B583F8DD006E
:10441000D2F890035C682043C2F89003C80304D527
:10442000D068D3F8C8402043D0608C0305D5D2F8BB
:104430008C001C6A2043C2F88C00480305D5D2F8D2
:104440000C01DC6B2043C2F80C010C0305D5D2F83B
:104450008C019C6D2043C2F88C01C80205D5D2F8AE
:104460000C025C6F2043C2F80C028C0206D5D2F815
:104470008C02D3F890402043C2F88C02480206D543
:10448000D2F80C03D3F8AC402043C2F80C031068F8
:104490004FF0000C01434FF0010E116083F8DDE096
:1044A00083F8DCC0604610BD02207047704700BF33
:1044B000704700BF704700BF704700BF704700BF24
:1044C000704700BF704700BF704700BF704700BF14
:1044D000704700BF704700BF704700BF704700BF04
:1044E000704700BF704700BF704700BF704700BFF4
:1044F000704700BF704700BF704700BF704700BFE4
:10450000704700BF704700BFFF292DE9F0410368E5
:10451000074600F0908006290D4650D04A1C03EB58
:10452000C21203EBC1135468D3F88C60E2074FEA60
:10453000C11802D5F20700F1AC80A20702D5B3077B
:1045400000F1B880600702D5710700F1BD80220735
:1045500002D5330700F1C280E00602D5F10600F172
:10456000C780620602D5730600F1CC80200602D512
:10457000310600F1D180E20502D5F30500F1D680C5
:10458000A00502D5B10500F1DC80620502D57305F6
:1045900000F1E280200502D5310500F1E880E20457
:1045A00002D5F30400F1EE80A00402D5B10400F1BD
:1045B000F480620401D5730471D4BDE8F081D3F8AE
:1045C0008863D3F890835C68DD68F10303D518F441
:1045D000803F40F0ED80B20303D518F4003F40F077
:1045E000F480E30702D5EE0700F1F880A00702D5BA
:1045F000A90700F1FB80620702D56B0700F1FE807E
:10460000260702D5280700F10181E10602D5EA0656
:1046100000F10481A30602D5AE0600F10781600611
:10462000CBD56906C9D53B6840229A600621384639
:10463000FFF750FFC1E7D3F88843D3F89053E20760
:1046400002D5EE0700F1F980A00702D5A90700F115
:10465000FA80620702D56B0700F1FD80260702D5BC
:10466000280700F10081E10602D5EA0600F1038186
:10467000630602D56E0600F10681A4069DD5A80644
:104680009BD53B682022C3F88C233846FFF71AFFDE
:1046900093E70122C3F88820FFF71EFF4DE73B6830
:1046A00043444FF480422946C3F888203846FFF738
:1046B0001FFF82E73B6843440222C3F88820294653
:1046C0003846FFF70BFF3DE73B6843440422C3F83D
:1046D000882029463846FFF703FF38E73B68434404
:1046E0000822C3F8882029463846FFF7FBFE33E747
:1046F0003B6843441022C3F8882029463846FCF71B
:10470000FDFF2EE73B6843444022C3F8882029463A
:104710003846FFF7DFFE29E73B6843448022C3F8B1
:10472000882029463846FFF7DFFE24E73B684344EC
:104730004FF48072C3F8882029463846FFF7D6FE2A
:104740001EE73B6843444FF40072C3F888202946B3
:104750003846FFF7D1FE18E73B6843444FF48062C8
:10476000C3F8882029463846FFF7C8FE12E73B68A1
:1047700043444FF40062C3F8882029463846FFF7C7
:10478000BFFE0CE73B6843444FF48052C3F88820D7
:1047900029463846FFF7B6FE06E73B6843444FF428
:1047A0000052C3F8882029463846FFF7A3FE00E7E9
:1047B0004FF48032C3F88C23012380F8DD300023CE
:1047C00080F8DC30FFF780FE05E73B684FF40032ED
:1047D000C3F88C233846FFF779FE02E73B680122D5
:1047E0009A6006213846FFF777FEFFE63B68022213
:1047F0009A6006213846FFF771FEFCE63B6804220A
:104800009A6006213846FFF76BFEF9E63B680822FE
:104810009A6006213846FFF765FEF6E63B681022EF
:104820009A6006213846FCF769FFF3E63B682022D0
:104830009A603846FFF74CFEF1E60122C3F88C235C
:10484000FFF734FE00E73B680222C3F88C233846AA
:10485000FFF72EFEFDE63B680422C3F88C233846A2
:10486000FFF728FEFAE63B680822C3F88C23384697
:10487000FFF722FEF7E63B681022C3F88C23384688
:10488000FFF71CFEF4E63B684022C3F88C23384651
:10489000FFF716FEF1E600BF28B338B5D0E90031C6
:1048A000826804464CF6CC40186045F255501860BA
:1048B00059609A60FDF79AFB23680546DA6851074C
:1048C0000AD0FDF793FB401B31282368F6D9DA683C
:1048D0005207F3D0032038BD1969E268914204D031
:1048E0001A61002038BD012070474AF6AA221A60DA
:1048F000F7E700BF03684AF6AA2200201A60704753
:10490000002800F0D78010B590F89132044603F0EB
:10491000FF02002B00F0C9800323206884F8913245
:1049200003F03CFE2279002A00F0AE8000234FF411
:104930008071012AC4E908332182E374A36200F084
:10494000C08040F20111022AC4E91233218784F8A1
:104950003B30236544D04FF48171032AC4E91C33F2
:10496000A4F8601084F86330A36739D040F20311D3
:10497000042AC4E92633A4F8881084F88B30C4F8DC
:10498000A0302DD04FF48271052AC4E93033A4F849
:10499000B01084F8B330C4F8C83021D040F205110B
:1049A000062AC4E93A33A4F8D81084F8DB30C4F8F6
:1049B000F03015D04FF48371072AC4E94433A4F8CA
:1049C000001184F80331C4F8183109D0C4E94E331A
:1049D00040F20711A4F8281184F82B31C4F84031B3
:1049E00000230121022AC4E95833C4E96233A4F840
:1049F000503184F85331C4F86831A4F8781184F840
:104A00007B31C4F890313FD00221032AC4E96C33D2
:104A1000A4F8A01184F8A331C4F8B83134D003212C
:104A2000042AC4E97633A4F8C81184F8CB31C4F859
:104A3000E03129D00421052AC4E98033A4F8F0111B
:104A400084F8F331C4F808321ED00521062AC4E9DF
:104A50008A33A4F8181284F81B32C4F8303213D009
:104A60000621072AC4E99433A4F8401284F843329B
:104A7000C4F8583208D0C4E99E330722A4F868224B
:104A800084F86B32C4F88032234653F8040B93E861
:104A9000060003F08DFDA37A0122002193422173C9
:104AA00084F8912208D0002010BD80F8902205F0F3
:104AB00075FA31E701207047204600F01BFF002007
:104AC00010BDC4E95833A4F8503184F85331C4F808
:104AD0006831D9E790F89032012B0FD010B5044619
:104AE0000123006884F8903203F04EFD206804F042
:104AF0009DFA002384F89032184610BD02207047BA
:104B00002DE9F04F044683B0006804F09BFA10F4DE
:104B100000452CD1430500F17B8147041BD410F4E0
:104B2000005140F0D781C60400F18B80050500F1EB
:104B30003183010600F10183820500F11F84C30562
:104B400012D52268B2F8443023F480731B041B0C86
:104B5000A2F8443008E02268B2F8443023F48043DD
:104B60001B041B0CA2F8443003B0BDE8F08F206892
:104B7000B0F844301F04F7D5DFF8BCBA10E011F0EC
:104B8000100100F0C580018811F400658BB240F07F
:104B9000E7801E0400F15A81B0F844301A04E3D5CE
:104BA000B0F84450A9B215F00F05E8D00FFA85F817
:104BB00030F8283019049EB266D43106ECD530F8AE
:104BC00028309BB203EA0B0343F4004305EB850254
:104BD00020F8283004EBC202AF00D37C012B00F098
:104BE000858108EB880804EBC80C117CDCF82830C0
:104BF000009316F4807A4FEAC8094FEAC10E0FFA03
:104C000081F840F0A381B0F850501EFA85F50544B4
:104C1000B5F80254C5F309059D4280F091815B1BF4
:104C2000CCF82830536A2B445362DCF82C3009F15D
:104C300010012B442144CCF82C3003F0D1FF206824
:104C4000AAE72268B2F8403023F004031B041B0CCF
:104C5000A2F84030B2F8403023F008031B041B0CCC
:104C6000A2F8403094F8C832012B00F0958320461A
:104C700005F004FA2268B2F8443023F480531B0490
:104C80001B0CA2F844306FE730F8283023F0700393
:104C90001B051B0D43F0800305EB850120F8283030
:104CA00004EBC101AF0091F85C31002B7BD1B0F86F
:104CB000503000F2064212FA83F391F8502133F893
:104CC0003290C9F30909B9F1000F40F0D0814FF0DB
:104CD00000097B1904EBC303D3F86C214A44C3F8E1
:104CE0006C21D3F864214A44C3F86421D3F86821C5
:104CF00022B1D3F860314B4540F29B812F4404EB45
:104D0000C707204697F8501105F07EF9206854E750
:104D100003889BB203EA0B0343F400430380B0F81B
:104D2000503010FA83F2207C40F2024303EBC003C0
:104D30002046D35A626AC3F309031A44E3626262EB
:104D400005F06CF9237B63B3A36A2068002B7FF422
:104D500023AF227B42F08002A0F84C2023731BE794
:104D6000B0F8502094F8501140F2064310FA82F245
:104D700003EBC10304F52671D35AB4F85621C3F3EB
:104D80000903C4F86C3104F071F92268138823F028
:104D900070031B051B0D43F080031380204605F0B4
:104DA0002DF92068F8E691F8533191F85021022B43
:104DB00000F00B8212B230F8223023F4E04323F0EB
:104DC00070031B041B0C43F4004343F0C00320F8A2
:104DD000223091F850311AB230F8222012F4804F6C
:104DE000B0F8502000F02F8100F2024C1CFA82F241
:104DF00032F83390C9F30909B9F1000F3FF467AFF6
:104E0000B1F85821D1F864114B4604F02FF960E74E
:104E10002268B2F8443023F480631B041B0CA2F810
:104E20004430204605F008F994F89032012B3FF405
:104E30009BAE0123206884F890322573294604F044
:104E4000EFF884F8905203B0BDE8F08F028840F686
:104E50008F73134043F080030380B0F8502094F820
:104E6000501140F2064310FA82F203EBC103D35A09
:104E7000C3F30903C4F86C3193B1D4F8641179B168
:104E8000B4F8562104F0F2F8D4F86431D4F86C2167
:104E9000134420462946C4F8643105F0B5F820686B
:104EA00003881D059AB23FF577AE02F44052B2F581
:104EB000405F3FF471AE038823F4804323F0700316
:104EC0001B041B0C83F4405343F4004343F0800362
:104ED000038061E62268B2F8443023F400531B04D7
:104EE0001B0CA2F8443003B0BDE8F08F6B1C03EB41
:104EF0008303002144F83310137FC3B116F040063A
:104F0000537C40F00F81002B40F05982137CB0F8A5
:104F1000502000EBC30303F2064392B2995AC1F347
:104F200009019952995A89B241F4004199523D447C
:104F300004EBC5052046297C05F070F820682BE6B7
:104F4000CCF828A0204605F069F82AE706F480434B
:104F500016F04006019340F09280B0F85020009B7C
:104F600000F2064A1AFA82F232F83890C9F30909B7
:104F7000994540F2A581CCF828607B1904EBC30366
:104F80005B7C002B40F0A382B0F850200EF202466A
:104F900092B20644B35AC3F30903B352B35A6FEA49
:104FA00043436FEA53439BB2B352B0F850201AFA0E
:104FB00082F232F83830C3F3090322F8383032F87D
:104FC00038306FEA43436FEA53439BB222F83830DC
:104FD0007B1904EBC303DB7C022B0FD130F82830A4
:104FE00023F4E04323F040031B041B0C83F0200355
:104FF00043F4004343F0800320F82830204605F0B6
:105000000DF8019B002B7FF4CCAE7B1904EBC3039E
:1050100020681A7C30F8223023F4E04323F0700338
:105020001B041B0C43F4404343F0800320F8223060
:10503000B2E5282101FB0541206801F5A87103F0C4
:10504000CFFD2068B9E500F2064C1CFA82F232F876
:105050003390C9F30909B9F1000F3FF438AEB1F844
:105060005A21D1F864114B4604F000F831E6B1F84A
:105070005621D1F864114B4603F0F8FF29E6B0F849
:105080005060009B00F2024A1AFA86F636F8389011
:10509000C9F309099945C0F0E2800026CCF82860E0
:1050A000537C002B40F02582B0F850301AFA83F37D
:1050B0000EF2064233F83860C6F3090623F838606A
:1050C00033F83860B6B246F4004623F83860B0F8DA
:1050D000503002449BB2D65AC6F30906D652D65A6D
:1050E000B6B246F40046D6527B1904EBC303DB7C10
:1050F000022B0FD130F8283023F4E04323F0400393
:105100001B041B0C83F0200343F4004343F0800393
:1051100020F82830204604F081FF019B002B7FF40B
:1051200074AF3EE6002B40F03D81137CB0F8502078
:1051300000EBC30303F20243EFE62268B2F8443007
:1051400023F080031B041B0CA2F8443094F8C832EF
:10515000002B40F00E81B2F840309BB243F00403C4
:10516000A2F84030B2F840309BB2012143F008036E
:10517000A2F8403084F8C812B2F85430C3F38D035B
:1051800003F03C032046C4F8CC3203B0BDE8F04F36
:1051900005F04CB82268B2F840309BB243F00803E7
:1051A000A2F84030B2F8443023F400631B041B0C17
:1051B000A2F84430B2F840309BB243F004032046DA
:1051C000A2F8403004F04AFFCEE4B0F850E0D1F845
:1051D00068310FFA82FCD20012FA8EF216F4804A7D
:1051E000024400F0F980B2F802E4CEF3090E9E45C5
:1051F000F14600F26581A3EB0E03C1F868317BB97B
:1052000030F82C2022F4804222F070021204120C9A
:1052100082F4005242F4004242F0800220F82C2036
:1052200072060DD530F82C3023F4E04323F07003E0
:105230001B041B0C43F4004343F0C00320F82C3044
:10524000BEF1000F3FF445AD791904EBC10173467F
:10525000B1F85821D1F8641103F008FF39E5A3EB48
:105260000903CCF82830019B6BB130F8283023F4C7
:10527000E04323F070031B041B0C43F4404343F052
:10528000800320F828307B1904EBC30393F8342003
:10529000012A00F0DC803D4404EBC5052A7C30F88F
:1052A000223023F4E04323F040031B041B0C83F063
:1052B000300343F4004343F0800320F822306BE4D2
:1052C000A3EB0903CCF82830002B3FF456AE019B2A
:1052D0006BB930F8283023F4E04323F070031B044B
:1052E0001B0C43F4404343F0800320F828307B1923
:1052F00004EBC30393F83420012ACCD15A6A02EBA1
:1053000009015962DCF82C604E44CCF82C601E6B0D
:105310001A6A9642C0F00981B61A1E631FFA82F912
:105320007B1904EBC30393F811C0BCF1000F40F0EC
:10533000F180B0F850301AFA83F39E4433F83860A5
:10534000C6F3090623F83860002A40F0198133F8C3
:1053500038206FEA42426FEA524292B223F8382074
:105360007A1904EBC2024B46528B03F06FFE2068A1
:1053700091E7204604F072FEFFF7F6BB2268B2F810
:10538000443023F400731B041B0C2046A2F8443065
:1053900004F04EFEFFF7E8BB84F8C812204604F084
:1053A00045FF64E4012B7FF4C2AD137CB0F85020BC
:1053B00000EBC30303F2024392B29952B7E5012B0B
:1053C0007FF4B5AD137CB0F8502000EBC30303F2BB
:1053D000064392B29E52AAE5B2F806E4CEF3090E55
:1053E0009E45F14670D8A3EB0E03C1F868317BB936
:1053F00030F82C2022F4804222F070021204120CA9
:1054000082F4005242F4004242F0800220F82C2044
:1054100073060DD430F82C3023F4E04323F07003EE
:105420001B041B0C43F4004343F0C00320F82C3052
:10543000BEF1000F3FF44DAC791904EBC101734686
:10544000B1F85A21D1F8641103F010FE41E45A6A10
:1054500002EB09015962DCF82C604E44CCF82C6058
:105460001E6B1A6A96426FD3B61A1E631FFA82F930
:105470007B1904EBC30393F811C0BCF1000F59D1A1
:10548000B0F850301AFA83F39E4433F83860C6F30C
:10549000090623F83860002A40F0988033F8382055
:1054A0006FEA42426FEA524292B223F838207A19E8
:1054B00004EBC2024B46128B03F0C8FD2068EAE6FB
:1054C0000023C1F868319BE6C1F868A190E7012B81
:1054D0007FF47EADB0F850300EF202429BB202442F
:1054E0000026D652B0F850301AFA83F323F8386009
:1054F0006EE5012B7FF4F8ADB0F850301AFA83F363
:105500000EF2064223F83860B0F8503002449BB2E5
:10551000D652E9E5BCF1010F7FF422AFB0F850306C
:105520001AFA83F323F838901AE796B983F83460AF
:105530004A46F5E6BCF1010FB9D1B0F850301AFA7D
:1055400083F323F83890B2E74EBB83F834604A46C1
:105550008EE793F811C000221A6383F834201FFAF3
:1055600086F9BCF1000FD5D1B0F850301AFA83F3A8
:10557000324633F83860C6F3090623F838609E4493
:105580003E2A32D8BEF800305608D20748BF01364E
:105590009BB243EA86239BB2AEF80030E0E693F874
:1055A00011C0002283F834201A631FFA86F9BCF177
:1055B000000FBFD1B0F850301AFA83F3324633F8F7
:1055C0003860C6F3090623F838609E443E2A1FD887
:1055D000BEF800305608D20748BF01369BB243EAF6
:1055E00086239BB2AEF8003061E7D306BEF80030E8
:1055F0004FEA521608BF06F1FF369BB243EA8623F4
:105600006FEA43436FEA53439BB2AEF80030A7E61C
:10561000D306BEF800304FEA521608BF06F1FF3637
:105620009BB243EA86236FEA43436FEA53439BB23C
:10563000AEF800303BE700BF0F8FFFFF90F89022DD
:10564000012A0DD010B504460122006884F890228A
:10565000217303F0E5FC002384F89032184610BD56
:105660000220704710B501F0070E0EEB8E0C0906F4
:1056700004464FEACC0C23D40CF5A87101440EEB80
:105680008E0004EBC0004FF0000C80F851C1022BDB
:10569000CB70C2F30A0204BF00230B7181F800E053
:1056A0000A6194F89032012B16D0012384F89032CD
:1056B000206802F091FF002384F89032184610BD54
:1056C0000CF1100101440EEB8E0004EBC0004FF012
:1056D000010C80F811C0DAE7022010BD01F00703C9
:1056E00001F0070210B503EB83030446090602EB41
:1056F00082004FEAC30304EBC00016D403F5A8737D
:10570000E1184FF0000C80F851C10A7094F8903203
:10571000012B15D0012384F89032206803F07AF928
:10572000002384F89032184610BD1033E1184FF072
:10573000010C80F811C00A7094F89032012BE9D165
:10574000022010BD10B501F0070E0EEB8E0C00EB21
:10575000CC0C2821002401FB0E01CCF86421006848
:105760008CF850E1CCE95A348CF8514101F5A8711C
:1057700003F036FA204610BD01F0070101EB81016C
:1057800000EBC100D0F86C01704700BF10B501F00C
:10579000070E0EEB8E0100EBC10C6146CCF82830F1
:1057A000CCF83030002401230068CCF824201031DC
:1057B0008CF83430CCF82C408CF811308CF810E098
:1057C00003F00EFA204610BD027901F007039A4259
:1057D00033D30A0610B504461CD401EB81022820FD
:1057E00000FB014104EBC20201F5A871002082F820
:1057F000510101228A700B7094F8903293421AD0B2
:10580000206884F8902203F095FB002384F89032FE
:10581000184610BD03EB8302282101FB030100EBB6
:10582000C20210310120507401228A700B7094F86A
:1058300090329342E4D1022010BD0120704700BF96
:1058400038B5027901F00F039A4232D301F0070311
:1058500001F00702044603EB830302EB8200090612
:105860004FEAC30304EBC00016D403F5A873E11894
:10587000002580F8515100258D700A7094F89032FF
:10588000012B14D00123206884F8903203F07AFBB6
:1058900084F89052284638BD1033E118012545742C
:1058A00000258D700A7094F89032012BEAD1022005
:1058B00038BD012038BD00BF11F0800F0CD001F0C1
:1058C000070101EB810100EBC100103099B262B910
:1058D000C18002730020704701EB810100EBC10021
:1058E00000F5A87099B2002AF2D0012283600273F9
:1058F0000020704702460020116810B482F8C802E8
:10590000B1F8543001249BB22343C2F8D042A1F82D
:105910005430B1F854305DF8044B9BB243F00203AD
:10592000A1F85430704700BF354A136860B903F4DA
:10593000C063B3F5806FD2F880301BD023F480733E
:10594000C2F8803000207047B0F5007F06D023F405
:10595000C06343F4806313600020704703F4C063A6
:10596000B3F5806FD2F8803029D043F48073C2F849
:105970008030F1E723F48073C2F880301368214847
:10598000214923F4C06343F4007313600368322099
:1059900000FB03F35069A1FB03139B0C400503F1CB
:1059A000010306D500E023B15169490503F1FF3336
:1059B000F9D4134B5B695B05CED50320704743F4E4
:1059C0008073C2F8803013680E480F4923F4C06317
:1059D00043F4007313600368322000FB03F3506943
:1059E000A1FB03139B0C400503F10103E1D501E08A
:1059F000002BDED05169490503F1FF33D9D5F7E714
:105A0000007000402801002083DE1B43024A936897
:105A100043F480439360704700700040002800F01A
:105A2000BD812DE9F0410368D90782B0044612D543
:105A3000A6498A68C96802F00C020C2A00F0D080DE
:105A4000082A40F0D280A14A1268920303D5626806
:105A5000002A00F037819A0722D59C4A9368D268C1
:105A600003F00C030C2B00F0F880042B40F0FA80BC
:105A7000964B1B685B0503D5E368002B00F0228181
:105A8000924A20695368924923F0FE4343EA006337
:105A900053600868FCF768FA002840F01381236817
:105AA0001A0719D56369894D002B00F0C280D5F81B
:105AB000943043F00103C5F89430FCF797FA06469A
:105AC00005E0FCF793FA801B022800F21781D5F855
:105AD00094309B07F5D523685D0741D57B4B9A6DC4
:105AE000D00000F10F819A6D42F080529A659B6D53
:105AF00003F080530193019B0125764E3368D9054D
:105B000040F12E81A368012B00F0FE80052B00F0F0
:105B100084816E4ED6F8902022F00102C6F89020C3
:105B2000D6F8902022F00402C6F89020002B40F016
:105B3000F280FCF75BFA41F28838074605E0FCF793
:105B400055FAC01B404500F2D980D6F8903099072D
:105B5000F5D425B15D4A936D23F080539365236896
:105B60009A0618D5A369594D002B00F0E580D5F8A9
:105B7000983043F00103C5F89830FCF737FA064631
:105B800005E0FCF733FA801B022800F2B780D5F855
:105B900098309B07F5D5E369F3B14C4DAA6802F044
:105BA0000C020C2A00F04781022B2B6823F0807333
:105BB0002B6000F0F580FCF719FA044605E0FCF7CD
:105BC00015FA001B022800F299802B689B01F6D47D
:105BD000EA68414B1340EB60002002B0BDE8F08161
:105BE00001F0030103293FF42EAF6368B3F5803F52
:105BF00055D0B3F5A02F00F0C480344D2A6822F4AC
:105C000080322A602A6822F480222A60002B4BD13D
:105C1000FCF7ECF9064604E0FCF7E8F9801B642881
:105C20006CD82B689903F7D423689A077FF538AFAF
:105C300013E7D5F8943023F00103C5F89430FCF74E
:105C4000D5F9064604E0FCF7D1F9801B022855D8A7
:105C5000D5F894309F07F6D43DE702F00302022AFC
:105C60003FF406AFE368194D002B37D02B6843F49F
:105C700080732B60FCF7BAF9064604E0FCF7B6F92E
:105C8000801B02283AD82B685F05F7D56B6822691C
:105C900023F0FE4343EA02636B60236800E70B4A8C
:105CA000136843F480331360FCF7A0F9074E0546F0
:105CB00004E0FCF79BF9401B64281FD833689F035E
:105CC000F7D5B1E7012002B0BDE8F0810010024035
:105CD0003001002000700040FCFFEEFE2B6823F432
:105CE00080732B60FCF782F906462B6859057FF517
:105CF000D6AEFCF77BF9801B0228F6D9032002B050
:105D0000BDE8F0810025F8E6654AD2F8903043F00E
:105D10000103C2F89030FCF769F9614F064641F281
:105D2000883804E0FCF762F9801B4045E6D8D7F8D4
:105D300090309B07F6D50CE7D5F8983023F0010397
:105D4000C5F89830FCF752F9064604E0FCF74EF926
:105D5000801B0228D2D8D5F898309F07F6D41AE7CE
:105D6000336843F480733360FCF740F907463368C7
:105D7000DA053FF5C7AEFCF739F9C01B0228F6D9A2
:105D8000BCE703F18043A3F53C331A6842F4802258
:105D90001A601A6842F480321A6085E70120704761
:105DA000FCF724F9064604E0FCF720F9801B0228E2
:105DB000A4D82B689901F7D4E9683A4B226A606A43
:105DC0000B401343D4E90A1243EA012343EAC263B6
:105DD000D4E90C120138490843EA0013013952088A
:105DE00043EA4153013A43EA4263EB602B6843F0D4
:105DF00080732B60EB6843F08073EB60FCF7F6F880
:105E0000274D044605E0FCF7F1F8001B02283FF699
:105E100075AF2B689A01F6D5DEE6214BD3F89020BA
:105E200042F00402C3F89020D3F8902042F001021F
:105E3000C3F890206FE7012B3FF444AFEB68226A70
:105E400003F0030191427FF43DAF616A03F0F00279
:105E50000139B2EB011F7FF435AFA16A03F4FE42B2
:105E6000B2EB012F7FF42EAFE16A03F07842B2EB80
:105E7000C16F7FF427AF226B520803F4C001013ACF
:105E8000B1EB425F7FF41EAF626B520803F0C06358
:105E9000013AB3EB426F14BF012000209DE600BF22
:105EA000001002400C809F01184B9A6802F00C020F
:105EB000042A26D09A6802F00C02082A23D09A6895
:105EC00002F00C020C2A01D000207047D968DA6871
:105ED000D86801F003010329C2F30312C0F30620BE
:105EE0000CBF0B4B0B4B0132B3FBF2F303FB00F087
:105EF000064BDB68C3F3416301335B00B0FBF3F097
:105F00007047044870470248704700BF00100240C5
:105F100040787D010024F400002800F0EE80784AEB
:105F20002DE9F843136803F00F038B420D46044636
:105F30000CD2136823F00F030B431360136803F0B4
:105F40000F038B4202D00120BDE8F8832368DF07EE
:105F500069D56768032F00F0A0806A4B022F1B6889
:105F600000F097805B05EED5FFF79EFF664B9842E9
:105F700040F2C080634A936823F0F00343F080034B
:105F800093604FF080095F4EB36823F003033B43F7
:105F9000B360FCF72BF841F28838074604E0FCF7C1
:105FA00025F8C01B404571D8B368626803F00C0344
:105FB000B3EB820FF3D123689F0736D4B9F1000FFA
:105FC00003D0B36823F0F003B3604D4E336803F0A1
:105FD0000F03AB4246D823685A0706D54949E06803
:105FE0008A6822F4E06202438A601B0707D5454AAB
:105FF0002169936823F4605343EAC1039360FFF778
:1060000053FF404A414C92684149C2F30312034690
:10601000A25C404802F01F02D3400B600068BDE85C
:10602000F843FBF7A1BF9E07CFD5580704D53549E4
:106030008A6842F4E0628A60190706D5314A93689B
:1060400023F47C5343F4E06393602E4AA168936881
:106050002B4E23F0F0030B439360336803F00F03E0
:10606000AB42B8D9336823F00F032B433360FBF7FF
:10607000BDFF41F288380746336803F00F03AB4297
:10608000A9D0FBF7B3FFC01B4045F5D90320BDE8FD
:10609000F8839A033FF568AF55E71A4A11688801FB
:1060A0007FF551AFD068D168D268174E00F0030079
:1060B0000328C1F303110CBF174818480131B0FB86
:1060C000F1F11048C2F3062201FB02F2C168C1F3EC
:1060D000416101314900B2FBF1F2B2420AD9826852
:1060E00012F0F00F3FF446AF990703D5A368002BD9
:1060F0003FF440AF4FF0000945E70120704700BF73
:10610000002002400010024000B4C40450C900083E
:10611000280100203001002040787D010024F40097
:10612000054B064A9B680649C3F302230868D35C03
:1061300003F01F03D84070470010024048C9000810
:1061400028010020054B064A9B680649C3F3C22379
:106150000868D35C03F01F03D8407047001002406A
:1061600048C90008280100202DE9F04103680446D1
:1061700013F4002082B052D0AC4B9A6DD50040F1A0
:106180003A810027AA4D2B6843F480732B60FBF7FC
:106190002DFF064605E0FBF729FF831B022B00F2CB
:1061A00035812B68D805F6D5A04D226DD5F89030F5
:1061B00013F4407326D0934224D0D5F89010D5F82C
:1061C000903043F48033C5F89030D5F8903023F404
:1061D0008033C5F8903021F44073C907C5F890307A
:1061E00010D5FBF703FF41F28838064605E0FBF7C0
:1061F000FDFE801B404500F20981D5F890309B07D9
:10620000F5D5226D8949D1F8903023F440731343BA
:10621000C1F8903023680020002F40F0FC80DD079B
:1062200008D582496568D1F8882022F003022A4304
:10623000C1F88820990708D57C49A568D1F888203D
:1062400022F00C022A43C1F888205A0708D5774962
:10625000E568D1F8882022F030022A43C1F888206E
:106260001F0708D571492569D1F8882022F0C0029E
:106270002A43C1F88820DE0608D56C496569D1F843
:10628000882022F440722A43C1F888209D0608D550
:106290006649A569D1F8882022F440622A43C1F8F2
:1062A0008820590608D56149E569D1F8882022F48B
:1062B00040522A43C1F888201A0608D55B49256A4E
:1062C000D1F8882022F440422A43C1F88820DF0513
:1062D00008D55649656AD1F8882022F440322A430D
:1062E000C1F888209E0308D55049A56AD1F89C20A2
:1062F00022F003022A43C1F89C209D0508D54B4992
:10630000E56AD1F8882022F440222A43C1F8882087
:1063100059050BD54549256BD1F8882022F4401248
:106320002A43B5F5801FC1F888207AD01A050BD50D
:106330003E49656BD1F8882022F440022A43B5F526
:10634000800FC1F8882075D0DF040BD53749A56BC5
:10635000D1F8882022F040722A43B5F1807FC1F83D
:1063600088206CD09E040BD53049E56BD1F888208D
:1063700022F040622A43B5F1006FC1F8882063D053
:106380005D040BD52949256CD1F8882022F04062A4
:106390002A43B5F1006FC1F888205AD019040BD5F3
:1063A0002249656CD1F8882022F040522A43B5F189
:1063B000805FC1F8882051D0DA030BD51B49A56C4A
:1063C000D1F8882022F040422A43B5F1804FC1F82D
:1063D000882048D05B030BD5144AE16CD2F89C307E
:1063E00023F440130B43B1F5001FC2F89C303FD09B
:1063F00002B0BDE8F0819A6D42F080529A659B6DC3
:1064000003F080530193019B0127BBE6236803201F
:10641000002F3FF404AF05498A6D22F080528A654F
:10642000FDE6CA6842F48012CA607FE700100240AD
:1064300000700040CA6842F48012CA6084E7CA68EB
:1064400042F48012CA608DE7CA6842F48012CA60C2
:1064500096E7CA6842F48012CA609FE7CA6842F4AD
:106460008032CA60A8E7CA6842F48032CA60B1E7E5
:10647000D36843F48013D36002B0BDE8F08100BF5D
:106480002DE9F04182B000230E4615468DF8033009
:106490000746FBF7ABFD35442D1AFBF7A7FD324B42
:1064A0003C681B6803EB8303C3EBC3031B0D05FBB5
:1064B00003F30136019311D1A36813F4C06F09D01F
:1064C000237BDBB28DF803309DF80330A36813F40F
:1064D000C06FF5D1002002B0BDE8F08180462346B0
:1064E0009B6813F4C06FF5D0237BDBB28DF80330CB
:1064F0009DF80330FBF77AFDA0EB0800A84209D213
:10650000019A019B002A03F1FF33019308BF002584
:106510003B68E5E7D7E900315A68B1F5827F22F0A0
:10652000E0025A6013D0BA6AB2F5005F07D11A6868
:1065300022F400521A601A6842F400521A600122D2
:10654000002387F85D2087F85C300320C3E7BA6832
:10655000B2F5004F02D0B2F5806FE4D11A6822F094
:1065600040021A60DFE700BF280100202DE9F04754
:1065700084B000230E4617468DF807300546FBF71A
:1065800035FDDFF8389106EB0708A8EB0004FBF7B0
:106590002DFDD9F8003003EB8303C3EBC3031B0DC0
:1065A00004FB03F30293731C26D12C68A36813F435
:1065B000C05FFBD1FBF71AFDA8EB0008FBF716FD47
:1065C000D9F800302A68C3F3CB3308FB03F30393F5
:1065D00093681906FCD43A4631462846FFF750FF27
:1065E00010B904B0BDE8F0872B6E43F020032B6692
:1065F000032004B0BDE8F08782462B689B6813F443
:10660000C05F0ED0FBF7F2FCA0EB0A03A34220D23E
:10661000029A029B002A03F1FF3308BF0024029371
:10662000EBE7FBF7E3FCA8EB0004FBF7DFFCD9F892
:106630000030C3F3CB3304FB03F3804603932B6892
:106640009B681B06C7D5FBF7D1FCA0EB0803A34250
:106650001FD3D5E900315A68B1F5827F22F0E002FC
:106660005A601FD0AA6AB2F5005F07D11A6822F4F7
:1066700000521A601A6842F400521A60012385F829
:106680005D302B6E002243F0200385F85C202B66E2
:10669000AEE7039A039B002A03F1FF3308BF0024EF
:1066A0000393CCE7AA68B2F5004F02D0B2F5806F31
:1066B000D8D11A6822F040021A60D3E728010020DE
:1066C000002877D0426A2DE9F0410446002A57D0CD
:1066D0000023C0E9043394F85D300021A16203F087
:1066E000FF01002B5AD02168E768022384F85D304F
:1066F0000B68B7F5E06F23F040030B6046D854D128
:10670000A56A4FF4805005F40055A368A66902F00D
:10671000100C626803F4044302F482721A43236982
:1067200003F002031343626902F001021A43636B30
:1067300007F4706703F0080343EA070EE36903F008
:106740003808236A03F0800706F40073134343EA12
:1067500008033B43360C2B4306F004060B604EEA5D
:10676000060343EA0C0303434B60CB69002023F488
:1067700000630122CB61206684F85D20BDE8F081D2
:106780004368B3F5827FA6D0C261A4E7B7F5706F06
:1067900012D1A56A002005F40055B6E784F85C1014
:1067A0002046FBF705F8626A9DE74FF4805000250C
:1067B000A562AAE7012070470020F8E72DE9F04123
:1067C000044682B01D460F469046FBF70FFC94F836
:1067D0005D30012B7ED10646D8B2002F77D0B8F1BC
:1067E000000F74D094F85C30012B73D0A16823683B
:1067F00084F85C0000220320B1F5004F84F85D00AE
:10680000C4E9132222662264A4F84420A4F83E803E
:10681000A763A4F84620A4F83C801A4607D119685B
:1068200021F040011960196841F48041196019682C
:10683000490603D4196841F040011960E1686068B5
:10684000B1F5E06F4AD8002800F0C380B8F1010F1D
:1068500000F0BF80E38F9BB2F3B1681C12D091E0CF
:10686000E38FA06B9BB2012B014640F29F8031F871
:10687000023BD360E38FA163023B9BB2E387E18FCE
:1068800089B249B1226893689907E9D4FBF7AEFB56
:10689000E18F89B20029F5D1324629462046FFF71B
:1068A00065FE08B120232366A36833B922680193EB
:1068B000D368019393680193019B012384F85D30B1
:1068C000206E0023C01A84F85C3018BF012002B08B
:1068D000BDE8F081022002B0BDE8F08100286FD051
:1068E000B8F1010F6CD0E18F89B20029D4D0691CB6
:1068F0002CD19A68970713D5A26B32F8021BD96086
:10690000B4F83EC0A2630CF1FF3C1FFA8CFCA4F863
:106910003EC0E28F92B2002ABED09A689707EBD4AD
:10692000FBF764FBE38F9BB2002BB5D02368E0E755
:10693000A16B31F8023BD360E38FA163013B9BB2B3
:10694000E387E38F9BB2002BA6D022689368980759
:10695000EED4FBF74BFB801BA842F2D3012384F853
:106960005D30002384F85C300320B0E731F8022B5F
:10697000DA60E38FA163023B9BB2E387E38F9BB2B4
:10698000002B89D023689A68920739D5E28FA06BD3
:1069900092B2012A0146E9D802781A73E38FA26BFA
:1069A000013B01329BB2A263E387E7E703781373ED
:1069B000E38FA26B013B01329BB2A263E3875EE7E8
:1069C00037F8021BD960E18FA763013989B2E187EB
:1069D00089E7E28F92B2012A08D937F8022BDA60F0
:1069E000E38FA763023B9BB2E38733E73A781A73DE
:1069F000E38FA26B013B01329BB2A263E38729E7DD
:106A0000FBF7F4FA801BA842B8D3A7E72DE9F041C1
:106A1000044690461E460F46FBF7E8FA94F85D30B0
:106A20006268012B05460BD0B2F5827F40F08C8066
:106A3000D9B2A368002B40F08780042940F08480FD
:106A4000002F00F06981B8F1000F00F06581002E81
:106A500000F0628194F85C30012B75D094F85D30C1
:106A6000C4F840800121042B84F85C10E168A4F88C
:106A700044601CBF052384F85D300023B1F5E06F4E
:106A80002366E364A4F846602365A7632368A687AA
:106A9000E6875CD9596821F4805159601968480625
:106AA00003D4196841F040011960002A00F0008108
:106AB000012E00F0FD80069B01334FF0010628D027
:106AC0009AE02268936899070DD5E38F9BB253B182
:106AD00046B1A16B31F8023BD360E38FA163013B68
:106AE0009BB2E3870026936813F001030FD0B4F83C
:106AF000461089B259B1216CD26821F8022B1E468A
:106B0000B4F846302164013B9BB2A4F84630FBF751
:106B10006DFAE38F9BB2002BD3D1B4F846309BB211
:106B2000002BCED106992A462046FFF71FFD0028EC
:106B300040F0ED80012384F85D30236E84F85C0022
:106B4000181E18BF012000E00220BDE8F081012ED0
:106B500000F01881596821F480515960196849067C
:106B60005EBF196841F04001196062B9E28F92B2CC
:106B7000012A40F2D38037F8022BDA60E38FA76353
:106B8000023B9BB2E387069B01334FF001067DD1A8
:106B9000E38F9BB223B9B4F846309BB2002BC1D02F
:106BA000226893689F0706D5E38F9BB21BB1002E26
:106BB00040F093800026936813F0010319D0B4F8D5
:106BC000461089B2A9B1B4F84600216C80B2012800
:106BD00077D9D06821F8020B2164B4F84610023945
:106BE00089B2A4F84610B4F8461089B2012935D903
:106BF0001E46FBF7FBF9CBE7E38F9BB223B9B4F852
:106C000046309BB2002B8DD02268936898070DD533
:106C1000E38F9BB253B146B1A16B31F8023BD36015
:106C2000E38FA163013B9BB2E3870026936813F0D7
:106C3000010304D0B4F8461089B2002978D1FBF7DB
:106C4000D5F9069B401B9842D6D3012384F85D30CA
:106C5000002384F85C300320BDE8F081516841F4E2
:106C600080515160C4E7002E40F0A6800026936852
:106C700013F0010304D0B4F8461089B2002964D19E
:106C8000FBF7B4F9069B401B9842DED2E38F9BB220
:106C90002BB9B4F846309BB2002B3FF443AF2268C7
:106CA00093689B07E3D5E38F9BB2002BDFD0DAE735
:106CB00037F8022BDA60E38FA763013B9BB2E387CF
:106CC000F9E6127B0A70B4F84620216C013A0131D2
:106CD00092B22164A4F846208AE7E18FA36B89B2BF
:106CE000012908D933F8021BD160E18FA3638B1E01
:106CF0009BB2E3875EE71B781373E38FA26B013BC4
:106D0000511C9BB22268A163E387002653E720222F
:106D10000023226684F85C30012016E73A781A7363
:106D2000E38FA26B013B01329BB2A263E3872AE7A8
:106D3000216CD26821F8022B1E46B4F8463021643B
:106D4000013B9BB2A4F8463079E7B4F84600216CC9
:106D500080B2012823D9D06821F8020B2164B4F84D
:106D60004610023989B2A4F84610B4F8461089B228
:106D7000012901D91E4683E7516841F480515160D1
:106D80001E467DE75A6842F480525A601A685606D9
:106D90003FF5ECAE1A6842F040021A60E6E6127B5C
:106DA0000A70B4F84620216C013A013192B2216494
:106DB000A4F846201E4663E7E38FA16B9BB2012B2C
:106DC00009D90B4633F8021BD160E18FA3638B1EF8
:106DD0009BB2E3874AE70B781373E38FA26B013B07
:106DE000511C9BB22268A163E3873FE72DE9F04184
:106DF00090F85D60012E84B040F095801D46884675
:106E0000F3B2002900F08B801746002A00F087803B
:106E10004368B3F5827F044603D18368002B00F0FA
:106E20002781FBF7E3F894F85C30012B06467AD013
:106E30000120E268216884F85C000023042084F8C3
:106E40005D00B2F5E06F2366A4F84670E387C4E9FD
:106E50001333A363A3874868C4F84080A4F8447040
:106E60000B4665D920F480504860A068B0F5004F0B
:106E700000F0CC800868400665D4086840F0400007
:106E80000860B2F5E06F5ED8B4F8462092B2EAB17D
:106E9000691C11D0AAE0226C1B7B1370B4F8462049
:106EA000216C013A92B2A4F84620B4F84630013180
:106EB0009BB2216453B123689A68D207EBD4FBF7E5
:106EC00095F8B4F846309BB2002BF4D16368B3F563
:106ED000827F00F0A880FBF789F8AF193F1AFBF713
:106EE00085F8884B1B68C3F3CB3307FB03F3691C9E
:106EF0008046039340F0C68023689A681206FCD44B
:106F00006368B3F5827F00F09C80012384F85D30D4
:106F1000236E00229B1A84F85C2018BF01231846B8
:106F200004B0BDE8F0810223184604B0BDE8F0814A
:106F300040F480504860A068B0F5004F66D0086803
:106F400047069AD5A0E7B4F8462092B2002ABDD0F1
:106F50006F1C2FD18B68D80712D5236CCA6823F811
:106F6000022BB4F846202364013A92B2A4F84620DA
:106F7000B4F846309BB2002BA8D08B68D807ECD46D
:106F8000FBF734F8B4F846309BB2002B9ED0216852
:106F9000E0E7226CDB6822F8023BB4F8463022645A
:106FA000013B9BB2A4F84630B4F846309BB2002BAC
:106FB0008CD023689A68D007EBD4FBF717F8831BB3
:106FC000AB42F1D31AE0226C1B7B1370B4F846304D
:106FD000226C013B01329BB22264A4F84630B4F823
:106FE00046309BB2002B3FF471AF23689A68D707F5
:106FF000E9D4FAF7FBFF831BAB42F0D3012384F8FB
:107000005D30002384F85C30032388E7086820F0B3
:1070100040000860086820F4804008600868400666
:107020003FF52FAF29E7A368B3F5004F03D0B3F5C1
:10703000806F7FF450AF2268136823F04003136021
:1070400049E7A368B3F5004F03D0B3F5806F7FF431
:107050005CAF324629462046FFF712FA00283FF47B
:1070600054AF236E43F020032366202323664CE7AE
:1070700000950425134680F85D500A46FFF7C6FCCC
:1070800003464CE723689B681B067FF539AFFAF788
:10709000ADFFA0EB0803BB420BD2039A039B013B5D
:1070A000039323689B68002A08BF00271B06EED4C1
:1070B00026E7D4E900315A68B1F5827F22F0E00278
:1070C0005A6013D0A26AB2F5005F07D11A6822F4A1
:1070D00000521A601A6842F400521A60012384F8C0
:1070E0005D30236E43F020032366BEE7A268B2F54D
:1070F000004F02D0B2F5806FE4D11A6822F040024E
:107100001A60DFE728010020036A026A22F0010208
:10711000026270B4446882690D6822F4803222F001
:1071200073022A438D6823F002032B43154DA842B6
:1071300013D005F50065A8420FD005F54065A842BB
:107140000BD005F58065A84207D005F58065A842FB
:1071500003D005F50065A8420DD1CD6823F00803E2
:107160002B43D1E9056524F4407446EA050C23F06D
:1071700004034CEA040449684460826170BC4163C2
:1071800003627047002C0140036A026A22F4807295
:10719000026270B44468C2690D6822F4803222F041
:1071A00073022A438D6823F4007343EA0523174DC5
:1071B000A84214D005F50065A84210D005F5E055A9
:1071C000A8420CD0A5F58055A8420FD005F58065E2
:1071D000A8420BD005F58065A8420FD106E0CD6826
:1071E00023F4006343EA052323F48063D1E90565B2
:1071F00024F4405446EA050C44EA0C1449684460FF
:10720000C26170BCC1630362704700BF002C0140C3
:10721000036A026A22F48052026270B44468C2694E
:107220000D6822F0807222F4E64242EA05228D685F
:1072300023F4005343EA0533164DA84214D005F554
:107240000065A84210D005F5E055A8420CD0A5F580
:107250008055A8420FD005F58065A8420BD005F5F2
:107260008065A8420FD106E0CD6823F4004343EACD
:10727000053323F48043D1E9056524F4404446EA0C
:10728000050C44EA8C1449684460C26170BC016416
:1072900003627047002C0140002800F0998038B547
:1072A00090F83D30044603F0FF02002B7DD02368A8
:1072B0004849022284F83D208B421A6861D0B3F11C
:1072C000804F29D0A1F594318B4225D001F5806102
:1072D0008B4221D001F580618B421DD001F59431A4
:1072E0008B424ED001F5E0518B424AD0A1F580513E
:1072F0008B425FD001F580618B425BD001F58061EC
:107300008B4257D0A5696168E06822F080022A4369
:107310001A60D862996210E0A168206922F07002B8
:107320000A4322F44072A169024322F08002E0681D
:107330000A4361681A60D862996201225A611A6927
:10734000D20703D51A6922F001021A61012384F8D9
:10735000483084F83E3084F83F3084F8403084F878
:10736000413084F8423084F8433084F8443084F863
:10737000453084F8463084F8473084F83D300020AA
:1073800038BDA068216922F07002024322F44072E5
:107390000A43A16922F080020A431A60E268DA62B5
:1073A00062689A6262691A63C7E780F83C20FAF75C
:1073B00039FC7CE72069A16922F44072024322F083
:1073C0008002E0680A4361681A60D8629962E9E75E
:1073D00001207047002C014090F83D30012B32D144
:1073E00003681A49022280F83D20DA688B4242F095
:1073F0000102DA6019D0B3F1804F16D0144A9342DB
:1074000013D002F5806293420FD002F5806293425E
:107410000BD002F59432934207D002F540629342BA
:1074200003D002F58052934207D19968094A0A4075
:10743000062A06D0B2F5803F03D01A6842F0010256
:107440001A60002070470120704700BF002C0140E7
:107450000004004007000100704700BF002800F052
:10746000998038B590F83D30044603F0FF02002BB8
:107470007DD023684849022284F83D208B421A6857
:1074800061D0B3F1804F29D0A1F594318B4225D042
:1074900001F580618B4221D001F580618B421DD0C6
:1074A00001F594318B424ED001F5E0518B424AD028
:1074B000A1F580518B425FD001F580618B425BD09A
:1074C00001F580618B4257D0A5696168E06822F0C0
:1074D00080022A431A60D862996210E0A16820698C
:1074E00022F070020A4322F44072A169024322F0A2
:1074F0008002E0680A4361681A60D86299620122DA
:107500005A611A69D20703D51A6922F001021A6179
:10751000012384F8483084F83E3084F83F3084F802
:10752000403084F8413084F8423084F8433084F8A5
:10753000443084F8453084F8463084F8473084F885
:107540003D30002038BDA068216922F0700202435E
:1075500022F440720A43A16922F080020A431A60B1
:10756000E268DA6262689A6262691A63C7E780F861
:107570003C20FFF771FF7CE72069A16922F440728B
:10758000024322F08002E0680A4361681A60D86210
:107590009962E9E701207047002C014010290AD8C0
:1075A000DFE801F019090909530909095B0909090B
:1075B000630909096B0090F84330012B6ED10B1F52
:1075C0000C2B62D8DFE803F0456161614D616161B8
:1075D000556161615D0090F83E30012B5ED1022360
:1075E00080F83E30036801F01F01186A01228A40CA
:1075F00020EA02001862186A324902438B421A627A
:1076000047D0314A934244D002F54062934240D081
:1076100002F58062934243D002F5806293423FD0EC
:1076200002F50062934234D0B3F1804F3DD19968A6
:10763000264A0A40062A06D0B2F5803F03D01A68CF
:1076400042F001021A600020704790F83F30012B91
:1076500024D1022380F83F30C4E790F84030012B5A
:107660001CD1022380F84030BCE790F84130012B58
:1076700014D1022380F84130B4E790F84230012B56
:107680000CD1022380F84230ACE7022380F843306B
:10769000A8E75A6C42F400425A64C8E701207047D8
:1076A0005A6C42F400425A64C9E7094A9342BED078
:1076B00002F580629342BAD002F580629342B6D05E
:1076C000BDE700BF002C014000340140070001006D
:1076D0000004004090F83C20012A7AD0034630B4E0
:1076E00002680224012083F83D4083F83C0095683D
:1076F000614C2C4094600C68702C6CD027D8502CB6
:1077000079D02DD8402C40F0A0804868CC68116A10
:1077100021F00A010843116A21F001011162916907
:1077200021F0F00141EA041191611062916821F4A5
:10773000401121F0700141F04701916000200121CA
:10774000002283F83D1083F83C2030BC7047B4F52C
:10775000005F6AD021D8B4F5805018BF0120EEE751
:10776000602CECD14868CC68116A21F0A00141EA94
:107770000011106A20F010001062906920F470402F
:1077800040EA043090611162916821F4401121F0C7
:10779000700141F067019160D0E738498C420ED00A
:1077A0005DD820398C420AD006D824F01001B1F5FA
:1077B000801F04D00120C2E731498C42FAD1916880
:1077C00021F4401121F07001214341F00701916043
:1077D000B4E702207047D1E9015094682843CD688E
:1077E00024F47F4140EA052008439060916841F00D
:1077F00077019160A2E74868CC68116A21F00A011C
:107800000843116A21F001011162916921F0F00130
:1078100041EA041191611062916821F4401121F054
:10782000700141F05701916088E7D1E901509468F7
:107830002843CD6824F47F4140EA05200843906046
:10784000916841F48041916078E73FF678AF202C51
:10785000B5D00ED834F010017FF471AFAFE709490D
:107860008C42ACD024F0200510398D427FF467AFF4
:10787000A5E7302CA3D09DE78800CEFF4000100084
:107880003000100060001000704700BF704700BF5C
:10789000704700BF704700BF036870B5DE681C69A1
:1078A000A207054601D5B10768D4630701D5700763
:1078B00054D4210701D532073ED4E00601D5F106A4
:1078C00026D4E20701D5F3077AD414F4025F62D01C
:1078D00030067DD4600602D5710600F18480A206D0
:1078E00002D5B30600F18780E00202D5F10200F173
:1078F0008A80A20202D5B30200F18D80600202D517
:10790000710200F19080220201D533024FD470BD84
:107910002B686FF010021A6108222A77DB6913F4D2
:10792000407F284640F09680FFF7AEFF2846FFF7DD
:10793000AFFF00232B77C4E72B686FF008021A61B2
:1079400004222A77DB699B07284674D1FFF79CFF46
:107950002846FFF79DFF00232B77AEE72B686FF0DB
:1079600004021A6102222A779B6913F4407F284699
:1079700064D0FFF78BFF00232B779AE76FF00202AA
:107980001A61012202779B699A075DD0FFF77EFF9B
:1079900000232B7789E7E2059CD533069AD52B681F
:1079A0006FF480721A61284600F03AFA92E72B6869
:1079B0006FF4000228461A61BDE8704000F038BA42
:1079C0002B686FF001021A612846F9F7A1FE7CE7E7
:1079D0002B686FF402521A61284600F01FFAE10585
:1079E0007FF578AFDBE72B686FF040021A6128461D
:1079F000FFF750FF73E72B686FF020021A612846EB
:107A000000F00AFA70E72B686FF480121A612846BA
:107A100000F008FA6DE72B686FF400121A6128462F
:107A200000F002FA6AE72B686FF480021A612846B8
:107A300000F0FCF967E7FFF729FF8CE7FFF724FF69
:107A40002846FFF725FF96E7FFF71EFF2846FFF7BA
:107A50001FFF9DE7FFF71AFF6BE700BF036A026A8B
:107A600022F01002026270B4446882690D6822F04C
:107A7000807222F4E64242EA05228D6823F0200358
:107A800043EA0513164DA84214D005F50065A84237
:107A900010D005F5E055A8420CD0A5F58055A842B8
:107AA0000FD005F58065A8420BD005F58065A8428A
:107AB0000FD106E0CD6823F0800343EA051323F0DD
:107AC0004003D1E9056524F4406446EA050C44EA24
:107AD0008C0449684460826170BC816303627047B2
:107AE000002C014090F83C30012B00F0E480012391
:107AF00070B504460D4680F83C30142A0CD8DFE8F7
:107B000002F0530B0B0B670B0B0B780B0B0B880B5B
:107B10000B0B990B0B0B1000002384F83C30012059
:107B200070BD03682E681A6A196A21F480111962FF
:107B30005868196D21F0807121F4E04141EA062175
:107B4000AE6822F4001242EA06525C4EB34213D0F1
:107B500006F50066B3420FD006F54066B3420BD07F
:107B600006F58066B34207D006F58066B34203D0BF
:107B700006F50066B34204D16E6920F4802040EA25
:107B80008620586019656968D9641A621A6D296976
:107B900042F400621A651A6D22F480621A651A6D49
:107BA00042EA01221A650EE00068FFF7ADFA836928
:107BB0002A6943F008038361836923F00403836126
:107BC000836913438361002384F83C30002070BD37
:107BD0000068FFF743FF83692A6943F40063836108
:107BE000836923F480638361836943EA02238361A9
:107BF000E9E70068FFF7C8FAC3692A6943F0080398
:107C0000C361C36923F00403C361C3691343C36140
:107C1000D9E70068FFF7FCFAC3692A6943F40063F7
:107C2000C361C36923F48063C361C36943EA022368
:107C3000C361C8E703682E681A6A196A21F48031A3
:107C400019625868196D21F4803121F070013143B7
:107C5000AE6822F4003242EA0642184EB34213D014
:107C600006F50066B3420FD006F54066B3420BD06E
:107C700006F58066B34207D006F58066B34203D0AE
:107C800006F50066B34204D16E6920F4803040EA04
:107C9000062058601965696899641A621A6D296925
:107CA00042F008021A651A6D22F004021A651A6D74
:107CB0000A431A6587E70220704700BF002C014085
:107CC00090F83C30012B4FD030B40268274D02238E
:107CD00080F83D30AA4253680C68844690681DD0F5
:107CE00005F50065AA4234D005F5E055AA4215D045
:107CF00023F0007323F070032343B2F1804F5360ED
:107D000017D18B6820F08000184390600020012379
:107D10008CF83D308CF83C0030BC70474D6823F443
:107D200070032B4323F0007323F07003234353604D
:107D3000E7E70F4B9A42E4D003F580639A42E0D024
:107D400003F580639A42DCD003F59A339A42DDD181
:107D5000D7E74D6823F470032B4323F0007323F01F
:107D600070031C435460CCE702207047002C014094
:107D70000004004090F83C30012B48D010B4D1E909
:107D8000024323F440730246234348680C6823F4FB
:107D90008063034323F400630869234323F480537F
:107DA0004C69034323F40053086B234323F48043BB
:107DB0008C69034323F47023C86943EA044323F026
:107DC0008053144C03431068A04207D004F50064AC
:107DD000A04203D004F5E054A04210D18C6A23F4F1
:107DE000700343EA04530C6A23F0807323434C6A04
:107DF000C96A23F00073234323F000530B4300218F
:107E0000436482F83C1008465DF8044B704702203A
:107E1000704700BF002C0140704700BF704700BF93
:107E2000704700BF704700BF704700BF704700BF7A
:107E3000704700BF70B504460368826800696169D5
:107E40001D6802430A43E0699749024329400A43F7
:107E50001A605A68E168656A22F440520A439349FD
:107E60005A608B429968A26921F06E4121F4306119
:107E700000F0C180266A32430A439A60DA6A22F02F
:107E80000F022A43DA628A4A934239D0894A9342DE
:107E900011D0894A934259D0884A934244D0884AA3
:107EA000934200F09B80012000234FF00112C4E9AF
:107EB0001D33A26670BD834BD3F8883003F00C03EA
:107EC0000C2BF0D801A252F823F000BFD17F00089C
:107ED000A77E0008A77E0008A77E00083F7F000855
:107EE000A77E0008A77E0008A77E0008937F0008F1
:107EF000A77E0008A77E0008A77E0008617F000813
:107F0000704BD3F8883003F00303022B41D0032BCE
:107F100026D0012B13D0B0F5004F00F0B380FEF750
:107F200011F9A0B3656A20E0664BD3F8883003F0FE
:107F3000C003802B2DD000F29B80002B48D0B0F5E1
:107F4000004F00F0A780FDF7AFFFEAE75D4BD3F8E5
:107F5000883003F03003202B1BD0EED9302BA2D178
:107F6000B0F5004F19D04FF400406368564A32F81C
:107F70001510B0FBF1F04FF6EF7200EB5300B0FBC1
:107F8000F3F0A0F1100393428DD82368D86000204D
:107F90008AE7B0F5004F4D48E7D162684A4B33F8A5
:107FA0001510B0FBF1F0530803EB40034FF6EF71EF
:107FB000B3FBF2F3A3F110028A423FF674AF23F051
:107FC0000F02216892B2C3F342031343CB60DEE792
:107FD000B0F5004F50D0FEF7A3F8A2E7394BD3F825
:107FE000883003F44073B3F5007FD2D0A5D9B3F540
:107FF000407FB5D057E711439960DA6A314922F0E2
:108000000F022A43DA62D1F8883003F44063B3F5F3
:10801000006F3AD041D8002B39D0FDF745FF00283A
:10802000B5D0656A6668284B06EB460133F8152023
:10803000B0FBF2F399423FF636AFB3EB063F3FF6A3
:1080400032AF00231946F8F74FFA7208030209020B
:1080500041EA1061981841F1000132460023F8F717
:1080600043FA1B4BA0F540729A423FF61CAF8CE7D7
:10807000C02B3FF475AF16E7FEF752F8002886D004
:10808000656A8AE7FEF75EF8F8E71048CAE7FEF788
:1080900047F8C4E7FDF708FFF0E7B3F5406F7FF45A
:1080A00002AF4FF40040BDE7F369FFCF008000400E
:1080B000003801400044004000480040004C0040AF
:1080C000005000400010024060C900080024F40085
:1080D000FFFC0F00836A1A0710B406D50168846B91
:1080E0004A6822F4004222434A60DC0706D5016850
:1080F000C46A4A6822F4003222434A60990706D5CE
:108100000168046B4A6822F4803222434A605A07AD
:1081100006D50168446B4A6822F4802222434A60F3
:10812000DC0606D50168C46B8A6822F480522243BB
:108130008A60990606D50168046C8A6822F40052A8
:1081400022438A605A0609D50168446C4A6822F4C1
:1081500080122243B4F5801F4A600BD01B0606D55F
:108160000268C16C536823F400230B4353605DF82D
:10817000044B70474A68846C22F4C00222434A6070
:10818000ECE700BF38B500230446C0F89030F9F79B
:108190002DFF226813681B0705460FD41368590783
:1081A00031D400232022C4F888201846C4F88C203B
:1081B000E3662367002384F8843038BDD3699802CE
:1081C000ECD40CE0196849071A4605D5D9690807A7
:1081D0004AD4D969090575D4DB699802DED4F9F768
:1081E00005FF431BB3F1007F2368EBD353E8002F57
:1081F00022F0800243E800210029F7D12023C4F8AF
:1082000088300320D6E7D3695B02CAD40DE01A6830
:10821000500707D5DA69110700F18280DA69120583
:1082200000F1AC80DB695B02BBD4F9F7DFFE431BD6
:10823000B3F1007F2368EAD353E8002F22F4907251
:1082400043E800210029F7D103F1080252E8002F8A
:1082500022F0010203F1080040E800210029F3D1D7
:108260002023C4F88C30CCE708221A6253E8002F90
:1082700022F4907243E800210029F7D1564803F117
:10828000080252E8002F024003F1080545E80021EA
:108290000029F4D1E26E012A0BD00022202008210F
:1082A000C4F88C006267E26684F88420C4F89010F9
:1082B0009CE753E8002F22F0100243E80021002938
:1082C000F7D1EAE74FF400621A6253E8002F22F474
:1082D000907243E800210029F7D13F4803F10802DA
:1082E00052E8002F024003F1080545E8002100296B
:1082F000F4D1E26E012A0AD000222021C4F88C10A9
:108300006267E26684F88420C4F890106EE753E850
:10831000002F22F0100243E800210029F7D1EBE7FB
:1083200008221A6253E8002F22F4907243E80021D9
:108330000029F7D1284803F1080252E8002F024033
:1083400003F1080545E800210029F4D1E26E012A75
:108350000BD0002220200821C4F88C006267E2665E
:1083600084F88420C4F8901066E753E8002F22F0C8
:10837000100243E800210029F7D1EAE74FF4006238
:108380001A6253E8002F22F4907243E8002100297A
:10839000F7D1114803F1080252E8002F024003F11F
:1083A000080545E800210029F4D1E26E012A0AD02F
:1083B00000222021C4F88C106267E26684F88420D1
:1083C000C4F8901038E753E8002F22F0100243E879
:1083D00000210029F7D1EBE7FEFFFFEF80B3D0F8D3
:1083E000883010B5044633B32268A16A2423C4F848
:1083F0008830136823F001031360C1B92046FFF7EA
:1084000019FD012811D023685A6822F490425A605D
:108410009A6822F02A029A601A6842F00102204605
:108420001A60BDE81040FFF7ADBE012010BD204628
:10843000FFF750FEE2E780F88430F9F7E5FCD3E778
:108440000120704790F88430012B17D00268242354
:1084500010B4C0F8883011681468002324F00104B7
:1084600021F0005114604366116080F884302022AE
:10847000C0F888205DF8044B18467047022070470A
:1084800090F88420012A37D003460268242030B5B2
:10849000C3F888001468106820F00100106090682C
:1084A00020F060400143586E916010B3916890686D
:1084B000124DC1F3426C4FEA507E114911F80E0083
:1084C00011F80C1015F80EE015F80C50C000C9009A
:1084D000B0FBFEF0B1FBF5F1A3F868100021A3F8A2
:1084E0006A002025146083F884100846C3F8885079
:1084F00030BD01210846EFE70220704778C9000827
:1085000080C9000890F88420012A37D00346026809
:10851000242030B5C3F888001468106820F00100EA
:108520001060906820F060600143586E916010B355
:1085300091689068124DC1F3426C4FEA507E114928
:1085400011F80E0011F80C1015F80EE015F80C508B
:10855000C000C900B0FBFEF0B1FBF5F1A3F8681054
:108560000021A3F86A002025146083F884100846CF
:10857000C3F8885030BD01210846EFE7022070475C
:1085800078C9000880C9000803464BF680720020B5
:10859000A3F84400A3F84020704700BFB0F8401093
:1085A000034644F27F020A400020A3F840207047AF
:1085B000034682B04FF0010C0020A3F840C00DF13B
:1085C000080CA3F840000CE90600A3F84400A3F847
:1085D000500002B0704700BF70B50C7891F803E00E
:1085E0000FFA84FC034630F82C2022F4EC4222F0EF
:1085F00070021204120CBEF1030F00F2F181DFE8E9
:108600001EF0F200F500AB00040042F4C06248F234
:108610008000024323F82C2033F82C2022F4E0427F
:1086200022F070021204120C2243104323F82C0093
:108630000A7B002A00F0A280002033F82C2022F4CC
:10864000E24222F070021204120C42F4004242F0A4
:10865000800223F82C20B3F850500A8903EBC4049D
:1086600014FA85F552085200A5F80024B3F85050CA
:108670004A8914FA85F552085200A5F804244A786C
:10868000002A40F0078133F82C2055040DD533F82B
:108690002C2022F4E04222F070021204120C42F468
:1086A000404242F0800223F82C2033F82C2052065E
:1086B0000DD533F82C2022F4E04222F0700212048F
:1086C000120C42F4004242F0C00223F82C20B3F80E
:1086D00050200D6914FA82F204F20644B2F8021432
:1086E000C1F30901A2F80214002D00F019813E2DFA
:1086F00000F257816908EE0748BF01318D02B2F8D8
:108700000214ADB289B22943A2F80214B3F8502082
:1087100092B2115BC1F309011153115B89B20D4390
:10872000155333F82C2022F4804222F070021204F8
:10873000120C48F2800182F440520A4323F82C20A4
:1087400033F82C2022F4E04222F040021204120CF2
:10875000114323F82C1070BD48F28000024323F827
:108760002C2033F82C20AA4D92B22A4022431043E9
:1087700023F82C000A7B002A40F0F4800020CA88ED
:108780004E785208520003EBC405DEB3B3F8501024
:1087900015FA81F1A1F8002433F82C2052060DD5EA
:1087A00033F82C2022F4E04222F070021204120C62
:1087B00042F4004242F0C00223F82C2033F82C206F
:1087C00022F4E04222F040021204BEF1010F4FEA0F
:1087D000124210D082F0200242F4004242F08002A5
:1087E00023F82C2070BD42F4007210E742F480623E
:1087F0000DE782F4005242F4004242F0800223F876
:108800002C2070BD0E69B3F8501015FA81F1A1F853
:108810000424B3F8502015FA82F2B2F80614C1F31A
:108820000901A2F80614002E00F092803E2E00F2FC
:10883000A580B2F806147508F60748BF013589B25D
:1088400041EA852189B2A2F8061433F82C20560497
:108850000DD533F82C2022F4E04222F070021204ED
:10886000120C42F4404242F0800223F82C2033F8EC
:108870002C2022F4804222F070021204120C002CF0
:10888000B7D182F4405242F4004242F0800223F811
:108890002C2070BD33F82C2051040DD533F82C203A
:1088A00022F4E04222F070021204120C42F4404220
:1088B00042F0800223F82C2033F82C2052060DD5EC
:1088C00033F82C2022F4E04222F070021204120C41
:1088D00042F4004242F0C00223F82C2033F82C204E
:1088E00022F4E04222F040021204120CBEF1010F09
:1088F00018BF82F0200242F4004242F0800223F8C6
:108900002C2033F82C2022F4804222F07002120432
:10891000120C42F4004242F0800223F82C2070BD79
:10892000B2F802146FEA41416FEA514189B2A2F8EC
:108930000214B3F8501089B20A5BC2F309020A5359
:108940000A5B6FEA42426FEA524292B20A53E8E689
:10895000B2F806146FEA41416FEA514189B2A2F8B8
:10896000061472E733F82C2092B22A4042F40142F6
:1089700042F0800223F82C2000206CE6F106B2F8C9
:1089800006144FEA561508BF05F1FF3589B241EAD2
:1089900085216FEA41416FEA514189B2A2F806147C
:1089A00053E76909ED0608BF01F1FF31B2F802543F
:1089B000890289B2ADB20D4345F40045A2F80254D4
:1089C000B3F85050ADB22A5BC2F309022A532A5BB6
:1089D0000A436FEA42426FEA524292B22A53A0E639
:1089E00048F28000024323F82C2033F82C2022F494
:1089F000E04222F070021204120C2243104323F8CA
:108A00002C000A7B0120002A7FF417AEB7E600BFD6
:108A10008F8FFFFF10B40C7B4A780B78CCB9002AFB
:108A200000F0B58030F82320540600F1C98030F8FA
:108A3000232022F4E04222F040021204120C42F4FD
:108A4000004242F0800220F823205DF8044B002011
:108A50007047002A4DD130F8232052040DD530F84C
:108A6000232022F4E04222F070021204120C42F49D
:108A7000404242F0800220F8232030F823205406A0
:108A80000DD530F8232022F4E04222F070021204C7
:108A9000120C42F4004242F0C00220F8232030F8C9
:108AA00023205DF8044B22F4E04222F0700212040D
:108AB000120C42F4004242F0C00220F8232030F8A9
:108AC000232022F4804222F07002120448F2800136
:108AD000120C0A4320F8232030F8232022F4E0422D
:108AE00022F040021204120C114320F8231000203F
:108AF000704730F8232051040DD530F8232022F49C
:108B0000E04222F070021204120C42F4404242F0A1
:108B1000800220F8232030F8232052060DD530F8AB
:108B2000232022F4E04222F070021204120C42F4DC
:108B3000004242F0C00220F8232030F823205DF8E4
:108B4000044B22F4E04222F070021204120C42F4B0
:108B5000404242F0800220F8232030F8232022F403
:108B6000E04222F04002120448F28001120C0A4353
:108B700020F8232030F8232022F4804222F07002D3
:108B80001204120C114320F823100020704730F813
:108B9000232051040DD530F8232022F4E04222F0A6
:108BA00070021204120C42F4404242F0800220F89B
:108BB000232030F8232022F4804222F070023CE788
:108BC00030F8232022F4E04222F070021204120C4A
:108BD00042F4004242F0C00220F8232027E700BF01
:108BE0002DE9F04F4B780C7B012B83B036D0F4B1DC
:108BF000CB78022B00F0A880012B40F0A18000234D
:108C00000A788B6112B230F8223023F4804323F0CB
:108C100070031B041B0C83F4405343F4004343F0E4
:108C2000800320F82230002003B0BDE8F08F8A696D
:108C30000C78002A6ED1CB78002B00F0A68030F89B
:108C4000243023F4E24323F070031B041B0C43F491
:108C5000004343F0800320F82430D0E70D698A698F
:108C60004B69AA4228BF2A4600F5806C54BB95B2D6
:108C7000CE8801356D08664407D003EB4505F61A2A
:108C80001C889C530233AB42FAD1B0F850300C78B8
:108C900000F2024515FA83F303EBC40392B21A8083
:108CA0000A7830F8223023F4E04323F040031B0419
:108CB0001B0C83F0300343F4004343F0800320F89F
:108CC0002230B0E7CE780C6A91F800E0022E6BD02B
:108CD000A41A30F82E500C6294B2013415F0400FF3
:108CE00092B2B0F850504FEA540400F0AE8000F257
:108CF000064616FA85F525F83E204D896544002C78
:108D0000CED003EB4404ED1A1A885A5302339C4226
:108D1000FAD1C5E730F8243023F4E24323F070039E
:108D20001B041B0C43F4004343F0800320F8243061
:108D30000B699A427FF663AFD31A8B610A7861E7B9
:108D4000012003B0BDE8F08FCB690A78002B3FF417
:108D500059AF14B244F2400330F8245003EA050638
:108D6000AB4302D0002E7FF44DAF30F8243023F413
:108D7000E04323F070031B041B0C43F4004343F057
:108D8000C00320F824300A783CE730F8243023F47C
:108D9000E04323F070031B041B0C43F4014343F036
:108DA000800320F824302AE7A54200F2024B60D26B
:108DB00030F82E6026F4E04626F070063604360CB5
:108DC00046F4014646F0800620F82E6030F82E600A
:108DD00097B2A41A013716F0400F0C62B0F8506039
:108DE0004FEA57071FFA82F800F2064966D019FACF
:108DF00086F626F83E804E89664467B1A6EB0309E5
:108E000003EB470A1E460195358826F809500236BD
:108E10005645F9D1019D1344A5424B617CD2A21A5B
:108E20000A62B0F850201BFA82F222F83E800A89CA
:108E30006244002F3FF434AF03EB4707D41A1A887B
:108E40001A530233BB42FAD12AE700F2024616FA5D
:108E500085F525F83E200D896544002C3FF420AFB0
:108E600003EB4404ED1A1A885A5302339C42FAD198
:108E700016E730F82E2022F4E24222F070021204AB
:108E8000120C42F4004242F0800220F82E20B0F88A
:108E900050201BFA82F2A5B222F83E502C46013433
:108EA0000D89620865443FF4FBAE03EB4202ED1A04
:108EB0001C885C5302339A42FAD1F1E61BFA86F61B
:108EC00026F83E800E89664467B1A6EB030A03EBE1
:108ED000470B1E460195358826F80A5002365E4536
:108EE000F9D1019D1344A5424B611CD2A41AB0F8DC
:108EF00050200C6219FA82F222F83E804A896244BC
:108F0000002F3FF4CDAE03EB4707D41A1A881A534B
:108F10000233BB42FAD1C3E6A7B201371FFA84F885
:108F20007F0800227CE7A7B201371FFA84F87F0888
:108F30000024DCE74B780A788BB130F8223023F438
:108F4000E04323F040031B041B0C83F0100343F4A5
:108F5000004343F0800320F822300020704730F8AF
:108F6000223023F4804323F070031B041B0C83F492
:108F7000805343F4004343F0800320F82230002064
:108F8000704700BF4B780A7833B330F822305B0665
:108F90000DD530F8223023F4E04323F070031B0496
:108FA0001B0C43F4004343F0C00320F82230CB787D
:108FB000012B0FD030F8223023F4E04323F040039C
:108FC0001B041B0C83F0200343F4004343F0800395
:108FD00020F822300020704730F822305B040DD595
:108FE00030F8223023F4E04323F070031B041B0C01
:108FF00043F4404343F0800320F8223030F822301D
:1090000023F4804323F070031B041B0C83F44053B0
:1090100043F4004343F0800320F8223000207047DF
:1090200011B98023A0F84C30002070470246002080
:10903000B2F858306FEA43436FEA53439BB2A2F849
:1090400058307047B0F8440080B27047013302F5E1
:1090500080625B08104408D00A46801A01EB430185
:109060001388135202328A42FAD1704770B502F562
:1090700080625E0800EB02051CD06FF00104641AE8
:109080008A1C2C44B64634F802C002321FFA8CFC0B
:109090004FEA1C20BEF1010E02F804CC02F8030CCA
:1090A000F1D105EB4602DB0701EB460144BF138813
:1090B0000B7070BD2A46DB0744BF13880B7070BD70
:1090C00010B5D0F8BC4284B1D0F8C0325BB194F88E
:1090D0000002FF2807D09B6894F801222146984798
:1090E000FF2384F80032002010BD032010BD00BF14
:1090F0004323038000487047780100204323038006
:1091000000487047BC01002043230380004870479B
:10911000340100200A2303800048704738020020F1
:1091200038B5D0F8BC527DB1044601F07BF8D4F8D4
:10913000C0320246DB68D5F80402C5F80C2205F5FA
:1091400003719847002038BD032038BD70B5D0F8B2
:10915000BC52D0F8C4421DB301EB810E00EB8E0669
:109160008446B3690A466BB9DCF8C0321B6900213A
:10917000C5F8141223B1D5F8080205F50471984713
:10918000002070BD04EBCE04246AB3FBF4FE04FBA4
:109190001E33002BE8D1B3611A4601F02BF8EFE73C
:1091A000032070BD70B5D0F8BC5282B000238DF89A
:1091B0000530ADF806305DB10B7813F0600206465D
:1091C0000C461DD0202A06D02146304600F006FD70
:1091D000032002B070BDCA8891F801C072B31B06AB
:1091E0004CD5D6F8C03229469B6860469847E2883D
:1091F000072A294628BF0722304600F023FD22E037
:109200004B780B2BE0D801A252F823F055920008BE
:1092100047920008C9910008C9910008C991000847
:10922000C9910008C9910008C9910008C9910008B6
:10923000C9910008699200084B920008D0F8C0322A
:1092400060469B6898470020C3E790F89C32032B48
:10925000F9D0B9E790F89C32032BB5D102220DF179
:10926000060100F0EFFCEEE790F89C32032BABD147
:1092700001220DF1050100F0E5FCE4E785F800C2EC
:1092800085F80122294600F0F3FCDCE738B50446F6
:109290000025812100F06AFF01212587204600F08A
:1092A00065FF8221A4F87851204600F05FFFD4F8D2
:1092B000BC32E5644BB1D4F8C0325B689847D4F84F
:1092C000BC0200F0E1FFC4F8BC52002038BD00BF72
:1092D00070B504464FF4077000F0D2FF0546002831
:1092E00049D0237CC4F8BC027BB3402302228121F5
:1092F000204600F02DFF0121402321870222204635
:1093000000F026FF012610230322A4F84E3082210C
:109310000823A4F87861204600F01AFFD4F8C03280
:10932000A4F84C601B6898470023C5F81432C5F8B0
:109330001832237CD5F80422BBB94FF400733146B0
:10934000204600F063FF002070BD4FF4007302223E
:109350008121204600F0FCFE01214FF4007321879B
:109360000222204600F0F4FECCE74023314620469E
:1093700000F04CFFE7E7C4F8BC02022070BD00BF5C
:1093800019B1C0F8C012002070470320704700BF19
:10939000D0F8BC322BB1C3F80812C3F81022002059
:1093A00070470320704700BFD0F8BC321BB1C3F830
:1093B0000412002070470320704700BFD0F8BC2281
:1093C00092B110B5D2F814420CB1012010BD0123A6
:1093D000C2F81432D2F81032D2F80822C3628121C6
:1093E00000F008FF204610BD03207047D0F8BC22D3
:1093F0008AB108B5037CD2F804222BB140230121A5
:1094000000F004FF002008BD4FF40073012100F0BC
:10941000FDFE002008BD0320704700BF78B1002387
:10942000C0F8B832C0F8C032C0F8CC3209B1C0F8C8
:10943000B412012380F89C32027000F039BE032080
:10944000704700BF10B582B00023ADF8063061B19F
:10945000CB6AC0F8B812044623B10DF10600984754
:10946000C4F8CC02002002B010BD032002B010BD31
:1094700000F062BED0F8B8320BB11B681847032069
:10948000704700BF08B5D0F8B8320BB15B68984799
:10949000002008BD38B5044600F2AA25284600F091
:1094A00091FB94F8AA12B4F8B022C4F898220123D0
:1094B000C4F8943201F01F03012B0ED0022B06D00A
:1094C0008BB929462046BDE8384000F0F7B8294658
:1094D0002046BDE8384000F0D9BA29462046BDE80C
:1094E000384000F09DBA204601F08001BDE83840C8
:1094F00000F048BE10B5044631B91346D0F89422A6
:10950000032A0DD0002010BD90F89C32032BF9D116
:10951000D0F8B8329B69002BF4D0BDE81040184752
:10952000D0E95712914208D890F89C32032B0ED004
:10953000204600F0B3FB002010BD891A8A4228BFE4
:109540000A46C0F85C11194600F0A0FBDAE7D0F833
:10955000B8321B69002BEBD09847E9E770B5044699
:1095600051B91346D0F89422022A11D094F8A032AF
:10957000012B22D0002070BD90F89C32032BF9D132
:10958000D0F8B8325B69002BF4D0BDE870401847C2
:10959000D0E90726B2420D4614D81FD094F89C3269
:1095A000032B28D08021204600F0ECFD204600F05F
:1095B00081FB94F8A032012BDCD1002384F8A03287
:1095C000002070BD921BC261194600F049FB2B467A
:1095D0002A462946204600F019FEC7E783699A42C9
:1095E000DCD8D0F898229342D8D20A4600F038FB53
:1095F000C4F89852EBE7D4F8B832DB68002BD1D02E
:1096000020469847CEE700BFD0F8B83200210122AB
:1096100080F89C224160C0F89412C0F8A412EBB10B
:10962000D0F8BC2270B5044612B15B6803B198470C
:1096300000224025114601264023204600F088FDE7
:10964000A4F86461C4F860512B46002280212046B2
:1096500000F07EFD0020A684256270BD03207047C7
:1096600001740020704700BF90F89C22034604213B
:10967000D2B283F89D22002083F89C12704700BF6D
:1096800090F89C32042B04D190F89D32DBB280F824
:109690009C320020704700BFD0F8B82262B108B5F4
:1096A00090F89C32032B01D0002008BDD369002B19
:1096B000FAD09847002008BD0320704730B50B78DA
:1096C00003F06003202B83B00D46044628D0402BC6
:1096D00026D05BB18021204600F054FD00212046B9
:1096E00000F050FD0025284603B030BD4B78092B13
:1096F000F0D801A252F823F06B9700089397000866
:10970000D5960008B1970008D5960008B9970008CB
:10971000F3970008D5960008499800083397000889
:10972000D4F8B8329B682946204603B0BDE83040E3
:1097300018478978B74D0129297000F24A8190F8BD
:109740009C32022BDAB200F02B81032A00F0068152
:10975000802100F017FD0021204600F013FD29783C
:109760002046FFF78FFE0325BDE790F89C32013BB2
:10977000022BAFD8CA88022AACD1D0F8A432014655
:10978000002B0CBF0123032341F80C3F00F05AFAD1
:10979000A8E790F89C32013B022B9BD84B88012B09
:1097A000A0D10023C4F8A432204600F077FA99E74C
:1097B0004B88012B96D1F5E78B88002B8AD1CB887B
:1097C000002B87D14B887F2B84D890F89C22032ACA
:1097D00080D0DDB280F89E52294600F0FFFC204682
:1097E00000F05CFA002D00F01781022384F89C320F
:1097F00078E74A88130A0021013BADF806100E2BCA
:109800003FF668AF01A151F823F000BFEB980008C4
:10981000D1980008BF980008D5960008D596000892
:10982000A9980008FB980008D5960008D59600086E
:10983000D5960008D5960008D5960008D59600085C
:10984000D596000871980008CA88012A7FF442AFB3
:1098500090F89C32022BD9B200F2B48000293FF478
:1098600039AF0146002341F8083F00F0EBF939E732
:10987000D0F8B432DB69002B3FF42CAF207C0DF123
:1098800006019847EB88002B8ED0BDF80620002AF1
:109890003FF420AF9A4228BF1A4601462046ADF851
:1098A000062000F0CFF91DE7037C002B7FF412AFF8
:1098B000D0F8B8320DF106005B6B9847E2E7D2B200
:1098C000052A3FF607AFDFE802F0433D37312B258D
:1098D000027CD0F8B832002A40F08D809B6A0DF1EE
:1098E0000600984702234370CCE7D0F8B432007CDE
:1098F0001B680DF106019847C4E7037C002B7FF439
:10990000E9AED0F8B8320DF106001B6B984707237B
:109910004370B7E7D0F8B4329B69002BAED1D9E6DB
:10992000D0F8B4325B69002BA8D1D3E6D0F8B432BA
:109930001B69002BA2D1CDE6D0F8B432DB68002B36
:109940009CD1C7E6D0F8B4329B68002B96D1C1E613
:10995000D0F8B4325B68002B90D1BBE6002940D030
:10996000416801293FF420AFC9B2FFF78BFD297888
:1099700061602046FFF77EFD054600283FF414AFE6
:109980008021204600F0FEFB0021204600F0FAFB7B
:1099900021792046FFF776FD022384F89C32A2E667
:1099A00000293FF401AF01214160FFF763FD054647
:1099B00040B38021204600F0E5FB0021204600F066
:1099C000E1FB90E603297FF485AE011D00F03AF932
:1099D00088E6802100F0D6FB0021204600F0D2FB73
:1099E000C1E6022380F89C324160FFF74BFD204620
:1099F00000F054F976E6DB6A0DF106009847022381
:109A000043703FE7204600F049F9032384F89C3275
:109A100068E600BF080C0020012384F89C3261E650
:109A200070B50B785A060D4604460DD503F060025A
:109A3000402A09D0802100F0A5FB0021204600F03B
:109A4000A1FB0026304670BD94F89C32013B022BEE
:109A500012D82B79012B0FD8D4F8B83229469B683D
:109A600020469847EB880646002BEBD10028E9D129
:109A7000204600F013F9E5E78021204600F082FB44
:109A80000021204600F07EFBDBE700BF70B50B78BD
:109A90008A8803F06003202B0C4605464AD0402BF1
:109AA00048D04BB18021284600F06CFB00212846AD
:109AB00000F068FB002070BD6378012BD1B22AD082
:109AC000032B3FD0002BEDD190F89C32022BD8B263
:109AD00052D00328E6D101F00F0303EB83031206F3
:109AE00005EB830357D4B3F86431002BDAD0142488
:109AF00004FB015404F5AA74002958D0284600F04C
:109B000059FB002859D00123236002222146284610
:109B100000F098F8CEE790F89C32022BDAB222D00F
:109B2000032ABFD16388002BC4D14E0642D12846F8
:109B300000F0B4F8D5F8B832214628469B68BDE855
:109B40007040184790F89C32022BDAB20BD0032AEF
:109B5000A8D163881BB94A0601D0E3887BB32846A5
:109B600000F09CF8A6E74B069CD000F00BFB802190
:109B7000284600F007FB9DE7480693D111064CBF2D
:109B800005F1140105F5AA7100230B600222284695
:109B900000F058F88EE79B8C002B83D001F07F04F7
:109BA000013404EB8404802905EB8404A6D100234E
:109BB0002360AAE700F0F2FAB9E72060A5E700F019
:109BC000E1FACCE70B7803704B7843704B88438005
:109BD0008B888380CB88C380704700BF10B58021FD
:109BE000044600F0CFFA20460021BDE8104000F006
:109BF000C9BA00BF08B370B503780E4614460546CF
:109C0000E3B10130F6F7FCFD431CDBB201335B002E
:109C1000DAB223800323327073702C7864B1284643
:109C2000022300215A1CD2B2F454B15410F8014F4F
:109C30000233DBB2002CF5D170BD7047022213460F
:109C4000E7E700BF08B513460A460221C0E906331C
:109C5000C0F89412002100F0CDFA002008BD00BF2A
:109C600008B513460A46002100F0C4FA002008BDDA
:109C700008B513460A460321C0E95633C0F89412CA
:109C8000002100F0C3FA002008BD00BF08B513464C
:109C90000A46002100F0BAFA002008BD08B50421E8
:109CA0000023C0F894121A46194600F0A3FA0020C7
:109CB00008BD00BF08B505210023C0F894121A465C
:109CC000194600F0A3FA002008BD00BF08B51849E6
:109CD00018480022FFF7A2FB70B917491548FFF793
:109CE000B1FB88B915491348FFF74AFBA0B91148E1
:109CF000FFF7BEFBB8B908BDF7F730FD0E490D48B8
:109D0000FFF7A0FB0028EDD0F7F728FD0B49094825
:109D1000FFF736FB0028EAD0F7F720FD0548FFF7EC
:109D2000A7FB0028E7D0BDE80840F7F717BD00BF44
:109D30008C0200200C0C00200002002044020020B5
:109D400000207047002070470020704738B5074D4D
:109D50000988044601F096FF21462846FFF724FBB8
:109D60002846FFF743FB002038BD00BF0C0C002045
:109D700010B5064C064900222046FFF709FB0549AD
:109D80002046FFF711FB002010BD00BF0C0C002087
:109D9000DC0E0020DC16002010B5094CD4F8BC32D3
:109DA000D3F814320BB1012010BD0A4601462046FB
:109DB000FFF7EEFA2046BDE81040FFF7FFBA00BFFC
:109DC0000C0C0020122301480B8070477802002001
:109DD000042301480B8070477402002010B5044C26
:109DE00004480A462146FFF705FF204610BD00BF84
:109DF000DC1E002088C9000810B5044C04480A463F
:109E00002146FFF7F7FE204610BD00BFDC1E0020F4
:109E100090C9000810B5044C04480A462146FFF7D3
:109E2000E9FE204610BD00BFDC1E0020A0C90008CE
:109E300010B5044C04480A462146FFF7DBFE2046D5
:109E400010BD00BFDC1E0020B0C90008514AD2F886
:109E50009035D2F898054FF01A0C1B18A1F800C0E5
:109E600001D14D487047D2F894154B4A180FB3F101
:109E7000204F4FF0000C2CBF3730303082F803C039
:109E8000C3F3036CBCF1090F907060464FF0000CF7
:109E90008CBF3730303082F805C0C3F3035CBCF1AF
:109EA000090F107160464FF0000C8CBF3730303016
:109EB00082F807C0C3F3034CBCF1090F90716046F0
:109EC0004FF0000C8CBF3730303082F809C0C3F33C
:109ED000033CBCF1090F107260464FF0000C8CBFC0
:109EE0003730303082F80BC0C3F3032CBCF1090FBC
:109EF000907260464FF0000C8CBF3730303082F8E3
:109F00000DC0C3F3031CBCF1090F107360468CBF76
:109F100037303030907303F00F000346092894BFA8
:109F2000303337330020B1F1204F13744FEA1173EF
:109F30002CBF373330335074C1F303600928937456
:109F400003468CBF37333033C1F3035009284FF039
:109F5000000C137503468CBF37333033C1F3034015
:109F600082F80FC04FF0000C092882F813C09375D7
:109F70004FF0000C034682F815C098BF30334FF005
:109F8000000C88BF37330021034882F817C01376CE
:109F9000517670470070FF1F5802002010B504462C
:109FA00096B05422002101A8F6F796FC114B2268C6
:109FB0009A4201D016B010BD4FF4005301A801938E
:109FC000FCF7D2F898B90C4B986D40F400009865F6
:109FD0009B6D002203F40003114600931420009BA4
:109FE000F9F70CF81420F9F745F816B010BDF7F79B
:109FF000B5FBE8E7005C00400010024000F5267168
:10A00000D0F8D802FFF746BA01EB810300EBC30397
:10A01000D0F8D802D3F86421FFF76CBA01EB8103C2
:10A0200000EBC303D0F8D8025A6AFFF797BA00BF13
:10A03000D0F8D802FFF730BB10B54379022B0446A5
:10A0400001D0F7F78BFBD4F8D8020121FFF708FB0A
:10A05000D4F8D802BDE81040FFF7D6BA10B50446D0
:10A06000D0F8D802FFF700FB637A23B1024A1369E4
:10A0700043F00603136110BD00ED00E010B5437A14
:10A0800004462BB9D4F8D802BDE81040FFF7F8BA5F
:10A09000064A136923F006031361F7F7B9FAD4F8F7
:10A0A000D802BDE81040FFF7EBBA00BF00ED00E0BA
:10A0B00010B51F4B04464FF402721E48C3F8D84235
:10A0C000022118609A80C4F8C43200221846C3F8EE
:10A0D0000710DA72FAF714FC30BB00221146D4F8EC
:10A0E000C4021823FBF7E8FBD4F8C402582300226B
:10A0F0008021FBF7E1FBD4F8C402C02300228121B8
:10A10000FBF7DAFBD4F8C4024FF488730022012174
:10A11000FBF7D2FBD4F8C4024FF4807300228221F3
:10A12000FBF7CAFB002010BDF7F718FBD5E700BF0F
:10A13000FC220020005C004008B5D0F8C402FAF709
:10A14000C9FC18B102280CBF0120032008BD00BFC4
:10A15000944608B51A46D0F8C4026346FBF782FA63
:10A1600018B102280CBF0120032008BD08B5D0F8A3
:10A17000C402FBF7B3FA18B102280CBF0120032078
:10A1800008BD00BF08B5D0F8C402FBF71DFB18B12D
:10A1900002280CBF0120032008BD00BF08B5D0F87D
:10A1A000C402FBF74DFB18B102280CBF01200320AD
:10A1B00008BD00BF0A06D0F8C43206D401EB810105
:10A1C00003EBC10393F85201704701F07F0101EBEB
:10A1D000810103EBC103987C704700BF08B5D0F83C
:10A1E000C402FBF72BFA18B102280CBF0120032090
:10A1F00008BD00BF08B5D0F8C402FBF7C7FA18B114
:10A2000002280CBF0120032008BD00BF08B5D0F80C
:10A21000C402FBF797FA18B102280CBF01200320F3
:10A2200008BD00BFD0F8C402FBF7A6BA10B50446BB
:10A2300079B1012900D010BDD0F8D802FFF714FA87
:10A24000637A002BF7D00D4A136943F006031361BC
:10A2500010BD437A2BB9D4F8D802BDE81040FFF7FF
:10A260000FBAF7F7D5F9054AD4F8D802136923F0E5
:10A270000603BDE810401361FFF702BA00ED00E0ED
:10A2800000487047DC200020704700BF2DE9F84FE0
:10A290005F4A604B604CDFF8F0B1604FDFF8ECA133
:10A2A000DFF8EC91DFF8EC8100252DED048B1570C3
:10A2B0005B4ACBF8000015805A4AAAF80050158076
:10A2C000594A9FED5A9A1570594ADFED5A8A15700E
:10A2D000594A9FED5A8A1560594A1560594A1360C8
:10A2E000594A1360594B2046002629463C221E60DD
:10A2F000F6F7F2FA294638223846F6F7EDFA544ACC
:10A3000044F8142C534A44F8182C534A44F8082CA7
:10A31000524AE263524A2264524A44F8102C2262A2
:10A320000122227087F834204F4A44F8202C4F4BEA
:10A3300084ED019A4FF07C5244F81C2C4C4A44F8AE
:10A340000C2C18464FF4FA727F2144F8042CC4ED0B
:10A35000028A84ED098AC4F82880A9F80050F8F729
:10A3600047FD7F214348F8F743FD7F214248F8F736
:10A370003FFD3E4BDBF80010DFF81CB1184604220D
:10A38000F8F74EFC4FF400315846FAF737F84FF41F
:10A3900080115846FAF71AF83848DFF800B1FDF78F
:10A3A0001BF83748FDF718F83648203CFDF714F83D
:10A3B00008215846FDF7F2F801F010F9204601F0A7
:10A3C0000FF9E369DBF8002084ED099AB3F57A7F91
:10A3D00028BF4FF47A73D3633846C4ED0A8A84EDFC
:10A3E000118AAAF80050A9F8005026636663A66394
:10A3F0003E62E361BB62C4F8488026656665A66577
:10A4000000F0E4FFBDEC048BBDE8F84F01F002BCA6
:10A41000EE2500203333D33F4C260020F4250020C6
:10A42000EC250020E8250020E5250020CDCCCC3C03
:10A43000E4250020ACC5A738E02500200AD7A33CBE
:10A44000DC250020B0020020AC020020D82500202E
:10A45000000004420000A042000010420AD7233C42
:10A460003333733F000020410000A040E00600208D
:10A470000000C0407406002008060020880A002062
:10A48000380A0020E8090020F0250020EA250020F5
:10A49000E625002052499D395007002098090020E8
:10A4A00030B4AA4AAA4992F8323091F820000BBB86
:10A4B000012382F83230002800F0EB80D1ED057ADC
:10A4C00091ED067AA34BF1EE0C6AF4EEE67AF1EE2A
:10A4D00010FA08DCF1EE0C7AB4EEE77AF1EE10FA3D
:10A4E00098BFF0EE477A1B78002B71D130BC9748AB
:10A4F00000F0A0BF042B40F0AB80002800F0C78024
:10A50000138E013B9BB2022B00F2C18091ED057AC4
:10A51000D1ED066AF1EE0C7AB4EEE77AF1EE10FABC
:10A5200008DCF4EEE76AF1EE10FA8CBFB0EE677A61
:10A53000B0EE667A874B1878002800F0A880D2ED3C
:10A54000027AF4EEC77AF1EE10FAC0F2A080F4EECF
:10A55000E76AF1EE10FAC0F29A80DFED7F7AD2ED71
:10A56000046A7E4C9FED7E7A7E4D81ED0C7AF4EE8E
:10A57000E76A0020F1EE10FA88BFF0EE676A2080EB
:10A58000D1ED057A784C2880F4EEC76AB1EE0C6AFA
:10A59000F1EE10FA10862080F4EEC67A734881ED51
:10A5A0000D7AB8BFF0EE476A0125F1EE10FA81EDA1
:10A5B0000E7A81ED147A81ED157A81ED167A82EDAD
:10A5C000087A82F8325091ED067AC0ED006A81DD9A
:10A5D000D2ED026AF4EEE67AF1EE10FA86D8B4EE25
:10A5E000E67AF1EE10FA81DBDFED5B6A92ED047A38
:10A5F000DFED5B7A59485B4D5B4CC1ED0C7AB4EEF4
:10A60000E67AF1EE10FA88BFB0EE667A0023B4EE77
:10A61000E77A4FF0020C0380F1EE10FA534882F80B
:10A6200032C02B80B8BFB0EE677A238030BC13866F
:10A63000C1ED0D7AC1ED0E7AC1ED147AC1ED157A36
:10A64000C1ED167AC2ED087A80ED007A00F0D8BE2E
:10A65000F8B1012B3FF432AF022B26D0032B16D1D9
:10A66000424BD1ED007A93ED007AF4EEC77AF1EE29
:10A6700010FA3DDDDFED3E6A37EE267AF4EEC77A5A
:10A68000F1EE10FA58BFF0EE477AC3ED007A30BC15
:10A690007047344C354B0120508600220021228027
:10A6A0002A48196030BC00F0C5BE304BD1ED007AAD
:10A6B00093ED007AF4EEC77AF1EE10FA27DC36D487
:10A6C00077EE677A27499FED2A7A0B88F4EEC77AEE
:10A6D0000133F1EE10FA0B80D9D59FED267AF4EE16
:10A6E000C77AF1EE10FAD2DD032382F83230CEE7DA
:10A6F000CDD5DFED1F6A37EE667AF4EEC77AF1EE5C
:10A7000010FAD8BFF0EE477AC3ED007ABFE7DFED6D
:10A71000186A37EE267AF4EEC77AF1EE10FA0FD502
:10A720001049C3ED007A0B8801330B80DCE7DFEDC5
:10A73000106A37EE667AF4EEC77AF1EE10FAEFDCC3
:10A7400077EE677A83ED007ABCE700BFF42500203E
:10A750002C260020E525002000000442EA250020E8
:10A7600000000000EC250020E6250020D825002070
:10A77000CDCC4C3DCDCC4CBD38B5CF4BCF4C1B6870
:10A78000002B00F09D801A8859889888A080D8886E
:10A79000E08061802280188899885A88DB889FED44
:10A7A000C85ADFEDC85A89B292B29BB280B207EEA6
:10A7B000102A07EE903A06EE901A06EE100AC249E9
:10A7C000C24AC34B91F82010D2ED004AF8EE666AF7
:10A7D000B8EE466AB8EE477AF8EE677A26EE056A72
:10A7E00066EE856A27EE257A67EEA57A93ED005A24
:10A7F000002940F09680DFEDB75A77EE643A37EEE5
:10A80000C54AE3EEA54AA4EE255AC2ED004A83EDFF
:10A81000005AB14BDFEDB15A1A7877EEC57A37EEB0
:10A82000647A27EE255A67EEA55A002A00F00E81B9
:10A8300094ED024AD4ED044ADFEDA93A36EE446ABB
:10A8400076EEE46AA6EE234AE6EEA34A9FEDA56AF9
:10A85000D4ED036A84ED024AB4EEC67AF1EE10FA42
:10A86000C4ED044A00F11E81B2EE087AB4EEC75A74
:10A87000F1EE10FA88BFB0EE475A9FED997A9FED3E
:10A88000996A35EE665AF4EEC67AE5EE076AF1EE9D
:10A8900010FA94ED057AC4ED036A00F13E81F2EE00
:10A8A000087AF4EEE75AF1EE10FA88BFF0EE675A34
:10A8B00075EEC75ADFED8A7AA5EEA77A84ED057AA0
:10A8C000894A138801339BB2B3F57A7F80F0B9804F
:10A8D000138094F832309A1E012A00F2A5807A4D36
:10A8E00094ED027AD5ED057AB4EEE77AF1EE10FA3E
:10A8F0001ED57E490A88B2F5FA6F78D3238E6F4849
:10A90000042243F00103238684F8322000F092FDF4
:10A9100094F83230042B00F086809A1E012A38D930
:10A9200087E094F83210023901293FF664AF70E7EE
:10A93000DFED6F6A77EEA67AB4EEE77AF1EE10FA01
:10A9400000F3B380D5ED067AB4EEE77AF1EE10FAB3
:10A950005ADCD4ED046AD5ED037AF4EEE76AF1EE41
:10A9600010FA00F3EA8194ED057AD5ED047AB4EE9D
:10A97000E77AF1EE10FA00F3C580B1EE676AB4EE43
:10A98000C67AF1EE10FA00F1BD80032B00F0388298
:10A99000022394ED026A574AB6EE007AB4EEC76A13
:10A9A000F1EE10FAD2ED007A94F8332000F1B8807D
:10A9B000022A00F0FC81032A00F0E281012A40F023
:10A9C0000A829FED4D7A26EE077AF4EEC77AF1EE11
:10A9D00010FA00F342829FED497A26EE077AF4EEF0
:10A9E000C77AF1EE10FA40F39E800322D2E10132E1
:10A9F00092B2B2F5FA6F0A8080D0D5ED067AB4EE45
:10AA0000E77AF1EE10FAA4DD238E2C4843F002031E
:10AA10000422238684F8322000F00CFD94F83230B2
:10AA2000042B7FF47AAF38BD304A0021042B11800B
:10AA3000F9D0BDE8384021499FED310A002000F0EF
:10AA400013BD00231380FFF72BFD42E7DFED254AFE
:10AA500084ED026AB4EEE47AF1EE10FAC4ED046A11
:10AA600027D4B2EE087AB4EEC75AF1EE10FA88BFD6
:10AA7000B0EE475A9FED1B7A84ED035AF4EEC77A85
:10AA8000F1EE10FA00F15681F2EE087AF4EEE75A90
:10AA9000F1EE10FA88BFF0EE675A0122C4ED055AB4
:10AAA0001A700DE7BAEE085AE7E6104A0021118045
:10AAB00048E7BAEE085ADDE7F0250020F42500202B
:10AAC000579AAF3B6840D3392C260020B0020020B3
:10AAD000AC0200200AD7A33CE5250020FFFFC740B9
:10AAE0009A99193E91C2F5BFE8250020E62500207D
:10AAF0009A99993ED82500209A99993F9A99593F59
:10AB00000AD7233C238EDB48042243F0100323861C
:10AB100084F8322000F08EFCFAE6FAEE085AC7E616
:10AB2000002284F83320DFEDD46A95ED007AB4EE8C
:10AB3000E67A9FEDD27AF1EE10FAD8BFB0EE667ADF
:10AB4000F4EEC77AF1EE10FA88BFF0EE477AF4EE31
:10AB5000E67AF1EE10FAB8BFF0EE667A022B00F05A
:10AB6000A9809FEDC75AF0EE084AB6EE007AD4ED00
:10AB7000045AB4EEC76AF1EE10FA77EEE55A3FF5E3
:10AB800058AF94F83300012800F0D18002287AD021
:10AB9000F4EEC67AF1EE10FA75DC9FEDCB7AB94A85
:10ABA000D5ED0C6A138801339BB2312B13801BD96E
:10ABB000D5ED0A7A9FEDB44AC5ED0D5AE5EEA76AC8
:10ABC00000231380DFEDB17AF4EEC46AF1EE10FADF
:10ABD00088BFF0EE446AF4EEE76AF1EE10FAB8BF0F
:10ABE000F0EE676AC5ED0C6AD5ED093A94ED034ABB
:10ABF000F0EE477AE5EEA37AB4EEE44AF1EE10FA0D
:10AC000095ED017A77EEA67A06DCD4ED055AF4EEDE
:10AC1000C75AF1EE10FA09DDDFED994ADFED9C5AD3
:10AC200066EEA46A77EEE57AC5ED0C6AF2EE005A9C
:10AC3000B4EEE56AF1EE10FA09D5DFED965A9FED14
:10AC4000966A66EEA56A77EEC67AC5ED0C6A9FED48
:10AC50009E0AF4EEC07AF1EE10FA08D4F4EEC57A4A
:10AC6000F1EE10FA8CBFB0EE450AB0EE670A012390
:10AC700084F8343084ED087A84ED090A7D49BDE812
:10AC8000384000F0F1BBDFED856AF4EEE67AF1EED4
:10AC900010FA88BFF0EE667AB7EE007AF4EEC77A63
:10ACA000F1EE10FAB8BFF0EE477AC6EE276A37EE3B
:10ACB000667A74E7B6EE007AB4EEC76AF1EE10FA7F
:10ACC00046DD94F83330012B00F0C980F4EEC67AEB
:10ACD000F1EE10FA40F3FA809FED707ADFED705AD2
:10ACE000F4EEC77AF1EE10FAF7EE006A98BFB0EE14
:10ACF000677AB4EEE67AF1EE10FAB8BFB0EE667A93
:10AD000086EE075A9FED677ADFED6F6A37EE457A78
:10AD1000B4EEE57AF1EE10FA88BFB0EE657AB4EEE3
:10AD2000E67AF1EE10FAB8BFB0EE667A12E087EE7E
:10AD3000867A34E7FAEE085AAFE6238E4D480422AD
:10AD400043F00803238684F8322000F073FBDFE52C
:10AD50009FED537A544BDFED555A1B889FED5A5A9D
:10AD6000DFED534A06EE903AF8EE666AA6EEA55A73
:10AD7000B4EEC75AF1EE10FA88BFB0EE475AF4E6C7
:10AD80009FED4C7A26EE077AF4EEC77AF1EE10FAD0
:10AD900059D5012295ED0C7A84F83320F6EE006A3D
:10ADA00027EE267A002185ED0C7A6963BBE69FEDDC
:10ADB000417A26EE077AF4EEC77AF1EE10FAE8D47B
:10ADC0009FED3D7A26EE077AF4EEC77AF1EE10FA9F
:10ADD0003FF50BAEA7E69FED377A26EE077AF4EE45
:10ADE000C77AF1EE10FAD4D49FED347A26EE077AC2
:10ADF000F4EEC77AF1EE10FACCBF02220322C9E7C3
:10AE0000294A1288B2F5FA6F7FF6C3ADB6EE006A32
:10AE1000F4EEC66AF1EE10FA7FF5BBADDFED286AFD
:10AE200067EEA67AB4EEE77AF1EE10FA7FF7B1ADED
:10AE3000238E1048042243F02003238684F8322016
:10AE400000F0F8FA64E59FED1D7A26EE077AF4EE3D
:10AE5000C77AF1EE10FA7FF766AE02229AE787EE24
:10AE6000867A9FED185ADFED0E5ADFED176A37EE3E
:10AE7000057A4DE7F42500200000000000000442A0
:10AE80003333733FEA250020CDCC4C3ECDCC4CBEB5
:10AE90000AD7A33C6666663F8FC2F53C000070424D
:10AEA0009A99593F713D8A3FEC2500200AD7A33B70
:10AEB0006766E63FCDCC4C3F3333933F9A99993F39
:10AEC0009A99193F0AD7A33D0AD7233C1FED027A6E
:10AED00040E700BF70B52DED048BF7F787F8044607
:10AEE00000F0B0FE684B1A68A24202D01C6000F06D
:10AEF000A7FE664A1368E31A632B05D8644B1A78D9
:10AF00009AB9BDEC048B70BD624D634895ED078A1C
:10AF1000D5ED068A1460F7F701FE78B15F48F7F7C0
:10AF2000FDFD0028EAD1002460E000221A70BDEC8B
:10AF3000048B5B48BDE8704000F0B2BB564802216C
:10AF4000F7F776F9002840F091805348F7F704FAB4
:10AF500004465148F7F728FF04F10800B0F5803F98
:10AF60001DD34E489FED4F8AF7F7D8FD00283CD0FF
:10AF70004D4B1A78002A72D095ED077AD5ED067AF6
:10AF8000DFED4A6A38EE478A78EEE78AA8EE267A3D
:10AF9000E8EEA67A85ED077AC5ED067AAEE70009F8
:10AFA00068D040F6FF7382B2984207EE902AD8D05C
:10AFB000F8EE677A9FED3E7A87EE270AB7EE009AA1
:10AFC00030EE490AF5F760F9DFED3A6ADFED3A7ADB
:10AFD0009FED3A7A3148E0EE267A89EE278A38EEFC
:10AFE000478AF7F79BFD0028C2D101242B48022194
:10AFF000F7F71EF968BB2948F7F7AEF90646274868
:10B00000F7F7D2FE2E4B301DB3F8CA20B3F8A830A4
:10B01000B0F5004F34BFC00840F6FF709A421BD015
:10B02000284940F6E44606FB00F0A1FB0010D21AC6
:10B03000C3EB901303EB83031B0147F6FF7193FBF4
:10B04000F2F31E338B4207D007EE903AF8EEE78A10
:10B050008EE71248F7F7A8FE002C89D14EE70122AF
:10B0600085ED078AC5ED068A1A7047E70A48F7F7A3
:10B070009BFE53E709489FED148AF7F74FFD002820
:10B080007FF476AFB1E700BFDC250020E02500208B
:10B09000EE250020F425002074060020080600207C
:10B0A0002C26002000001643E42500209A99193E22
:10B0B000FFEF7F45631D9B390FCF5B3B3393884385
:10B0C0000075FF1FF1197605000020C290B110B481
:10B0D000094C84460FCCACE80F000FCCACE80F0055
:10B0E0000FCCACE80F0094E803005DF8044B8CE84B
:10B0F00003007047704700BFF425002028B108B551
:10B1000002496422F5F7C0FC08BD70472C260020D8
:10B1100007EE900ADFED196A19499FED1A7A91F846
:10B120003230194AF8EE677A023B67EEA67AF4EEFF
:10B13000C77AF1EE10FA88BFF0EE477A012BC2ED24
:10B14000007A14D8D1ED047ADFED106A104BF4EEDA
:10B15000C77AF1EE10FA88BFF0EE477AF4EEE67A9D
:10B16000F1EE10FAB8BFF0EE667AC3ED007A094B43
:10B170000020322150631980704700BF6F12833A5C
:10B18000F4250020000004422C26002000000000CE
:10B19000D8250020EA25002007EE900ADFED096A95
:10B1A000094BF8EE677AB2EE047A67EEA67AF4EE0F
:10B1B000C77AF1EE10FA88BFF0EE477AC3ED017A54
:10B1C000704700BF6F12833A2C26002007EE900ACA
:10B1D0009FED0F7AF8EE677AF4EEC77AF1EE10FA87
:10B1E00010D4DFED0C6A9FED0C7A0C4B67EEA67A5B
:10B1F000F4EEC77AF1EE10FA88BFF0EE477AC3EDAD
:10B20000037A7047054BF7EE007AC3ED037A704777
:10B21000FFFF79446F12833A000004422C2600207D
:10B2200007EE900A9FED0F7AF8EE677AF4EEC77A90
:10B23000F1EE10FA10D4DFED0C6A0C4B67EEA67A33
:10B24000B2EE087AF4EEC77AF1EE10FA88BFF0EEAB
:10B25000477AC3ED047A7047DFED057A034BC3EDFF
:10B26000047A70470000C8426F12833A2C260020EF
:10B27000CDCCCC3D07EE900A9FED0F7AF8EE677AC1
:10B28000F4EEC77AF1EE10FA10D4DFED0C6A9FED00
:10B290000C7A0C4B67EEA67AF4EEC77AF1EE10FA50
:10B2A00088BFF0EE477AC3ED027A7047054BF3EEA4
:10B2B000047AC3ED027A704700409C466F12833ACD
:10B2C0000000F0422C260020064B0749074A1B6865
:10B2D000B0F57A7F28BF4FF47A70C8619062D86366
:10B2E000704700BF980900202C260020F42500207C
:10B2F00010B42B4B93F82020E0B92A4C2A49208027
:10B300002A4C83F820002080294C088620804FF0AA
:10B31000010C284C81F832C00022226008465DF8FA
:10B32000044B1A635A639A631A655A659A650A62EE
:10B3300000F080B8012083F8200072BB1A49DFEDCD
:10B340001E6A91ED047ADFED1D7A164C81F8320009
:10B35000B4EEE67AF1EE10FA88BFB0EE667A1348E2
:10B360002280B4EEE77A0280114C12480A86F1EE90
:10B3700010FAB8BFB0EE677A2280C3ED0C7AC3ED45
:10B380000D7AC3ED0E7AC3ED147AC3ED157AC3EDD1
:10B39000167AC1ED087A80ED007A5DF8044B7047AB
:10B3A0002C260020EC250020F4250020EA25002092
:10B3B000E6250020D82500200000044200000000FF
:10B3C000014B01221A707047EE25002038B50A4D56
:10B3D000032104462846F8F7DFFFC0212846F8F786
:10B3E000DBFF2B6846F29052C3F89C20C3F81C2266
:10B3F0000CB1024BE36238BD5007002090659065A8
:10B4000010B50B4C236846F2905243F2C820C3F8A3
:10B410009C200321C3F8A8002046C3F81C22F8F79B
:10B42000A1FF2046C021BDE81040F8F79BBF00BF38
:10B430005007002038B50A4D032104462846F8F786
:10B44000ABFFC0212846F8F7A7FF2B6846F29052C1
:10B45000C3F89C20C3F81C220CB1024BE36238BD38
:10B4600050070020906590659FED567ADFED567A83
:10B47000B4EEC70AF1EE10FA88BFB0EE470AB4EE98
:10B48000E70AF1EE10FAB8BFB0EE670A022870B40E
:10B4900050D0032829D0012871D1F7EE007A77EE39
:10B4A000C07A9FED4A7A67EE877AFCEEE77A17EE6C
:10B4B000903A9BB2B3F5C36F75D307EE903A9FED08
:10B4C000447AF8EE677AF4EEC77AF1EE10FA88BFA4
:10B4D000F0EE477AFCEEE77A17EE903A9AB215460C
:10B4E00056084FF4C364234650E0DFED387A20EE6F
:10B4F000270ABCEEC00A10EE103A9BB2B3F5827F69
:10B500005BD307EE903A9FED337AF8EE677AF4EE6C
:10B51000C77AF1EE10FA88BFF0EE477AFCEEE77AD0
:10B5200017EE903A9BB21C4641F2504540F6282651
:10B530002A462BE0DFED257A20EE270ABCEEC00A72
:10B5400010EE103A9BB2B3F5827F32D307EE903AF9
:10B550009FED207AF8EE677AF4EEC77AF1EE10FAF2
:10B5600088BFF0EE477AFCEEE77A17EE903A9BB28E
:10B570001C464FF4C3654FF443762A4606E046F274
:10B58000905443F2C82625462346224612480068B6
:10B59000C0F89C50C0F8A860C0F81C4209B18A8568
:10B5A000CB8570BC70474FF4C3654FF443762A4691
:10B5B00097E74FF482742346DBE74FF48274234607
:10B5C000B2E700BF3333733F0AD7233C0020CB469A
:10B5D0000018C94600F0BE465007002000F0D4BD58
:10B5E000002857D010B59CB0044670226946002050
:10B5F00000F0E4FD00284BD127494FF6FF73684661
:10B600000DF16E0C10F8012B534043F300020A4079
:10B6100082EA530242F300030B40C2F34E0253404E
:10B6200043F300020A40C3F34E035A4042F30003BF
:10B630000B40C2F34E02534043F300020A40C3F3EF
:10B640004E035A4042F300030B40C2F34E025340F4
:10B6500043F300020A40C3F34E035A4042F300038F
:10B660000B40C2F34E02534060459BB2CAD10B4A15
:10B67000009991420CD1BDF80420042A08D1BDF8EC
:10B680006C209A4204D1642202A92046F5F7FCF905
:10B690001CB010BD704700BF01A0FFFF52575055AE
:10B6A000002862D010B59CB004466A2200210DF13A
:10B6B0000600F5F711F92D48009004236422214675
:10B6C00002A8ADF80430F5F7DFF9002228490E9200
:10B6D0004FF6FF7316920F921792109218926846C7
:10B6E0000DF16E0C10F8012B534043F300020A4099
:10B6F00082EA530242F300030B40C2F34E0253406E
:10B7000043F300020A40C3F34E035A4042F30003DE
:10B710000B40C2F34E02534043F300020A40C3F30E
:10B720004E035A4042F300030B40C2F34E02534013
:10B7300043F300020A40C3F34E035A4042F30003AE
:10B740000B40C2F34E02534060459BB2CAD1002069
:10B75000ADF86C3000F070FD08B11CB010BD702267
:10B76000694600F0BDFD1CB010BD704752575055E2
:10B7700001A0FFFF70B584B0A2F10A0C089E044638
:10B780000A461D46BCF11E0F00F2B481DFE81CF032
:10B790009E0185017101C601B6016101B2014C0132
:10B7A0003301B2012E01290125011B010F010B01FB
:10B7B0000701F300EF00F700DF00CA00B5009C00AE
:10B7C000830073006F006B00670063001F00AB888D
:10B7D000009303911B234FF4807100F0FDFF039A47
:10B7E000002840F0C58195ED047AB5EEC07AF1EEFF
:10B7F00010FA09D9DFEDD76AF6EE007AE7EE267A7D
:10B80000FCEEE77A17EE900A00900C234FF480715B
:10B810002046039200F0E0FF002840F0A98196ED59
:10B82000037A039AB5EEC07AF1EE10FA09D9DFED8A
:10B83000C96AF6EE007AE7EE267AFCEEE77A17EEB2
:10B84000900A089020234FF48071204604B0BDE890
:10B85000704000F0C1BFF36908932723F3E7AB6A98
:10B8600008932623EFE7EB8D08932523EBE7AB8DB9
:10B8700008932423E7E7D5ED096A9FEDB67AF6EE43
:10B88000007AE6EE877A23234FF48071FCEEE77AA4
:10B89000CDED087ADAE7D6ED047A9FEDAF7ADFEDE9
:10B8A000AD6AF4EEC77AF1EE10FAA8BFB0EE677A8F
:10B8B000F6EE007AE7EE267A22234FF48071FDEE51
:10B8C000E77ACDED087AC1E7D5ED057A9FEDA27A4A
:10B8D000DFEDA06AF4EEC77AF1EE10FAA8BFB0EE81
:10B8E000677AF6EE007AE7EE267A21234FF480712C
:10B8F000FDEEE77ACDED087AA8E796ED037AB5EE8E
:10B90000C07AF1EE10FA40F22D81DFED926AF6EE88
:10B91000007AE7EE267AFCEEE77A17EE903A089383
:10B92000202390E795ED047AB5EEC07AF1EE10FA97
:10B9300040F20D81DFED876AF6EE007AE7EE267AB7
:10B94000FCEEE77A17EE903A08931F237BE7D6EDDB
:10B95000026A9FED807AF6EE007AE6EE877A1E2381
:10B960004FF48071FCEEE77ACDED087A6EE7EB8854
:10B9700008931C2367E7AB8808931B2363E7D5ED87
:10B98000076A9FED747AF6EE007AE6EE877A1D2359
:10B990004FF48071FCEEE77ACDED087A56E76B88BC
:10B9A00008931A234FE72B88089319234BE795F840
:10B9B0003330089318234FF48071204604B0BDE85B
:10B9C000704000F0E7BE95F83230042B96BF634913
:10B9D0000023CB5C08931723EDE72B8E08931623E7
:10B9E00031E796F8203008931523E4E795F83430D2
:10B9F00008931423DFE7D6ED017A9FED577ADFED48
:10BA0000556AF4EEC77AF1EE10FAA8BFB0EE677A85
:10BA1000F6EE007AE7EE267A12234FF48071FDEEFF
:10BA2000E77ACDED087A11E796ED007AB5EEC07AA7
:10BA3000F1EE10FA40F29480DFED466AF6EE007AFD
:10BA4000E7EE267AFCEEE77A17EE903A0893112398
:10BA5000F9E6D5ED076A9FED3F7AF6EE007AE6EE5D
:10BA6000877A0F234FF48071FCEEE77ACDED087AE8
:10BA7000ECE695ED047AB5EEC07AF1EE10FA73D9E2
:10BA8000DFED346AF6EE007AE7EE267AFCEEE77A2E
:10BA900017EE903A08930C23D5E6D5ED037A9FED87
:10BAA0002E7ADFED2C6AF4EEC77AF1EE10FAA8BF19
:10BAB000B0EE677AF6EE007AE7EE267A0B234FF4C3
:10BAC0008071FDEEE77ACDED087ABFE695ED027A5A
:10BAD000B5EEC07AF1EE10FA48D9DFED1E6AF6EE47
:10BAE000007AE7EE267AFCEEE77A17EE903A0893B2
:10BAF0000A23A8E66FF0040004B070BDD5ED066A15
:10BB00009FED147AF6EE007AE6EE877A0E234FF474
:10BB10008071FCEEE77ACDED087A97E6D5ED057AEF
:10BB20009FED0D7ADFED0B6AF4EEC77AF1EE10FAB5
:10BB3000A8BFB0EE677AF6EE007AE7EE267A0D231C
:10BB40004FF48071FDEEE77ACDED087A7EE60023B2
:10BB5000FAE600BF00007A4400000000FCC90008BB
:10BB6000002373E70023DAE6002393E70023BEE710
:10BB70006FF00100C0E700BF2DE9F041ECB00023F9
:10BB8000204DADF81230804613AE05A8FFF79EFA9F
:10BB90003046FFF7B3FA05F1180701E0BD420FD0B8
:10BBA00015F8012B009605AB0DF112012CA8FFF73B
:10BBB000E1FD04460028F1D000206CB0BDE8F08122
:10BBC0004FF48470104D114E0190BDF81230029563
:10BBD0002CAA41460096032000F006FC40B90C4C0C
:10BBE0000123237023780BB1298819B90120E4E7D8
:10BBF0002C80E1E73046FEF7CFF80028F6D1207020
:10BC0000F4E700BF04CA0008922600209426002012
:10BC10009026002010B5064800F0DCFB054B002400
:10BC20001C70F6F7E3F9044B044A1C70148010BD35
:10BC3000A02700209C27002090260020922600208C
:10BC4000704700BF10B50B4B1A7832B90A4C2378F5
:10BC500013B10A4B198829B910BD00201870FFF7DD
:10BC60008BFFF3E70648FEF797F80028F4D1207021
:10BC700010BD00BF9C2700209026002092260020A7
:10BC8000942600202DE9F04FADF2DC4D00268DF812
:10BC90001D6000B119B90DF2DC4DBDE8F08F022333
:10BCA0000DF11D02CDE900320A46B4AB0146B148A0
:10BCB00000F02EFCB042EEDB9DF81D30002BEAD0E8
:10BCC0009DF8D032AC4D9DF8D112012BB5ACB046E9
:10BCD00038D0022B00F08B80032B04D134F8023CC7
:10BCE000002B00F0F78032AA0023029272AE4FF4CC
:10BCF0008472019200961A46FF20ADF8C83000F019
:10BD000073FB78B9F6F772F900F1140703E0F6F760
:10BD10006DF9874206D9BDF8C8103046FEF73CF8E9
:10BD20000128F4D09DF81D2008F101085FFA88F37E
:10BD30009A4204F58274AED914F8043C14F8031C3A
:10BD4000012BC6D10DF12C0A002350460591ADF808
:10BD50001E30ADF8203034F8029CFFF7B7F99AF89E
:10BD600032300599012B40F2568119AE30460591CB
:10BD70000DF1240BFFF7C2F907E09BF800200096B5
:10BD8000FFF7F8FC002840F0CE805B4649460DF1F5
:10BD90001E02204600F040FD0746534608A932A87F
:10BDA000002FEAD00DF122094FF48472002072AE08
:10BDB000CDF808900599A9F80000BDF8203001924F
:10BDC000009632AA00F010FB0028ABD1F6F70EF96E
:10BDD00000F1140703E0F6F709F98742A2D9B9F890
:10BDE00000103046FDF7D8FF0128F4D09AE70DF196
:10BDF000240B19AE4FF0000934F802ACABF80090F8
:10BE0000C6F800900F4632AB5A465146204600F025
:10BE100003FD002840F00681BDF8CAC0BCF1040F44
:10BE200003D0BCF1010F40F026819DF8C82000230B
:10BE300001E01C2B28D015F83310914205EBC3000C
:10BE400003F10103F5D183789B071DD54378634542
:10BE50001AD1BCF1010FC6F8009040F08F80339BDF
:10BE60001B783360113A162A00F29380DFE802F063
:10BE7000CFCB9191C79191919191919191C391BFA4
:10BE800091BB91919191B7000DF12C0A00234FF4D1
:10BE9000847272AECDF808A03946AAF80030FF20AF
:10BEA000019200961A4600F09FFA00287FF43AAFFC
:10BEB000F6F79CF800F1140704E0F6F797F88742CC
:10BEC0007FF630AFBAF800103046FDF765FF012865
:10BED000F3D027E70846FFF74FFE00287FF422AF94
:10BEE00032AF4FF4847272AE02973880019200969E
:10BEF0000346024614F8031CFF2000F075FA0028E0
:10BF00007FF410AFF6F772F800F1140904E0F6F7C9
:10BF10006DF881457FF606AF39883046FDF73CFF66
:10BF20000128F4D0FEE60DF122094FF4847372AEBD
:10BF3000CDF808900599A9F800703A46019300964B
:10BF40003B46FF2000F050FA00287FF4EBAEF6F7F6
:10BF50004DF800F1140704E0F6F748F887427FF641
:10BF6000E1AEB9F800103046FDF716FF0128F3D016
:10BF7000D8E600BFA02700201CCA0008334651465F
:10BF8000204600F07DFC002840F09B809DF8C820F2
:10BF900068E70DF12C0A00234FF4847272AECDF8DD
:10BFA00008A03946AAF80030FF20019200961A46F0
:10BFB00000F01AFA00287FF4B5AEF6F717F800F192
:10BFC000140704E0F6F712F887427FF6ABAEBAF832
:10BFD00000103046FDF7E0FE0128F3D0A2E63068FD
:10BFE000FFF772F90FE73068FFF71AF90BE73068CF
:10BFF000FFF7ECF807E73068FFF73CF903E7307824
:10C00000FFF776F9FFE63068FFF7C6F8FBE6306821
:10C01000FFF77EF8F7E6FEF743FA5046FFF756F8CB
:10C020000599A2E60DF12C0A059772AEFFF7C8F943
:10C0300000234FF48472CDF808A00599AAF80030C7
:10C040001846019200961A4600F0CEF900287FF4B7
:10C0500069AEF5F7CBFF00F1140704E0F5F7C6FF72
:10C0600087427FF65FAEBAF800103046FDF794FEC7
:10C070000128F3D056E60DF12C0A4FF4847372AE0A
:10C08000CDF808A00246AAF80000394601930096B0
:10C090000346FF2000F0A8F900287FF443AEF5F72F
:10C0A000A5FF00F1140704E0F5F7A0FF87427FF633
:10C0B00039AEBAF800103046FDF76EFE0128F3D015
:10C0C00030E64FF48473ADF82C900DF12C0A0193F7
:10C0D00072AE00233946CDF808A000961A46FF201C
:10C0E00000F082F900287FF41DAEF5F77FFF00F124
:10C0F000140704E0F5F77AFF87427FF613AEBAF82B
:10C1000000103046FDF748FE0128F3D00AE600BFD4
:10C1100030B585B0F5F76AFF4FF605720023194D6B
:10C12000ADF8082000F1C804ADF80C3017E0F7F7BF
:10C13000BFFA64220223009202A903AA2846FAF752
:10C1400065FC034601224FF400414FF09040A3B933
:10C15000F7F7AEFA9DF80D0010F001000BD0F5F7DF
:10C1600045FF0346A3424FF000024FF400414FF059
:10C170009040DCD9032005B030BDF7F799FA0120D3
:10C1800005B030BD300900200B4808B54FF4E0621F
:10C190000023C2604363FAF793FA08B1012008BD97
:10C1A00001224FF400414FF09040F7F781FABDE8CB
:10C1B0000840FFF7ADBF00BF3009002030B583B0A5
:10C1C00009B115461AB90124204603B030BD030C4D
:10C1D000032240BA8DF80420ADF8060000224FF08B
:10C1E00090400C464FF400418DF80530F7F760FAA7
:10C1F0000422104864230DEB0201FAF7DFFA88B934
:10C2000021460C4864232A46FAF7F0FD044648B953
:10C2100001224FF400414FF09040F7F749FA2046D1
:10C2200003B030BD01224FF400414FF09040F7F7CA
:10C230003FFAC8E73009002070B584B00022062319
:10C240004FF40041044664264FF090408DF80830CA
:10C250008DF80C20F7F72CFA20480096012303AA4A
:10C2600002A9FAF7D3FB48BB054601224FF400416F
:10C270004FF09040F7F71CFA20232A468DF80C3037
:10C280004FF40041230C4FF0904064BA8DF80D300C
:10C29000ADF80E40F7F70CFA042203A90F48334615
:10C2A000FAF78CFA01224FF4004188B94FF0904020
:10C2B000F7F7FEF9FFF72CFF04B070BD01224FF431
:10C2C00000414FF09040F7F7F3F9012004B070BD42
:10C2D0004FF09040F7F7ECF9F7E700BF3009002086
:10C2E00000296BD02DE9F04F154687B0002A61D0A8
:10C2F000DFF8DC8006460F464FF0060A30E0F7F71D
:10C30000D7F90221330C4A468DF814108DF81530F8
:10C310004FF4004173BA4FF09040ADF81630F7F784
:10C32000C7F95B46042205A94046FAF747FA0028F8
:10C3300046D1224639465B464046FAF73FFA01228B
:10C340004FF4004100283BD14FF09040F7F7B0F98F
:10C35000FFF7DEFE2D1BADB260BB2644274455B36C
:10C36000F4B2C4F58074A4B2AC424FF000034FF0B5
:10C3700000024FF400414FF090404FF0640B28BF93
:10C380002C468DF810308DF80CA0F7F791F904AA1F
:10C3900003A90123CDF800B04046FAF737FB8146E8
:10C3A00001224FF400414FF09040B9F1000FA6D0A8
:10C3B000F7F77EF9012007B0BDE8F08F0120704744
:10C3C00001224FF400414FF09040F7F771F9F1E787
:10C3D0003009002030B10021A0F808114FF4847218
:10C3E000F4F77ABA704700BFF8B5069C089E8C46F1
:10C3F0001146BDF81C20002C00F08480002E00F0B7
:10C4000081801F46002967D0B3F5807F77D803F17C
:10C410000805ADB2023395429BB270D8002263F397
:10C4200007021B0A63F30F2260F317426CF31F62CB
:10C4300045F2AA53C4F802202380002F45D10825D5
:10C4400005230133314904EB030C20464FF6FF73FB
:10C4500010F8012B534043F300020A4082EA5302D2
:10C4600042F300030B40C2F34E02534043F3000279
:10C470000A40C3F34E035A4042F300030B40C2F399
:10C480004E02534043F300020A40C3F34E035A40A6
:10C4900042F300030B40C2F34E02534043F3000249
:10C4A0000A40C3F34E035A4042F300030B40C2F369
:10C4B0004E02534084459BB2CAD1AA1E0020A35409
:10C4C00022441B0A53703580F8BD3A46A01DF4F78C
:10C4D000DBFA7B1D9BB2B4E7A3B9072A0FD93B4611
:10C4E000022262F3070367F30F2360F317436CF331
:10C4F0001F63C4F8023045F2AA5323809FE76FF010
:10C500000100F8BD4FF0FF30F8BD00BF01A0FFFFF4
:10C510002DE9F04F83B09DF83070002800F01681AF
:10C520009B460D9B002B00F0118114461A460023F8
:10C5300005461370002900F00C81BBF1000F00F0DC
:10C540000281B5F808211319B3F5847F00F20C813C
:10C550004CB1A8182246F4F797FAB5F808311C44F4
:10C56000A2B2A5F80821052A4FF0000940F20D817A
:10C57000874CCA4645F2AA562B88B34240F08C80BD
:10C58000B5F802C0BCF1010F40F2B580BCF5817F67
:10C5900000F2A0800CF106081FFA88F8904574D8C4
:10C5A000A8F10203E9180CF1030015F803E04B7839
:10C5B000CDF804C080B201304EEA032E284429464B
:10C5C0004FF6FF7311F801CB83EA0C0C4CF3000318
:10C5D000234083EA5C0343F3000C0CEA040CC3F32E
:10C5E0004E038CEA030343F3000C0CEA040CC3F380
:10C5F0004E038CEA030343F3000C0CEA040CC3F370
:10C600004E038CEA030343F3000C0CEA040CC3F35F
:10C610004E038CEA030343F3000C0CEA040CC3F34F
:10C620004E038CEA030343F3000C0CEA040CC3F33F
:10C630004E038CEA030343F3000C0CEA040CC3F32F
:10C640004E038CEA030388429BB2BBD17345DDF8ED
:10C6500004C030D14F4510D909EB8913ACF1020267
:10C660000BEB8300A9882BF8231092B24280002A9A
:10C6700052D109F101095FFA89F9B5F8082190450D
:10C6800015D84ED30023A5F808310D9B83F80090F0
:10C69000504603B0BDE8F08F013A691C2846F4F714
:10C6A0006DF9B5F80821013A92B2A5F80821052ADA
:10C6B0003FF662AFE9E790455CD3B5F80821A2EBFD
:10C6C000080292B2052AA5F808216FF0030A3FF686
:10C6D00053AFDAE7023AA91C2846F4F74FF9B5F848
:10C6E00008216FF0010A524492B2052AA5F80821E8
:10C6F0003FF642AFC9E7023AA91C2846F4F73EF9D3
:10C70000B5F80821023A92B2052A6FF0020AA5F89C
:10C7100008213FF631AFB8E7A91D0430F4F7B4F9AA
:10C72000A7E7A2EB080205EB08012846F4F726F973
:10C73000B5F80821A2EB080292B2052AA5F8082153
:10C740003FF61AAFA1E7002F3FF4FBAE4FF0FF3AE0
:10C750009EE7002CFAD1BBF1000F13D0B5F80821E9
:10C76000B2F5847F7FF6FFAE0023A5F808316FF0A5
:10C77000010A8DE7A2EB080205EB08012846F4F751
:10C78000FDF89AE7002FE9D0E0E7CA467DE700BF51
:10C7900001A0FFFF70B59DF81040C8B1C2B1B2F85A
:10C7A00000C00CF1040E8E450FD80CF1010100F809
:10C7B0000C30451884440126465400236B708CF8D5
:10C7C00003401846A2F800E070BD6FF0010070BD94
:10C7D0004FF0FF3070BD00BFD8B1D2B1B2F800C089
:10C7E00030B50CF1070E8E4510D80CF1010144183C
:10C7F00000F80C3004258444002345546370184627
:10C80000039BCCF80330A2F800E030BD6FF00100CC
:10C8100030BD4FF0FF30704758B352B34BB3B2F84E
:10C8200000C08C4528D200B5A1EB0C0E1FFA8EFE7D
:10C83000BEF1020F1AD910F80CE083F800E000EB0B
:10C840000C0E0CF1030C1FFA8CFCBEF801E0A3F8EF
:10C8500002E0A1EB0C0189B28E4507D86044E644A2
:10C8600058600020A2F800E05DF804FB6FF00200C1
:10C87000FAE74FF0FF3070476FF00400704700BFD9
:10C88000002B45D0002843D0C9B302293AD92DE95D
:10C89000F0474FF00009CA46CC460AE0BA4204D13C
:10C8A00000EB0E08B1464FF0010A61451BD9022D7D
:10C8B00015D900EB0C040CF1030EB4F8016010F86C
:10C8C0000C701FFA8EFE06EB0E05A1EB0E04A4B24F
:10C8D0001FFA85FCA1EB0C05A642ADB2DED96FF0C4
:10C8E0000200BDE8F087BAF1000F14D0B9F1040FCF
:10C8F0000BD1D8F800201A600020BDE8F0876FF057
:10C90000040070476FF0020070476FF00500E8E721
:10C910004FF0FF3070476FF00400E2E7024B13B1B5
:10C920000248F4F773B9704700000000190C0008C2
:10C93000F8B500BFF8BC08BC9E467047F8B500BF0C
:08C94000F8BC08BC9E467047DC
:10C9480000000000010203040000000000000000D5
:10C95800010203040607080901000200040006009A
:10C9680008000A000C0010002000400080000001B0
:10C978000804020408010101010101030701000084
:10C988005546344F564552005546344469676974D4
:10C99800616C506F77657200506F77657220436FD6
:10C9A8006E66696700000000506F77657220496EF7
:10C9B80074657266616365006D5600006D41000024
:10C9C8006D430000656E756D00000000626F6F6C4E
:10C9D800000000006269746D61736B00616463003C
:10C9E8007065726D696C6C65000000007469636B3A
:10C9F80073000000010204080F0000000A0B0C0D70
:10CA08000E0F111214151617181D1E1F2021222390
:10CA1800242526270A040100C0C900080B040100C8
:10CA2800C4C900080C040100C0C900080D040100B5
:10CA3800C4C900080E040100C8C900080F04010099
:10CA4800C8C9000811040300C0C900081204030083
:10CA5800C4C9000814010100CCC90008150103006D
:10CA6800D4C9000816040100DCC900081701010038
:10CA7800DCC9000818010100CCC90008190401002C
:10CA8800E4C900081A040100E4C900081B040100F5
:10CA9800E4C900081C040100E4C900081D040100E1
:10CAA800C8C900081E040300C8C900081F04010003
:10CAB800C0C9000820040300C0C9000821040100FF
:10CAC800C4C9000822040300C4C9000823040100E3
:10CAD800E8C9000824040100F4C90008250401007D
:10CAE800F4C9000826040100E8C900082704030067
:04CAF800E8C9000881
:08CAFC001C3AFF7F010000005D
:08CB04001DC9000869020008C8
:04CB0C0041020008DA
:10CB1000080000200000000000000000D4020020F7
:10CB20003C030020A40300200000000000000000DF
:10CB300000000000000000000000000000000000F5
:10CB400000000000000000000000000000000000E5
:10CB500000000000000000000000000000000000D5
:10CB600000000000000000000000000000000000C5
:10CB700000000000000000000000000000000000B5
:10CB800000000000000000000000000000000000A5
:10CB90000000000000000000000000000000000095
:10CBA0000000000000000000000000000000000085
:10CBB00001000000000000000E33CDAB34126DE622
:10CBC000ECDE05000B00000000000000000000008B
:10CBD0000000000000000000000000000000000055
:10CBE0000000000000000000000000000000000045
:10CBF0000000000000000000000000000000000035
:10CC00000000000000000000000000000000000024
:10CC10000000000000000000000000000000000014
:10CC20000000000000000000000000000000000004
:10CC300000000000000000000024F40001000000DB
:10CC40001000000009074300020104C0320904007B
:10CC50000001020201000524001001052401000169
:10CC600004240202052406000107058203080010BF
:10CC700009040100020A000000070501024000004B
:10CC8000070581024000000009024300020100C0C4
:10CC90003209040000010202010005240010010510
:10CCA0002401000104240202052406000107058274
:10CCB0000308001009040100020A00000007050132
:10CCC0000240000007058102400000000902430005
:10CCD000020100C032090400000102020100052423
:10CCE00000100105240100010424020205240600AD
:10CCF000010705820308001009040100020A000070
:10CD00000007050102000200070581020002000081
:10CD1000D19200088D920008A59100080000000043
:10CD2000C19000084D91000821910008000000000A
:10CD30000000000000000000FD900008F1900008D5
:10CD400009910008159100080A0600020000004041
:10CD500001000000719D0008419D0008459D0008EC
:10CD60004D9D0008499D00081A03000000000000C6
:10CD700000000000000000000000000000000000B3
:10CD80000000000004030904120100020202004036
:10CD9000D10722220002010203010000C59D000804
:10CDA000D19D0008DD9D0008F99D00084D9E0008FA
:10CDB000159E0008319E0008000000003333D33F69
:04CDC0003333D33FF7
:0400000508001F15BB
:00000001FF
