:020000040800F2
:1000000000000220A5500008614900086549000869
:10001000694900086D4900087149000800000000A6
:10002000000000000000000000000000754900080A
:1000300079490008000000007D4900088149000856
:10004000F5500008F5500008F5500008F55000087C
:10005000F5500008F5500008F5500008F55000086C
:10006000F5500008F5500008F550000885490008D3
:10007000914900089D490008F5500008F550000816
:10008000F5500008F5500008F5500008F55000083C
:10009000A9490008F5500008F5500008F55000087F
:1000A000F5500008B5490008C1490008F55000089E
:1000B000CD490008D9490008E5490008F550000875
:1000C000F5500008F5500008F5500008F5500008FC
:1000D000F5500008F5500008F5500008F5500008EC
:1000E000F5500008F5500008F5500008F5500008DC
:1000F000F5500008F5500008F5500008F5500008CC
:10010000F5500008F5500008F5500008F5500008BB
:10011000F5500008F5500008F5500008F5500008AB
:10012000F5500008F5500008F5500008F55000089B
:10013000F5500008F5500008F5500008F55000088B
:10014000F5500008F5500008F5500008F55000087B
:10015000F1490008F5500008F5500008F550000876
:10016000F5500008094A0008F5500008F55000084D
:10017000F5500008F5500008F5500008F55000084B
:10018000F5500008F5500008F5500008F55000083B
:10019000F550000800000000F5500008F550000878
:1001A000F5500008F5500008F5500008F55000081B
:1001B000F5500008F5500008F5500008F55000080B
:1001C000F5500008F5500008F5500008F5500008FB
:0801D000F5500008F55000088D
:100200000348044B834202D0034B03B118477047A5
:10021000CC020020CC020020000000000548064B64
:100220001B1AD90F01EBA301491002D0034B03B1F4
:1002300018477047CC020020CC02002000000000CC
:1002400010B5064C237843B9FFF7DAFF044B13B11E
:100250000448AFF300800123237010BDD0020020BA
:1002600000000000A8CB000808B5044B1BB10449EE
:100270000448AFF30080BDE80840CFE7000000006D
:10028000D4020020A8CB000881F0004102E000BFAA
:1002900083F0004330B54FEA41044FEA430594EA46
:1002A000050F08BF90EA020F1FBF54EA000C55EA81
:1002B000020C7FEA645C7FEA655C00F0E2804FEA52
:1002C0005454D4EB5555B8BF6D420CDD2C4480EA34
:1002D000020281EA030382EA000083EA010180EA64
:1002E000020281EA0303362D88BF30BD11F0004FB2
:1002F0004FEA01314FF4801C4CEA113102D04042E8
:1003000061EB410113F0004F4FEA03334CEA133322
:1003100002D0524263EB430394EA050F00F0A7803A
:10032000A4F10104D5F1200E0DDB02FA0EFC22FA35
:1003300005F2801841F1000103FA0EF2801843FA29
:1003400005F359410EE0A5F120050EF1200E012A1A
:1003500003FA0EFC28BF4CF0020C43FA05F3C01858
:1003600051EBE37101F0004507D54FF0000EDCF1D1
:10037000000C7EEB00006EEB0101B1F5801F1BD37A
:10038000B1F5001F0CD349085FEA30004FEA3C0C7E
:1003900004F101044FEA445212F5800F80F09A8074
:1003A000BCF1004F08BF5FEA500C50F1000041EB78
:1003B000045141EA050130BD5FEA4C0C404141EB7C
:1003C0000101013C28BFB1F5801FE9D291F0000F77
:1003D00004BF01460020B1FA81F308BF2033A3F126
:1003E0000B03B3F120020CDA0C3208DD02F1140C1D
:1003F000C2F10C0201FA0CF021FA02F10CE002F158
:100400001402D8BFC2F1200C01FA02F120FA0CFC50
:10041000DCBF41EA0C019040E41AA2BF01EB045199
:10042000294330BD6FEA04041F3C1CDA0C340EDC97
:1004300004F11404C4F1200220FA04F001FA02F3DA
:1004400040EA030021FA04F345EA030130BDC4F198
:100450000C04C4F1200220FA02F001FA04F340EA8D
:100460000300294630BD21FA04F0294630BD94F03E
:10047000000F83F4801306BF81F480110134013D25
:100480004EE77FEA645C18BF7FEA655C29D094EA96
:10049000050F08BF90EA020F05D054EA000C04BF14
:1004A0001946104630BD91EA030F1EBF00210020FF
:1004B00030BD5FEA545C05D14000494128BF41F09E
:1004C000004130BD14F580043CBF01F5801130BD02
:1004D00001F0004545F0FE4141F470014FF000008D
:1004E00030BD7FEA645C1ABF194610467FEA655C3E
:1004F0001CBF0B46024650EA013406BF52EA0335E0
:1005000091EA030F41F4002130BD00BF90F0000FCD
:1005100004BF0021704730B54FF4806404F1320409
:100520004FF000054FF0000150E700BF90F0000FC2
:1005300004BF0021704730B54FF4806404F13204E9
:1005400010F0004548BF40424FF000013EE700BFB9
:1005500042004FEAE2014FEA31014FEA02701FBF49
:1005600012F07F4393F07F4F81F06051704732F07B
:100570007F4208BF704793F07F4F04BF41F40021D2
:10058000704730B54FF4607401F0004521F0004130
:100590001CE700BF50EA010208BF704730B54FF0BA
:1005A00000050AE050EA010208BF704730B511F0BB
:1005B000004502D5404261EB41014FF4806404F1F3
:1005C00032045FEA915C3FF4D8AE4FF003025FEA79
:1005D000DC0C18BF03325FEADC0C18BF033202EBFD
:1005E000DC02C2F1200300FA03FC20FA02F001FA57
:1005F00003FE40EA0E0021FA02F11444BDE600BFFA
:1006000070B54FF0FF0C4CF4E06C1CEA11541DBFA8
:100610001CEA135594EA0C0F95EA0C0F00F0DEF873
:100620002C4481EA030621EA4C5123EA4C5350EA58
:10063000013518BF52EA033541F4801143F48013A9
:1006400038D0A0FB02CE4FF00005E1FB02E506F03A
:100650000042E0FB03E54FF00006E1FB03569CF08F
:10066000000F18BF4EF0010EA4F1FF04B6F5007F95
:1006700064F5407404D25FEA4E0E6D4146EB060607
:1006800042EAC62141EA55514FEAC52040EA5E5090
:100690004FEACE2EB4F1FD0C88BFBCF5E06F1ED83A
:1006A000BEF1004F08BF5FEA500E50F1000041EB71
:1006B000045170BD06F0004646EA010140EA02001E
:1006C00081EA0301B4EB5C04C2BFD4EB0C0541EA40
:1006D000045170BD41F480114FF0000E013C00F355
:1006E000AB8014F1360FDEBF002001F0004170BD79
:1006F000C4F10004203C35DA0C341BDC04F1140492
:10070000C4F1200500FA05F320FA04F001FA05F21D
:1007100040EA020001F0004221F0004110EBD370EA
:1007200021FA04F642EB06015EEA430E08BF20EA16
:10073000D37070BDC4F10C04C4F1200500FA04F3B9
:1007400020FA05F001FA04F240EA020001F000414B
:1007500010EBD37041F100015EEA430E08BF20EABE
:10076000D37070BDC4F1200500FA05F24EEA020E06
:1007700020FA04F301FA05F243EA020321FA04F035
:1007800001F0004121FA04F220EA020000EBD370EC
:100790005EEA430E08BF20EAD37070BD94F0000FEC
:1007A0000FD101F00046400041EB010111F4801F20
:1007B00008BF013CF7D041EA060195F0000F18BFD1
:1007C000704703F00046520043EB030313F4801F0D
:1007D00008BF013DF7D043EA0603704794EA0C0FC7
:1007E0000CEA135518BF95EA0C0F0CD050EA4106DD
:1007F00018BF52EA4306D1D181EA030101F000415A
:100800004FF0000070BD50EA410606BF1046194681
:1008100052EA430619D094EA0C0F02D150EA01368D
:1008200013D195EA0C0F05D152EA03361CBF1046CE
:1008300019460AD181EA030101F0004141F0FE416D
:1008400041F470014FF0000070BD41F0FE4141F4F1
:10085000780170BD70B54FF0FF0C4CF4E06C1CEAF1
:1008600011541DBF1CEA135594EA0C0F95EA0C0FA6
:1008700000F0A7F8A4EB050481EA030E52EA033561
:100880004FEA013100F088804FEA03334FF0805582
:1008900045EA131343EA12634FEA022245EA1115AF
:1008A00045EA10654FEA00260EF000419D4208BF60
:1008B000964244F1FD0404F5407402D25B084FEA0D
:1008C0003202B61A65EB03055B084FEA32024FF4B9
:1008D00080104FF4002CB6EB020E75EB030E22BF16
:1008E000B61A754640EA0C005B084FEA3202B6EBD6
:1008F000020E75EB030E22BFB61A754640EA5C0085
:100900005B084FEA3202B6EB020E75EB030E22BF14
:10091000B61A754640EA9C005B084FEA3202B6EB15
:10092000020E75EB030E22BFB61A754640EADC00D4
:1009300055EA060E18D04FEA051545EA16754FEA36
:1009400006164FEAC30343EA52734FEAC2025FEA54
:100950001C1CC0D111F4801F0BD141EA00014FF0E3
:1009600000004FF0004CB6E711F4801F04BF0143B4
:100970000020B4F1FD0C88BFBCF5E06F3FF6AFAED0
:10098000B5EB030C04BFB6EB020C5FEA500C50F160
:10099000000041EB045170BD0EF0004E4EEA1131E3
:1009A00014EB5C04C2BFD4EB0C0541EA045170BDEA
:1009B00041F480114FF0000E013C90E645EA060E2E
:1009C0008DE60CEA135594EA0C0F08BF95EA0C0F5C
:1009D0003FF43BAF94EA0C0F0AD150EA01347FF4A4
:1009E00034AF95EA0C0F7FF425AF104619462CE77B
:1009F00095EA0C0F06D152EA03353FF4FDAE1046DE
:100A0000194622E750EA410618BF52EA43067FF42E
:100A1000C5AE50EA41047FF40DAF52EA43057FF4BE
:100A2000EBAE12E74FEA4102B2F1E04324BFB3F567
:100A3000001CDCF1FE5C0DD901F0004C4FEAC00255
:100A40004CEA5070B2F1004F40EB830008BF20F039
:100A50000100704711F0804F21D113F13872BCBFF3
:100A600001F00040704741F480114FEA5252C2F148
:100A70001802C2F1200C10FA0CF320FA02F018BF91
:100A800040F001004FEAC1234FEAD32303FA0CFCE4
:100A900040EA0C0023FA02F34FEA4303CCE77FEA73
:100AA000625307D150EA01331EBF4FF0FE4040F4BD
:100AB0004000704701F0004040F0FE4040F400006C
:100AC000704700BF53B94AB9002908BF00281CBFAE
:100AD0004FF0FF314FF0FF3000F06AB9ADF1080C74
:100AE0006DE904CE00F006F8DDF804E0DDE902234C
:100AF00004B070472DE9F047089D0E4604460F46A6
:100B0000002B4AD194468C45B2FA82F260D942B1A8
:100B1000C2F12003974020FA03F30CFA02FC1F43B2
:100B200094404FEA1C4E1FFA8CF6B7FBFEF1230CE3
:100B30000EFB117743EA074301FB06F098420AD9FE
:100B40001CEB030301F1FF3780F01581984240F25E
:100B50001281023963441B1AA4B2B3FBFEF00EFBF0
:100B6000103344EA034400FB06F6A6420AD91CEB04
:100B7000040400F1FF3380F00081A64240F2FD80C2
:100B80006444023840EA0140A41B00211DB1D44056
:100B90000023C5E90043BDE8F0878B4205D90DB1BC
:100BA000C5E9000100210846F5E7B3FA83F1002901
:100BB00046D1B34202D3824200F2F580841A66EB3A
:100BC000030201201746002DE5D0C5E90047E2E702
:100BD000002A40F09380A1EB0C034FEA1C471FFA58
:100BE0008CFE0121B3FBF7F607FB1630230C43EA1A
:100BF00000430EFB06F0984208D91CEB030306F1F4
:100C0000FF3802D2984200F2D08046461B1AA4B2A6
:100C1000B3FBF7F007FB103344EA03440EFB00FE7E
:100C2000A64508D91CEB040400F1FF3302D2A64507
:100C300000F2B6801846A4EB0E0440EA0640A5E791
:100C4000C1F120078B4022FA07FC4CEA030C06FA9C
:100C500001FE20FA07F426FA07F344EA0E0400FA2C
:100C600001F84FEA1C404FEA1449B3FBF0FE1FFAAB
:100C70008CF600FB1E3349EA03430EFB06F9994547
:100C800002FA01F20BD91CEB03030EF1FF3A80F0DC
:100C90008580994540F28280AEF1020E6344A3EB59
:100CA0000909A4B2B9FBF0F300FB139944EA094423
:100CB00003FB06F6A64208D91CEB040403F1FF303F
:100CC00068D2A64266D9023B644443EA0E40A41BA4
:100CD000A0FB02E6B4427346B14652D34FD05DB199
:100CE000B8EB030264EB090404FA07F722FA01F3F4
:100CF0001F43CC40C5E9007400214CE7C2F120013C
:100D000020FA01F30CFA02FC26FA01F19640334373
:100D10004FEA1C471FFA8CFEB1FBF7F007FB1016D9
:100D2000190C41EA064100FB0EF68E4204FA02F469
:100D300008D91CEB010100F1FF382DD28E422BD9CE
:100D400002386144891B9BB2B1FBF7F607FB161111
:100D500043EA014306FB0EF1994208D91CEB030359
:100D600006F1FF3814D2994212D9023E63445B1A4D
:100D700046EA004136E73946EDE6184602E7F04517
:100D8000ADD2BEEB020366EB0C060138B146A6E716
:100D90004646ECE7034698E74046D3E7D6467EE76B
:100DA0006444023847E708460DE7023E63442DE7F6
:100DB000704700BF000000000000000000000000BD
:100DC00030B490F800F020F007016FF0000C10F044
:100DD000070491F820F040F048804FF000046FF0D5
:100DE0000700D1E9002391F840F000F1080082FAF1
:100DF0004CF2A4FA8CF283FA4CF3A2FA8CF34BBBBC
:100E0000D1E9022382FA4CF200F10800A4FA8CF234
:100E100083FA4CF3A2FA8CF3E3B9D1E9042382FA02
:100E20004CF200F10800A4FA8CF283FA4CF3A2FA17
:100E30008CF37BB9D1E9062301F1200182FA4CF24F
:100E400000F10800A4FA8CF283FA4CF3A2FA8CF3B6
:100E5000002BC6D0002A04BF04301A4612BAB2FAD8
:100E600082F200EBD20030BC7047D1E9002304F0DD
:100E70000305C4F100004FEAC50514F0040F91F812
:100E800040F00CFA05F562EA05021CBF63EA0503AF
:100E900062464FF00004AAE7830730B547D0541EDE
:100EA000002A3ED0CAB2034601E0013C39D303F820
:100EB000012B9D07F9D1032C2CD9CDB205EB0525CB
:100EC0000F2C05EB054535D9A4F1100222F00F0CCB
:100ED00003F1100EE6444FEA121C1A46C2E900550F
:100EE000C2E9025510327245F8D10CF1010214F03A
:100EF0000C0F03EB021204F00F0C13D0ACF104033F
:100F000023F003030433134442F8045B9342FBD100
:100F10000CF003042CB1C9B21C4403F8011BA3421A
:100F2000FBD130BD64461346002CF4D1F9E70346EB
:100F30001446C0E71A46A446E0E700BF844641EAEB
:100F4000000313F003036DD1403A41D351F8043B41
:100F500040F8043B51F8043B40F8043B51F8043B93
:100F600040F8043B51F8043B40F8043B51F8043B83
:100F700040F8043B51F8043B40F8043B51F8043B73
:100F800040F8043B51F8043B40F8043B51F8043B63
:100F900040F8043B51F8043B40F8043B51F8043B53
:100FA00040F8043B51F8043B40F8043B51F8043B43
:100FB00040F8043B51F8043B40F8043B51F8043B33
:100FC00040F8043B51F8043B40F8043B403ABDD2A2
:100FD000303211D351F8043B40F8043B51F8043B44
:100FE00040F8043B51F8043B40F8043B51F8043B03
:100FF00040F8043B103AEDD20C3205D351F8043BD3
:1010000040F8043B043AF9D2043208D0D2071CBF9E
:1010100011F8013B00F8013B01D30B8803806046C7
:10102000704700BF082A13D38B078DD010F003033D
:101030008AD0C3F10403D21ADB071CBF11F8013BAD
:1010400000F8013B80D331F8023B20F8023B7BE7FC
:10105000043AD9D3013A11F8013B00F8013BF9D227
:101060000B7803704B7843708B78837060467047C1
:1010700070B50F4B0F4DAB42A3EB050607D0B61072
:10108000002455F8043B01349847A642F9D80BF0E8
:101090008BFD094D094B5E1BAB424FEAA60606D0FD
:1010A000002455F8043B01349847A642F9D870BD96
:1010B000FCD40008FCD40008FCD4000804D50008C7
:1010C000002301461A46184600F014B838B5074DFB
:1010D000074C2C1BA41005D0013C55F8043D984743
:1010E000002CF9D1BDE838400BF064BD08D50008EC
:1010F00004D5000870B4164D2C681CB365681F2D0C
:1011000023DC38B9AB1C0135656044F8231000209E
:1011100070BC704704EB850C0228CCF88820D4F80A
:1011200088614FF0010202FA05F246EA0206C4F8AD
:101130008861CCF80831E5D1D4F88C311343C4F878
:101140008C31DFE7034C2C60D8E74FF0FF30DFE74E
:10115000EC020020F0020020014B1868704700BF2D
:10116000000000200000000038B52DED028B55EC8A
:10117000104B00F03DF822462B4620462946B0EEA3
:10118000408AF0EE608A00F09FFA98B900220023AE
:101190002046294600F08EFA60B90022002320463E
:1011A000294600F05FFA60B1FFF7D6FF9FED0C8B88
:1011B00022230360B0EE480AF0EE680ABDEC028B11
:1011C00038BDFFF7C9FFBDEC028B034621221A6030
:1011D0000548BDE8384000F0E7B900BFAFF3008034
:1011E000000000000000F0FFE0D400080000000054
:1011F0002DE9F04F51EC100BB1F5801F87B00D4673
:1012000080F2828021F000430343024600F02281F5
:101210000029C0F26981DA4B0022FFF7F1F9D94BBE
:101220000D469D426FF0350273DC2C15C5F3130596
:1012300005F51523A4F2FF3403F66473144403F494
:10124000801304EB135483F07F5383F4401343EA79
:1012500005010022CC4BFFF71BF8AB1CC3F31303B3
:10126000022B82468B464FF000025BDC002300F02D
:10127000F9F9002840F0F980ADA3D3E900235046E6
:101280005946FFF7BDF902460B460020BF49FEF75D
:10129000FFFF524606460F465B4650465946FFF74B
:1012A000AFF902460B4630463946FFF7A9F9064624
:1012B0000F46002C00F00D812046FFF737F99EA362
:1012C000D3E9002380468946FFF79AF99CA3D3E926
:1012D000002304460D4640464946FFF791F9024671
:1012E0000B4630463946FEF7D3FF52465B46FEF7C3
:1012F000CFFF02460B4620462946FEF7C9FF41ECC8
:10130000100B07B0BDE8F08F9E4B9D424FF00002DE
:101310008BDD02460B46FEF7BDFF41EC100B07B01C
:10132000BDE8F08F4FF08043FEF7B4FF02460B4656
:1013300050465946FFF78EFA064620460F46FFF7FD
:10134000F5F83246CDE904013B4630463946CDE951
:101350000267FFF755F902460B46CDE90023FFF778
:101360004FF979A3D3E9002306460F46FFF748F962
:1013700077A3D3E90023FEF78DFF32463B46FFF704
:101380003FF975A3D3E90023FEF784FF32463B46BD
:10139000FFF736F972A3D3E90023FEF77BFFDDE9FF
:1013A0000023FFF72DF970A3D3E90023CDE9000155
:1013B00030463946FFF724F96DA3D3E90023FEF741
:1013C00069FF32463B46FFF71BF96BA3D3E90023C5
:1013D000FEF760FF32463B46FFF712F9A5F5C2283B
:1013E00002460B46C5F5D725DDE90001FEF752FFA1
:1013F000A8F27A48513545EA0805002D06460F4601
:1014000052DD624B002250465946FFF7F9F852462A
:101410005B46FFF7F5F88046894630463946424636
:101420004B46FEF737FFDDE90223FFF7E9F80646F2
:101430000F46002C62D102460B4640464946FEF755
:1014400027FF02460B4650465946FEF721FF41EC66
:10145000100B64E7002200234D490020FFF7FAF942
:1014600041EC100B07B0BDE8F08F002C00F092802B
:101470002046FFF75BF830A3D3E9002306460F466A
:10148000FFF7BEF82EA3D3E9002304460D463046ED
:101490003946FFF7B5F802460B4620462946FEF7C7
:1014A000F9FE41EC100B3AE702460B46504659460E
:1014B000FEF7EEFEDDE90223FFF7A2F806460F462F
:1014C0003CB1DDE904891CA3D3E900234046494629
:1014D000FAE632463B4650465946FEF7D9FE41EC05
:1014E000100B07B0BDE8F08F0B46FEF7D1FE0022CF
:1014F0000023FFF7AFF941EC100B10E70EA3D3E97F
:101500000023DDE90401FFF77BF80DA3D3E90023F5
:1015100004460D46DDE90401FFF772F832463B460A
:10152000FEF7B8FE02460B4640464946DBE600BFE2
:10153000555555555555D53F0000E0FE422EE63F26
:10154000763C7935EF39EA3D44523EDF12F1C23F35
:10155000DE03CB966446C73F599322942449D23F79
:10156000935555555555E53F9FC678D0099AC33FC9
:10157000AF788E1DC571CC3F04FA97999999D93FE0
:1015800000005043FFFFEF7F0000F03F0000E03F0E
:10159000000050C39FED020BC1E600BFAFF3008017
:1015A00000000000000000009FED010B704700BF2D
:1015B000000000000000F87F4FF0FF3C06E000BF95
:1015C0004FF0010C02E000BF4FF0010C4DF804CDCC
:1015D0004FEA410C7FEA6C5C4FEA430C18BF7FEA8C
:1015E0006C5C1BD001B050EA410C0CBF52EA430CBA
:1015F00091EA030F02BF90EA020F0020704710F13A
:10160000000F91EA030F58BF994208BF90422CBFC8
:10161000D8176FEAE37040F0010070474FEA410CC1
:101620007FEA6C5C02D150EA013C07D14FEA430CDF
:101630007FEA6C5CD6D152EA033CD3D05DF8040B50
:10164000704700BF8446104662468C461946634682
:1016500000E000BF01B5FFF7B7FF002848BF10F159
:10166000000F01BD4DF808EDFFF7F4FF0CBF01209E
:1016700000205DF808FB00BF4DF808EDFFF7EAFF1A
:1016800034BF012000205DF808FB00BF4DF808EDD5
:10169000FFF7E0FF94BF012000205DF808FB00BFCA
:1016A0004DF808EDFFF7CEFF94BF012000205DF854
:1016B00008FB00BF4DF808EDFFF7C4FF34BF012061
:1016C00000205DF808FB00BF4FEA410C7FEA6C5C2C
:1016D00002D150EA013C0AD14FEA430C7FEA6C5C2C
:1016E00002D152EA033C02D14FF0000070474FF0A4
:1016F0000100704707EE900A9FED030AF8EE677A43
:1017000027EE800A704700BFF96BB23B07EE100A64
:101710009FED0A6ADFED0A7ADFED0A6A9FED0A0A99
:10172000B8EE477AE7EE467A67EEA67AF4EEC07A2C
:10173000F1EE10FAA8BFB0EE670A70476840D339DF
:101740003333D33FFFFFC74000000000DFED097ACD
:101750009FED097AB4EEE70AF1EE10FAB8BFB0EEE9
:10176000670AF6EE007AE0EE077AFCEEE77A17EE0B
:10177000900A7047000000009DA737439FED0A7A4A
:10178000B5EEC00AF1EE10FA20EE070AF6EE007A86
:10179000BEEE007AB8BFF0EE477A30EE270AFDEED3
:1017A000C07A17EE900A704700007A44364B9FEDDE
:1017B000376A93ED017AF6EE007AB4EEE77AF1EE4D
:1017C00010FA48BFC3ED017A93ED017ADFED307A6C
:1017D000B4EEE77AF1EE10FAC8BFC3ED017AD3EDAB
:1017E000027AF5EEC07AF1EE10FA4FF0000248BF2F
:1017F0009A6093ED027A274AF2EE047AB4EEE77A21
:10180000F1EE10FAC8BFC3ED027AD3ED017A9FED75
:10181000227AF4EEC77AF1EE10FAF6EE006AB8BF5B
:10182000F0EE477AB0EE667AA7EE867ADFED1B7AA5
:10183000BCEEC77A82ED027A93ED027AB4EEE77AD3
:10184000F1EE10FA18D99FED166ADFED167ADFED8A
:10185000165AE7EE067A9FED156AB4EEC67AF1EEF7
:1018600010FA67EEA57A0ADA77EEA67AFCEEE77A46
:1018700017EE903AD36070470023D360704741F66B
:10188000FE73D360704700BF080600209DA7374352
:10189000000030422801002000000000FFFF24C1AA
:1018A0000BD7233E3333D33F181D1B45FEFF244186
:1018B000F8B5002833D02E4F2E4D002403210126E9
:1018C00038466E72FFF772FFEC7105F0F5FCC0212F
:1018D000384605F0F1FC284A396864231383938263
:1018E0005383D382138B1BB2C3F5EA433033C1F861
:1018F0009C30538B214A1BB2C1F81C32204B146020
:10190000204A1C60204B1460204A1C60204B14604D
:10191000AC711C70AB889BB203B92E80F8BD144E1D
:10192000144D0446032130466C72EC7105F0C4FC82
:10193000C021304605F0C0FC0F4A31686423138390
:1019400093825383D382138B1BB2C3F5EA433033A4
:10195000C1F89C30538B0E4A1BB2C1F81C32AC71DB
:101960002B8814709BB2042BD8D001232B80F8BD98
:10197000D00B00203806002028010020840600201B
:10198000800600207C060020700600206C060020E7
:101990000406002000000000F8B5634BDFED634A49
:1019A00093ED077A624ADFED637A9FED635ADFEDCC
:1019B000635A9FED636A63486349644C644F654DA5
:1019C000B8EE477A27EE247A82ED007AD3ED056AE5
:1019D000614AF8EE666AB0EE677AA6EEC57A27EE3F
:1019E000257AB4EEC67AF1EE10FAB8BFB0EE467AB8
:1019F00080ED007A93ED037AB8EE477A204627EE21
:101A0000247A81ED007A93ED017AB8EE477AE7EE19
:101A1000457A67EEA57AF4EEC67AF1EE10FAB8BF11
:101A2000F0EE467AC2ED007A04F02CF8204603F07E
:101A3000C7FC07EE900ADFED496A9FED497AF8EEA0
:101A4000677A67EEA67A37EE677AC7EE277A17EEDF
:101A5000900AFEF77DFD41EC100BFFF785FB2CA3F0
:101A6000D3E9002351EC100BFEF7CAFD2AA3D3E9FA
:101A70000023FEF70FFC02460B4600203949FEF713
:101A8000E9FE27A3D3E90023FEF702FCFEF7CAFF15
:101A9000354A03463846136003F0F4FFB5F8CA40F0
:101AA000B5F8A860A4B2B6B23846A41B03F088FC0F
:101AB00007EE904ADFED2D6AB5F8A8309FED2C5A5D
:101AC0009FED2C6A2C4AF8EEE77A9BB2C6EEA75A35
:101AD00007EE100A07EE903AB8EE477ADFED276A74
:101AE000274BF8EEE77AD7EE267A93ED007AF3EEFD
:101AF0000E6AE5EEA76A27EE057AF0EE477AE6EE83
:101B0000867AC3ED007AC2ED007AF8BDAFF30080AB
:101B100081D91E7E6597303F000000E0E1796B3F80
:101B2000000000606612714018060020F96BB23B9D
:101B3000000600203333D33F6840D339FFFFC7404E
:101B400000000000F8050020FC050020F40A002039
:101B5000880A00200075FF1FF405002068405338F4
:101B6000333353400000F03FF00500200000C8422E
:101B70006666663FCDCCCC3DEC050020CDCC0C3E5E
:101B8000BC050020F8B5874B9FED877AD3ED077A27
:101B9000F8EE677AF4EEC77AF1EE10FA5FDB834D68
:101BA0002C78012C00F08380022C00F08880002C1F
:101BB00054D17F4B7F48DC71032105F07DFBC021B0
:101BC0007C4805F079FB7C4B7C497D489FED7D7A14
:101BD0009FED7D6A64229A82DA827C4A04600C60FE
:101BE00014607B497B4A0C6014607B4AD2ED017A19
:101BF000F4EEC77AF1EE10FAF6EE006AB8BFF0EE36
:101C0000477AB0EE667AA7EE867ADFED747ABCEE9C
:101C1000C77A83ED027A92ED027AB4EEE77AF1EEBA
:101C200010FA18D99FED6E6ADFED6E7ADFED6E5A0D
:101C3000E7EE067A9FED6D6A67EEA57AB4EEC67A96
:101C4000F1EE10FAB7BF77EEA67A41F6FE74FCEE1D
:101C5000E77A17EE904A0122DC602A70F8BD554EF3
:101C6000534D002403213046EC7105F025FBC021C3
:101C7000304605F021FB504A31685D4864231383E8
:101C800093825383D382138B04801BB2C3F5EA4340
:101C90003033C1F89C30538B444A1BB2C1F81C321C
:101CA000544BAC711C80147001232B80F8BD524939
:101CB0000B8801339BB2052B3FD80B80F8BD3C4C01
:101CC000E37903F0FF02002B51D0494A49481388B9
:101CD00001210B449BB213800288E1710132C3EBF6
:101CE0000311354B92B20280988A014409B299825D
:101CF000D98AC2EB02120A4412B2DA829A8A46F6F2
:101D0000286112B28A42C8BF9982DA8A44F62C410D
:101D100012B28A42C8BFD9829A8A46F6286112B2A4
:101D20008A429BD1DB8A44F62C421BB2934295D166
:101D3000002303222B702280F8BD00221E4BDFF807
:101D400080C01E4F214E224C22480A8064211983F4
:101D500099825983D982CCF800203A60326022609F
:101D600002609A680221521029705A60F8BD144B23
:101D7000104E1A60114B1A60144B1A60144B1A6003
:101D8000144B1A60336847F23052C3F89C20C021CC
:101D9000C3F81C22304605F075FA0321304605F0E1
:101DA00071FA92E718060020B5BD894404060020A8
:101DB00038060020D00B00202801002080060020DB
:101DC00084060020000000009DA737437C06002009
:101DD000700600206C06002008060020FFFF24C1CA
:101DE0000BD7233E3333D33F181D1B45FEFF244141
:101DF000D8050020D6050020D405002038B5334B87
:101E0000DFED336A9A6893ED007ADFED327A9FED69
:101E1000326AB8EE477AE7EE667ADFED306A9FED18
:101E2000307A67EE867AF4EEE67AF1EE10FAB8BF11
:101E3000F0EE667AF4EEC77AF1EE10FA18DC294C6F
:101E4000A3889B0613D5284A13680133B3F5C87FCE
:101E50002CDD264D297800230A29136028D8A38871
:101E600023F020031B0401311B0C2970A38038BD13
:101E700007EE902A9FED1E7A1A4CF8EE677AF4EE80
:101E8000C77AF1EE10FADBD5002303211948E3717C
:101E900005F012FA1748C02105F00EFAA3889BB28C
:101EA000042243F02003A3802280C9E7136038BDD9
:101EB0000B2203210F482A70E37105F0FDF9BDE8FC
:101EC00038400C48C02105F0F7B900BF18060020C3
:101ED0006840D3393333D33FFFFFC74000000000D1
:101EE0009A99214138060020D0050020CE05002017
:101EF0009CA7B742D00B0020184A194BD2ED027AAA
:101F0000DFED186A93ED007AF8EE677A67EEA67A4D
:101F1000B4EEE77AF1EE10FA07D8134A13880133CA
:101F20009BB2022B05D8138070470F4B00221A80FA
:101F3000704710B50D4C0E48002303211380E37148
:101F400005F0BAF90A48C02105F0B6F9A3889BB29A
:101F5000042243F00803A380228010BD180600204D
:101F600048060020F96BB23BCC0500203806002063
:101F7000D00B002038B5374BDFED376A93ED007A90
:101F8000DFED367A9FED366A364B374CB8EE477A3E
:101F9000E7EE667ADFED356A93ED007A67EE867AD2
:101FA000F4EEE67AF1EE10FAB8BFF0EE667AB4EE2F
:101FB000E77AF1EE10FA03D8218889B2032920D0FC
:101FC0002B4B00221A80A388DB0617D5294A1388D9
:101FD00001339BB2B3F5C87F11D9274D2B8801334C
:101FE0009BB24FF0000C0A2BA2F800C02B8010D837
:101FF000A38823F010031B041B0CA38038BD13809F
:1020000038BD1B4A138801339BB20A2B0FD81380AB
:10201000D9E70B23032119482B8084F807C005F06A
:102020004BF9BDE838401548C02105F045B90023FB
:1020300012481380E37105F03FF91048C02105F004
:102040003BF9A3889BB2042243F01003A3802280B3
:10205000B9E700BF180600206840D3393333D33FB7
:10206000FFFFC740440600203806002000000000A3
:10207000CA050020C8050020C6050020D00B00209E
:1020800010B53348334C2DED028B03F0FBFC304888
:1020900003F096F907EE900ADFED2F6A9FED2F7A95
:1020A000F8EE677A67EEA67A37EE677AC7EE277A98
:1020B00017EE900AFEF74CFA41EC100BFFF754F8BC
:1020C0001DA3D3E9002351EC100BFEF799FA1CA3D2
:1020D000D3E90023FEF7DEF802460B460020204934
:1020E00094ED008AFEF7B6FB17A3D3E90023FEF7B1
:1020F000CFF8FEF797FC07EE900AB4EEE78AF1EE10
:1021000010FA02D9BDEC028B10BD164C1648012204
:10211000002303212280E37105F0CEF81248C0218C
:1021200005F0CAF8BDEC028BA3889BB2042243F0F1
:102130004003A380228010BD81D91E7E6597303F69
:10214000000000E0E1796B3F000000606612714022
:10215000F40A00204C0600206840533833335340C3
:102160000000F03F38060020D00B002038B5104C9E
:102170002378012B05D00F4B1B78012BDDB20FD03C
:1021800038BD0D4B1B7803F0FF05002BF3D10B4836
:102190002A46042104F01CFA064B25701D7038BD38
:1021A00006482A46042104F013FA257038BD00BF02
:1021B000500600205206002051060020000C004866
:1021C00038B50D4C2378012B05D00C4B1B78012B17
:1021D000DDB20AD038BD00220948042104F0F8F924
:1021E000064A00232370137038BD05482A4604218F
:1021F00004F0EEF9257038BD50060020510600208D
:10220000000C00486428044B28BF64201B6800EBC6
:1022100080004000D8637047B00E002010B588B031
:10222000012201A9002000F045FA9DF804300BB905
:1022300008B010BD002000F0CDF90F4B0F49104C35
:10224000104A5868D3F808E00968CDF80900D4F8B6
:1022500000C0CDF811101368CDF80DE00020152254
:1022600002A98DF80800CDF815C0CDF8193000F09E
:1022700029F908B010BD00BF080600204C06002058
:10228000440600204806002010B5174C94ED007A53
:10229000F7EE007AB4EE677AF1EE10FA86B001D06C
:1022A00006B010BD002000F095F9104A1049114BFE
:1022B0006068D4F808C012680968CDF801001B688E
:1022C000CDF809200020CDF80D1015226946CDF873
:1022D00011308DF80000CDF805C000F0F3F80023B0
:1022E000236006B010BD00BF080600204C06002089
:1022F000440600204806002000B587B001A914223A
:10230000012000F0D7F9094B0199029A5960084859
:102310009A60084BDDF80CC00499C0F800C0059A1B
:102320001960054B1A6007B05DF804FB0806002031
:102330004C06002044060020480600200000000053
:1023400008B5294803F09EFB274803F039F807EE4B
:10235000900ADFED266A9FED267AF8EE677A67EE3F
:10236000A67A37EE677AC7EE277A17EE900AFEF75D
:10237000EFF841EC100BFEF7F7FE15A3D3E90023AD
:1023800051EC100BFEF73CF913A3D3E90023FDF742
:1023900081FF02460B4600201649FEF75BFA10A3A8
:1023A000D3E90023FDF774FFFEF73CFBDFED127A63
:1023B000124B07EE100AB4EEE77AF1EE10FA1B6842
:1023C0004CBF00224FF4AF72DA6308BDAFF3008058
:1023D00081D91E7E6597303F000000E0E1796B3FB8
:1023E0000000006066127140F40A00206840533813
:1023F000333353400000F03F00000C42B00E002089
:1024000030B40849084D094C094A0A4800232B609A
:102410000B60236008491360084A036030BC0B60FE
:102420001360704780060020840600207C06002090
:10243000700600206C060020680600207806002048
:10244000F0B5002285B04FF400414FF0904004F009
:10245000BFF84FF0FF33052200938DF80E20174888
:10246000174C164E002501230DF10F020DF10E0140
:102470008DF80F50FF2707F0DBF801E0013C12D088
:102480004FF0FF3300930DF10F0201230DF10E0108
:1024900030468DF80E708DF80F5007F0C9F89DF892
:1024A0000F30DB07EAD401224FF400414FF0904097
:1024B00005B0BDE8F04004F08BB800BFA80D0020C7
:1024C000A08601002DE9F04184B0804617460C46F5
:1024D000FFF7B6FF00224FF400414FF0904004F0A8
:1024E00077F84FF0FF36062300258DF80E300DF1FA
:1024F0000F0201230DF10E01354800968DF80F50A3
:1025000007F096F801224FF400414FF0904004F09C
:102510005FF82A464FF400414FF0904004F058F81D
:1025200002238DF80E300DF10F0201230DF10E0183
:10253000274800968DF80F5007F07AF84FEA1843B5
:102540008DF80E300DF10F0201230DF10E01204820
:1025500000968DF80F5007F06BF84FEA18238DF8AE
:102560000E300DF10F0201230DF10E0118480096F7
:102570008DF80F5007F05CF81548009601230DF117
:102580000F020DF10E018DF80E808DF80F5007F03F
:102590004FF89FB1DFF83880274414F801CB00963C
:1025A00001230DF10F020DF10E0140468DF80EC012
:1025B0008DF80F5007F03CF8BC42EED101224FF4E9
:1025C00000414FF0904004B0BDE8F04104F000B885
:1025D000A80D0020F0B585B0354D0646FFF730FF59
:1025E00000224FF400414FF0904003F0F1FF4FF014
:1025F000FF37062300248DF80E300DF10F02012362
:102600000DF10E01009728468DF80F4007F010F8E5
:1026100001224FF400414FF0904003F0D9FF2246D1
:102620004FF400414FF0904003F0D2FF20238DF88B
:102630000E300DF10F020DF10E0100970123284617
:102640008DF80F4006F0F4FF330C8DF80E300DF1CD
:102650000F020DF10E010097012328468DF80F405F
:1026600006F0E6FF330A8DF80E300DF10F020DF182
:102670000E010097012328468DF80F4006F0D8FF81
:102680000DF10F020DF10E010097012328468DF880
:102690000E608DF80F4006F0CBFF01224FF4004191
:1026A0004FF0904005B0BDE8F04003F091BF00BF8F
:1026B000A80D00202DE9F04184B0074615460C46D0
:1026C000FFF7BEFE00224FF400414FF0904003F0B0
:1026D0007FFF4FF0FF38032300268DF80E300DF1F9
:1026E0000F0201230DF10E012C48CDF800808DF86A
:1026F0000F6006F09DFF3B0C8DF80E300DF10F02C0
:1027000001230DF10E012548CDF800808DF80F60F2
:1027100006F08EFF3B0A8DF80E300DF10F020123FB
:102720000DF10E011D48CDF800808DF80F6006F008
:102730007FFF1A48CDF8008001230DF10F020DF143
:102740000E018DF80E708DF80F6006F071FFD5B197
:10275000254445444444DFF84480FF274FF0FF33CD
:1027600000930DF10F0201230DF10E0140468DF88B
:102770000E708DF80F6006F05BFF9DF80F3004F8C7
:10278000013FAC42EAD101224FF400414FF09040AA
:1027900004B0BDE8F04103F01BBF00BFA80D00204E
:1027A00070B59C1CA4B21E46002364F30703240AE0
:1027B00064F30F23394D60F31743944661F31F63AD
:1027C00045F2AA522A80C5F80230002E52D14FF0AD
:1027D000060E0824764672463048314905EB020C55
:1027E0004FF6FF7310F8012B5A4042F300030B40E1
:1027F00083EA520343F300020A40C3F34E035A40F4
:1028000042F300030B40C2F34E02534043F3000275
:102810000A40C3F34E035A4042F300030B40C2F395
:102820004E02534043F300020A40C3F34E035A40A2
:1028300042F300030B40C2F34E02534043F3000245
:102840000A40C3F34E03534060459BB2CAD1D9B28C
:10285000AE441B0AA955114E8EF801304FF47A751B
:1028600001E0013D05D02146304609F019FF00285E
:10287000F7D170BD32466146A81DFEF75FFBB21D61
:1028800092B22AB106F1080496461646A4B2A3E70E
:10289000FF23194602241646AE46DBE794060020C5
:1028A00001A0FFFF70B5054682B00E461446A5F1A3
:1028B0000A031E2B2ED8DFE813F0EB00730078011B
:1028C0006A015A014A012D003A012A012D000C012A
:1028D000FD01EE01CF01B701180209022702FB003A
:1028E0004D004D004B004B00300030004F00DE002B
:1028F000C4008F0088011F00224631461B20FFF7CD
:10290000D1FF38B1224631460C20FFF7CBFF2025FE
:102910000028CCD1002002B070BDB34B93ED000A6B
:10292000FEF72CFF2388D91DC0290246F2D8591C76
:102930002180F55423880421F152238802339BB26D
:102940002380F250238801200B44238002B070BD05
:10295000A64BE3E7A64BE1E7A64B22881B8BD11DD4
:10296000C0291BB2D6D8511C21802321B154228802
:102970000421B15200212288180A63F3070160F391
:102980000F210232180C92B260F317411B0E63F351
:102990001F612280B1502388043301202380BAE7CD
:1029A000954B93ED000AFEF7E9FE2388DA1DC02A55
:1029B000B0D85A1C22800B22F25422880421B15232
:1029C0002288023292B220EAE0732280B350238838
:1029D0000B44012023809EE7884B1A68D36A002BA2
:1029E00000F0A181526B934240F2AF814FF47A71B3
:1029F00001FB02F2B2FBF3F38B4228BF0B46D9B2C4
:102A0000C3F3072322888DF80530D31D0020C02B87
:102A10008DF80410ADF806003FF67DAF511C26235B
:102A20002180B3542388019A0421F1522388023370
:102A30009BB22380F250238801200B44238002B0F4
:102A400070BD6F4A23881168DA1DC02AD1F81C12A4
:102A50003FF660AF5A1C22802522F25423880422BC
:102A6000F252238802339BB22380F150238813440F
:102A7000012023804FE7624A23881168DA1DC02AAB
:102A8000D1F89C103FF646AF5A1C22802422E4E77E
:102A90005C4B93ED000AFEF771FE2388D91DC02917
:102AA00002463FF637AF591C21800A21F15441E715
:102AB000554A2388D288ADF80420DA1D0020C02AA8
:102AC000ADF806003FF627AF591C1C222180F254B6
:102AD000A8E74E4A2388517A181D21B1128892B274
:102AE000032A00F02281C0283FF614AF591C14229B
:102AF0002180F25423880122F252238802339BB2B0
:102B00002380F254238813442380012003E7404BA1
:102B100093ED020AFEF732FE2388D91DC029024632
:102B20003FF6F8AE591C21801221F15402E7384BD0
:102B300093ED010AFEF722FE2388D91DC029024623
:102B40003FF6E8AE591C21801121F154F2E6314BD9
:102B500093ED000AFEF712FE2388D91DC029024614
:102B60003FF6D8AE591C21800F21F154E2E62A4BE2
:102B700093ED000AFEF702FE2388D91DC029024604
:102B80003FF6C8AE591C21800E21F154D2E6234BEA
:102B900093ED000AFEF7F2FD2388DA1DC02A3FF606
:102BA000B9AE5A1C22800D2206E71D4B93ED000A98
:102BB000FEF7E4FD2388D91DC02902463FF6AAAEE0
:102BC000591C21800C21F154B4E6164A238812883E
:102BD000ADF80420DA1D0020C02AADF806003FF64B
:102BE0009AAE591C272271E74406002048060020AF
:102BF0004C06002028010020F8050020B00E00201F
:102C0000D00B0020000600205406002038060020CB
:102C100008060020F0050020EC050020F405002047
:102C2000FC05002088060020494B21889B79081D5F
:102C3000C028DAB23FF66EAE4B1C238018237354C3
:102C400023880121F152238802339BB22380F2545E
:102C500023880B44238058E73D4B1B889BB2042BF1
:102C60009CBF3C4AD15C238803F1040288BF002149
:102C7000C02A3FF64FAE5A1C22801722F2542388F6
:102C80000122F252238802339BB22380F15423881D
:102C90001344238039E72E4A23889288ADF8042014
:102CA000DA1D0020C02AADF806003FF634AE591CEC
:102CB00016220BE7264B21885B7A081DC028DAB262
:102CC0003FF628AE4B1C23801523B8E7224A238801
:102CD0005288ADF80420DA1D0020C02AADF80600A5
:102CE0003FF619AE591C1A22F0E61B4A23881288B7
:102CF000ADF80420DA1D0020C02AADF806003FF62A
:102D00000AAE591C1922E1E6134A23889288ADF8CD
:102D10000420DA1D0020C02AADF806003FF6FBAD06
:102D2000591C1B22D2E619466CE60C4A1278C028C0
:102D3000D2B23FF6EFAD591C21801421F15401218C
:102D4000521A238818BF01227CE70323E82159E6A1
:102D5000380600205CD400085406002064060020D9
:102D600030B40648064C074D0749084A00232B801B
:102D70002380038030BC0B80138070478E060020B8
:102D8000900600208C0600208A060020880600207D
:102D9000C1B170B401440C4C0C4D0D4E08E02288BA
:102DA00010F801CB238092B2884206F802C007D007
:102DB00023882A880133C3F3080392B29A42EED1E2
:102DC00070BC7047704700BF8C0600208A06002048
:102DD0005C0700202DE9F04FC34CC44E2288338895
:102DE00092B29BB29A42B7B000F0A480C04DDFF817
:102DF00018832A88DFF814B3002709E0AA2918D01D
:102E000000222188338889B29BB2994200F09280D7
:102E10002188238889B20133C3F3080318F801100D
:102E20002380002AEAD0012A6FD155297DD02F8036
:102E3000E6E701222A808BF80010AE4BAD491B88D3
:102E40000091002BDDD09342DBD800230193AA48E8
:102E5000019B4371A94B0360A94AFF2303710146FB
:102E600000F1060C4FF6FF7311F801EB8EEA030E2A
:102E70004EF30003134083EA5E0343F3000E0EEAB1
:102E8000020EC3F34E038EEA030E4EF3000313400B
:102E9000CEF34E0E83EA0E0343F3000E0EEA020E4B
:102EA000C3F34E038EEA030E4EF300031340CEF33A
:102EB0004E0E83EA0E0343F3000E0EEA020EC3F336
:102EC0004E038EEA030E4EF300031340CEF34E0E74
:102ED00083EA0E0343F3000E0EEA020EC3F34E0321
:102EE0008EEA03038C459BB2BED1DFF80CA2C380EF
:102EF0004FF47A7902E0B9F1010920D00821504657
:102F000009F0CEFB0028F6D119E00BF802100132CF
:102F100092B2042A2A8016D1BBF80230991EC02929
:102F20000BD8744906330B806BE702228BF8011033
:102F30002A8082E737B0BDE8F08F6E4B0093009B8C
:102F40002F801F805CE76B4B0093198811B9C72A4B
:102F5000F5D856E78A42FAD305297FF676AF9BF873
:102F60000530019307297FF672AFBBF80220931E4C
:102F70009BB2C02B00F2D780901D80B28142C0F07E
:102F8000D2806049D01C31F802C0CA1E12FA80F00B
:102F90005B4A04394FF6FF7E11F8019B89EA0E095E
:102FA00049F3000E0EEA020E8EEA590E4EF30009A6
:102FB00009EA0209CEF34E0E89EA0E0949F3000E22
:102FC0000EEA020EC9F34E098EEA090E4EF300090D
:102FD00009EA0209CEF34E0E89EA0E0949F3000E02
:102FE0000EEA020EC9F34E098EEA090E4EF30009ED
:102FF00009EA0209CEF34E0E89EA0E0949F3000EE2
:103000000EEA020EC9F34E098EEA090E4EF30009CC
:1030100009EA0209CEF34E0E89EA0E0E81421FFA2A
:103020008EFEB9D1F44540F0DD809BF80420022AE1
:1030300000F0D981032A00F06181012A00F031817A
:103040002D48019B43712D4B03602D4AFF230371D3
:10305000014600F1060C4FF6FF7311F801EB8EEA02
:10306000030E4EF30003134083EA5E0343F3000EA6
:103070000EEA020EC3F34E038EEA030E4EF3000374
:103080001340CEF34E0E83EA0E0343F3000E0EEA16
:10309000020EC3F34E038EEA030E4EF300031340F9
:1030A000CEF34E0E83EA0E0343F3000E0EEA020E39
:1030B000C3F34E038EEA030E4EF300031340CEF328
:1030C0004E0E83EA0E0343F3000E0EEA020EC3F324
:1030D0004E038EEA030361459BB2BED1DFF818A010
:1030E000C3804FF47A7917E08A0600208C0600200E
:1030F000900600208E06002094060020AA550200AB
:1031000001A0FFFF600900205C0700205C0900208F
:10311000B9F101093FF413AF0821504609F0C0FA94
:103120000028F5D10BE7C948019B4371C84B0360E8
:10313000C84AFF230371014600F1060C4FF6FF73E6
:1031400011F801EB8EEA030E4EF30003134083EAFD
:103150005E0343F3000E0EEA020EC3F34E038EEA43
:10316000030E4EF300031340CEF34E0E83EA0E031C
:1031700043F3000E0EEA020EC3F34E038EEA030E73
:103180004EF300031340CEF34E0E83EA0E0343F3D7
:10319000000E0EEA020EC3F34E038EEA030E4EF348
:1031A00000031340CEF34E0E83EA0E0343F3000EEA
:1031B0000EEA020EC3F34E038EEA03038C459BB264
:1031C000BED1DFF888A2C3804FF47A7903E0B9F169
:1031D00001093FF4B4AE0821504609F061FA002815
:1031E000F5D1ACE69948019B4371994B0360994A2C
:1031F000FF230371014600F1060C4FF6FF7311F82F
:1032000001EB8EEA030E4EF30003134083EA5E03E4
:1032100043F3000E0EEA020EC3F34E038EEA030ED2
:103220004EF300031340CEF34E0E83EA0E0343F336
:10323000000E0EEA020EC3F34E038EEA030E4EF3A7
:1032400000031340CEF34E0E83EA0E0343F3000E49
:103250000EEA020EC3F34E038EEA030E4EF3000392
:103260001340CEF34E0E83EA0E0343F3000E0EEA34
:10327000020EC3F34E038EEA030361459BB2BED137
:10328000DFF8C8A1C3804FF47A7903E0B9F10109EE
:103290003FF455AE0821504609F002FA0028F5D156
:1032A0004DE60022DFF8B4A1ADF81620994618E0EB
:1032B000B9F1020F40F21A84BAF800201AF8010C92
:1032C000002A40F024830DF1160206A90293FFF7AD
:1032D000E9FA0AF1030A029BA9F10309002800F0A8
:1032E0001683A3EB090292B29342E1D80199BDF88B
:1032F000163006AA0020FFF753FA20E6002B40F014
:10330000A682DFF85CA1ADF816300AF1180902E0D8
:10331000CA4500F0D0831AF8010B0DF1160206A978
:10332000FFF7C0FA0028F3D14848019B4371484B8E
:103330000360484AFF230371014600F1060C4FF673
:10334000FF7311F801EB8EEA030E4EF300031340F6
:1033500083EA5E0343F3000E0EEA020EC3F34E034C
:103360008EEA030E4EF300031340CEF34E0E83EAB3
:103370000E0343F3000E0EEA020EC3F34E038EEA71
:10338000030E4EF300031340CEF34E0E83EA0E03FA
:1033900043F3000E0EEA020EC3F34E038EEA030E51
:1033A0004EF300031340CEF34E0E83EA0E0343F3B5
:1033B000000E0EEA020EC3F34E038EEA03036145CC
:1033C0009BB2BED1DFF88490C3804FF47A7A03E0D9
:1033D000BAF1010A3FF4B3AD0821484609F060F99B
:1033E0000028F5D1ABE5002B00F0FC82022B40F267
:1033F000B78000220292501C174980B202F10309E3
:1034000031F800A08A5C1FFA89F9A3EB0900504546
:1034100028DB113A162A25D8DFE812F0DE015A011E
:103420002400240046012400240024002400240059
:103430002400240024002F0124001801240001018D
:103440002400240024002400830000BF94060020F0
:10345000AA55020001A0FFFF6209002063090020B5
:1034600064D40008CE48019B4371CE4B0360CE4A22
:10347000FF230371014600F1060C4FF6FF7311F8AC
:1034800001EB8EEA030E4EF30003134083EA5E0362
:1034900043F3000E0EEA020EC3F34E038EEA030E50
:1034A0004EF300031340CEF34E0E83EA0E0343F3B4
:1034B000000E0EEA020EC3F34E038EEA030E4EF325
:1034C00000031340CEF34E0E83EA0E0343F3000EC7
:1034D0000EEA020EC3F34E038EEA030E4EF3000310
:1034E0001340CEF34E0E83EA0E0343F3000E0EEAB2
:1034F000020EC3F34E038EEA03038C459BB2BED18A
:10350000DFF89CA2C3804FF47A7903E0B9F1010996
:103510003FF415AD0821504609F0C2F80028F5D156
:103520000DE5BAF1040F9DD1A04A52F8092092B2DC
:10353000B2F57A7F00F24E829D48A0FB02C0C0081F
:103540009C4903930A80FEF75DFE039BCA441FFA61
:103550008AF2934240F24282981A02283FF64BAF19
:103560008F48019B43718F4B03608F4AFF23037188
:10357000014600F1060C4FF6FF7311F801EB8EEADD
:10358000030E4EF30003134083EA5E0343F3000E81
:103590000EEA020EC3F34E038EEA030E4EF300034F
:1035A0001340CEF34E0E83EA0E0343F3000E0EEAF1
:1035B000020EC3F34E038EEA030E4EF300031340D4
:1035C000CEF34E0E83EA0E0343F3000E0EEA020E14
:1035D000C3F34E038EEA030E4EF300031340CEF303
:1035E0004E0E83EA0E0343F3000E0EEA020EC3F3FF
:1035F0004E038EEA03038C459BB2BED1DFF8A09147
:10360000C3804FF47A7A03E0BAF1010A3FF497AC31
:103610000821484609F044F80028F5D18FE4BAF1B2
:10362000040F7FF41FAF614A9FED637A52F80920BF
:1036300007EE902AF8EEE77A604A67EE877AC2EDE5
:10364000007A5F4A4FF07E5010607FE7BAF1040FB6
:103650007FF408AF554A9FED587A52F8092007EEDB
:10366000902AF8EEE77A574A67EE877A4FF07E5055
:10367000C2ED007A524A106068E7BAF1040F7FF495
:10368000F1AE4A4A9FED4C7A52F8092007EE902A93
:10369000F8EEE77A4C4A67EE877A4FF07E50C2ED3B
:1036A000007A474A106051E7BAF1010F7FF4DAAEB1
:1036B0003E49464A11F80900527A003818BF0120E5
:1036C00082423FF443AF0393FEF7F2F8039B3DE7DA
:1036D000BAF1040F7FF4C6AE344ADFED377A52F800
:1036E000092007EE102AB8EEC77A67EE277AF5EEC2
:1036F000C07AF1EE10FA00F1DB819FED356AB4EE8D
:10370000467AF2EE046AF1EE10FAC8BFF0EE667A7D
:103710002B4ADFED296A92ED027A37EEC77AB4EED2
:10372000E67AF1EE10FA00F3528192ED027A0299F4
:1037300037EE677AB4EE667AF1EE10FAC8BF01216F
:103740000291C2ED027A92ED017AF6EE007AB4EEC1
:10375000E77AF1EE10FA48BFC2ED017A92ED017AF4
:10376000DFED1C7AB4EEE77AF1EE10FAC8BFC2EDD5
:10377000017AD2ED027AF5EEC07AF1EE10FA4FF04E
:10378000000048BF906092ED027AF2EE047AB4EE47
:10379000E77AF1EE10FA7FF755AFC2ED027A51E702
:1037A00094060020AA55020001A0FFFF6209002034
:1037B000CDCCCCCC880600206F12833A4406002082
:1037C00008060020480600204C060020380600208D
:1037D00000401C4600003042BAF1040F7FF442AEB4
:1037E000B94A9FEDBA7A52F8092007EE902AF8EE0E
:1037F000E77AF4EEC77AF1EE10FA00F156819FED08
:10380000B47AF4EEC77AF1EE10FA00F3CF819FEDAF
:10381000B17A67EE877AB04ADFEDAE6A92ED017A4F
:1038200037EEC77AB4EEE67AF1EE10FA00F33A8199
:1038300092ED017A029937EE677AB4EE667AF1EE8C
:1038400010FAC8BF01210291C2ED017A7BE7A348BB
:10385000019B4371A24B0360A24AFF2303710146FF
:1038600000F1060C4FF6FF7311F801EB8EEA030E20
:103870004EF30003134083EA5E0343F3000E0EEAA7
:10388000020EC3F34E038EEA030E4EF30003134001
:10389000CEF34E0E83EA0E0343F3000E0EEA020E41
:1038A000C3F34E038EEA030E4EF300031340CEF330
:1038B0004E0E83EA0E0343F3000E0EEA020EC3F32C
:1038C0004E038EEA030E4EF300031340CEF34E0E6A
:1038D00083EA0E0343F3000E0EEA020EC3F34E0317
:1038E0008EEA030361459BB2BED1DFF8F0A1C3802D
:1038F0004FF47A7903E0B9F101093FF420AB0821D4
:10390000504608F0CDFE0028F5D1FFF718BB7348EC
:10391000019B4371724B0360724AFF23037101469E
:1039200000F1060C4FF6FF7311F801EB8EEA030E5F
:103930004EF30003134083EA5E0343F3000E0EEAE6
:10394000020EC3F34E038EEA030E4EF30003134040
:10395000CEF34E0E83EA0E0343F3000E0EEA020E80
:10396000C3F34E038EEA030E4EF300031340CEF36F
:103970004E0E83EA0E0343F3000E0EEA020EC3F36B
:103980004E038EEA030E4EF300031340CEF34E0EA9
:1039900083EA0E0343F3000E0EEA020EC3F34E0356
:1039A0008EEA030361459BB2BED1DFF830A1C3802C
:1039B0004FF47A7903E0B9F101093FF4C0AA082174
:1039C000504608F06DFE0028F5D1FFF7B8BA012186
:1039D0000291B6E64FF47A726420B1E5029B0BB116
:1039E000FDF7E4FE3D48019B43713D4B03603D4ABA
:1039F00000230371014600F1060C4FF6FF7311F826
:103A000001EB8EEA030E4EF30003134083EA5E03DC
:103A100043F3000E0EEA020EC3F34E038EEA030ECA
:103A20004EF300031340CEF34E0E83EA0E0343F32E
:103A3000000E0EEA020EC3F34E038EEA030E4EF39F
:103A400000031340CEF34E0E83EA0E0343F3000E41
:103A50000EEA020EC3F34E038EEA030E4EF300038A
:103A60001340CEF34E0E83EA0E0343F3000E0EEA2C
:103A7000020EC3F34E038EEA03038C459BB2BED104
:103A8000DFF85890C3804FF47A7A03E0BAF1010A64
:103A90003FF455AA0821484608F002FE0028F5D157
:103AA000FFF74DBA01210291CEE6F6EE007AB2E6BA
:103AB000DFED0D7A2CE60199BDF8163006AA032039
:103AC000FEF76EFEFFF73BBA62090020FFFFF943E5
:103AD000FFDF2B476F12833A080600209406002070
:103AE000AA55020001A0FFFF000000003148019B21
:103AF0004371314B0360314AFF230371014600F1EA
:103B0000060C4FF6FF7311F801EB8EEA030E4EF32D
:103B10000003134083EA5E0343F3000E0EEA020E35
:103B2000C3F34E038EEA030E4EF300031340CEF3AD
:103B30004E0E83EA0E0343F3000E0EEA020EC3F3A9
:103B40004E038EEA030E4EF300031340CEF34E0EE7
:103B500083EA0E0343F3000E0EEA020EC3F34E0394
:103B60008EEA030E4EF300031340CEF34E0E83EAAB
:103B70000E0343F3000E0EEA020EC3F34E038EEA69
:103B8000030361459BB2BED1DFF82890C3804FF498
:103B90007A7A03E0BAF1010A3FF4D1A90821484634
:103BA00008F07EFD0028F5D1FFF7C9B9DFED047AF2
:103BB00031E600BF94060020AA55020001A0FFFFD5
:103BC0000000304230B500248DB020252A46214621
:103BD00004A8CDE901440394FDF75EF938480123B8
:103BE000436180F8383080F8403003650423036275
:103BF00043644FF0A0424FF44033C0E90023082350
:103C0000C0E902440461848380F82440C464836171
:103C10004FF4D4644FF48063C0E90B434FF48053F6
:103C20008564C36301F0C2FA002835D1002324481B
:103C3000019301A902F0BAF800283DD1214A0623D8
:103C400005207F21CDE90423CDE9060104220023CC
:103C50001B4804A9CDE9082301F006FC48BB1A4A19
:103C600017480C2304A9CDE9042301F0FDFBE8B9B2
:103C7000164A1348122304A9CDE9042301F0F4FBEA
:103C800088B9134A0E48182304A9CDE9042301F08A
:103C9000EBFB20B90DB030BD00F0B2FDC6E700F07F
:103CA000AFFD0DB030BD00F0ABFDEAE700F0A8FDC0
:103CB000DEE700F0A5FDD2E700F0A2FDBEE700BF01
:103CC000600B002002003004040060080800900C23
:103CD0001000C01010B588B0202200216846FDF702
:103CE000DBF81F4C1F484FF44031C0E9004104216C
:103CF00081614FF48051C1631C2100230122416482
:103D00008021C0E90233C0E90433C0E90B33C0E9C4
:103D100012138383026280F8243080F8383080F8F0
:103D20004020026501F042FA90B90F4A06237F2035
:103D30000524CDE90023CDE90240042200230948EF
:103D40006946CDE9042301F08FFB20B908B010BD0E
:103D500000F056FDE9E700F053FD08B010BD00BFCC
:103D600000010050F40A00200000524710B588B04E
:103D7000202200216846FDF78FF81F4C1F484FF4A2
:103D80004031C0E90041042181614FF48051C16399
:103D900014210023012241646021C0E90233C0E9FB
:103DA0000433C0E90B33C0E912138383026280F845
:103DB000243080F8383080F84020026501F0F6F9B0
:103DC00090B90F4A06237F200724CDE90023CDE9CF
:103DD00002400422002309486946CDE9042301F08A
:103DE00043FB20B908B010BD00F00AFDE9E700F080
:103DF00007FD08B010BD00BF00060050880A002073
:103E00001000C09070B50446A0B0002154220BA849
:103E1000CDE90611CDE908110A91FDF73DF82368B7
:103E2000B3F1A04F08D0554A934253D0544A93421D
:103E300000F0828020B070BD4FF400424FF000537C
:103E40000BA80B921C9305F0C9F8002840F08A805B
:103E50004C4A13680133012B136009D14A4BDA6CC9
:103E600042F40052DA64DB6C03F400530193019BCB
:103E7000454B464DDA6C42F00102DA64DB6C03F02C
:103E8000010302930F2206A9032300264FF090405E
:103E9000CDE906230896029B02F0DCF93C4A052393
:103EA000C5E9002380234FF480712B614FF48063B8
:103EB000C5E9051320224FF400532846C5E90266E0
:103EC000C5E9072302F08EF800284ED16565AC6283
:103ED00020B070BD4FF400424FF000530BA80B927E
:103EE0001C9305F07BF8002842D1264A1368013361
:103EF000012B136009D1244BDA6C42F40052DA64CE
:103F0000DB6C03F400530393039B1F4BDA6C42F00A
:103F10000102DA64DB6C03F0010304931024002334
:103F2000032506A94FF09040CDE90645049A089371
:103F300002F090F920B070BD4FF480324FF0004392
:103F40000BA80B921D9305F049F8A0B90E4BDA6C43
:103F500042F48042DA64DB6C03F480430593059BF2
:103F600020B070BD00F04CFC72E700F049FCADE7FA
:103F700000F046FCB9E700F043FCE7E70001005021
:103F800000060050240A002000100240280A0020E9
:103F900008000240174B10B5986C40F0040098647C
:103FA0009C6C82B004F004040094009C9C6C44F06F
:103FB00001049C649B6C002203F0010311460193F1
:103FC0000B20019B01F0AAFF0B2001F0E3FF002270
:103FD00011460C2001F0A2FF0C2001F0DBFF0022B3
:103FE00011460D2001F09AFF0D2002B0BDE81040EF
:103FF00001F0D0BF00100240F0B500248DB0CDE933
:104000000644CDE90844334B0A94D96C324F334E01
:1040100041F00401D964D96C01F0040101910199C6
:10402000D96C41F02001D964D96C01F020010291D2
:104030000299D96C41F00101D964D96C01F00101F8
:1040400003910399D96C41F00201D964D96C01F054
:10405000020104910499D96C41F00801D964DB6C28
:1040600003F00803224605934FF400414FF09040BF
:10407000059B02F0ADFA22463846042102F0A8FA68
:1040800022463046B82102F0A3FA002400254FF45E
:104090000042012306A94FF09040CDE90623CDE967
:1040A000084502F0D7F8384606A904220123CDE9D5
:1040B0000623CDE9084502F0CDF8B822012306A970
:1040C0003046CDE90845CDE9062302F0C3F80DB02E
:1040D000F0BD00BF00100240000C00480004004882
:1040E000124B02689A4200D0704703F5284300B58E
:1040F000186E40F0806018661B6E83B0002203F0DB
:104100008063114601934420019B01F007FF442086
:1041100001F040FF00221146492001F0FFFE492036
:1041200003B05DF804EB01F035BF00BF006801404B
:1041300070B51E4B026888B000249A42CDE9024453
:10414000CDE90444069401D008B070BD03F52843BE
:104150000326DA6C164842F00202DA64DA6C02F0E6
:1041600002020092009ADA6C42F00102DA64DB6C1F
:1041700003F0010301934FF440420D2502A90223ED
:10418000CDE90223CDE90565019B02F063F84FF408
:104190004073029302A902234FF09040CDE90446F8
:1041A0000393069502F056F808B070BD0068014010
:1041B000000400480000000010B50024BCB06022DC
:1041C000214624A8CDE90744CDE90B44CDE90D44AF
:1041D000CDE90F44009406940A9401940994FCF7E5
:1041E0005BFE242221461BA8CDE903440594FCF77D
:1041F00053FE2022214612A8FCF74EFEBE48BF4BBC
:104200000360C0E9014402F0F3F9002840F017818F
:10421000B9480C2102F066FA002840F01981B6482E
:104220000A2102F097FA002840F01B819FEDAA7B3B
:10423000B1486A4601218DED007B02F0E7FA0028C3
:1042400040F06181AC480022012102F007FC002807
:1042500040F0568147F2305300210693A6480823C8
:1042600006AACDE90711099302F09AFA002840F056
:104270002F819FED9B7B00219F480A910AAA8DED1B
:104280000C7B109102F0FEFD002840F01E811023EF
:104290009FED957B2493012328934FF00063002129
:1042A0002E93954827914FF0005324AACDE925116C
:1042B000CDE92911CDE92B11CDE92F11CDE932112D
:1042C000CDE93811CDE93A118DED347B2D91369140
:1042D000319302F05FFC002840F0F4809FED847B76
:1042E00000238548249324AA03218DED347B2E934B
:1042F0003193369302F04EFC002840F0E08043F604
:10430000982303937C4803AB0122002102F082FE34
:10431000002840F0D18041F664130393764803AB44
:104320000422002102F076FE002840F0C2804FF403
:1043300096731C9320934FF400444FF48043002164
:10434000CDE91E434FF0004C4FF080436A481B916B
:104350001BAACDE922C31D91219102F00DFE002878
:1043600040F0A48064481BAA032102F005FE002847
:1043700040F09980042008230021CDE91303012295
:104380005D48129112ABCDE91511CDE917111991C4
:1043900002F000FF002840F08380574812AB402213
:1043A000032102F0F7FE002877D108220423CDE98B
:1043B0001323514812AB0222002102F0EBFE002829
:1043C00068D14D4812AB8022032102F0E3FE0028A1
:1043D0005DD1494806AA032102F0E2F9002853D131
:1043E00045480AAA032102F04DFD002849D14FF4A7
:1043F00096710391404803AB0122032102F00AFEAB
:1044000000283BD1002108200422CDE9121014928B
:104410003948199112AB0222CDE91511CDE91711D6
:1044200002F0B8FE38BB344812AB8022032102F000
:10443000B1FEC8B93048FFF77BFE3CB010BD00F0BC
:10444000DFF92D480C2102F04DF900283FF4E7AECA
:1044500000F0D6F928480A2102F07CF900283FF440
:10446000E5AE00F0CDF9E1E600F0CAF92248FFF729
:104470005FFE3CB010BD00F0C3F9D4E700F0C0F916
:10448000C0E700F0BDF9B2E700F0BAF9A8E700F024
:10449000B7F99EE700F0B4F993E700F0B1F984E7CB
:1044A00000F0AEF979E700F0ABF963E700F0A8F9A6
:1044B00058E700F0A5F93AE700F0A2F92BE700F081
:1044C0009FF91CE700F09CF908E700F099F9DEE697
:1044D00000F096F9CDE600BF0000010000080000E2
:1044E000000000000000000000000080000100004B
:1044F0000000000000010000D00B00200068014017
:1045000000F07EF9A6E600F07BF99BE60848094931
:1045100008B504224FF4FA63C0E901230160C360C7
:1045200003F0F4F800B908BDBDE8084000F068B930
:10453000D00C00200030004010B594B0382200218B
:1045400006A8FCF7A9FC0020CDE90100CDE9030095
:104550000590032404F022F9022301222920CDE949
:104560000B22CDE90D344FF48031119313930522C2
:104570004423CDE90601CDE90F2306A806231293B3
:1045800004F086F908B172B6FEE7042103460F2253
:104590000DEB0100CDE90124CDE90333059304F0CF
:1045A000F5FB08B172B6FEE714B010BD80B5684FD8
:1045B000684C694DDFF8D0A1DFF8D081DFF8A09119
:1045C00000F0C0FD0026FFF7B7FFFFF715FDFFF76E
:1045D000E1FCFFF7F1FDFFF7F5FAFFF77BFBFFF7D3
:1045E000C5FB00F00FF900F095FA07F0F3FF00F0BB
:1045F0001BFA00F053FA00F0CBFA00F043FC00F095
:1046000085FC00F077FB00F08FFBFFF77FFF0821B0
:1046100052483E8005F046FC6420FDF7F3FD012280
:1046200080214F4801F0D4FF4E4805F059FB4E4819
:1046300005F056FB4D4805F053FBFDF7E1FEFDF795
:10464000EDFDFDF759FEFEF78BFBC82000F09CFD49
:104650007F21474801F05CFB7F21464801F058FB71
:104660007F21454801F054FB04224449404801F0B1
:104670008BFA404801F006FA3F4801F003FA4FF484
:104680000031204602F032FE4FF48011204602F045
:104690002DFE24683248D4F88C3043F01003C4F85F
:1046A0008C303021324601F093FF3046FDF7AAFDF1
:1046B000334CFEF78FFB23889BB2092B2FD82B8816
:1046C0009BB2312BF5D92E80FDF77AFD3B889BB24A
:1046D000022B2ED03B889BB2032B2AD00022202114
:1046E000484601F075FFBAF800309BB2632B2AD818
:1046F000B8F800309BB2B3F5FA7F07D310214846D3
:10470000A8F8006001F06AFFFDF7BEFD1D4803F048
:104710002BF8FEF75FFB23889BB2092BCFD92680AD
:10472000FDF724FDFDF738F92B889BB2312BC0D95A
:10473000C9E701222021484601F04AFFBAF80030BB
:104740009BB2632BD4D9AAF80060FDF7F9FDCFE73F
:1047500038060020D00B0020E00C0020B00E002016
:1047600000040048A00F0020500F0020000F002080
:10477000600B0020F40A0020880A00205406002064
:10478000E20C0020D00C0020E40C0020E60C0020FD
:1047900008B50368B3F1804F03D0144A934215D093
:1047A00008BD1348134A0388134901339BB20380A1
:1047B000138801339BB213800B88104A01339BB2DC
:1047C0000B80138801339BB2138008BD08F0F8F901
:1047D000FDF714FBFDF754FCFDF78EFBFDF7CAFB5C
:1047E00008F044FABDE8084008F022BB000400408D
:1047F000E60C0020E40C0020E20C0020E00C00207D
:1048000072B6FEE710B51148114C4FF482720023C6
:10481000C0E900424FF4E0614FF40072C0E9023198
:104820001824826107210822C0E90433C0E9074344
:10483000C0E90933C0E90B13426304F07BFE00B901
:1048400010BDBDE81040FFF7DBBF00BFA80D002082
:10485000003C004070B52F4B026888B000249A429B
:10486000CDE90244CDE90444069401D008B070BDFE
:1048700003F5EA3305469A6D274E42F400429A65E5
:104880009A6D02F400420092009ADA6C42F004023F
:10489000DA64DB6C03F0040301934FF4E05202236B
:1048A000CDE9022301981D480322062302A9CDE980
:1048B000052301F0CFFC1A4A34620E23C6E9002317
:1048C00030468023C6E90244C6E90434C6E90644FA
:1048D00001F088FBC0B9134C1349AE650F220023C9
:1048E000C4E90012204610218022C4E90213C4E961
:1048F0000533C4E90733B562226101F073FB30B9B7
:104900006C65A56208B070BDFFF77AFFE3E7FFF7BB
:1049100077FFF5E7003C0040480D00200008004804
:104920001C000240E80C0020300002400B4B1A6EC5
:1049300042F001021A661A6E82B002F00102009281
:10494000009A9A6D42F080529A659B6D03F08053F5
:104950000193019B02B003F093BF00BF001002401F
:10496000FEE700BFFEE700BFFEE700BFFEE700BFB7
:10497000FEE700BF704700BF704700BF704700BF31
:1049800000F0F0BB014801F017BC00BF280A00206E
:10499000014801F011BC00BF480D0020014801F0A2
:1049A0000BBC00BFE80C0020014802F0E3BF00BFD1
:1049B00014280020014805F0F3BB00BF600E002062
:1049C000014805F0EDBB00BF100E0020014805F0C6
:1049D000E7BB00BFA00F0020014805F0E1BB00BF0E
:1049E000500F0020014805F0DBBB00BF000F002086
:1049F00008B50448002102F0C1FCBDE8084008F0F9
:104A0000F7BA00BFD00B00200148FF2102F0B6BC6E
:104A1000D00B0020034AD2F8883043F47003C2F868
:104A20008830704700ED00E000B51B484FF0804231
:104A30000260A922002389B0426040F2E732C0E957
:104A400002328022CDE90433CDE90633CDE90133CA
:104A500003930361826105F0A3F890B94FF480538A
:104A60000D48049304A905F0B9FA90B900230A4847
:104A7000019301A9039305F0A7FD28B909B05DF8DA
:104A800004FBFFF7BDFEE9E7FFF7BAFE09B05DF8EA
:104A900004FBFFF7B5FEE9E7A00F002000B51B48B7
:104AA0001B4A0260A922002389B0426041F287328A
:104AB000C0E902328022CDE90433CDE90633CDE9E5
:104AC000013303930361826105F06AF890B94FF4F2
:104AD00080530E48049304A905F080FA90B900238E
:104AE0000A48019301A9039305F06EFD28B909B0A6
:104AF0005DF804FBFFF784FEE9E7FFF781FE09B0EC
:104B00005DF804FBFFF77CFEE9E700BF500F0020D3
:104B10000004004000B51B481B4A0260A922002384
:104B200089B0426042F20F72C0E902328022CDE9C0
:104B30000433CDE90633CDE9013303930361826188
:104B400005F02EF890B94FF480530E48049304A951
:104B500005F044FA90B900230A48019301A9039390
:104B600005F032FD28B909B05DF804FBFFF748FEF7
:104B7000E9E7FFF745FE09B05DF804FBFFF740FEEB
:104B8000E9E700BF000F002000080040000000001F
:104B900030B50024A5B03422214617A8524D069402
:104BA000CDE90744CDE90344CDE91144CDE91344EF
:104BB000CDE91544029410940994FCF76DF94B4A21
:104BC000AC60A923C5E9002340F2E733EB60284637
:104BD0008023C5E90444AB6104F0E2FF00284FD113
:104BE0004FF480534048069306A905F0F7F90028D2
:104BF00055D13D4805F0B6F800284DD100230022DC
:104C0000CDE902233848002302A9049305F0DCFC17
:104C100000283ED160229FED327B002310924FF49A
:104C2000FA72CDE911233048139310A908228DEDB3
:104C3000147B169305F0DAFB40BB00234FF40050C1
:104C4000CDE91B304FF000722748239317A9CDE917
:104C50001733CDE91933CDE91D33CDE91F32CDE945
:104C6000213305F00BFD70B9204A296800239142D9
:104C7000CDE90A33CDE90C330E9313D025B030BD06
:104C8000FFF7BEFDACE7FFF7BBFDEDE7FFF7B8FDB3
:104C9000D3E7FFF7B5FDBDE7FFF7B2FDAEE7FFF7DE
:104CA000AFFDA6E703F1804303F504331048DA6C47
:104CB00042F00202DA64DB6C03F002030193032288
:104CC0000A234FF4007402250AA9CDE90A45CDE96B
:104CD0000D23019C01F0BEFA25B030BDAFF300807A
:104CE0000000000000000000B00E00200034014071
:104CF000000400480A480B4908B54FF6FF7200232C
:104D0000C0E90013C0E90232C0E90433836104F052
:104D100047FF00B908BDBDE80840FFF771BD00BFFF
:104D2000600E0020004401400A480B4908B54FF6C8
:104D3000FF720023C0E90013C0E90232C0E9043366
:104D4000836104F02DFF00B908BDBDE80840FFF7FE
:104D500057BD00BF100E00200048014000B5036899
:104D6000B3F1804F87B01ED0404A934231D0404AC1
:104D7000934243D03F4A934208D03F4A934252D095
:104D80003E4A934260D007B05DF804FB3C4B1A6E7C
:104D900042F400521A661B6E03F400530393039B04
:104DA00007B05DF804FB03F504330022986D40F072
:104DB000010098659B6D03F001031C2000931146D0
:104DC000009B01F0ABF81C2007B05DF804EB01F08C
:104DD000E1B82B4B986D40F0020098659B6D002266
:104DE00003F00203019311461D20019B01F096F888
:104DF0001D2007B05DF804EB01F0CCB8204B986D96
:104E000040F0040098659B6D002203F004030293B8
:104E100011461E20029B01F081F81E2007B05DF8AC
:104E200004EB01F0B7B8164B186E40F4003018666A
:104E30001B6E002203F40033192004931146049BD7
:104E400001F06CF81920BFE70D4B186E40F480207C
:104E500018661B6E002203F480231A200593114666
:104E6000059B01F05BF81A20AEE700BF000400408C
:104E70000008004000340140004401400048014067
:104E80000010024010B51F481F4C00234FF4E131C1
:104E90000C22C0E90041C0E90233C0E90432C0E994
:104EA0000633C0E90833836205F01CFF70B915486A
:104EB000002105F069FF88B91248002105F0A6FF1E
:104EC000A0B9104805F042FFB8B910BDFFF798FC33
:104ED0000C48002105F058FF0028EDD0FFF790FCAA
:104EE0000848002105F092FF0028EAD0FFF788FC6F
:104EF000044805F02BFF0028E7D0BDE81040FFF77D
:104F00007FBC00BF881000200038014010B51F484A
:104F10001F4C00234FF4E1310C22C0E90041C0E9ED
:104F20000233C0E90432C0E90633C0E908338362C2
:104F300005F0D8FE70B91548002105F025FF88B9A5
:104F40001248002105F062FFA0B9104805F0FEFEEE
:104F5000B8B910BDFFF754FC0C48002105F014FF50
:104F60000028EDD0FFF74CFC0848002105F04EFF6B
:104F70000028EAD0FFF744FC044805F0E7FE0028CB
:104F8000E7D0BDE81040FFF73BBC00BFF00F0020AA
:104F9000004800400000000010B504469EB000210B
:104FA000542209A8CDE90411CDE906110891FBF7B7
:104FB00073FF374A2368934204D0364A93422BD07A
:104FC0001EB010BD012309A8099304F007F80028BA
:104FD0004BD1314B31481A6E42F480421A661A6E38
:104FE00002F480420092009ADA6C9FED237B42F03B
:104FF0000402DA64DB6C8DED047B9FED217B03F012
:105000000403019304A907238DED067B019A0893FD
:1050100001F020F91EB010BD042309A8099303F084
:10502000DDFF28BB1C4B1E489A6D42F480229A6516
:105030009A6D02F480220292029ADA6C9FED127B42
:1050400042F00202DA64DB6C8DED047B9FED0C7B99
:1050500003F00203039304A907238DED067B039A53
:10506000089301F0F7F81EB010BDFFF7C9FBB0E7D9
:10507000FFF7C6FBD6E700BF3000000002000000CB
:105080000000000003000000000C0000020000000F
:10509000003801400048004000100240000800486D
:1050A000000400480D488546FFF7B4FC0C480D4944
:1050B0000D4A002302E0D458C4500433C4188C4273
:1050C000F9D30A4A0A4C002301E013600432A242D9
:1050D000FBD3FBF7CDFFFFF769FAFEE700000220E4
:1050E00000000020CC02002008D50008D0020020DB
:1050F000F02A0020FEE7000038B50F4B1B680BB903
:10510000012038BD0D494FF47A720546B2FBF3F326
:105110000868B0FBF3F000F04BFF04460028EFD125
:105120000F2DEDD8024629464FF0FF3000F0F6FE75
:10513000034B20461D6038BD4C0100204801002073
:105140005001002010B5032000F0D6FE0F20FFF71D
:10515000D3FF10B10124204610BD0446FFF7E6FB43
:10516000204610BD034A0449136809680B441360C4
:10517000704700BF1C1100204C010020014B186833
:10518000704700BF1C11002038B50446FFF7F6FF3A
:10519000631C054602D0044B1B681C44FFF7EEFF5E
:1051A000401BA042FAD338BD4C01002030B583B07B
:1051B0000023019300285CD0C56D0446002D00F04B
:1051C000C180226893689B0005D5936823F0204333
:1051D00023F03F0393609368DD0019D46F4B704850
:1051E0001B6891689B09A0FB030321F010419B09F8
:1051F00021F03F0101335B0041F080519160019348
:10520000019B2BB1019B013B0193019B002BF9D129
:105210009368D80030D4E36D43F01003E365236E48
:10522000012003432366936813F0040FE36D1CD140
:10523000D9061AD4E36D23F4817343F00203E365C6
:105240009368DB0729D4B2F1A04F17D0554B9A428F
:1052500014D05549554B89689B680B43544989685C
:105260000B43D90719D4534911E0E36D43F0100300
:10527000E365012003B030BD0020D4E7494B4FF077
:10528000A04189689B680B43DD0706D44A498B68B7
:10529000656823F47C132B438B60E568E36B94F81B
:1052A00024102B43A5682B43657F012943EA45332E
:1052B00043EA01434CD0E16A21B1256B01F47871D6
:1052C00029430B43D5683D4929401943D1601369EF
:1052D000616B23F040630B43136193681B0722D477
:1052E000D16894F83830257F21F480415B0021F0AB
:1052F000020143EA85330B432169D3601369002916
:1053000033D043F480331361D2F8C0306FF30D0310
:105310000B43C2F8C03094F84030012B2FD01369F2
:1053200023F0010313616369012B16D0136B23F083
:105330000F031363E36D23F0030343F00103E365FD
:1053400003B030BDFEF75EFD256684F8585038E79F
:10535000A16A013943EA4143ADE7116B236A21F0A9
:105360000F01013B0B431363E4E723F48033136124
:10537000D2F8C0306FF30D03C2F8C030CBE711692B
:10538000636CA56C6FF38A012B430B43E16C0B43F9
:10539000216D0B4343F001031361C4E74801002072
:1053A000632D3E0500010050000400500005005030
:1053B0000006005000070050000300500740F0FFB7
:1053C0000368186C704700BF704700BF704700BF8C
:1053D00008B5806AFFF7FAFF08BD00BF704700BF3D
:1053E000836ADA6D12F0500F10B5DA6D1DD11968AD
:1053F00042F40072DA650A6812F0080FCA681BD01E
:1054000012F4406F0DD1CA6894040AD4DA6D22F404
:105410008072DA65DA6DD10403D4DA6D42F00102EC
:10542000DA651846FFF7D0FF10BDD2060AD45B6DCF
:10543000BDE810405B6B18479007E7D51846FFF7AB
:10544000C3FFF1E71846FFF7C9FF10BD806A08B532
:10545000C36D43F04003C365036E43F0040303666A
:10546000FFF7BCFF08BD00BF2DE9F04190F85820C0
:1054700082B00346012A4FF00000019000F01F8126
:105480001A68012083F858009468640767D4486854
:105490004FEA901E00F01F0C0EF00C0E086802F18F
:1054A0003004C0F3846054F80E501F2600FA0CF04C
:1054B00006FA0CFC25EA0C0C40EA0C0044F80E003D
:1054C0009068470755D5906808689468E50712D436
:1054D000CE68BD4CD2F8B05006F01807FC40C0F3BF
:1054E0001207044025EA07052C43C2F8B040B74C28
:1054F000A64200F09180B64908422ED0B2F1A04FEA
:1055000000F0DB80B34DB449B44CAA4218BF214629
:10551000B34C8968A04201F0E07500F0D480B14C32
:10552000A04200F0D080B04CA04200F0F580AF4C1B
:10553000A04212D1490210D4A6498A420DD0A648F1
:1055400001F5C061B2F1A04F08BF01468A6822F0A0
:10555000E0722A4342F480028A60002003E0DA6DA0
:1055600042F02002DA65002283F8582002B0BDE83C
:10557000F081946808682607A7D48D68C0F30456A4
:105580000724C00DB440B5F1004F00F004006FEAED
:10559000040400F0358102F11407B5403E58344050
:1055A0002C433C50506920F000405061D1E9046424
:1055B0000868D568042E074600F0D980C5F3C105F8
:1055C0006D0000F0F84704FA05F002F16004884D20
:1055D00054F826C00CEA05053D43284340F000403E
:1055E00044F826000D698E6954F8250020F080707B
:1055F000304344F825000E690D7F54F82600A5F1CC
:105600000105B5FA85F56D0920F0007040EA4560A6
:1056100044F82600086858E7002F00F0928090FABE
:10562000A0F4002C00F0F680B4FA84F4013404F005
:105630001F04092C40F2EE8090FAA0F4002C00F038
:105640009181B4FA84F40134A40604F0F84490FA89
:10565000A0F5002D00F09D81B5FA85F5013505F026
:105660001F05012606FA05F52C4390FAA0F0002844
:1056700000F08D81B0FA80F0451C05F01F05032075
:105680006FF01D0610FB0560000540F00070204320
:10569000C50D8C6805F0040502F11406C0F3045032
:1056A00004FA00F74FF0070C74590CFA00F024EAE2
:1056B00000003843705108681DE7474928E7022079
:1056C00002B0BDE8F0810C023FF547AFB2F1A04F48
:1056D0004BD048498A427FF440AF4048464A474C45
:1056E000126881689209A4FB0242920921F0E071DC
:1056F0000132294302EB4202920041F40001816031
:105700000192019A002A3FF428AF019A013A0192CE
:10571000019A002AF9D120E7C8013FF51EAFB2F186
:10572000A04F00F01D812B4C2B492C48A24218BFE2
:1057300001468A6822F0E0722A4342F080728A6051
:105740000BE7800E013000F01F050124800600F0F9
:10575000F840AC40092D44EA000405EB45007ED931
:105760001E38000540F0007091E71B48B6E7146E44
:10577000146EC0F31205C4F38464002D71D1C0F31C
:105780008460844200F0A580546E556E02F160047E
:10579000C5F3846502F1640E854200F0C580A568FA
:1057A000A56804F1080CC5F38465854200F0A68065
:1057B000E568E56804F10C06C5F38464A04200F0D6
:1057C000C980384681E600BFFFFF070000007F4028
:1057D0000000088000010050000300500007005046
:1057E000000021C31000C090000052C7000084CB0D
:1057F00000F0FF030006005048010020632D3E0525
:1058000002F1140635582C403450506940F00040E5
:105810005061CBE690FAA0F4002C00F0AB80B4FA13
:1058200084F40134A40604F0F84490FAA0F5002DA5
:1058300000F09E80B5FA85F5013505F01F050126BB
:1058400006FA05F52C4390FAA0F0002800F08D80B0
:10585000B0FA80F0013000F01F0000EB40000005BE
:1058600015E790FAA0F51DB1B5FA85F5AC4230D038
:10587000546E556E02F16004C5F3846502F1640E46
:1058800097FAA7F604F1080CE046002E7AD0B6FA93
:1058900086F6AE424AD0DCF80050DCF80050C5F382
:1058A000846597FAA7FE04F10C06B046BEF1000F1E
:1058B00063D0BEFA8EFEAE4522D034683468C4F39D
:1058C000846497FAA7F5002D3FF4FFADB5FA85F093
:1058D00074E7106E144620F0004044F8600F0F6823
:1058E000506E556EC7F3120602F1640EC5F384655F
:1058F0003846002EC4D1C7F384604DE704F10C088C
:10590000DCF8000020F00040CCF800000F68E068F0
:10591000E468C7F312054646C4F384643846002D94
:10592000CFD1C7F3846049E704F10808DEF800002E
:1059300020F00040CEF800000F68A068A568C7F30B
:105940001206C446C5F384653846002EA9D1C7F3B4
:1059500084602AE7306820F0004030600868B4E5D1
:105960000D49E6E64FF0806471E64FF440108EE694
:10597000022567E74FF0806457E7E568E468C4F301
:1059800084649EE7A568A568C5F3846589E7034834
:105990007DE6022568E600BF00030050000050FECF
:1059A00070B582B00022036801929A68D20734D49D
:1059B00099682D4A1142044632D19A6822F0004279
:1059C00022F03F0242F00102B3F1A04F9A6048D0AA
:1059D0002648274A2749834218BF0A4693681B0274
:1059E00029D4FFF7CBFB23681A68D607054614D4E1
:1059F000214E9A68D00704D49A68324042F00102DE
:105A00009A60FFF7BBFB431B022B236802D91A687D
:105A1000D10705D51A68D207EBD5002002B070BDBA
:105A2000E36D43F01003E365236E012043F00103AF
:105A3000236602B070BD114B114A1B689B09A2FB83
:105A400003239B09013303EB43039B000193019B59
:105A5000002BC6D0019B013B0193019B002BF9D188
:105A6000BFE7034ABAE700BF3F00008000010050D3
:105A70000003005000070050C0FFFF7F48010020D6
:105A8000632D3E050368B3F1A04F70B5044652D0B4
:105A900039483A4A3A49834218BF0A4696689D688F
:105AA00015F0040545D194F85830012B41D001235D
:105AB00084F858302046FFF773FF00283DD1E36D8E
:105AC000226823F4706323F0010343F48073E365D9
:105AD000294B9A4206F01F0644D003F580639A4290
:105AE00045D01146E36D23F48013E365E36D13F4B1
:105AF00080531CBF236E23F0060323661C23136010
:105B00008A424FF0000384F8583019D040F2212324
:105B1000F340DD0714D4E36D43F48013E365CB68F1
:105B20009B0105D5E36D23F4405343F48053E365B3
:105B300070BD022070BD114AB0E784F8585070BDA6
:105B4000D368990105D5E36D23F4405343F48053A2
:105B5000E365936823F0004323F03F0343F004031D
:105B6000936070BD4FF0A041002EBFD1BAE7054948
:105B7000002EBBD1B6E700BF00010050000300506B
:105B800000070050000400502DE9F0410568B5F110
:105B9000A04F04460E46174667D0394A39483A4B5B
:105BA000954218BF18468268AB685B0715D494F815
:105BB0005830012B11D0354B01209D4202F01F08B7
:105BC00084F858000CD040F2212323FA08F3034054
:105BD00006D184F85830BDE8F0810220BDE8F0819C
:105BE0002046FFF7DDFE002841D1E36D216823F454
:105BF000706323F0010343F48073E365204B994203
:105C00003AD003F58063994236D0E36D23F48013D4
:105C1000E365E36D606D1E4D13F480531CBF236E6E
:105C200023F006032366C5621A4D05631A4D4563CA
:105C30001C250D60002584F858504D6845F010056E
:105C40004D60CD6845F001053B463246CD604031A0
:105C500000F05AFA2268936823F0004323F03F03D0
:105C600043F004039360BDE8F08106489BE70023FE
:105C700084F85830BDE8F081B8F1000FC9D1C4E70D
:105C800000010050000300500007005000060050C3
:105C9000E1530008D15300084D54000838B503689B
:105CA0009A68950702D59B68002038BD9A68D4078A
:105CB000FAD59A6802F00D02012A044609D0E36D74
:105CC00043F01003E365236E43F0010323660120D4
:105CD00038BD9A6822F0004222F03F02032142F0D0
:105CE00002029A601960FFF749FA23689B68D90796
:105CF000054603D4D8E79B68DB07D5D5FFF73EFA06
:105D0000401B02282368F6D99A68D207F3D5D6E754
:105D100030B590F8583083B00022012B01923FD06B
:105D2000012380F8583004460D46FFF7B7FFE36DB6
:105D3000E8B923F4885323F00203226843F00203F6
:105D4000E365936823F0404305F0804123F03F036F
:105D50000B4343F00043936093681349002B0EDB21
:105D6000E36D23F0030343F00103E36502E043F036
:105D70001003E365002384F8583003B030BD019B65
:105D800001330193019B8B42E6D9E36D23F01203AB
:105D9000002243F01003E36584F858200120ECE76B
:105DA000022003B030BD00BF01DE040090F858208F
:105DB000012A4CD070B402689DB003460024012033
:105DC000B2F1A04F189483F8580019940BD0444DA9
:105DD000AA423AD0DA6D83F8584042F02002DA65E0
:105DE0001DB070BC70473F48806840070BD5926873
:105DF000DA6D42F020020120DA65002283F8582093
:105E00001DB070BC704790684407F1D4B2F1A04F48
:105E10000D681ED0344A002D31D191683348304C82
:105E200021F460419160A468816800F58070806809
:105E3000C00708D42143CD0705D4916821F47161CE
:105E400021F00F0191600020D7E72848CCE702201D
:105E50007047002D33D0264C4E68A06893F838C0A8
:105E600020F46040304340EA4C30A0609268D6078E
:105E700033D41C4A9268D607E5D4224615E09068D0
:105E80004C6820F46040204393F8384040EA4430A6
:105E900090601348174C866800F580708068A4688D
:105EA000E407D0D43043C007CDD49068896820F48B
:105EB0007160294320F00F0001439160C3E70C4952
:105EC000886820F4604088609268D20705D4054A4B
:105ED0009268D607B7D40A46AFE7024A9268B2E79B
:105EE0000004005000010050000700500005005061
:105EF00000030050000600500749CA6803024FF62D
:105F0000FF0003F4E0630240134343F0BF6343F434
:105F10000033CB60704700BF00ED00E01B4BDB6837
:105F2000C3F3022300B5C3F1070EBEF1040F03F162
:105F3000040C28BF4FF0040EBCF1060F1CD9A3F1CE
:105F4000030C4FF0FF3303FA0CF322EA03024FF085
:105F5000FF3303FA0EF321EA030303FA0CF31343AE
:105F60001B010028DBB20ADB00F1604000F5614054
:105F700080F800335DF804FB00229446E7E7044A0A
:105F800000F00F00024413765DF804FB00ED00E022
:105F9000FCEC00E0002807DB044A4109012300F083
:105FA0001F00834042F82130704700BF00E100E04D
:105FB0000138B0F1807F01D30120704710B44FF059
:105FC000E023074C58614FF0F00C84F823C0002206
:105FD000072110469A615DF8044B1961704700BFB4
:105FE00000ED00E0002876D0F0B43C4A046894420A
:105FF00003465CD93A493B4A3B482144A2FB012174
:106000000909890002229D6883F82520DA68354E47
:10601000364FC3E9100118692A4302435869024305
:1060200098690243D8690243E0B20838A6FB0060D1
:10603000266826F4FF4C1E6A2CF0700C324342EAAC
:106040000C022260254E2A4AC0F30410B44298BFC5
:106050003A4606F27946012404FA00F0DE64B5F50A
:10606000804F01EB020618659E644FEA910127D02C
:106070005E68F5B2013E032E42F82150C7F8840055
:1060800024D81C4A1C482A449200013DAC400021FF
:10609000C3E91520DC651160184A54640020012210
:1060A000D86383F8240083F82520F0BC7047144996
:1060B0000C4A14482144A2FB012109098900A1E7E7
:1060C00000245C6042F82140C7F884000022C3E944
:1060D0001522DA65E2E70120704700BF070402409D
:1060E000F8FBFDBFCDCCCCCC000402400008024040
:1060F000200802403F82001040090240000902408F
:10610000F8FFFDBF00000240F0B490F82440012CDD
:1061100009D0012480F8244090F82540012C05D0B6
:10612000002380F824300220F0BC7047022480F85D
:1061300025400024C4630468C66C256825F0010569
:106140002560D0E91475776015B1D0E916677760DE
:10615000466C076C06F01F0C012606FA0CF67E60F2
:1061600063608368102B036B0BBFA260A160E160CA
:10617000E260BBB1236843F00E032360836C1A68AE
:10618000D20303D51A6842F480721A601DB12B68DD
:1061900043F480732B60236843F0010300202360E5
:1061A000F0BC7047236823F004032360236843F0A6
:1061B0000A032360E2E700BF70B4436C066C056815
:1061C00031682C6803F01F0304229A400A420ED063
:1061D00014F0040F0BD02B689B0603D42B6823F01C
:1061E00004032B60036B7260CBB170BC18470222B2
:1061F0009A400A4215D014F0020F12D02B6899066B
:1062000006D42B6823F00A032B60012380F8253085
:10621000C36A7260002180F82410002BE5D170BCA5
:10622000704708229A400A42F9D02207F7D52A6817
:10623000416B22F00E022A60012202FA03F30024CD
:106240007360C26380F8244080F825200029E6D0DE
:1062500070BC08470B68002B00F098812DE9F04FC7
:10626000B0F1904F85B04FF000024FF0010B00F0FD
:106270000D81DFF84CE30093009B0BFA02FC1CEA53
:10628000030A77D04D6805F003075400032307F194
:10629000FF3803FA04F6B8F1010F6FEA060640F280
:1062A0001981032F40F0798107FA04F407683E4012
:1062B000344315F4403F04605CD0BE4E346E44F06D
:1062C00001043466346E04F001040394039C22F04C
:1062D000030404F1804402F003070F2304F5803423
:1062E000BF0003FA07FCB44BA668984226EA0C06E6
:1062F00000F04081B14B984200F02D81DFF8C4C21C
:10630000604500F03D81DFF8C0C2604500F03F818C
:10631000DFF8B8C260450CBF4FF0050C4FF0060C1B
:106320000CFA07F73E43A660DEF808406FEA0A065B
:10633000EF0254BF34404AEA0404CEF80840DEF8C5
:106340000C40AB0254BF34404AEA0404CEF80C407F
:10635000DEF80440AF0354BF34404AEA0404CEF8E8
:106360000440DEF80040EB0354BF34404AEA040422
:10637000CEF80040009B013233FA02F47FF47CAF88
:1063800005B0BDE8F08FD0F80890CE680AEA090998
:1063900006FA07F848EA0908C0F80880D0F804802F
:1063A00028EA0E08C5F3001E0EFA02FE4EEA080E99
:1063B000C0F804E0D0F80C808E680AEA080806FAF3
:1063C00007FE4EEA080E022CC0F80CE019D14FEA85
:1063D000D20E0E694FEA8E0E02F007080EF1904EB3
:1063E0004FEA880806FA08F6DEF8209000960F2695
:1063F00006FA08F8009E29EA080946EA0908CEF8D4
:106400002080BC40076807EA0A073C4315F4403F78
:10641000046036D0674F3C6E44F001043C663C6E2D
:1064200004F001040394039C22F0030404F180446B
:1064300004F5803402F00307D4F808E00F26BF000B
:1064400006FA07F72EEA0707A7605D4CEE02A4687C
:106450006FEA0C077CD43C40594EB460F468AE023D
:1064600000F185803C40564EF4607468AE037BD4E6
:106470003C40534EED037460346872D43C40504D40
:106480002C60013233FA02F43FF47AAF0BFA02FEC9
:1064900013EA0E0CF5D04D685700032606FA07F8EC
:1064A00005F003046FEA080A04F1FF38B8F1010FA0
:1064B0007FF669AF032CA4D04FF090488E68D8F8CF
:1064C0000C9006FA07FE0AEA09094EEA090EC8F816
:1064D0000CE096E7D0F80890CB6809EA060903FAC1
:1064E00004F848EA0908C0F80880D0F804808B68EE
:1064F00028EA0C08C5F3001C0CFA02FC4CEA080C54
:10650000C0F804C0D0F80C8003FA04FC08EA0608BE
:106510004CEA080C022FC0F80CC07FF4C5AE0B6922
:106520004FEAD20802F0070C00EB88084FEA8C0C07
:1065300003FA0CF3D8F8209001930F2303FA0CFC14
:10654000019B29EA0C0943EA090CC8F820C0ABE614
:1065500044EA0C0480E74FF0020C0CFA07F73E43C4
:10656000E1E64CEA04048AE744EA0C0481E74CEAD9
:10657000040478E74FF0010C0CFA07F73E43D2E62B
:106580004FF0030C0CFA07F73E43CCE670474FF090
:10659000040C0CFA07F73E43C5E6D0F80C808B6874
:1065A00008EA060803FA04FC4CEA080CC0F80CC020
:1065B0007AE600BF001002400004004800080048CE
:1065C00000040140000C004800100048001400487E
:1065D0000AB1816170478162704700BF436901EA77
:1065E000030221EA030141EA02418161704700BFD1
:1065F000002866D010B5826800230221D207C0E9C6
:106600003833C0E93A33C0E93C3382B0044680F8FD
:10661000DD10C0F8F8300FD50168314B994252D0E7
:10662000D4E904030A6800F4404022F470420243B3
:1066300003F4405313430B602046FDF751FDA3685C
:106640009B0708D52168E3680A6803F4407322F4C5
:10665000407213430B60002301221846C4E906333D
:10666000C4E90833C4E90C33C4E90E33C4E9103378
:10667000C4E91333C4E91533C4E91733C4E91A3341
:10668000C4E91C33C4E91E33C4E92133C4E923330C
:10669000C4E9253384F8DD2084F8DC30A362C4F833
:1066A000A030C4E92933C4E92B33C4E92F33C4E94A
:1066B0003133C4E93333C4F8B430C4F8D83002B04D
:1066C00010BD0120704703F528431A6E42F0806226
:1066D0001A661B6E03F080630193019BA0E700BF65
:1066E0000068014090F8DC30012B30D002230122F9
:1066F00080F8DD30036880F8DC20B1F1FF3FD3F88B
:10670000CC2315D042F00202C3F8CC23D3F8CC231B
:1067100022F00C020A43C3F8CC23D3F8CC2342F076
:106720000102C3F8CC23012380F8DD30002070473C
:1067300022F00202C3F8CC23D3F8CC2342F00102AA
:10674000C3F8CC23012380F8DD30002070470220FD
:10675000704700BF70B50D460446FEF70FFD6E1C76
:106760000BD12268D2F88833D903FBD5002001234E
:1067700084F8DD3084F8DC0070BD06462368D3F869
:106780008833DB03F2D4FEF7F9FC831BAB4201D85C
:10679000002DF3D1072384F8DD30032070BD00BF46
:1067A00090F8DDC0BCF1020F2CD003460220F0B4FB
:1067B000062983F8DD00D2E90276D2E9004518689F
:1067C00015D000EBC111D1F8802022F007023A4326
:1067D00022F018023243C1F88020C1F89440C1F879
:1067E0009850012283F8DD200020F0BC7047026839
:1067F00022F007023A4322F0180232430260446159
:106800008561EEE75FFA8CF0704700BF90F8DDC05D
:10681000BCF1020F03465FFA8CF000F0CD8093F8D4
:10682000DC00012800F0C98030B5012483F8DC4089
:106830001868022483F8DD402029D0F88053D0F86E
:10684000FC431AD8002900F0E78001F1FF3CBCF1BD
:106850001F0F00F2D380DFE80CF0A090D17FD1D1E0
:10686000D16DD1D1D1D1D1D1D162D1D1D1D1D1D1EB
:10687000D1D1D1D1D1D1D1D1D152B1F5807F00F0D8
:10688000AE8028D8402900F09A80802940F0DA8034
:10689000D2E90012090901F4E04124F4E0440C4378
:1068A000D0F8F813120402F4F81221F4F811C0F829
:1068B000F813D0F8F8130A43C0F8F82393F8DD2052
:1068C000072A58D0C0F8FC430020012283F8DD20BD
:1068D00083F8DC0030BDB1F5007F40F0A780D2E93D
:1068E0000012090101F4E00124F4E0040C43D0F8A3
:1068F000F813920602F0F84221F0F841D7E7D2E906
:106900000012090B01F0700124F070040C43D0F860
:10691000F813520102F4787221F47871C7E75188B4
:10692000526861F30204D0F8F81302F01F0221F05C
:106930001F01BCE7D2E90012C0F8C82393F8DD407C
:106940004A0225F0606502F06062072C45EA020504
:1069500011D0C0F88053B7E7D2E90012C0F8C423C1
:1069600093F8DD408A0125F0E07502F0E072072C13
:1069700045EA0205EDD1012030BDD2E90012C0F890
:10698000C02393F8DD40CA0025F4601502F46012BC
:10699000072C45EA0205DCD1EDE7D2E90012C0F888
:1069A000BC2393F8DD4025F4E02501F4E022072C18
:1069B00045EA0205CDD1DEE7704702207047D2E9F3
:1069C0000012090A01F4E06124F4E0640C43D0F8F9
:1069D000F813920202F4F84221F4F84167E7D2E991
:1069E000001224F4E02401F4E0210C43D0F8F81361
:1069F000520502F0787221F0787158E7072283F887
:106A0000DD2093F8DD204FF0000C072A83F8DCC06E
:106A1000B1D00F299DD955E7072283F8DD2093F8DF
:106A2000DD2083F8DC10072A93D1A4E7072283F83E
:106A3000DD2093F8DD200021072A83F8DC107FF4A5
:106A400041AF98E7072283F8DD2093F8DD2000218D
:106A5000072A83F8DC108ED034E700BF90F8DDC041
:106A6000BCF1020F03465FFA8CF023D093F8DC00F0
:106A700001287CD04FF0010C0220202983F8DCC0D3
:106A800083F8DD0017D831B301391F2923D8DFE897
:106A900001F0564E22462222223E22222222222289
:106AA0002266222222222222222222222222222282
:106AB000225E01207047B1F5807F5AD01CD8402952
:106AC0005FD0802907D11868D0F8041462F3103120
:106AD000C0F8041405E00721002283F8DD1083F8D4
:106AE000DC2093F8DD20072AE3D00020012283F880
:106AF000DD2083F8DC007047B1F5007FEBD118682A
:106B0000D0F8041462F31C61C0F80414E9E71868B3
:106B1000D0F8001462F39641C0F80014E1E7186859
:106B2000D0F8001462F31031C0F80014D9E71868E7
:106B3000D0F8001462F38A11C0F80014D1E7186885
:106B4000D0F8001462F30401C0F80014C9E7186813
:106B5000D0F8041462F30401C0F80414C1E7186803
:106B6000D0F8001462F31C61C0F80014B9E70220E9
:106B700070471868D0F8041462F39641C0F8041402
:106B8000AFE71868D0F8041462F38A11C0F804144F
:106B9000A7E700BF90F8DD30022B8446D8B200F0A2
:106BA0006B819CF8DC30012B00F067812DE9F04F00
:106BB000012002238CF8DC008CF8DD300629DCF89B
:106BC0000000556983B000F0C68000EBC11E202D87
:106BD000DEF8803023F07043CEF88030DEF880306D
:106BE000DEF8E880DEF8E460D0F8A04323F0200966
:106BF0004FEAC11749EA05090ED09369022B0BD061
:106C0000032B00F03481042B06BF29F0800949F4DE
:106C1000807929F4D07903E029F4C07949F020097A
:106C2000D369956D29F4006949EA0309136A29F4C7
:106C3000806949EA0309536A29F0C06949EA0309EE
:106C4000936A29F0006949EA0309D36A019329F09C
:106C5000704949EA0309536B29F40039B3F1005F25
:106C600008BF49F4003926F4807A966B29F0400376
:106C7000334323F480232B43D56B23F0FC7365F35C
:106C80000508156D23F4803328F000492B43D2F812
:106C90004880156C28F4805B49EA0509556CBBF502
:106CA000606F4AEA050A53D02AF4F05A48EA0A0A01
:106CB000D56C2AF4804A4AEA0508D2F854A005297E
:106CC00009D8DFE801F0CEC8C2BC03B6166B24F4C5
:106CD000001444EA46140744CEF88030C7F8E89020
:106CE000C1EBC103C7F8E480C7F8D4A0C0F8A04343
:106CF000D2E901A9D2E903479B00203315684CF87B
:106D000003500CEB0306C6E901A9C6E903470529B0
:106D10000AD8DFE801F003847D766F68D0F8843309
:106D200043F00203C0F88433019B43B9DEF880309E
:106D3000D26D23F4007343EA4223CEF88030002062
:106D400001238CF8DD308CF8DC0003B0BDE8F08F57
:106D5000402EADD1A8E70468D0F8A01324F0200499
:106D60002C43202D24F0C00360D09569022D5DD006
:106D7000032D00F08480042D0CBF43F0800324F029
:106D8000E003D46923F400632343146A23F480638B
:106D90002343546A23F0C0632343946A23F00063BF
:106DA0002343D46A23F0404343EA8403546B23F023
:106DB00000532343146B036021F480312143C0F856
:106DC000A013D2E90213D2E900541269CCF8D820FA
:106DD000CCE93254CCE93413D0F8843343F00103C6
:106DE000C0F88433ABE7D0F8843343F04003C0F8F5
:106DF000843399E7D0F8843343F02003C0F8843318
:106E000092E7D0F8843343F01003C0F884338BE763
:106E1000D0F8843343F00803C0F8843384E7D0F813
:106E2000843343F00403C0F884337DE743F0200348
:106E3000A7E7166B24F4800444EA86144BE7166B2C
:106E400024F4801444EA061445E7166B24F4002465
:106E500044EAC6043FE7166B24F4802444EA86041F
:106E600039E7166B24F4003444EA460433E729F486
:106E7000807949F08009D3E670470220704743F0DB
:106E800040037EE790F8DD30022B8446D8B246D02E
:106E90009CF8DC30012B6DD0DCF80000022310B52B
:106EA0008CF8DD3000EBC1131468D3F8EC3023F01C
:106EB000100343EA0413546823F480132343D46873
:106EC00023F480332343946823F4003323439469E9
:106ED000012C4FEAC11E17D08644CEF8EC300629AB
:106EE0000BD8DFE801F0242B323904401D00D0F824
:106EF000843343F02003C0F88433002001238CF84E
:106F0000DD308CF8DC0010BD1469526923F00403F5
:106F1000234323F00203134343F00103DCE77047EC
:106F2000D0F8843343F00103C0F88433E5E7D0F8A8
:106F3000843343F00203C0F88433DEE7D0F88433AF
:106F400043F00403C0F88433D7E7D0F8843343F028
:106F50000803C0F88433D0E7D0F8843343F010033B
:106F6000C0F88433C9E7D0F8843343F04003C0F855
:106F70008433C2E70220704790F8DD30022B84464C
:106F8000D8B23FD09CF8DC30012B3CD0022310B5A6
:106F90008CF8DD30D2E90003C3F3080300F4E050BD
:106FA00018439368546903F400731843136903F496
:106FB00080431843D36803F400430343906900F00F
:106FC00000700343106A00F080400343D06900F072
:106FD00000421343DCF8002002EBC1110B4AD1F848
:106FE000B80002EA04421343094A02404FF0000E7F
:106FF00013430122C1F8B8308CF8DD208CF8DCE0B6
:10700000704610BD70470220704700BF0000FF01AE
:107010000020003C00B590F8DDE0BEF1020F844690
:107020005FFA8EF027D09CF8DC00012800F0A080E9
:1070300001208CF8DC0006294FF002008CF8DD00FE
:1070400002F1FF3219D0072A05D8DFE802F02B61E0
:10705000043904040441072200238CF8DD208CF855
:10706000DC309CF8DD30072B27D0002001238CF882
:10707000DD308CF8DC005DF804FB072AEBD801A1B9
:1070800051F822F05D710008537100085770000834
:1070900067710008577000085770000857700008A3
:1070A00049710008DCF800201B6802EBC112C2F82D
:1070B0009C309CF8DD30072BD7D101205DF804FB14
:1070C000DCF800201B6802EBC112C2F8A830C8E748
:1070D000DCF80020186802EBC1125968C2F8AC0055
:1070E00000294FD0D2F8800020F44040C2F8800040
:1070F000D2F88000B1F5005F40EA8100C2F880005C
:107100001ED0B1F5405FACD19B68C2F8A830A8E7AB
:10711000DCF80020186802EBC1125968C2F8A4001C
:1071200049B3D2F8800020F44050C2F88000D2F871
:107130008000B1F5005F40EA0100C2F88000E0D1B4
:107140009B68C2F89C308CE7DCF800201B68D36297
:1071500087E7DCF800201B68536282E7DCF8002038
:107160001B68D3617DE7DCF800201B68936278E739
:1071700002205DF804FBD2F8803023F44053C2F8BB
:1071800080306EE7D2F8803023F44043C2F880307C
:1071900067E700BFF0B590F8DD40022C8446E0B20E
:1071A00044D09CF8DC0001284FF002003ED08CF85F
:1071B000DD00DCF800004FEAC11E00EBC111402ADF
:1071C000D1F8E460D1F8B8503AD030D8012A37D09D
:1071D000023A1E2A3CD8012101FA02F228490A4249
:1071E00048D000EB0E025968C2F8C4109968C2F882
:1071F000C81010246FF47E0206EA0201DE681A68E5
:107200005F6932431E6932433A439F693A43A24061
:10721000082E42EA01021FD000EB0E0301210020DC
:10722000C3F8E4208CF8DD108CF8DC00F0BDB2F57A
:10723000007FD6D017D8802AD3D0B2F5807F07D16F
:1072400000EB0E025968C2F8BC109968C2F8C01071
:107250006FF0FE020024CFE715F0022FDCD1DB69CE
:10726000A3401A43D8E7B2F5806FE9D0B2F5006FBA
:10727000EED1B6E744F204010A42E1D1E8E700BFEB
:107280004100004090F8DC20012A034611D000683C
:10729000022283F8DD20D0F894234FF0000C0A433B
:1072A0000121C0F89423604683F8DD1083F8DCC028
:1072B00070470220704700BF90F8DC20012A034687
:1072C00011D00068022283F8DD20D0F898234FF017
:1072D000000C0A430121C0F89823604683F8DD10B2
:1072E00083F8DCC070470220704700BF90F8DC20B4
:1072F000012A03460FD00068022283F8DD200268CD
:107300004FF0000C0A4301210260604683F8DD1053
:1073100083F8DCC070470220704700BF704700BF91
:10732000704700BF704700BF704700BF704700BF85
:10733000704700BF704700BF704700BF704700BF75
:10734000704700BF704700BF704700BF704700BF65
:10735000704700BF704700BF704700BF704700BF55
:10736000704700BF704700BF704700BF704700BF45
:10737000704700BF704700BF704700BFFF292DE96D
:10738000F0410368074600F0908006290D4650D072
:107390004A1C03EBC21203EBC1135468D3F88C6090
:1073A000E2074FEAC11802D5F20700F1AC80A2074C
:1073B00002D5B30700F1B880600702D5710700F16C
:1073C000BD80220702D5330700F1C280E00602D556
:1073D000F10600F1C780620602D5730600F1CC8089
:1073E000200602D5310600F1D180E20502D5F30571
:1073F00000F1D680A00502D5B10500F1DC80620560
:1074000002D5730500F1E280200502D5310500F1B7
:10741000E880E20402D5F30400F1EE80A00402D576
:10742000B10400F1F480620401D5730471D4BDE8A5
:10743000F081D3F88863D3F890835C68DD68F1034A
:1074400003D518F4803F40F0ED80B20303D518F463
:10745000003F40F0F480E30702D5EE0700F1F8802A
:10746000A00702D5A90700F1FB80620702D56B07D0
:1074700000F1FE80260702D5280700F10181E10610
:1074800002D5EA0600F10481A30602D5AE0600F19A
:1074900007816006CBD56906C9D53B6840229A6052
:1074A00006213846FFF74EFFC1E7D3F88843D3F8EB
:1074B0009053E20702D5EE0700F1F980A00702D54C
:1074C000A90700F1FA80620702D56B0700F1FD8081
:1074D000260702D5280700F10081E10602D5EA0659
:1074E00000F10381630602D56E0600F10681A40651
:1074F0009DD5A8069BD53B682022C3F88C2338462F
:10750000FFF718FF93E70122C3F88820FFF71EFF5B
:107510004DE73B6843444FF480422946C3F8882036
:107520003846FFF71FFF82E73B6843440222C3F857
:10753000882029463846FFF70BFF3DE73B68434468
:107540000422C3F8882029463846FFF703FF38E7AE
:107550003B6843440822C3F8882029463846FFF791
:10756000FBFE33E73B6843441022C3F888202946DA
:107570003846FFF7E9FE2EE73B6843444022C3F854
:10758000882029463846FFF7DDFE29E73B6843445B
:107590008022C3F8882029463846FFF7DFFE24E71B
:1075A0003B6843444FF48072C3F88820294638462C
:1075B000FFF7D6FE1EE73B6843444FF40072C3F862
:1075C000882029463846FFF7D1FE18E73B68434438
:1075D0004FF48062C3F8882029463846FFF7C8FE7A
:1075E00012E73B6843444FF40062C3F88820294601
:1075F0003846FFF7BFFE0CE73B6843444FF4805228
:10760000C3F8882029463846FFF7B6FE06E73B68F0
:1076100043444FF40052C3F8882029463846FFF708
:10762000A3FE00E74FF48032C3F88C23012380F8D7
:10763000DD30002380F8DC30FFF77EFE05E73B6895
:107640004FF40032C3F88C233846FFF777FE02E789
:107650003B6801229A6006213846FFF777FEFFE675
:107660003B6802229A6006213846FFF771FEFCE66D
:107670003B6804229A6006213846FFF76BFEF9E664
:107680003B6808229A6006213846FFF765FEF6E659
:107690003B6810229A6006213846FFF755FEF3E654
:1076A0003B6820229A603846FFF74AFEF1E6012245
:1076B000C3F88C23FFF732FE00E73B680222C3F8D1
:1076C0008C233846FFF72CFEFDE63B680422C3F806
:1076D0008C233846FFF726FEFAE63B680822C3F8FB
:1076E0008C233846FFF720FEF7E63B681022C3F8EC
:1076F0008C233846FFF71AFEF4E63B684022C3F8B5
:107700008C233846FFF714FEF1E600BF28B338B5E6
:10771000D0E90031826804464CF6CC40186045F24E
:107720005550186059609A60FDF728FD236805469A
:10773000DA6851070AD0FDF721FD401B3128236884
:10774000F6D9DA685207F3D0032038BD1969E26828
:10775000914204D01A61002038BD012070474AF6DA
:10776000AA221A60F7E700BF03684AF6AA2200209F
:107770001A607047002800F0D78010B590F8913259
:10778000044603F0FF02002B00F0C98003232068A9
:1077900084F8913203F086FB2279002A00F0AE8053
:1077A00000234FF48071012AC4E908332182E37475
:1077B000A36200F0C08040F20111022AC4E9123332
:1077C000218784F83B30236544D04FF48171032A2C
:1077D000C4E91C33A4F8601084F86330A36739D07F
:1077E00040F20311042AC4E92633A4F8881084F86F
:1077F0008B30C4F8A0302DD04FF48271052AC4E933
:107800003033A4F8B01084F8B330C4F8C83021D0B5
:1078100040F20511062AC4E93A33A4F8D81084F8D6
:10782000DB30C4F8F03015D04FF48371072AC4E977
:107830004433A4F8001184F80331C4F8183109D096
:10784000C4E94E3340F20711A4F8281184F82B3113
:10785000C4F8403100230121022AC4E95833C4E9A5
:107860006233A4F8503184F85331C4F86831A4F875
:10787000781184F87B31C4F890313FD00221032A7B
:10788000C4E96C33A4F8A01184F8A331C4F8B8316A
:1078900034D00321042AC4E97633A4F8C81184F84B
:1078A000CB31C4F8E03129D00421052AC4E9803362
:1078B000A4F8F01184F8F331C4F808321ED0052181
:1078C000062AC4E98A33A4F8181284F81B32C4F8D3
:1078D000303213D00621072AC4E99433A4F84012A9
:1078E00084F84332C4F8583208D0C4E99E330722E2
:1078F000A4F8682284F86B32C4F88032234653F827
:10790000040B93E8060003F0D7FAA37A01220021C2
:107910009342217384F8912208D0002010BD80F892
:10792000902204F0BFFF31E701207047204600F0AD
:107930001BFF002010BDC4E95833A4F8503184F86F
:107940005331C4F86831D9E790F89032012B0FD049
:1079500010B504460123006884F8903203F098FAC9
:10796000206803F0E7FF002384F89032184610BD2A
:10797000022070472DE9F04F044683B0006803F001
:10798000E5FF10F400452CD1430500F17B8147044D
:107990001BD410F4005140F0D781C60400F18B8055
:1079A000050500F13183010600F10183820500F134
:1079B0001F84C30512D52268B2F8443023F48073C3
:1079C0001B041B0CA2F8443008E02268B2F84430D3
:1079D00023F480431B041B0CA2F8443003B0BDE821
:1079E000F08F2068B0F844301F04F7D5DFF8BCBA38
:1079F00010E011F0100100F0C580018811F400655D
:107A00008BB240F0E7801E0400F15A81B0F8443098
:107A10001A04E3D5B0F84450A9B215F00F05E8D028
:107A20000FFA85F830F8283019049EB266D4310672
:107A3000ECD530F828309BB203EA0B0343F4004343
:107A400005EB850220F8283004EBC202AF00D37C9E
:107A5000012B00F0858108EB880804EBC80C117C31
:107A6000DCF82830009316F4807A4FEAC8094FEA10
:107A7000C10E0FFA81F840F0A381B0F850501EFA01
:107A800085F50544B5F80254C5F309059D4280F01B
:107A900091815B1BCCF82830536A2B445362DCF88D
:107AA0002C3009F110012B442144CCF82C3003F088
:107AB0001BFD2068AAE72268B2F8403023F00403D7
:107AC0001B041B0CA2F84030B2F8403023F008032E
:107AD0001B041B0CA2F8403094F8C832012B00F0B4
:107AE0009583204604F04EFF2268B2F8443023F418
:107AF00080531B041B0CA2F844306FE730F8283089
:107B000023F070031B051B0D43F0800305EB85017B
:107B100020F8283004EBC101AF0091F85C31002B54
:107B20007BD1B0F8503000F2064212FA83F391F89C
:107B3000502133F83290C9F30909B9F1000F40F030
:107B4000D0814FF000097B1904EBC303D3F86C21FB
:107B50004A44C3F86C21D3F864214A44C3F8642131
:107B6000D3F8682122B1D3F860314B4540F29B81B4
:107B70002F4404EBC707204697F8501104F0C8FEC5
:107B8000206854E703889BB203EA0B0343F40043E5
:107B90000380B0F8503010FA83F2207C40F20243A8
:107BA00003EBC0032046D35A626AC3F309031A44A5
:107BB000E362626204F0B6FE237B63B3A36A2068CB
:107BC000002B7FF423AF227B42F08002A0F84C20F0
:107BD00023731BE7B0F8502094F8501140F206438D
:107BE00010FA82F203EBC10304F52671D35AB4F8FC
:107BF0005621C3F30903C4F86C3103F0BBFE2268BD
:107C0000138823F070031B051B0D43F080031380C2
:107C1000204604F077FE2068F8E691F8533191F899
:107C20005021022B00F00B8212B230F8223023F4E4
:107C3000E04323F070031B041B0C43F4004343F0A8
:107C4000C00320F8223091F850311AB230F82220C7
:107C500012F4804FB0F8502000F02F8100F2024C57
:107C60001CFA82F232F83390C9F30909B9F1000F16
:107C70003FF467AFB1F85821D1F864114B4603F0D7
:107C800079FE60E72268B2F8443023F480631B0475
:107C90001B0CA2F84430204604F052FE94F89032B7
:107CA000012B3FF49BAE0123206884F890322573AA
:107CB000294603F039FE84F8905203B0BDE8F08FF6
:107CC000028840F68F73134043F080030380B0F8BE
:107CD000502094F8501140F2064310FA82F203EB60
:107CE000C103D35AC3F30903C4F86C3193B1D4F878
:107CF000641179B1B4F8562103F03CFED4F8643134
:107D0000D4F86C21134420462946C4F8643104F0A9
:107D1000FFFD206803881D059AB23FF577AE02F497
:107D20004052B2F5405F3FF471AE038823F48043C4
:107D300023F070031B041B0C83F4405343F40043F3
:107D400043F08003038061E62268B2F8443023F4F4
:107D500000531B041B0CA2F8443003B0BDE8F08FA5
:107D60006B1C03EB8303002144F83310137FC3B172
:107D700016F04006537C40F00F81002B40F05982F2
:107D8000137CB0F8502000EBC30303F2064392B219
:107D9000995AC1F309019952995A89B241F40041A3
:107DA00099523D4404EBC5052046297C04F0BAFDF8
:107DB00020682BE6CCF828A0204604F0B3FD2AE783
:107DC00006F4804316F04006019340F09280B0F82C
:107DD0005020009B00F2064A1AFA82F232F83890DC
:107DE000C9F30909994540F2A581CCF828607B19AF
:107DF00004EBC3035B7C002B40F0A382B0F850205F
:107E00000EF2024692B20644B35AC3F30903B352C8
:107E1000B35A6FEA43436FEA53439BB2B352B0F88D
:107E200050201AFA82F232F83830C3F3090322F8EC
:107E3000383032F838306FEA43436FEA53439BB22D
:107E400022F838307B1904EBC303DB7C022B0FD103
:107E500030F8283023F4E04323F040031B041B0CCC
:107E600083F0200343F4004343F0800320F82830DC
:107E7000204604F057FD019B002B7FF4CCAE7B190C
:107E800004EBC30320681A7C30F8223023F4E0436B
:107E900023F070031B041B0C43F4404343F08003A6
:107EA00020F82230B2E5282101FB0541206801F5C8
:107EB000A87103F019FB2068B9E500F2064C1CFA22
:107EC00082F232F83390C9F30909B9F1000F3FF497
:107ED00038AEB1F85A21D1F864114B4603F04AFD8F
:107EE00031E6B1F85621D1F864114B4603F042FD5A
:107EF00029E6B0F85060009B00F2024A1AFA86F6B2
:107F000036F83890C9F309099945C0F0E280002697
:107F1000CCF82860537C002B40F02582B0F850301C
:107F20001AFA83F30EF2064233F83860C6F30906F4
:107F300023F8386033F83860B6B246F4004623F8C8
:107F40003860B0F8503002449BB2D65AC6F30906E6
:107F5000D652D65AB6B246F40046D6527B1904EB36
:107F6000C303DB7C022B0FD130F8283023F4E0432D
:107F700023F040031B041B0C83F0200343F4004355
:107F800043F0800320F82830204604F0CBFC019B0E
:107F9000002B7FF474AF3EE6002B40F03D81137C54
:107FA000B0F8502000EBC30303F20243EFE622686F
:107FB000B2F8443023F080031B041B0CA2F84430B9
:107FC00094F8C832002B40F00E81B2F840309BB2DA
:107FD00043F00403A2F84030B2F840309BB20121D4
:107FE00043F00803A2F8403084F8C812B2F85430C5
:107FF000C3F38D0303F03C032046C4F8CC3203B036
:10800000BDE8F04F04F096BD2268B2F840309BB254
:1080100043F00803A2F84030B2F8443023F4006380
:108020001B041B0CA2F84430B2F840309BB243F062
:1080300004032046A2F8403004F094FCCEE4B0F8EB
:1080400050E0D1F868310FFA82FCD20012FA8EF2B9
:1080500016F4804A024400F0F980B2F802E4CEF34C
:10806000090E9E45F14600F26581A3EB0E03C1F8AF
:1080700068317BB930F82C2022F4804222F0700263
:108080001204120C82F4005242F4004242F08002C8
:1080900020F82C2072060DD530F82C3023F4E04364
:1080A00023F070031B041B0C43F4004343F0C00394
:1080B00020F82C30BEF1000F3FF445AD791904EBE8
:1080C000C1017346B1F85821D1F8641103F052FC94
:1080D00039E5A3EB0903CCF82830019B6BB130F8EC
:1080E000283023F4E04323F070031B041B0C43F4FB
:1080F000404343F0800320F828307B1904EBC3038E
:1081000093F83420012A00F0DC803D4404EBC505DF
:108110002A7C30F8223023F4E04323F040031B0490
:108120001B0C83F0300343F4004343F0800320F83A
:1081300022306BE4A3EB0903CCF82830002B3FF48A
:1081400056AE019B6BB930F8283023F4E04323F09E
:1081500070031B041B0C43F4404343F0800320F8DE
:1081600028307B1904EBC30393F83420012ACCD1C7
:108170005A6A02EB09015962DCF82C604E44CCF8D3
:108180002C601E6B1A6A9642C0F00981B61A1E63F3
:108190001FFA82F97B1904EBC30393F811C0BCF1F9
:1081A000000F40F0F180B0F850301AFA83F39E448B
:1081B00033F83860C6F3090623F83860002A40F027
:1081C000198133F838206FEA42426FEA524292B284
:1081D00023F838207A1904EBC2024B46528B03F085
:1081E000B9FB206891E7204604F0BCFBFFF7F6BB23
:1081F0002268B2F8443023F400731B041B0C2046A1
:10820000A2F8443004F098FBFFF7E8BB84F8C812EA
:10821000204604F08FFC64E4012B7FF4C2AD137C94
:10822000B0F8502000EBC30303F2024392B299521C
:10823000B7E5012B7FF4B5AD137CB0F8502000EB0F
:10824000C30303F2064392B29E52AAE5B2F806E4D3
:10825000CEF3090E9E45F14670D8A3EB0E03C1F88C
:1082600068317BB930F82C2022F4804222F0700271
:108270001204120C82F4005242F4004242F08002D6
:1082800020F82C2073060DD430F82C3023F4E04372
:1082900023F070031B041B0C43F4004343F0C003A2
:1082A00020F82C30BEF1000F3FF44DAC791904EBEF
:1082B000C1017346B1F85A21D1F8641103F05AFB99
:1082C00041E45A6A02EB09015962DCF82C604E4421
:1082D000CCF82C601E6B1A6A96426FD3B61A1E63D6
:1082E0001FFA82F97B1904EBC30393F811C0BCF1A8
:1082F000000F59D1B0F850301AFA83F39E4433F886
:108300003860C6F3090623F83860002A40F09880E8
:1083100033F838206FEA42426FEA524292B223F8B1
:1083200038207A1904EBC2024B46128B03F012FB81
:108330002068EAE60023C1F868319BE6C1F868A12D
:1083400090E7012B7FF47EADB0F850300EF2024280
:108350009BB202440026D652B0F850301AFA83F38A
:1083600023F838606EE5012B7FF4F8ADB0F850309B
:108370001AFA83F30EF2064223F83860B0F8503050
:1083800002449BB2D652E9E5BCF1010F7FF422AF63
:10839000B0F850301AFA83F323F838901AE796B9F8
:1083A00083F834604A46F5E6BCF1010FB9D1B0F864
:1083B00050301AFA83F323F83890B2E74EBB83F8B3
:1083C00034604A468EE793F811C000221A6383F89E
:1083D00034201FFA86F9BCF1000FD5D1B0F8503027
:1083E0001AFA83F3324633F83860C6F3090623F8E5
:1083F00038609E443E2A32D8BEF800305608D20774
:1084000048BF01369BB243EA86239BB2AEF80030E8
:10841000E0E693F811C0002283F834201A631FFAB3
:1084200086F9BCF1000FBFD1B0F850301AFA83F3CF
:10843000324633F83860C6F3090623F838609E44A4
:108440003E2A1FD8BEF800305608D20748BF013672
:108450009BB243EA86239BB2AEF8003061E7D306B5
:10846000BEF800304FEA521608BF06F1FF369BB245
:1084700043EA86236FEA43436FEA53439BB2AEF865
:108480000030A7E6D306BEF800304FEA521608BF08
:1084900006F1FF369BB243EA86236FEA43436FEA55
:1084A00053439BB2AEF800303BE700BF0F8FFFFF96
:1084B00090F89022012A0DD010B5044601220068E0
:1084C00084F89022217303F02FFA002384F890326D
:1084D000184610BD0220704710B501F0070E0EEBD4
:1084E0008E0C090604464FEACC0C23D40CF5A87177
:1084F00001440EEB8E0004EBC0004FF0000C80F83E
:1085000051C1022BCB70C2F30A0204BF00230B71CE
:1085100081F800E00A6194F89032012B16D0012313
:1085200084F89032206802F0DBFC002384F890325B
:10853000184610BD0CF1100101440EEB8E0004EB47
:10854000C0004FF0010C80F811C0DAE7022010BD26
:1085500001F0070301F0070210B503EB83030446A3
:10856000090602EB82004FEAC30304EBC00016D4F5
:1085700003F5A873E1184FF0000C80F851C10A70A0
:1085800094F89032012B15D0012384F890322068A2
:1085900002F0C4FE002384F89032184610BD103358
:1085A000E1184FF0010C80F811C00A7094F8903275
:1085B000012BE9D1022010BD10B501F0070E0EEB22
:1085C0008E0C00EBCC0C2821002401FB0E01CCF812
:1085D000642100688CF850E1CCE95A348CF85141A0
:1085E00001F5A87102F080FF204610BD01F00701DF
:1085F00001EB810100EBC100D0F86C01704700BFB6
:1086000010B501F0070E0EEB8E0100EBC10C6146B8
:10861000CCF82830CCF83030002401230068CCF8A6
:10862000242010318CF83430CCF82C408CF81130E8
:108630008CF810E002F058FF204610BD027901F0DE
:1086400007039A4233D30A0610B504461CD401EB43
:108650008102282000FB014104EBC20201F5A87150
:10866000002082F8510101228A700B7094F8903238
:1086700093421AD0206884F8902203F0DFF8002398
:1086800084F89032184610BD03EB8302282101FBC9
:10869000030100EBC20210310120507401228A70E4
:1086A0000B7094F890329342E4D1022010BD012067
:1086B000704700BF38B5027901F00F039A4232D3F8
:1086C00001F0070301F00702044603EB830302EB0A
:1086D000820009064FEAC30304EBC00016D403F579
:1086E000A873E118002580F8515100258D700A709B
:1086F00094F89032012B14D00123206884F8903232
:1087000003F0C4F884F89052284638BD1033E118BD
:108710000125457400258D700A7094F89032012B64
:10872000EAD1022038BD012038BD00BF11F0800F12
:108730000CD001F0070101EB810100EBC10010300A
:1087400099B262B9C18002730020704701EB8101C8
:1087500000EBC10000F5A87099B2002AF2D0012206
:10876000836002730020704702460020116810B435
:1087700082F8C802B1F8543001249BB22343C2F8F6
:10878000D042A1F85430B1F854305DF8044B9BB29C
:1087900043F00203A1F85430704700BF354A136814
:1087A00060B903F4C063B3F5806FD2F880301BD09A
:1087B00023F48073C2F8803000207047B0F5007F4A
:1087C00006D023F4C06343F4806313600020704735
:1087D00003F4C063B3F5806FD2F8803029D043F43E
:1087E0008073C2F88030F1E723F48073C2F88030E0
:1087F00013682148214923F4C06343F400731360D4
:108800000368322000FB03F35069A1FB03139B0CA8
:10881000400503F1010306D500E023B15169490584
:1088200003F1FF33F9D4134B5B695B05CED503200D
:10883000704743F48073C2F8803013680E480F49C4
:1088400023F4C06343F4007313600368322000FB19
:1088500003F35069A1FB03139B0C400503F10103D3
:10886000E1D501E0002BDED05169490503F1FF336A
:10887000D9D5F7E7007000404801002083DE1B4394
:10888000024A936843F4804393607047007000404D
:10889000002800F0BD812DE9F0410368D90782B0BE
:1088A000044612D5A6498A68C96802F00C020C2A4F
:1088B00000F0D080082A40F0D280A14A12689203CA
:1088C00003D56268002A00F037819A0722D59C4AB6
:1088D0009368D26803F00C030C2B00F0F880042B93
:1088E00040F0FA80964B1B685B0503D5E368002BCC
:1088F00000F02281924A20695368924923F0FE4396
:1089000043EA006353600868FCF7F6FB002840F078
:10891000138123681A0719D56369894D002B00F06C
:10892000C280D5F8943043F00103C5F89430FCF7C9
:1089300025FC064605E0FCF721FC801B022800F21E
:108940001781D5F894309B07F5D523685D0741D58D
:108950007B4B9A6DD00000F10F819A6D42F08052EE
:108960009A659B6D03F080530193019B0125764E20
:108970003368D90540F12E81A368012B00F0FE80F9
:10898000052B00F084816E4ED6F8902022F0010273
:10899000C6F89020D6F8902022F00402C6F8902065
:1089A000002B40F0F280FCF7E9FB41F288380746E3
:1089B00005E0FCF7E3FBC01B404500F2D980D6F888
:1089C00090309907F5D425B15D4A936D23F080531B
:1089D000936523689A0618D5A369594D002B00F0BA
:1089E000E580D5F8983043F00103C5F89830FCF7DE
:1089F000C5FB064605E0FCF7C1FB801B022800F220
:108A0000B780D5F898309B07F5D5E369F3B14C4DA5
:108A1000AA6802F00C020C2A00F04781022B2B6896
:108A200023F080732B6000F0F580FCF7A7FB044671
:108A300005E0FCF7A3FB001B022800F299802B68DD
:108A40009B01F6D4EA68414B1340EB60002002B072
:108A5000BDE8F08101F0030103293FF42EAF636804
:108A6000B3F5803F55D0B3F5A02F00F0C480344D4E
:108A70002A6822F480322A602A6822F480222A603E
:108A8000002B4BD1FCF77AFB064604E0FCF776FBA3
:108A9000801B64286CD82B689903F7D423689A0745
:108AA0007FF538AF13E7D5F8943023F00103C5F80C
:108AB0009430FCF763FB064604E0FCF75FFB801B89
:108AC000022855D8D5F894309F07F6D43DE702F038
:108AD0000302022A3FF406AFE368194D002B37D09A
:108AE0002B6843F480732B60FCF748FB064604E0D8
:108AF000FCF744FB801B02283AD82B685F05F7D5AA
:108B00006B68226923F0FE4343EA02636B602368CB
:108B100000E70B4A136843F480331360FCF72EFB25
:108B2000074E054604E0FCF729FB401B64281FD8CC
:108B300033689F03F7D5B1E7012002B0BDE8F081AB
:108B4000001002405001002000700040FCFFEEFECB
:108B50002B6823F480732B60FCF710FB06462B6810
:108B600059057FF5D6AEFCF709FB801B0228F6D924
:108B7000032002B0BDE8F0810025F8E6654AD2F88E
:108B8000903043F00103C2F89030FCF7F7FA614FE0
:108B9000064641F2883804E0FCF7F0FA801B4045B5
:108BA000E6D8D7F890309B07F6D50CE7D5F8983083
:108BB00023F00103C5F89830FCF7E0FA064604E01C
:108BC000FCF7DCFA801B0228D2D8D5F898309F0732
:108BD000F6D41AE7336843F480733360FCF7CEFAB7
:108BE00007463368DA053FF5C7AEFCF7C7FAC01B86
:108BF0000228F6D9BCE703F18043A3F53C331A6899
:108C000042F480221A601A6842F480321A6085E7C2
:108C100001207047FCF7B2FA064604E0FCF7AEFA12
:108C2000801B0228A4D82B689901F7D4E9683A4B35
:108C3000226A606A0B401343D4E90A1243EA012313
:108C400043EAC263D4E90C120138490843EA00132D
:108C50000139520843EA4153013A43EA4263EB6067
:108C60002B6843F080732B60EB6843F08073EB60FC
:108C7000FCF784FA274D044605E0FCF77FFA001B59
:108C800002283FF675AF2B689A01F6D5DEE6214B38
:108C9000D3F8902042F00402C3F89020D3F890203B
:108CA00042F00102C3F890206FE7012B3FF444AF7C
:108CB000EB68226A03F0030191427FF43DAF616AE1
:108CC00003F0F0020139B2EB011F7FF435AFA16A66
:108CD00003F4FE42B2EB012F7FF42EAFE16A03F002
:108CE0007842B2EBC16F7FF427AF226B520803F4D6
:108CF000C001013AB1EB425F7FF41EAF626B5208D4
:108D000003F0C063013AB3EB426F14BF01200020AF
:108D10009DE600BF001002400C809F01184B9A682E
:108D200002F00C02042A26D09A6802F00C02082AEB
:108D300023D09A6802F00C020C2A01D00020704760
:108D4000D968DA68D86801F003010329C2F3031275
:108D5000C0F306200CBF0B4B0B4B0132B3FBF2F3FD
:108D600003FB00F0064BDB68C3F3416301335B0098
:108D7000B0FBF3F07047044870470248704700BFEB
:108D80000010024040787D010024F400002800F02B
:108D9000EE80784A2DE9F843136803F00F038B4205
:108DA0000D4604460CD2136823F00F030B431360E7
:108DB000136803F00F038B4202D00120BDE8F88353
:108DC0002368DF0769D56768032F00F0A0806A4B2E
:108DD000022F1B6800F097805B05EED5FFF79EFF22
:108DE000664B984240F2C080634A936823F0F003D8
:108DF00043F0800393604FF080095F4EB36823F027
:108E000003033B43B360FCF7B9F941F288380746E6
:108E100004E0FCF7B3F9C01B404571D8B368626841
:108E200003F00C03B3EB820FF3D123689F0736D412
:108E3000B9F1000F03D0B36823F0F003B3604D4ED7
:108E4000336803F00F03AB4246D823685A0706D5B0
:108E50004949E0688A6822F4E06202438A601B079D
:108E600007D5454A2169936823F4605343EAC10357
:108E70009360FFF753FF404A414C92684149C2F367
:108E800003120346A25C404802F01F02D3400B606D
:108E90000068BDE8F843FCF72FB99E07CFD5580707
:108EA00004D535498A6842F4E0628A60190706D51C
:108EB000314A936823F47C5343F4E06393602E4A71
:108EC000A16893682B4E23F0F0030B439360336843
:108ED00003F00F03AB42B8D9336823F00F032B43E1
:108EE0003360FCF74BF941F288380746336803F0EA
:108EF0000F03AB42A9D0FCF741F9C01B4045F5D99F
:108F00000320BDE8F8839A033FF568AF55E71A4A96
:108F1000116888017FF551AFD068D168D268174ECB
:108F200000F003000328C1F303110CBF17481848D1
:108F30000131B0FBF1F11048C2F3062201FB02F24D
:108F4000C168C1F3416101314900B2FBF1F2B242A3
:108F50000AD9826812F0F00F3FF446AF990703D5A3
:108F6000A368002B3FF440AF4FF0000945E7012014
:108F7000704700BF002002400010024000B4C4044B
:108F800084D40008480100205001002040787D0171
:108F90000024F400054B064A9B680649C3F30223EC
:108FA0000868D35C03F01F03D840704700100240EC
:108FB0007CD4000848010020054B064A9B680649FE
:108FC000C3F3C2230868D35C03F01F03D840704783
:108FD000001002407CD40008480100202DE9F04137
:108FE0000368044613F4002082B052D0AC4B9A6D53
:108FF000D50040F13A810027AA4D2B6843F48073D5
:109000002B60FCF7BBF8064605E0FCF7B7F8831BBE
:10901000022B00F235812B68D805F6D5A04D226DC4
:10902000D5F8903013F4407326D0934224D0D5F86D
:109030009010D5F8903043F48033C5F89030D5F8CF
:10904000903023F48033C5F8903021F44073C90781
:10905000C5F8903010D5FCF791F841F288380646F3
:1090600005E0FCF78BF8801B404500F20981D5F83C
:1090700090309B07F5D5226D8949D1F8903023F4C3
:1090800040731343C1F8903023680020002F40F054
:10909000FC80DD0708D582496568D1F8882022F078
:1090A00003022A43C1F88820990708D57C49A5689E
:1090B000D1F8882022F00C022A43C1F888205A07F0
:1090C00008D57749E568D1F8882022F030022A4394
:1090D000C1F888201F0708D571492569D1F8882073
:1090E00022F0C0022A43C1F88820DE0608D56C4968
:1090F0006569D1F8882022F440722A43C1F888209B
:109100009D0608D56649A569D1F8882022F44062F9
:109110002A43C1F88820590608D56149E569D1F884
:10912000882022F440522A43C1F888201A0608D524
:109130005B49256AD1F8882022F440422A43C1F8CD
:109140008820DF0508D55649656AD1F8882022F4C1
:1091500040322A43C1F888209E0308D55049A56AA9
:10916000D1F89C2022F003022A43C1F89C209D05DF
:1091700008D54B49E56AD1F8882022F440222A43D9
:10918000C1F8882059050BD54549256BD1F88820B1
:1091900022F440122A43B5F5801FC1F888207AD006
:1091A0001A050BD53E49656BD1F8882022F44002A0
:1091B0002A43B5F5800FC1F8882075D0DF040BD5A0
:1091C0003749A56BD1F8882022F040722A43B5F1C7
:1091D000807FC1F888206CD09E040BD53049E56BA8
:1091E000D1F8882022F040622A43B5F1006FC1F81F
:1091F000882063D05D040BD52949256CD1F88820DF
:1092000022F040622A43B5F1006FC1F888205AD09D
:1092100019040BD52249656CD1F8882022F0405200
:109220002A43B5F1805FC1F8882051D0DA030BD50D
:109230001B49A56CD1F8882022F040422A43B5F1A1
:10924000804FC1F8882048D05B030BD5144AE16CED
:10925000D2F89C3023F440130B43B1F5001FC2F841
:109260009C303FD002B0BDE8F0819A6D42F0805250
:109270009A659B6D03F080530193019B0127BBE628
:1092800023680320002F3FF404AF05498A6D22F0C4
:1092900080528A65FDE6CA6842F48012CA607FE7A0
:1092A0000010024000700040CA6842F48012CA6098
:1092B00084E7CA6842F48012CA608DE7CA6842F443
:1092C0008012CA6096E7CA6842F48012CA609FE7BB
:1092D000CA6842F48032CA60A8E7CA6842F48032A1
:1092E000CA60B1E7D36843F48013D36002B0BDE82D
:1092F000F08100BF2DE9F04182B000230E461546F3
:109300008DF803300746FBF739FF35442D1AFBF77C
:1093100035FF324B3C681B6803EB8303C3EBC3038D
:109320001B0D05FB03F30136019311D1A36813F460
:10933000C06F09D0237BDBB28DF803309DF803307A
:10934000A36813F4C06FF5D1002002B0BDE8F0812E
:10935000804623469B6813F4C06FF5D0237BDBB2B5
:109360008DF803309DF80330FBF708FFA0EB0800F1
:10937000A84209D2019A019B002A03F1FF3301930D
:1093800008BF00253B68E5E7D7E900315A68B1F529
:10939000827F22F0E0025A6013D0BA6AB2F5005F11
:1093A00007D11A6822F400521A601A6842F4005277
:1093B0001A600122002387F85D2087F85C300320C3
:1093C000C3E7BA68B2F5004F02D0B2F5806FE4D1BE
:1093D0001A6822F040021A60DFE700BF480100204F
:1093E0002DE9F04784B000230E4617468DF807306C
:1093F0000546FBF7C3FEDFF8389106EB0708A8EB3C
:109400000004FBF7BBFED9F8003003EB8303C3EB8A
:10941000C3031B0D04FB03F30293731C26D12C68BA
:10942000A36813F4C05FFBD1FBF7A8FEA8EB00080C
:10943000FBF7A4FED9F800302A68C3F3CB3308FB4E
:1094400003F3039393681906FCD43A463146284641
:10945000FFF750FF10B904B0BDE8F0872B6E43F062
:1094600020032B66032004B0BDE8F08782462B68FA
:109470009B6813F4C05F0ED0FBF780FEA0EB0A03DD
:10948000A34220D2029A029B002A03F1FF3308BFB5
:1094900000240293EBE7FBF771FEA8EB0004FBF757
:1094A0006DFED9F80030C3F3CB3304FB03F38046E1
:1094B00003932B689B681B06C7D5FBF75FFEA0EBE9
:1094C0000803A3421FD3D5E900315A68B1F5827F62
:1094D00022F0E0025A601FD0AA6AB2F5005F07D1FD
:1094E0001A6822F400521A601A6842F400521A6094
:1094F000012385F85D302B6E002243F0200385F8B0
:109500005C202B66AEE7039A039B002A03F1FF332E
:1095100008BF00240393CCE7AA68B2F5004F02D03D
:10952000B2F5806FD8D11A6822F040021A60D3E7F2
:1095300048010020002877D0426A2DE9F041044616
:10954000002A57D00023C0E9043394F85D3000218D
:10955000A16203F0FF01002B5AD02168E7680223C3
:1095600084F85D300B68B7F5E06F23F040030B60C3
:1095700046D854D1A56A4FF4805005F40055A3682D
:10958000A66902F0100C626803F4044302F48272CC
:109590001A43236903F002031343626902F00102D4
:1095A0001A43636B07F4706703F0080343EA070E7E
:1095B000E36903F03808236A03F0800706F40073B8
:1095C000134343EA08033B43360C2B4306F00406DF
:1095D0000B604EEA060343EA0C0303434B60CB697E
:1095E000002023F400630122CB61206684F85D2013
:1095F000BDE8F0814368B3F5827FA6D0C261A4E7DD
:10960000B7F5706F12D1A56A002005F40055B6E7D2
:1096100084F85C102046FBF71DF9626A9DE74FF461
:1096200080500025A562AAE7012070470020F8E7D6
:109630002DE9F041044690461E460F46FBF79EFD7D
:1096400094F85D306268012B05460BD0B2F5827F3D
:1096500040F08C80D9B2A368002B40F087800429A9
:1096600040F08480002F00F06981B8F1000F00F015
:109670006581002E00F0628194F85C30012B75D07A
:1096800094F85D30C4F840800121042B84F85C100C
:10969000E168A4F844601CBF052384F85D30002312
:1096A000B1F5E06F2366E364A4F846602365A76321
:1096B0002368A687E6875CD9596821F480515960F0
:1096C0001968480603D4196841F040011960002A5E
:1096D00000F00081012E00F0FD80069B01334FF069
:1096E000010628D09AE02268936899070DD5E38F88
:1096F0009BB253B146B1A16B31F8023BD360E38F0B
:10970000A163013B9BB2E3870026936813F001033A
:109710000FD0B4F8461089B259B1216CD26821F843
:10972000022B1E46B4F846302164013B9BB2A4F8DC
:109730004630FBF723FDE38F9BB2002BD3D1B4F867
:1097400046309BB2002BCED106992A462046FFF721
:1097500047FE002840F0ED80012384F85D30236E41
:1097600084F85C00181E18BF012000E00220BDE84C
:10977000F081012E00F01881596821F48051596060
:10978000196849065EBF196841F04001196062B965
:10979000E28F92B2012A40F2D38037F8022BDA60CE
:1097A000E38FA763023B9BB2E387069B01334FF035
:1097B00001067DD1E38F9BB223B9B4F846309BB24A
:1097C000002BC1D0226893689F0706D5E38F9BB218
:1097D0001BB1002E40F093800026936813F0010324
:1097E00019D0B4F8461089B2A9B1B4F84600216C7A
:1097F00080B2012877D9D06821F8020B2164B4F82F
:109800004610023989B2A4F84610B4F8461089B25D
:10981000012935D91E46FBF7B1FCCBE7E38F9BB29C
:1098200023B9B4F846309BB2002B8DD022689368E0
:1098300098070DD5E38F9BB253B146B1A16B31F8B8
:10984000023BD360E38FA163013B9BB2E387002619
:10985000936813F0010304D0B4F8461089B20029CC
:1098600078D1FBF78BFC069B401B9842D6D3012393
:1098700084F85D30002384F85C300320BDE8F0817B
:10988000516841F480515160C4E7002E40F0A68039
:109890000026936813F0010304D0B4F8461089B28F
:1098A000002964D1FBF76AFC069B401B9842DED27C
:1098B000E38F9BB22BB9B4F846309BB2002B3FF438
:1098C00043AF226893689B07E3D5E38F9BB2002BDD
:1098D000DFD0DAE737F8022BDA60E38FA763013BCA
:1098E0009BB2E387F9E6127B0A70B4F84620216C3C
:1098F000013A013192B22164A4F846208AE7E18F4F
:10990000A36B89B2012908D933F8021BD160E18F1A
:10991000A3638B1E9BB2E3875EE71B781373E38F11
:10992000A26B013B511C9BB22268A163E387002616
:1099300053E720220023226684F85C30012016E7DA
:109940003A781A73E38FA26B013B01329BB2A26398
:10995000E3872AE7216CD26821F8022B1E46B4F86F
:1099600046302164013B9BB2A4F8463079E7B4F855
:109970004600216C80B2012823D9D06821F8020B5F
:109980002164B4F84610023989B2A4F84610B4F83C
:10999000461089B2012901D91E4683E7516841F476
:1099A000805151601E467DE75A6842F480525A60E9
:1099B0001A6856063FF5ECAE1A6842F040021A608B
:1099C000E6E6127B0A70B4F84620216C013A0131B8
:1099D00092B22164A4F846201E4663E7E38FA16B90
:1099E0009BB2012B09D90B4633F8021BD160E18FE2
:1099F000A3638B1E9BB2E3874AE70B781373E38F55
:109A0000A26B013B511C9BB22268A163E3873FE735
:109A1000036A026A22F00102026270B44468826939
:109A20000D6822F4803222F073022A438D6823F0FD
:109A300002032B43154DA84213D005F50065A8423B
:109A40000FD005F54065A8420BD005F58065A8420A
:109A500007D005F58065A84203D005F50065A8424A
:109A60000DD1CD6823F008032B43D1E9056524F41B
:109A7000407446EA050C23F004034CEA04044968E8
:109A80004460826170BC416303627047002C0140F6
:109A9000036A026A22F48072026270B44468C26986
:109AA0000D6822F4803222F073022A438D6823F479
:109AB000007343EA0523174DA84214D005F500654D
:109AC000A84210D005F5E055A8420CD0A5F5805568
:109AD000A8420FD005F58065A8420BD005F580653A
:109AE000A8420FD106E0CD6823F4006343EA0523C2
:109AF00023F48063D1E9056524F4405446EA050C5B
:109B000044EA0C1449684460C26170BCC1630362DA
:109B1000704700BF002C0140036A026A22F48052A1
:109B2000026270B44468C2690D6822F0807222F447
:109B3000E64242EA05228D6823F4005343EA0533E6
:109B4000164DA84214D005F50065A84210D005F5C1
:109B5000E055A8420CD0A5F58055A8420FD005F5D8
:109B60008065A8420BD005F58065A8420FD106E0BC
:109B7000CD6823F4004343EA053323F48043D1E95D
:109B8000056524F4404446EA050C44EA8C1449680F
:109B90004460C26170BC016403627047002C0140E4
:109BA000002800F0998038B590F83D30044603F065
:109BB000FF02002B7DD023684849022284F83D2013
:109BC0008B421A6861D0B3F1804F29D0A1F594314E
:109BD0008B4225D001F580618B4221D001F5806157
:109BE0008B421DD001F594318B424ED001F5E051EE
:109BF0008B424AD0A1F580518B425FD001F5806144
:109C00008B425BD001F580618B4257D0A5696168BA
:109C1000E06822F080022A431A60D862996210E05C
:109C2000A168206922F070020A4322F44072A169FF
:109C3000024322F08002E0680A4361681A60D86239
:109C4000996201225A611A69D20703D51A6922F072
:109C500001021A61012384F8483084F83E3084F808
:109C60003F3084F8403084F8413084F8423084F842
:109C7000433084F8443084F8453084F8463084F822
:109C8000473084F83D30002038BDA068216922F0BB
:109C90007002024322F440720A43A16922F080025A
:109CA0000A431A60E268DA6262689A6262691A6359
:109CB000C7E780F83C20FBF751F87CE72069A169F1
:109CC00022F44072024322F08002E0680A43616895
:109CD0001A60D8629962E9E701207047002C0140C0
:109CE00090F83D30012B32D103681A49022280F8E6
:109CF0003D20DA688B4242F00102DA6019D0B3F1FC
:109D0000804F16D0144A934213D002F580629342DA
:109D10000FD002F5806293420BD002F59432934249
:109D200007D002F54062934203D002F5805293427D
:109D300007D19968094A0A40062A06D0B2F5803F41
:109D400003D01A6842F001021A6000207047012017
:109D5000704700BF002C01400004004007000100D4
:109D6000704700BF002800F0998038B590F83D306A
:109D7000044603F0FF02002B7DD0236848490222ED
:109D800084F83D208B421A6861D0B3F1804F29D00E
:109D9000A1F594318B4225D001F580618B4221D011
:109DA00001F580618B421DD001F594318B424ED07C
:109DB00001F5E0518B424AD0A1F580518B425FD032
:109DC00001F580618B425BD001F580618B4257D0F9
:109DD000A5696168E06822F080022A431A60D862AF
:109DE000996210E0A168206922F070020A4322F40F
:109DF0004072A169024322F08002E0680A43616870
:109E00001A60D862996201225A611A69D20703D591
:109E10001A6922F001021A61012384F8483084F89B
:109E20003E3084F83F3084F8403084F8413084F884
:109E3000423084F8433084F8443084F8453084F864
:109E4000463084F8473084F83D30002038BDA068A3
:109E5000216922F07002024322F440720A43A16990
:109E600022F080020A431A60E268DA6262689A624B
:109E700062691A63C7E780F83C20FFF771FF7CE74F
:109E80002069A16922F44072024322F08002E06856
:109E90000A4361681A60D8629962E9E70120704755
:109EA000002C014010290AD8DFE801F0190909093E
:109EB000530909095B090909630909096B0090F84D
:109EC0004330012B6ED10B1F0C2B62D8DFE803F05F
:109ED000456161614D616161556161615D0090F84D
:109EE0003E30012B5ED1022380F83E30036801F042
:109EF0001F01186A01228A4020EA02001862186ACB
:109F0000324902438B421A6247D0314A934244D0CD
:109F100002F54062934240D002F58062934243D002
:109F200002F5806293423FD002F50062934234D042
:109F3000B3F1804F3DD19968264A0A40062A06D0DF
:109F4000B2F5803F03D01A6842F001021A60002087
:109F5000704790F83F30012B24D1022380F83F3026
:109F6000C4E790F84030012B1CD1022380F8403028
:109F7000BCE790F84130012B14D1022380F8413026
:109F8000B4E790F84230012B0CD1022380F8423024
:109F9000ACE7022380F84330A8E75A6C42F4004251
:109FA0005A64C8E7012070475A6C42F400425A6470
:109FB000C9E7094A9342BED002F580629342BAD003
:109FC00002F580629342B6D0BDE700BF002C01408D
:109FD00000340140070001000004004090F83C20DC
:109FE000012A7AD0034630B402680224012083F8A3
:109FF0003D4083F83C009568614C2C4094600C68AF
:10A00000702C6CD027D8502C79D02DD8402C40F013
:10A01000A0804868CC68116A21F00A010843116ADF
:10A0200021F001011162916921F0F00141EA04116E
:10A0300091611062916821F4401121F0700141F0AA
:10A040004701916000200121002283F83D1083F830
:10A050003C2030BC7047B4F5005F6AD021D8B4F51D
:10A06000805018BF0120EEE7602CECD14868CC6826
:10A07000116A21F0A00141EA0011106A20F01000DD
:10A080001062906920F4704040EA043090611162DF
:10A09000916821F4401121F0700141F06701916055
:10A0A000D0E738498C420ED05DD820398C420AD096
:10A0B00006D824F01001B1F5801F04D00120C2E7BA
:10A0C00031498C42FAD1916821F4401121F070019C
:10A0D000214341F007019160B4E702207047D1E9C4
:10A0E000015094682843CD6824F47F4140EA05205C
:10A0F00008439060916841F077019160A2E7486859
:10A10000CC68116A21F00A010843116A21F00101AB
:10A110001162916921F0F00141EA0411916110622C
:10A12000916821F4401121F0700141F057019160D4
:10A1300088E7D1E9015094682843CD6824F47F4131
:10A1400040EA052008439060916841F480419160A5
:10A1500078E73FF678AF202CB5D00ED834F0100158
:10A160007FF471AFAFE709498C42ACD024F02005F1
:10A1700010398D427FF467AFA5E7302CA3D09DE75F
:10A180008800CEFF4000100030001000600010007A
:10A19000704700BF704700BF704700BF704700BFE7
:10A1A000036870B5DE681C69A207054601D5B107D2
:10A1B00068D4630701D5700754D4210701D532074D
:10A1C0003ED4E00601D5F10626D4E20701D5F30717
:10A1D0007AD414F4025F62D030067DD4600602D5D2
:10A1E000710600F18480A20602D5B30600F18780D3
:10A1F000E00202D5F10200F18A80A20202D5B30288
:10A2000000F18D80600202D5710200F1908022027F
:10A2100001D533024FD470BD2B686FF010021A6164
:10A2200008222A77DB6913F4407F284640F09680A5
:10A23000FFF7AEFF2846FFF7AFFF00232B77C4E7F9
:10A240002B686FF008021A6104222A77DB699B07EA
:10A25000284674D1FFF79CFF2846FFF79DFF002397
:10A260002B77AEE72B686FF004021A6102222A777F
:10A270009B6913F4407F284664D0FFF78BFF0023CF
:10A280002B779AE76FF002021A61012202779B692D
:10A290009A075DD0FFF77EFF00232B7789E7E20561
:10A2A0009CD533069AD52B686FF480721A612846C4
:10A2B00000F03AFA92E72B686FF4000228461A6120
:10A2C000BDE8704000F038BA2B686FF001021A61E7
:10A2D0002846FAF75DFA7CE72B686FF402521A61A0
:10A2E000284600F01FFAE1057FF578AFDBE72B6821
:10A2F0006FF040021A612846FFF750FF73E72B68A2
:10A300006FF020021A61284600F00AFA70E72B6805
:10A310006FF480121A61284600F008FA6DE72B6886
:10A320006FF400121A61284600F002FA6AE72B68FF
:10A330006FF480021A61284600F0FCF967E7FFF726
:10A3400029FF8CE7FFF724FF2846FFF725FF96E754
:10A35000FFF71EFF2846FFF71FFF9DE7FFF71AFFD5
:10A360006BE700BF036A026A22F01002026270B457
:10A37000446882690D6822F0807222F4E64242EA63
:10A3800005228D6823F0200343EA0513164DA842E9
:10A3900014D005F50065A84210D005F5E055A84297
:10A3A0000CD0A5F58055A8420FD005F58065A842D0
:10A3B0000BD005F58065A8420FD106E0CD6823F0EB
:10A3C000800343EA051323F04003D1E9056524F433
:10A3D000406446EA050C44EA8C04496844608261A2
:10A3E00070BC816303627047002C014090F83C30E0
:10A3F000012B00F0E480012370B504460D4680F87F
:10A400003C30142A0CD8DFE802F0530B0B0B670B1F
:10A410000B0B780B0B0B880B0B0B990B0B0B10001A
:10A42000002384F83C30012070BD03682E681A6A4E
:10A43000196A21F4801119625868196D21F0807130
:10A4400021F4E04141EA0621AE6822F4001242EA1A
:10A4500006525C4EB34213D006F50066B3420FD0ED
:10A4600006F54066B3420BD006F58066B34207D0CE
:10A4700006F58066B34203D006F50066B34204D108
:10A480006E6920F4802040EA86205860196569686A
:10A49000D9641A621A6D296942F400621A651A6D4C
:10A4A00022F480621A651A6D42EA01221A650EE0F2
:10A4B0000068FFF7ADFA83692A6943F008038361F6
:10A4C000836923F004038361836913438361002359
:10A4D00084F83C30002070BD0068FFF743FF8369BB
:10A4E0002A6943F400638361836923F48063836191
:10A4F000836943EA02238361E9E70068FFF7C8FA4A
:10A50000C3692A6943F00803C361C36923F00403E4
:10A51000C361C3691343C361D9E70068FFF7FCFA5D
:10A52000C3692A6943F40063C361C36923F4806388
:10A53000C361C36943EA0223C361C8E703682E68A5
:10A540001A6A196A21F4803119625868196D21F468
:10A55000803121F070013143AE6822F4003242EACA
:10A560000642184EB34213D006F50066B3420FD030
:10A5700006F54066B3420BD006F58066B34207D0BD
:10A5800006F58066B34203D006F50066B34204D1F7
:10A590006E6920F4803040EA0620586019656968C9
:10A5A00099641A621A6D296942F008021A651A6DD7
:10A5B00022F004021A651A6D0A431A6587E7022021
:10A5C000704700BF002C014090F83C30012B4FD069
:10A5D00030B40268274D022380F83D30AA42536808
:10A5E0000C68844690681DD005F50065AA4234D0F9
:10A5F00005F5E055AA4215D023F0007323F070034F
:10A600002343B2F1804F536017D18B6820F0800054
:10A6100018439060002001238CF83D308CF83C00FA
:10A6200030BC70474D6823F470032B4323F0007354
:10A6300023F0700323435360E7E70F4B9A42E4D0C3
:10A6400003F580639A42E0D003F580639A42DCD040
:10A6500003F59A339A42DDD1D7E74D6823F47003AE
:10A660002B4323F0007323F070031C435460CCE7AA
:10A6700002207047002C01400004004090F83C305C
:10A68000012B48D010B4D1E9024323F440730246B1
:10A69000234348680C6823F48063034323F4006376
:10A6A0000869234323F480534C69034323F4005384
:10A6B000086B234323F480438C69034323F4702302
:10A6C000C86943EA044323F08053144C03431068E1
:10A6D000A04207D004F50064A04203D004F5E05482
:10A6E000A04210D18C6A23F4700343EA04530C6A2D
:10A6F00023F0807323434C6AC96A23F00073234319
:10A7000023F000530B430021436482F83C100846B9
:10A710005DF8044B70470220704700BF002C0140D9
:10A72000704700BF704700BF704700BF704700BF51
:10A73000704700BF704700BF704700BF70B5044648
:10A7400003688268006961691D6802430A43E06921
:10A750009749024329400A431A605A68E168656ACA
:10A7600022F440520A4393495A608B429968A26985
:10A7700021F06E4121F4306100F0C180266A32433D
:10A780000A439A60DA6A22F00F022A43DA628A4A9E
:10A79000934239D0894A934211D0894A934259D081
:10A7A000884A934244D0884A934200F09B8001201B
:10A7B00000234FF00112C4E91D33A26670BD834B24
:10A7C000D3F8883003F00C030C2BF0D801A252F818
:10A7D00023F000BFD9A80008AFA70008AFA7000862
:10A7E000AFA7000847A80008AFA70008AFA7000858
:10A7F000AFA700089BA80008AFA70008AFA70008F4
:10A80000AFA7000869A80008704BD3F8883003F0A0
:10A810000303022B41D0032B26D0012B13D0B0F51C
:10A82000004F00F0B380FEF7C7FBA0B3656A20E0DD
:10A83000664BD3F8883003F0C003802B2DD000F294
:10A840009B80002B48D0B0F5004F00F0A780FEF7AA
:10A8500065FAEAE75D4BD3F8883003F03003202B2C
:10A860001BD0EED9302BA2D1B0F5004F19D04FF448
:10A8700000406368564A32F81510B0FBF1F04FF60D
:10A88000EF7200EB5300B0FBF3F0A0F11003934222
:10A890008DD82368D86000208AE7B0F5004F4D4876
:10A8A000E7D162684A4B33F81510B0FBF1F053085A
:10A8B00003EB40034FF6EF71B3FBF2F3A3F1100289
:10A8C0008A423FF674AF23F00F02216892B2C3F3BD
:10A8D00042031343CB60DEE7B0F5004F50D0FEF7E4
:10A8E00059FBA2E7394BD3F8883003F44073B3F532
:10A8F000007FD2D0A5D9B3F5407FB5D057E711433B
:10A900009960DA6A314922F00F022A43DA62D1F8FB
:10A91000883003F44063B3F5006F3AD041D8002B80
:10A9200039D0FEF7FBF90028B5D0656A6668284B78
:10A9300006EB460133F81520B0FBF2F399423FF6DF
:10A9400036AFB3EB063F3FF632AF00231946F6F7BA
:10A95000B9F872080302090241EA1061981841F13E
:10A96000000132460023F6F7ADF81B4BA0F540720C
:10A970009A423FF61CAF8CE7C02B3FF475AF16E749
:10A98000FEF708FB002886D0656A8AE7FEF714FB0D
:10A99000F8E71048CAE7FEF7FDFAC4E7FEF7BEF98C
:10A9A000F0E7B3F5406F7FF402AF4FF40040BDE72E
:10A9B000F369FFCF008000400038014000440040B0
:10A9C00000480040004C0040005000400010024091
:10A9D00094D400080024F400FFFC0F00836A1A07D7
:10A9E00010B406D50168846B4A6822F40042224301
:10A9F0004A60DC0706D50168C46A4A6822F400325E
:10AA000022434A60990706D50168046B4A6822F41C
:10AA1000803222434A605A0706D50168446B4A686F
:10AA200022F4802222434A60DC0606D50168C46B0A
:10AA30008A6822F4805222438A60990606D501680A
:10AA4000046C8A6822F4005222438A605A0609D5AF
:10AA50000168446C4A6822F480122243B4F5801FD6
:10AA60004A600BD01B0606D50268C16C536823F4FC
:10AA700000230B4353605DF8044B70474A68846CB5
:10AA800022F4C00222434A60ECE700BF38B500233D
:10AA90000446C0F89030FAF771FB226813681B0770
:10AAA00005460FD41368590731D400232022C4F877
:10AAB00088201846C4F88C20E3662367002384F8B6
:10AAC000843038BDD3699802ECD40CE0196849078A
:10AAD0001A4605D5D96908074AD4D969090575D434
:10AAE000DB699802DED4FAF749FB431BB3F1007F20
:10AAF0002368EBD353E8002F22F0800243E80021C3
:10AB00000029F7D12023C4F888300320D6E7D36981
:10AB10005B02CAD40DE01A68500707D5DA6911073D
:10AB200000F18280DA69120500F1AC80DB695B021A
:10AB3000BBD4FAF723FB431BB3F1007F2368EAD3AE
:10AB400053E8002F22F4907243E800210029F7D146
:10AB500003F1080252E8002F22F0010203F108007D
:10AB600040E800210029F3D12023C4F88C30CCE741
:10AB700008221A6253E8002F22F4907243E8002161
:10AB80000029F7D1564803F1080252E8002F02408D
:10AB900003F1080545E800210029F4D1E26E012AFD
:10ABA0000BD0002220200821C4F88C006267E266E6
:10ABB00084F88420C4F890109CE753E8002F22F01A
:10ABC000100243E800210029F7D1EAE74FF40062C0
:10ABD0001A6253E8002F22F4907243E80021002902
:10ABE000F7D13F4803F1080252E8002F024003F179
:10ABF000080545E800210029F4D1E26E012A0AD0B7
:10AC000000222021C4F88C106267E26684F8842058
:10AC1000C4F890106EE753E8002F22F0100243E8CA
:10AC200000210029F7D1EBE708221A6253E8002F30
:10AC300022F4907243E800210029F7D1284803F15B
:10AC4000080252E8002F024003F1080545E8002100
:10AC50000029F4D1E26E012A0BD000222020082125
:10AC6000C4F88C006267E26684F88420C4F890100F
:10AC700066E753E8002F22F0100243E80021002984
:10AC8000F7D1EAE74FF400621A6253E8002F22F48A
:10AC9000907243E800210029F7D1114803F108021E
:10ACA00052E8002F024003F1080545E80021002981
:10ACB000F4D1E26E012A0AD000222021C4F88C10BF
:10ACC0006267E26684F88420C4F8901038E753E89D
:10ACD000002F22F0100243E800210029F7D1EBE712
:10ACE000FEFFFFEF80B3D0F8883010B5044633B3D1
:10ACF0002268A16A2423C4F88830136823F0010372
:10AD00001360C1B92046FFF719FD012811D023684F
:10AD10005A6822F490425A609A6822F02A029A6095
:10AD20001A6842F0010220461A60BDE81040FFF7A1
:10AD3000ADBE012010BD2046FFF750FEE2E780F8CF
:10AD40008430FAF729F9D3E70120704790F884306E
:10AD5000012B17D00268242310B4C0F88830116882
:10AD60001468002324F0010421F0005114604366AC
:10AD7000116080F884302022C0F888205DF8044BF0
:10AD8000184670470220704790F88420012A37D077
:10AD900003460268242030B5C3F8880014681068A0
:10ADA00020F001001060906820F060400143586E70
:10ADB000916010B391689068124DC1F3426C4FEAF4
:10ADC000507E114911F80E0011F80C1015F80EE024
:10ADD00015F80C50C000C900B0FBFEF0B1FBF5F156
:10ADE000A3F868100021A3F86A002025146083F8F6
:10ADF00084100846C3F8885030BD01210846EFE7AB
:10AE000002207047ACD40008B4D4000890F8842025
:10AE1000012A37D003460268242030B5C3F88800E1
:10AE20001468106820F001001060906820F06060E5
:10AE30000143586E916010B391689068124DC1F350
:10AE4000426C4FEA507E114911F80E0011F80C10B7
:10AE500015F80EE015F80C50C000C900B0FBFEF06C
:10AE6000B1FBF5F1A3F868100021A3F86A002025D2
:10AE7000146083F884100846C3F8885030BD01215F
:10AE80000846EFE702207047ACD40008B4D40008AD
:10AE900003464BF680720020A3F84400A3F840203C
:10AEA000704700BFB0F84010034644F27F020A40EA
:10AEB0000020A3F840207047034682B04FF0010CF9
:10AEC0000020A3F840C00DF1080CA3F840000CE9E5
:10AED0000600A3F84400A3F8500002B0704700BF7A
:10AEE00070B50C7891F803E00FFA84FC034630F853
:10AEF0002C2022F4EC4222F070021204120CBEF15B
:10AF0000030F00F2F181DFE81EF0F200F500AB0064
:10AF1000040042F4C06248F28000024323F82C206F
:10AF200033F82C2022F4E04222F070021204120CBA
:10AF30002243104323F82C000A7B002A00F0A28051
:10AF4000002033F82C2022F4E24222F07002120496
:10AF5000120C42F4004242F0800223F82C20B3F895
:10AF600050500A8903EBC40414FA85F552085200C4
:10AF7000A5F80024B3F850504A8914FA85F5520810
:10AF80005200A5F804244A78002A40F0078133F8DB
:10AF90002C2055040DD533F82C2022F4E04222F069
:10AFA00070021204120C42F4404242F0800223F874
:10AFB0002C2033F82C2052060DD533F82C2022F407
:10AFC000E04222F070021204120C42F4004242F0FD
:10AFD000C00223F82C20B3F850200D6914FA82F235
:10AFE00004F20644B2F80214C1F30901A2F80214F3
:10AFF000002D00F019813E2D00F257816908EE07FF
:10B0000048BF01318D02B2F80214ADB289B22943B2
:10B01000A2F80214B3F8502092B2115BC1F30901F7
:10B020001153115B89B20D43155333F82C2022F4D0
:10B03000804222F070021204120C48F2800182F465
:10B0400040520A4323F82C2033F82C2022F4E0420B
:10B0500022F040021204120C114323F82C1070BD90
:10B0600048F28000024323F82C2033F82C20AA4D0C
:10B0700092B22A402243104323F82C000A7B002A74
:10B0800040F0F4800020CA884E785208520003EB4A
:10B09000C405DEB3B3F8501015FA81F1A1F800240D
:10B0A00033F82C2052060DD533F82C2022F4E04240
:10B0B00022F070021204120C42F4004242F0C0026C
:10B0C00023F82C2033F82C2022F4E04222F0400216
:10B0D0001204BEF1010F4FEA124210D082F020029A
:10B0E00042F4004242F0800223F82C2070BD42F46A
:10B0F000007210E742F480620DE782F4005242F4DD
:10B10000004242F0800223F82C2070BD0E69B3F893
:10B11000501015FA81F1A1F80424B3F8502015FA63
:10B1200082F2B2F80614C1F30901A2F80614002E47
:10B1300000F092803E2E00F2A580B2F80614750849
:10B14000F60748BF013589B241EA852189B2A2F8E4
:10B15000061433F82C2056040DD533F82C2022F495
:10B16000E04222F070021204120C42F4404242F01B
:10B17000800223F82C2033F82C2022F4804222F085
:10B1800070021204120C002CB7D182F4405242F427
:10B19000004242F0800223F82C2070BD33F82C20AE
:10B1A00051040DD533F82C2022F4E04222F0700235
:10B1B0001204120C42F4404242F0800223F82C2088
:10B1C00033F82C2052060DD533F82C2022F4E0421F
:10B1D00022F070021204120C42F4004242F0C0024B
:10B1E00023F82C2033F82C2022F4E04222F04002F5
:10B1F0001204120CBEF1010F18BF82F0200242F4BB
:10B20000004242F0800223F82C2033F82C2022F454
:10B21000804222F070021204120C42F4004242F00A
:10B22000800223F82C2070BDB2F802146FEA41416D
:10B230006FEA514189B2A2F80214B3F8501089B2F2
:10B240000A5BC2F309020A530A5B6FEA42426FEAE1
:10B25000524292B20A53E8E6B2F806146FEA41414C
:10B260006FEA514189B2A2F8061472E733F82C2034
:10B2700092B22A4042F4014242F0800223F82C208C
:10B2800000206CE6F106B2F806144FEA561508BF26
:10B2900005F1FF3589B241EA85216FEA41416FEA44
:10B2A000514189B2A2F8061453E76909ED0608BFB7
:10B2B00001F1FF31B2F80254890289B2ADB20D43F7
:10B2C00045F40045A2F80254B3F85050ADB22A5BE1
:10B2D000C2F309022A532A5B0A436FEA42426FEA29
:10B2E000524292B22A53A0E648F28000024323F869
:10B2F0002C2033F82C2022F4E04222F070021204B9
:10B30000120C2243104323F82C000A7B0120002A50
:10B310007FF417AEB7E600BF8F8FFFFF10B40C7B32
:10B320004A780B78CCB9002A00F0B58030F8232099
:10B33000540600F1C98030F8232022F4E04222F0C4
:10B3400040021204120C42F4004242F0800220F843
:10B3500023205DF8044B00207047002A4DD130F8BF
:10B36000232052040DD530F8232022F4E04222F0AD
:10B3700070021204120C42F4404242F0800220F8A3
:10B38000232030F8232054060DD530F8232022F452
:10B39000E04222F070021204120C42F4004242F029
:10B3A000C00220F8232030F823205DF8044B22F45B
:10B3B000E04222F070021204120C42F4004242F009
:10B3C000C00220F8232030F8232022F4804222F00B
:10B3D0007002120448F28001120C0A4320F8232064
:10B3E00030F8232022F4E04222F040021204120C32
:10B3F000114320F823100020704730F82320510417
:10B400000DD530F8232022F4E04222F0700212041D
:10B41000120C42F4404242F0800220F8232030F81F
:10B42000232052060DD530F8232022F4E04222F0EA
:10B4300070021204120C42F4004242F0C00220F8E2
:10B44000232030F823205DF8044B22F4E04222F060
:10B4500070021204120C42F4404242F0800220F8C2
:10B46000232030F8232022F4E04222F0400212048C
:10B4700048F28001120C0A4320F8232030F82320E0
:10B4800022F4804222F070021204120C114320F8C0
:10B4900023100020704730F8232051040DD530F8D8
:10B4A000232022F4E04222F070021204120C42F433
:10B4B000404242F0800220F8232030F8232022F47A
:10B4C000804222F070023CE730F8232022F4E04270
:10B4D00022F070021204120C42F4004242F0C00248
:10B4E00020F8232027E700BF2DE9F04F4B780C7B95
:10B4F000012B83B036D0F4B1CB78022B00F0A880BA
:10B50000012B40F0A18000230A788B6112B230F841
:10B51000223023F4804323F070031B041B0C83F4BC
:10B52000405343F4004343F0800320F822300020CE
:10B5300003B0BDE8F08F8A690C78002A6ED1CB7811
:10B54000002B00F0A68030F8243023F4E24323F0EF
:10B5500070031B041B0C43F4004343F0800320F8EA
:10B560002430D0E70D698A694B69AA4228BF2A4670
:10B5700000F5806C54BB95B2CE8801356D086644E9
:10B5800007D003EB4505F61A1C889C530233AB42E7
:10B59000FAD1B0F850300C7800F2024515FA83F376
:10B5A00003EBC40392B21A800A7830F8223023F4F5
:10B5B000E04323F040031B041B0C83F0300343F4EF
:10B5C000004343F0800320F82230B0E7CE780C6AC5
:10B5D00091F800E0022E6BD0A41A30F82E500C62C5
:10B5E00094B2013415F0400F92B2B0F850504FEAC7
:10B5F000540400F0AE8000F2064616FA85F525F8F0
:10B600003E204D896544002CCED003EB4404ED1A56
:10B610001A885A5302339C42FAD1C5E730F82430D5
:10B6200023F4E24323F070031B041B0C43F4004398
:10B6300043F0800320F824300B699A427FF663AF11
:10B64000D31A8B610A7861E7012003B0BDE8F08F5F
:10B65000CB690A78002B3FF459AF14B244F240038F
:10B6600030F8245003EA0506AB4302D0002E7FF4E5
:10B670004DAF30F8243023F4E04323F070031B0473
:10B680001B0C43F4004343F0C00320F824300A7835
:10B690003CE730F8243023F4E04323F070031B042C
:10B6A0001B0C43F4014343F0800320F824302AE7C5
:10B6B000A54200F2024B60D230F82E6026F4E0463C
:10B6C00026F070063604360C46F4014646F0800635
:10B6D00020F82E6030F82E6097B2A41A013716F0C9
:10B6E000400F0C62B0F850604FEA57071FFA82F81B
:10B6F00000F2064966D019FA86F626F83E804E8991
:10B70000664467B1A6EB030903EB470A1E460195A1
:10B71000358826F8095002365645F9D1019D134463
:10B72000A5424B617CD2A21A0A62B0F850201BFAE3
:10B7300082F222F83E800A896244002F3FF434AF3F
:10B7400003EB4707D41A1A881A530233BB42FAD1C3
:10B750002AE700F2024616FA85F525F83E200D8903
:10B760006544002C3FF420AF03EB4404ED1A1A8823
:10B770005A5302339C42FAD116E730F82E2022F4B5
:10B78000E24222F070021204120C42F4004242F033
:10B79000800220F82E20B0F850201BFA82F2A5B2C9
:10B7A00022F83E502C4601340D89620865443FF46E
:10B7B000FBAE03EB4202ED1A1C885C5302339A4243
:10B7C000FAD1F1E61BFA86F626F83E800E89664429
:10B7D00067B1A6EB030A03EB470B1E4601953588BC
:10B7E00026F80A5002365E45F9D1019D1344A54260
:10B7F0004B611CD2A41AB0F850200C6219FA82F2E4
:10B8000022F83E804A896244002F3FF4CDAE03EB1C
:10B810004707D41A1A881A530233BB42FAD1C3E637
:10B82000A7B201371FFA84F87F0800227CE7A7B28D
:10B8300001371FFA84F87F080024DCE74B780A7888
:10B840008BB130F8223023F4E04323F040031B0493
:10B850001B0C83F0100343F4004343F0800320F8F3
:10B8600022300020704730F8223023F4804323F048
:10B8700070031B041B0C83F4805343F4004343F018
:10B88000800320F822300020704700BF4B780A78F0
:10B8900033B330F822305B060DD530F8223023F474
:10B8A000E04323F070031B041B0C43F4004343F0FC
:10B8B000C00320F82230CB78012B0FD030F8223093
:10B8C00023F4E04323F040031B041B0C83F020030C
:10B8D00043F4004343F0800320F8223000207047F7
:10B8E00030F822305B040DD530F8223023F4E043E9
:10B8F00023F070031B041B0C43F4404343F080030C
:10B9000020F8223030F8223023F4804323F07003F3
:10B910001B041B0C83F4405343F4004343F08003A7
:10B9200020F822300020704711B98023A0F84C3055
:10B930000020704702460020B2F858306FEA4343B7
:10B940006FEA53439BB2A2F858307047B0F84400F6
:10B9500080B27047013302F580625B08104408D062
:10B960000A46801A01EB43011388135202328A42BD
:10B97000FAD1704770B502F580625E0800EB0205EF
:10B980001CD06FF00104641A8A1C2C44B64634F8AB
:10B9900002C002321FFA8CFC4FEA1C20BEF1010EDD
:10B9A00002F804CC02F8030CF1D105EB4602DB07E8
:10B9B00001EB460144BF13880B7070BD2A46DB07BC
:10B9C00044BF13880B7070BD10B5D0F8BC4284B171
:10B9D000D0F8C0325BB194F80002FF2807D09B6812
:10B9E00094F8012221469847FF2384F80032002072
:10B9F00010BD032010BD00BF4323038000487047E3
:10BA0000980100204323038000487047DC01002098
:10BA10004323038000487047540100200A23038019
:10BA2000004870475802002038B5D0F8BC527DB1AC
:10BA3000044601F07BF8D4F8C0320246DB68D5F842
:10BA40000402C5F80C2205F503719847002038BDA3
:10BA5000032038BD70B5D0F8BC52D0F8C4421DB335
:10BA600001EB810E00EB8E068446B3690A466BB982
:10BA7000DCF8C0321B690021C5F8141223B1D5F8D7
:10BA8000080205F504719847002070BD04EBCE0450
:10BA9000246AB3FBF4FE04FB1E33002BE8D1B36130
:10BAA0001A4601F02BF8EFE7032070BD70B5D0F80F
:10BAB000BC5282B000238DF80530ADF806305DB180
:10BAC0000B7813F0600206460C461DD0202A06D0E3
:10BAD0002146304600F006FD032002B070BDCA8842
:10BAE00091F801C072B31B064CD5D6F8C032294676
:10BAF0009B6860469847E288072A294628BF0722A4
:10BB0000304600F023FD22E04B780B2BE0D801A259
:10BB100052F823F05DBB00084FBB0008D1BA000803
:10BB2000D1BA0008D1BA0008D1BA0008D1BA0008C9
:10BB3000D1BA0008D1BA0008D1BA000871BB000818
:10BB400053BB0008D0F8C03260469B68984700207D
:10BB5000C3E790F89C32032BF9D0B9E790F89C32F8
:10BB6000032BB5D102220DF1060100F0EFFCEEE748
:10BB700090F89C32032BABD101220DF1050100F0AE
:10BB8000E5FCE4E785F800C285F80122294600F0CB
:10BB9000F3FCDCE738B504460025812100F06AFF9C
:10BBA00001212587204600F065FF8221A4F8785105
:10BBB000204600F05FFFD4F8BC32E5644BB1D4F806
:10BBC000C0325B689847D4F8BC0200F0E1FFC4F8CB
:10BBD000BC52002038BD00BF70B504464FF407705A
:10BBE00000F0D2FF0546002849D0237CC4F8BC02EF
:10BBF0007BB3402302228121204600F02DFF01214A
:10BC0000402321870222204600F026FF0126102330
:10BC10000322A4F84E3082210823A4F8786120463C
:10BC200000F01AFFD4F8C032A4F84C601B689847A3
:10BC30000023C5F81432C5F81832237CD5F8042245
:10BC4000BBB94FF400733146204600F063FF00207B
:10BC500070BD4FF4007302228121204600F0FCFEEB
:10BC600001214FF4007321870222204600F0F4FEE8
:10BC7000CCE740233146204600F04CFFE7E7C4F80C
:10BC8000BC02022070BD00BF19B1C0F8C012002074
:10BC900070470320704700BFD0F8BC322BB1C3F807
:10BCA0000812C3F81022002070470320704700BF1D
:10BCB000D0F8BC321BB1C3F8041200207047032037
:10BCC000704700BFD0F8BC2292B110B5D2F8144230
:10BCD0000CB1012010BD0123C2F81432D2F8103289
:10BCE000D2F80822C362812100F008FF204610BD6F
:10BCF00003207047D0F8BC228AB108B5037CD2F883
:10BD000004222BB14023012100F004FF002008BDD4
:10BD10004FF40073012100F0FDFE002008BD032058
:10BD2000704700BF78B10023C0F8B832C0F8C03205
:10BD3000C0F8CC3209B1C0F8B412012380F89C32AB
:10BD4000027000F039BE0320704700BF10B582B00A
:10BD50000023ADF8063061B1CB6AC0F8B8120446D2
:10BD600023B10DF106009847C4F8CC02002002B0C0
:10BD700010BD032002B010BD00F062BED0F8B83292
:10BD80000BB11B6818470320704700BF08B5D0F8F7
:10BD9000B8320BB15B689847002008BD38B504463F
:10BDA00000F2AA25284600F091FB94F8AA12B4F8F4
:10BDB000B022C4F898220123C4F8943201F01F0382
:10BDC000012B0ED0022B06D08BB929462046BDE8A8
:10BDD000384000F0F7B829462046BDE8384000F06A
:10BDE000D9BA29462046BDE8384000F09DBA204621
:10BDF00001F08001BDE8384000F048BE10B50446AF
:10BE000031B91346D0F89422032A0DD0002010BD7A
:10BE100090F89C32032BF9D1D0F8B8329B69002BF3
:10BE2000F4D0BDE810401847D0E95712914208D825
:10BE300090F89C32032B0ED0204600F0B3FB00207C
:10BE400010BD891A8A4228BF0A46C0F85C111946FB
:10BE500000F0A0FBDAE7D0F8B8321B69002BEBD07A
:10BE60009847E9E770B5044651B91346D0F89422D3
:10BE7000022A11D094F8A032012B22D0002070BDEC
:10BE800090F89C32032BF9D1D0F8B8325B69002BC3
:10BE9000F4D0BDE870401847D0E90726B2420D46FD
:10BEA00014D81FD094F89C32032B28D08021204630
:10BEB00000F0ECFD204600F081FB94F8A032012B4D
:10BEC000DCD1002384F8A032002070BD921BC26137
:10BED000194600F049FB2B462A462946204600F029
:10BEE00019FEC7E783699A42DCD8D0F898229342BA
:10BEF000D8D20A4600F038FBC4F89852EBE7D4F8E1
:10BF0000B832DB68002BD1D020469847CEE700BF7F
:10BF1000D0F8B8320021012280F89C224160C0F89C
:10BF20009412C0F8A412EBB1D0F8BC2270B504464C
:10BF300012B15B6803B198470022402511460126E3
:10BF40004023204600F088FDA4F86461C4F86051E5
:10BF50002B4600228021204600F07EFD0020A68492
:10BF6000256270BD0320704701740020704700BF38
:10BF700090F89C2203460421D2B283F89D2200202F
:10BF800083F89C12704700BF90F89C32042B04D1B8
:10BF900090F89D32DBB280F89C320020704700BFE1
:10BFA000D0F8B82262B108B590F89C32032B01D0CA
:10BFB000002008BDD369002BFAD09847002008BDA7
:10BFC0000320704730B50B7803F06003202B83B05B
:10BFD0000D46044628D0402B26D05BB18021204658
:10BFE00000F054FD0021204600F050FD00252846B9
:10BFF00003B030BD4B78092BF0D801A252F823F0E2
:10C0000073C000089BC00008DDBF0008B9C000086D
:10C01000DDBF0008C1C00008FBC00008DDBF00088C
:10C0200051C100083BC00008D4F8B8329B682946CB
:10C03000204603B0BDE8304018478978B74D012944
:10C04000297000F24A8190F89C32022BDAB200F09B
:10C050002B81032A00F00681802100F017FD0021CA
:10C06000204600F013FD29782046FFF78FFE0325B8
:10C07000BDE790F89C32013B022BAFD8CA88022A58
:10C08000ACD1D0F8A4320146002B0CBF012303230E
:10C0900041F80C3F00F05AFAA8E790F89C32013BB7
:10C0A000022B9BD84B88012BA0D10023C4F8A432CB
:10C0B000204600F077FA99E74B88012B96D1F5E7F7
:10C0C0008B88002B8AD1CB88002B87D14B887F2B84
:10C0D00084D890F89C22032A80D0DDB280F89E524A
:10C0E000294600F0FFFC204600F05CFA002D00F02D
:10C0F0001781022384F89C3278E74A88130A0021CA
:10C10000013BADF806100E2B3FF668AF01A151F8C8
:10C1100023F000BFF3C10008D9C10008C7C100085F
:10C12000DDBF0008DDBF0008B1C1000803C2000880
:10C13000DDBF0008DDBF0008DDBF0008DDBF00086F
:10C14000DDBF0008DDBF0008DDBF000879C10008C1
:10C15000CA88012A7FF442AF90F89C32022BD9B2F0
:10C1600000F2B48000293FF439AF0146002341F8C2
:10C17000083F00F0EBF939E7D0F8B432DB69002B67
:10C180003FF42CAF207C0DF106019847EB88002B83
:10C190008ED0BDF80620002A3FF420AF9A4228BF77
:10C1A0001A4601462046ADF8062000F0CFF91DE7FB
:10C1B000037C002B7FF412AFD0F8B8320DF10600EB
:10C1C0005B6B9847E2E7D2B2052A3FF607AFDFE89C
:10C1D00002F0433D37312B25027CD0F8B832002ADB
:10C1E00040F08D809B6A0DF1060098470223437052
:10C1F000CCE7D0F8B432007C1B680DF106019847FB
:10C20000C4E7037C002B7FF4E9AED0F8B8320DF11F
:10C2100006001B6B984707234370B7E7D0F8B4328A
:10C220009B69002BAED1D9E6D0F8B4325B69002B04
:10C23000A8D1D3E6D0F8B4321B69002BA2D1CDE649
:10C24000D0F8B432DB68002B9CD1C7E6D0F8B4320A
:10C250009B68002B96D1C1E6D0F8B4325B68002B06
:10C2600090D1BBE6002940D0416801293FF420AFBE
:10C27000C9B2FFF78BFD297861602046FFF77EFD8C
:10C28000054600283FF414AF8021204600F0FEFB55
:10C290000021204600F0FAFB21792046FFF776FDC9
:10C2A000022384F89C32A2E600293FF401AF012169
:10C2B0004160FFF763FD054640B38021204600F052
:10C2C000E5FB0021204600F0E1FB90E603297FF426
:10C2D00085AE011D00F03AF988E6802100F0D6FB1A
:10C2E0000021204600F0D2FBC1E6022380F89C32F8
:10C2F0004160FFF74BFD204600F054F976E6DB6A1B
:10C300000DF106009847022343703FE7204600F0F6
:10C3100049F9032384F89C3268E600BF201100200D
:10C32000012384F89C3261E670B50B785A060D46FD
:10C3300004460DD503F06002402A09D0802100F0A8
:10C34000A5FB0021204600F0A1FB0026304670BD71
:10C3500094F89C32013B022B12D82B79012B0FD879
:10C36000D4F8B83229469B6820469847EB880646A1
:10C37000002BEBD10028E9D1204600F013F9E5E7C6
:10C380008021204600F082FB0021204600F07EFB49
:10C39000DBE700BF70B50B788A8803F06003202BC1
:10C3A0000C4605464AD0402B48D04BB18021284648
:10C3B00000F06CFB0021284600F068FB002070BDF7
:10C3C0006378012BD1B22AD0032B3FD0002BEDD1C3
:10C3D00090F89C32022BD8B252D00328E6D101F05B
:10C3E0000F0303EB8303120605EB830357D4B3F863
:10C3F0006431002BDAD0142404FB015404F5AA7430
:10C40000002958D0284600F059FB002859D00123B4
:10C41000236002222146284600F098F8CEE790F8E3
:10C420009C32022BDAB222D0032ABFD16388002BC0
:10C43000C4D14E0642D1284600F0B4F8D5F8B8323F
:10C44000214628469B68BDE87040184790F89C320A
:10C45000022BDAB20BD0032AA8D163881BB94A0693
:10C4600001D0E3887BB3284600F09CF8A6E74B0692
:10C470009CD000F00BFB8021284600F007FB9DE7D5
:10C48000480693D111064CBF05F1140105F5AA71B8
:10C4900000230B600222284600F058F88EE79B8CA0
:10C4A000002B83D001F07F04013404EB8404802945
:10C4B00005EB8404A6D100232360AAE700F0F2FA7A
:10C4C000B9E72060A5E700F0E1FACCE70B7803704C
:10C4D0004B7843704B8843808B888380CB88C380A4
:10C4E000704700BF10B58021044600F0CFFA204607
:10C4F0000021BDE8104000F0C9BA00BF08B370B514
:10C5000003780E4614460546E3B10130F4F758FCB3
:10C51000431CDBB201335B00DAB2238003233270A9
:10C5200073702C7864B12846022300215A1CD2B2C1
:10C53000F454B15410F8014F0233DBB2002CF5D1A2
:10C5400070BD704702221346E7E700BF08B51346E7
:10C550000A460221C0E90633C0F89412002100F017
:10C56000CDFA002008BD00BF08B513460A460021D9
:10C5700000F0C4FA002008BD08B513460A4603219E
:10C58000C0E95633C0F89412002100F0C3FA00202D
:10C5900008BD00BF08B513460A46002100F0BAFAEC
:10C5A000002008BD08B504210023C0F894121A46E3
:10C5B000194600F0A3FA002008BD00BF08B5052108
:10C5C0000023C0F894121A46194600F0A3FA00207E
:10C5D00008BD00BF08B5184918480022FFF7A2FBA4
:10C5E00070B917491548FFF7B1FB88B915491348C9
:10C5F000FFF74AFBA0B91148FFF7BEFBB8B908BD69
:10C60000F8F7FEF80E490D48FFF7A0FB0028EDD023
:10C61000F8F7F6F80B490948FFF736FB0028EAD08F
:10C62000F8F7EEF80548FFF7A7FB0028E7D0BDE8CC
:10C630000840F8F7E5B800BFAC0200202411002044
:10C640002002002064020020002070470020704774
:10C650000020704738B5074D09880446F6F798FB67
:10C6600021462846FFF724FB2846FFF743FB00201E
:10C6700038BD00BF2411002010B5064C0649002229
:10C680002046FFF709FB05492046FFF711FB002074
:10C6900010BD00BF24110020F4130020F41B002063
:10C6A00010B5094CD4F8BC32D3F814320BB10120C8
:10C6B00010BD0A4601462046FFF7EEFA2046BDE8C7
:10C6C0001040FFF7FFBA00BF2411002012230148D9
:10C6D0000B80704798020020042301480B807047AC
:10C6E0009402002010B5044C04480A462146FFF786
:10C6F00005FF204610BD00BFF4230020BCD4000875
:10C7000010B5044C04480A462146FFF7F7FE2046C0
:10C7100010BD00BFF4230020C4D4000810B5044CA1
:10C7200004480A462146FFF7E9FE204610BD00BF37
:10C73000F4230020D4D4000810B5044C04480A4661
:10C740002146FFF7DBFE204610BD00BFF42300208A
:10C75000E4D40008514AD2F89035D2F898054FF049
:10C760001A0C1B18A1F800C001D14D487047D2F82F
:10C7700094154B4A180FB3F1204F4FF0000C2CBF0B
:10C780003730303082F803C0C3F3036CBCF1090FBB
:10C79000907060464FF0000C8CBF3730303082F81C
:10C7A00005C0C3F3035CBCF1090F107160464FF084
:10C7B000000C8CBF3730303082F807C0C3F3034C15
:10C7C000BCF1090F907160464FF0000C8CBF373000
:10C7D000303082F809C0C3F3033CBCF1090F10727A
:10C7E00060464FF0000C8CBF3730303082F80BC001
:10C7F000C3F3032CBCF1090F907260464FF0000C9C
:10C800008CBF3730303082F80DC0C3F3031CBCF14D
:10C81000090F107360468CBF37303030907303F0CF
:10C820000F000346092894BF303337330020B1F19D
:10C83000204F13744FEA11732CBF373330335074C9
:10C84000C1F303600928937403468CBF3733303338
:10C85000C1F3035009284FF0000C137503468CBF39
:10C8600037333033C1F3034082F80FC04FF0000C70
:10C87000092882F813C093754FF0000C034682F824
:10C8800015C098BF30334FF0000C88BF37330021FC
:10C89000034882F817C01376517670470070FF1F67
:10C8A0007802002010B5044696B05422002101A859
:10C8B000F4F7F2FA114B22689A4201D016B010BD7B
:10C8C0004FF4005301A80193FCF788FB98B90C4B77
:10C8D000986D40F4000098659B6D002203F40003FE
:10C8E000114600931420009BF9F718FB1420F9F768
:10C8F00051FB16B010BDF7F783FFE8E7005C00407E
:10C900000010024000F52671D0F8D802FFF746BAB1
:10C9100001EB810300EBC303D0F8D802D3F8642104
:10C92000FFF76CBA01EB810300EBC303D0F8D80228
:10C930005A6AFFF797BA00BFD0F8D802FFF730BBAA
:10C9400010B54379022B044601D0F7F759FFD4F80C
:10C95000D8020121FFF708FBD4F8D802BDE8104047
:10C96000FFF7D6BA10B50446D0F8D802FFF700FB9F
:10C97000637A23B1024A136943F00603136110BDC1
:10C9800000ED00E010B5437A04462BB9D4F8D80284
:10C99000BDE81040FFF7F8BA064A136923F0060312
:10C9A0001361F7F7C9FDD4F8D802BDE81040FFF7CE
:10C9B000EBBA00BF00ED00E010B51F4B04464FF48A
:10C9C00002721E48C3F8D842022118609A80C4F847
:10C9D000C43200221846C3F80710DA72FAF7CAFE0A
:10C9E00030BB00221146D4F8C4021823FBF79EFE88
:10C9F000D4F8C402582300228021FBF797FED4F814
:10CA0000C402C02300228121FBF790FED4F8C402A7
:10CA10004FF4887300220121FBF788FED4F8C4028A
:10CA20004FF4807300228221FBF780FE002010BDAE
:10CA3000F7F7E6FED5E700BF14280020005C0040B1
:10CA400008B5D0F8C402FAF77FFF18B102280CBF6E
:10CA50000120032008BD00BF944608B51A46D0F84F
:10CA6000C4026346FBF738FD18B102280CBF012051
:10CA7000032008BD08B5D0F8C402FBF769FD18B162
:10CA800002280CBF0120032008BD00BF08B5D0F864
:10CA9000C402FBF7D3FD18B102280CBF012003200C
:10CAA00008BD00BF08B5D0F8C402FBF703FE18B1FB
:10CAB00002280CBF0120032008BD00BF0A06D0F8E1
:10CAC000C43206D401EB810103EBC10393F8520198
:10CAD000704701F07F0101EB810103EBC103987CFA
:10CAE000704700BF08B5D0F8C402FBF7E1FC18B1ED
:10CAF00002280CBF0120032008BD00BF08B5D0F8F4
:10CB0000C402FBF77DFD18B102280CBF01200320F1
:10CB100008BD00BF08B5D0F8C402FBF74DFD18B141
:10CB200002280CBF0120032008BD00BFD0F8C402BA
:10CB3000FBF75CBD10B5044679B1012900D010BDEA
:10CB4000D0F8D802FFF714FA637A002BF7D00D4A19
:10CB5000136943F00603136110BD437A2BB9D4F86F
:10CB6000D802BDE81040FFF70FBAF7F7E5FC054A19
:10CB7000D4F8D802136923F00603BDE8104013610E
:10CB8000FFF702BA00ED00E000487047F4250020EE
:10CB9000704700BF024B13B10248F4F791BA7047D7
:10CBA00000000000CD100008F8B500BFF8BC08BCBC
:10CBB0009E467047F8B500BFF8BC08BC9E4670475B
:10CBC0002449254B0A8892B210B49A614A88234CB2
:10CBD00092B21A618A8892B202EBC22002EB400242
:10CBE000121301329A60CA881D4892B2C2EB023217
:10CBF000121301321A609A690E2A9CBF00229A61B0
:10CC00009A680E2A9CBF00229A6099692268114492
:10CC1000A1EBD201CA08DA611A6921600168114CDE
:10CC20000A44A2EBD102D1085961996802602268D6
:10CC30000D481144A1EBD201CA08DA601A682160DC
:10CC400001685DF8044B0A44A2EBD102D1080260EE
:10CC5000596070475406002018060020E80500209F
:10CC6000E4050020E0050020DC05002070B55A4CEA
:10CC700023889BB2042B33D8DFE803F0034F757988
:10CC80003300002503215548E571FAF715FBC02153
:10CC90005248534EFAF710FB524BA5716422A580FF
:10CCA00051481D601A839A825A83DA824F4B35604D
:10CCB0004F4A05601D604F4B4F4915601D604F4A3C
:10CCC0004F4B504D4A60504E5048514ADFF85CC1BE
:10CCD000C1F808C02E604F491860012311602380FD
:10CCE00070BD002503213D48E571FAF7E5FAC02142
:10CCF0003A48FAF7E1FA012247480421F9F768FCBB
:10CD0000A571A28892B2002AEAD101232380424869
:10CD1000BDE870400421F9F75BBC0023E371637A3E
:10CD2000002B53D03D4B9FED3E7AD3ED077AF8EEC2
:10CD3000677AF4EEC77AF1EE10FA47DB394A1388C6
:10CD400001339BB2C82B45D9A388C8219BB211805F
:10CD5000002BC5D1617A0129C2D133491380022049
:10CD60000B70208070BDBDE87040F4F70BBF2B4BFB
:10CD70009FED2B7AD3ED077AF8EE677AF4EEC77A57
:10CD8000F1EE10FAACDA154E002503213046E571BC
:10CD9000FAF792FAC0213046FAF78EFA114A316852
:10CDA0006423138393825383D382138B1BB2C3F503
:10CDB000EA433033C1F89C30538B1B4A1BB2C1F895
:10CDC0001C3215700123A571238070BD154B002204
:10CDD0001A8070BD138070BD38060020D00B002073
:10CDE0008406002028010020800600207C06002008
:10CDF000700600206C060020080600200000A040FD
:10CE0000480600204C0600200000A04200004842D6
:10CE10004406002000002841000C004818060020AD
:10CE2000B5BD8944DA050020040600200000204139
:10CE3000634B644A9979D2ED077A9FED637AF8EEF5
:10CE4000677AC9B2F4EEC77AF1EE10FA29DBF0B4D2
:10CE50005E4C5F4D20782A88042892B20AD90528B2
:10CE600013D007EE902A9A79032A24D8DFE802F03B
:10CE7000896B4B2B574E2D8837680130C0B217FA9B
:10CE800085F5052820703560EBD15248524D026877
:10CE9000A5FB0252920807EE902A0022026022703F
:10CEA000E1E700229A719A79521A18BF01221A7288
:10CEB000704701229A719A798A420CBF002201229E
:10CEC0001A72F0BC7047454A9FED457AD2ED006A70
:10CED000F8EEE77AF8EEE66A27EE877AF4EEC76AAC
:10CEE000F1EE10FAE5D492ED007ADFED3E6AB8EE8D
:10CEF000C77A67EEA67AB4EEE77AF1EE10FADADDD9
:10CF000002229A71D7E7354A9FED357AD2ED006A51
:10CF1000F8EEE77AF8EEE66A27EE877AF4EEC76A6B
:10CF2000F1EE10FAC5D492ED007ADFED2F6AB8EE7B
:10CF3000C77A67EEA67AB4EEE77AF1EE10FABAD5C0
:10CF400003229A71B7E7254A9FED267AD2ED006A4F
:10CF5000F8EEE77AF8EEE66A27EE877AF4EEC76A2B
:10CF6000F1EE10FACCDC92ED007ADFED206AB8EE3B
:10CF7000C77A67EEA67AB4EEE77AF1EE10FA9ADD98
:10CF8000DEE7164A9FED167AD2ED006AF8EEE77AF0
:10CF9000F8EEE66A27EE877AF4EEC76AF1EE10FA49
:10CFA00087D492ED007ADFED0F6AB8EEC77A67EEAC
:10CFB000A67AB4EEE77AF1EE10FAC1DDA0E700BF81
:10CFC0003806002018060020B5BD8944C40500209D
:10CFD00054060020C0050020CDCCCCCC2801002078
:10CFE000CDCC4C3F9A99993F3333933F9A99593F0F
:10CFF0002DE9F0412DED068BB34C637A3BB3E37919
:10D000002BB323889BB213B323889BB2012B1ED072
:10D0100023889BB2042B1AD0AC4E338801339BB2C9
:10D02000312B338039D8AA49AA4A0B8B12681BB21C
:10D03000C3F5EA433033C2F89C30D2F89C305B0829
:10D04000C2F8A8304B8B1BB2C2F81C3221E0A248B8
:10D05000A24B9F49A24D00220270A479A1481A60F8
:10D06000A14B02601A6064230B834B830B8B99489E
:10D070001BB20068C3F5EA433033C0F89C304B8BD9
:10D0800092491BB2C0F81C3200232B60974B0A80D8
:10D090001C80BDEC068BBDE8F081954FDFF87882EF
:10D0A0003888002380B23380F4F724FBB88880B23C
:10D0B00000EBC02300EB430000130130B0EE40AAA8
:10D0C000F4F718FBF88880B2C0EB00300013013091
:10D0D000F0EE408AF4F71AFB98ED019A23889BB290
:10D0E000022BF0EE409A00F0D6809FED828A784DB8
:10D0F000237A7E4A23B3002323723380784B0021A6
:10D100001960A3791380F6EE007AB4EEE7AAF1EE87
:10D1100010FA1AD564232B836B832B8B6D4A1BB2B9
:10D120001268C3F5EA433033C2F89C30D2F89C3021
:10D130005B08C2F8A8306B8B1BB2C2F81C32A8E7A0
:10D14000A37911889942D6D1DDE7B0EE490AF4F708
:10D15000FDFA28602A68BB886149DFED675AD1ED86
:10D16000007A9FED667ADFED666A9FED666A9BB294
:10D1700003EBC32079EE688A03EB40031B13E8EE50
:10D18000A57A0133D31A604A1360534BF4EEC77A81
:10D190000022F1EE10FA1A7088BFF0EE477AD8ED4F
:10D1A000025AF4EEE67AF1EE10FAF4EEC65AB8BF7F
:10D1B000F0EE667AF1EE10FAC1ED007A1DDD98ED21
:10D1C000026AB4EEE96AF1EE10FA16D59FED4F6AE5
:10D1D000F4EEC67A0122F1EE10FA1A7000F13A81EB
:10D1E000DFED4B6A77EEE67AF4EEC77AF1EE10FAED
:10D1F00088BFF0EE477AC1ED007AA379022BDAB24C
:10D2000000F0E080032A00F09780012A40F090802F
:10D2100089EE0A7A9FED426ADFED446AA8EE867ACB
:10D2200077EE277AF4EEE67AF1EE10FA00F110814B
:10D23000B4EEE78A9FED3B7AF1EE10FA88BFB0EECC
:10D24000678AF6EE007AE8EE077AFDEEE77A17EEE7
:10D25000903A1BB24FF4E1622B836A832A8BAB8A2C
:10D2600012B21BB29A42C4BFAB8A2B832B8B1BB268
:10D27000632BDCBF64232B836A8BEB8A12B21BB255
:10D280009A42C4BFEB8A6B836B8B1BB2632BDCBFF0
:10D2900064236B8341E70E4DAB8A1BB2632B40F3D3
:10D2A000D18007EE903A9FED1B7AB8EEE78ADFED6A
:10D2B000117A28EE078AB4EEE78AF1EE10FA88BFF9
:10D2C000B0EE678A14E700BF380600205E06002033
:10D2D00028010020D00B00206406002068060020F2
:10D2E0006006002078060020740600205C060020FE
:10D2F00054060020D7A3703FACC5A738CDCC4C3E18
:10D30000CDCC4CBE6F12833A840600205C8F42BEA7
:10D310000AD7233C65CF0B380806002000003042B6
:10D32000CDCCCC3C0060EA466666263F0E745A3B84
:10D3300064232B836B8391E7B4EEC9AAF1EE10FA54
:10D3400040F183805FED0B6AB4EEE69AF1EE10FADD
:10D3500088BFB0EE669AB7EE007AB4EEC79AF1EEE7
:10D3600010FAB8BFB0EE479ACAEE096A37EE667A8D
:10D370005FED156A5FED145A1FED146A1FED175A21
:10D38000E8EEA67A45F6C0532B83F6EE006A77EEF8
:10D39000277AB0EE667AF4EEE57AF1EE10FA88BFFD
:10D3A000F0EE657AF4EEC67AF1EE10FAB8BFF0EE60
:10D3B000467AA7EE857AFDEEC77A17EE903A1BB251
:10D3C0006B834BE71FED2B7A1FED2B4A1FED2A5A7B
:10D3D0005FED2A5A5FED2D4AB4EEC79AF1EE10FACE
:10D3E00088BFB0EE479AB7EE006AB4EEC69AF1EE87
:10D3F00010FAB8BFB0EE469A8AEE097A46F628636C
:10D400002B83F6EE006A98EE847A37EE067A77EE92
:10D41000277AB0EE667AF4EEC57AF1EE10FA88BF9C
:10D42000F0EE457AF4EEE57AF1EE10FAB8BFF0EEE0
:10D43000657AA7EEA47AFDEEC77A17EE903A1BB292
:10D440006B830BE71FED478A52E61FED487A8FE7A3
:0CD450006423FFE6F0EE667ACDE600BF34
:10D45C00010204080F0000000A0B0C0D0E0F111234
:10D46C0014151617181D1E1F2021222324252627CC
:10D47C000000000001020304000000000000000096
:10D48C00010203040607080901000200040006005B
:10D49C0008000A000C001000200040008000000171
:10D4AC000804020408010101010101030701000045
:10D4BC005546344F56455200554634446967697495
:10D4CC00616C506F77657200506F77657220436F97
:10D4DC006E66696700000000506F77657220496EB8
:08D4EC0074657266616365005E
:08D4F4000036FF7F010000007B
:08D4FC0095CB0008690200084D
:04D5040041020008D8
:10D508000800002000000000000000008004002047
:10D51800E804002050050020000000000000000082
:10D5280000000000000000000000000000000000F3
:10D5380000000000000000000000000000000000E3
:10D5480000000000000000000000000000000000D3
:10D5580000000000000000000000000000000000C3
:10D5680000000000000000000000000000000000B3
:10D5780000000000000000000000000000000000A3
:10D588000000000000000000000000000000000093
:10D598000000000000000000000000000000000083
:10D5A80001000000000000000E33CDAB34126DE620
:10D5B800ECDE05000B000000000000000000000089
:10D5C8000000000000000000000000000000000053
:10D5D8000000000000000000000000000000000043
:10D5E8000000000000000000000000000000000033
:10D5F8000000000000000000000000000000000023
:10D608000000000000000000000000000000000012
:10D618000000000000000000000000000000000002
:10D6280000000000000000000000000000000000F2
:10D63800000000000000000000000000640064001A
:10D6480064006400000000000024F40001000000F1
:10D658001000000009074300020104C03209040059
:10D668000001020201000524001001052401000147
:10D67800042402020524060001070582030800109D
:10D6880009040100020A0000000705010240000029
:10D69800070581024000000009024300020100C0A2
:10D6A80032090400000102020100052400100105EE
:10D6B8002401000104240202052406000107058252
:10D6C8000308001009040100020A00000007050110
:10D6D80002400000070581024000000009024300E3
:10D6E800020100C032090400000102020100052401
:10D6F800001001052401000104240202052406008B
:10D70800010705820308001009040100020A00004D
:10D71800000705010200020007058102000200005F
:10D72800D9BB000895BB0008ADBA0008000000008E
:10D73800C9B9000855BA000829BA00080000000055
:10D74800000000000000000005BA0008F9B9000850
:10D7580011BA00081DBA00080A06000200000040BD
:10D768000100000079C6000849C600084DC6000837
:10D7780055C6000851C600081A0300000000000042
:10D788000000000000000000000000000000000091
:10D798000000000004030904120100020202004014
:10D7A800D10722220002010203010000CDC60008B1
:10D7B800D9C60008E5C6000801C7000855C7000813
:0CD7C8001DC7000839C700080000000061
:04000005080050A5FA
:00000001FF
