:020000040800F2
:1000000000000220251700083D1100083F110008DC
:1000100041110008431100084511000800000000CC
:100020000000000000000000000000004711000870
:1000300049110008000000004B1100084D11000894
:100040007517000875170008751700087517000860
:100050007517000875170008751700087517000850
:100060007517000875170008751700085511000866
:10007000651100087511000875170008751700084C
:100080007517000875170008751700087517000820
:100090008511000875170008751700087517000806
:1000A0007517000875170008751700087517000800
:1000B00095110008A5110008B51100087517000872
:1000C00075170008751700087517000875170008E0
:1000D00075170008751700087517000875170008D0
:1000E00075170008751700087517000875170008C0
:1000F00075170008751700087517000875170008B0
:10010000751700087517000875170008751700089F
:10011000751700087517000875170008751700088F
:10012000751700087517000875170008751700087F
:10013000751700087517000875170008751700086F
:10014000751700087517000875170008751700085F
:10015000C511000875170008751700087517000805
:1001600075170008D51100087517000875170008E5
:10017000751700087517000875170008751700082F
:10018000751700087517000875170008751700081F
:1001900075170008000000007517000875170008A3
:1001A00075170008751700087517000875170008FF
:1001B00075170008751700087517000875170008EF
:1001C00075170008751700087517000875170008DF
:0801D0007517000875170008FF
:1001D80010B5054C237833B9044B13B10448AFF379
:1001E80000800123237010BDB4020020000000002D
:1001F800A8C8000808B5034B1BB103490348AFF36F
:10020800008008BD00000000B8020020A8C800084F
:1002180053B94AB9002908BF00281CBF4FF0FF3165
:100228004FF0FF3000F06AB9ADF1080C6DE904CE6B
:1002380000F006F8DDF804E0DDE9022304B07047B9
:100248002DE9F047089D0C46002B4ED194468C456D
:100258008646B2FA82F262D94AB1C2F120039140CD
:1002680020FA03F30CFA02FC194300FA02FE4FEAE3
:100278001C471FFA8CF6B1FBF7F44FEA1E4307FB45
:10028800141143EA014304FB06F199420AD91CEB15
:10029800030304F1FF3080F01281994240F20F818C
:1002A800023C6344591A1FFA8EF3B1FBF7F007FBBF
:1002B800101143EA014300FB06F69E420AD91CEBE3
:1002C800030300F1FF3180F0FC809E4240F2F98088
:1002D800634402389B1B40EA044000211DB1D3400F
:1002E8000022C5E90032BDE8F0878B4205D90DB17F
:1002F800C5E9000100210846F5E7B3FA83F10029B2
:1003080046D1A34202D39042C0F0F080861A64EB33
:1003180003030120002DE6D0C5E90063E3E7002AC6
:1003280040F09080A1EB0C044FEA1C481FFA8CF7B0
:100338000121B4FBF8F64FEA1E4308FB164443EAD2
:10034800044307FB06F0984208D91CEB030306F1A7
:10035800FF3402D2984200F2CD8026461C1A1FFABA
:100368008EF3B4FBF8F008FB104443EA044300FBA7
:1003780007F79F4208D91CEB030300F1FF3402D2B0
:100388009F4200F2B0802046DB1B40EA0640A5E70A
:10039800C1F120068B4022FA06F71F4320FA06FC1B
:1003A80004FA01F343EA0C03F44000FA01F8380CAC
:1003B8004FEA1349B4FBF0FE1FFA87FC00FB1E440A
:1003C80049EA04440EFB0CF9A14502FA01F20AD9E4
:1003D8003C190EF1FF3A80F08480A14540F28180FB
:1003E800AEF1020E3C44A4EB09041FFA83F9B4FBF6
:1003F800F0F300FB134449EA044403FB0CFCA44556
:1004080007D93C1903F1FF3067D2A44565D9023BEF
:100418003C4443EA0E40A0FB0293A4EB0C049C422C
:10042800CE469C4651D34ED055B1B8EB0E0364EB83
:100438000C0404FA06F6CB401E43CC40C5E9006420
:10044800002150E7C2F1200320FA03F10CFA02FC64
:1004580024FA03F394400C434FEA1C4800FA02FEC6
:100468001FFA8CF7B3FBF8F008FB1031230C43EAB2
:10047800014300FB07F1994208D91CEB030300F183
:10048800FF362CD299422AD9023863445B1AA4B2A7
:10049800B3FBF8F108FB113344EA034401FB07F30B
:1004A800A34208D91CEB040401F1FF3613D2A3427E
:1004B80011D902396444E41A41EA004139E7044693
:1004C800F0E6084606E7C845AED2B9EB020E63EB84
:1004D800070C0138A8E73146EDE7034699E73046AF
:1004E800D4E7D6467FE7634402384DE706462346FD
:1004F80008460FE7023E634430E700BF704700BF7D
:1005080030B58DB0002409940A940B9420252A460E
:10051800214601A80CF01EF938484FF0A0430360AB
:100528004FF4403343608460C46004610123436135
:1005380008228261047744770422026280F824400A
:100548004FF4D461C1624FF48061016380F83830A0
:100558004FF48051C16380F8403042648564C464BC
:10056800036501F091F9002835D10023099309A901
:10057800224801F0DBFF002830D1214B01930623EC
:100588000293052303937F230493042305930023F5
:10059800069301A9194801F021FB10BB194B0193DF
:1005A8000C23029301A9154801F018FBE0B9164B7A
:1005B80001931223029301A9104801F00FFBB0B96F
:1005C800124B01931823029301A90C4801F006FB72
:1005D80080B90DB030BD00F05BFCC6E700F058FCF8
:1005E800CBE700F055FCD9E700F052FCDFE700F05C
:1005F8004FFCE5E700F04CFCEBE700BF0C040020E3
:1006080002003004040060080800900C1000C010BC
:1006180000B589B02022002168460CF09BF81F48DD
:100628001F4B03604FF44033436000238360C36073
:1006380003614361042282610377437701220262E6
:1006480080F82430C362036380F838304FF4805157
:10065800C16380F840201C21416480218164C36407
:10066800026501F011F998B90E4B00930623019326
:10067800072302937F230393042304930023059302
:100688006946064801F0AAFA28B909B05DF804FBE2
:1006980000F0FEFBE8E700F0FBFBF6E7A003002014
:1006A800000100500000524700B589B02022002107
:1006B80068460CF04FF81F481F4B03604FF4403357
:1006C800436000238360C360036143610422826145
:1006D800037743770122026280F82430C362036300
:1006E80080F838304FF48051C16380F840201421DD
:1006F800416460218164C364026501F0C5F898B95A
:100708000E4B009306230193072302937F23039341
:1007180004230493002305936946064801F05EFA12
:1007280028B909B05DF804FB00F0B2FBE8E700F077
:10073800AFFBF6E734030020000600501000C0901D
:1007480030B5A1B0044600211B911C911D911E914A
:100758001F91542206A80BF0FDFF2368B3F1A04FA8
:1007680008D0534A934257D0524A934200F08880A7
:1007780021B030BD4FF4004306934FF00053179358
:1007880006A805F0E3F8002835D14B4A1368013371
:100798001360012B32D0494BDA6C42F00102DA6463
:1007A800DB6C03F001030293029B0F231B930323CB
:1007B8001C9300251D951BA94FF0904002F08EF95F
:1007C8003F48404B0360052343608560C560802334
:1007D80003614FF4807343614FF480638361202386
:1007E800C3614FF40053036202F060F888B9344BD8
:1007F80063659C62BCE700F04BFBC6E72F4BDA6CE5
:1008080042F40052DA64DB6C03F400530193019B59
:10081800C1E700F03DFBEAE74FF4004306934FF0D1
:100828000053179306A805F091F8D8B9224A13681F
:1008380001331360012B18D0204BDA6C42F001020F
:10084800DA64DB6C03F001030493049B10231B930D
:1008580003231C9300231D931BA94FF0904002F023
:100868003DF985E700F014FBE0E7144BDA6C42F43D
:100878000052DA64DB6C03F400530393039BDBE759
:100888004FF4803306934FF00043189306A805F001
:100898005DF850B9094BDA6C42F48042DA64DB6CDB
:1008A80003F480430593059B62E700F0F1FAF1E752
:1008B8000001005000060050D00200200010024045
:1008C800D40200200800024000B583B0164B9A6C91
:1008D80042F004029A649A6C02F004020092009AB0
:1008E8009A6C42F001029A649B6C03F00103019335
:1008F800019B002211460B2001F056FF0B2001F04E
:1009080063FF002211460C2001F04EFF0C2001F07D
:100918005BFF002211460D2001F046FF0D2001F07B
:1009280053FF03B05DF804FB00100240F0B58BB034
:10093800002405940694079408940994304BDA6CC3
:1009480042F00402DA64DA6C02F004020092009ABF
:10095800DA6C42F02002DA64DA6C02F020020192CA
:10096800019ADA6C42F00102DA64DA6C02F00102F0
:100978000292029ADA6C42F00202DA64DA6C02F04D
:1009880002020392039ADA6C42F00802DA64DB6C22
:1009980003F008030493049B22464FF400414FF0F0
:1009A800904002F085F9174F22460421384602F09C
:1009B8007FF9154E2246B821304602F079F94FF4F6
:1009C80000430593012506950794089405A94FF05F
:1009D800904002F083F80423059306950794089441
:1009E80005A9384602F07AF8B823059306950794C6
:1009F800089405A9304602F071F80BB0F0BD00BFAD
:100A080000100240000C0048000400480268124B25
:100A18009A4200D0704700B583B003F528431A6E98
:100A280042F080621A661B6E03F080630193019B9B
:100A380000221146442001F0B7FE442001F0C4FE14
:100A480000221146492001F0AFFE492001F0BCFE0A
:100A580003B05DF804FB00BF0068014070B588B0C2
:100A680000230393049305930693079302681A4B94
:100A78009A4201D008B070BD03F52843DA6C42F001
:100A88000202DA64DA6C02F002020192019ADA6C6C
:100A980042F00102DA64DB6C03F001030293029B6B
:100AA8004FF44043039302260496032506950D242C
:100AB800079403A9094802F011F84FF4407303930F
:100AC8000496002305930695079403A94FF09040D8
:100AD80002F004F8CEE700BF0068014000040048B7
:100AE80010B5BAB0002438943994349435943694B7
:100AF80037942D942E942F943094319432943394C7
:100B08006022214615A80BF025FE12941394149424
:100B1800242221460DEB02000BF01CFE2022214668
:100B280001A80BF017FEAB48AB4B03604460846030
:100B380002F0FEFA002840F01D810C21A54802F0C1
:100B480063FB002840F019810A21A24802F095FBB6
:100B5800002840F015814FF4803338934FF4006338
:100B6800399338AA01219B4802F0C2FB002840F0C3
:100B78000A8100220121974802F0F3FC002840F086
:100B8800058146F29053349300213591369108231C
:100B9800379334AA8F4802F092FB002840F0F9807E
:100BA80000212D912F91309133912DAA894802F07F
:100BB800E3FD002840F0F0801023159300211691E2
:100BC80017911891012319931A911B911C911D914A
:100BD8001E914FF000631F93209121914FF0005315
:100BE8002293239124914FF0004325934FF480736F
:100BF8002693279129912A912B912C9115AA754812
:100C080002F074FD002840F0CA80002315931F935A
:100C1800229325934FF480722692279315AA0321D5
:100C28006C4802F063FD002840F0BC8043F2C82302
:100C3800129312AB01220021664802F011FE00282F
:100C480040F0B38041F66413129312AB04220021E2
:100C5800604802F005FE002840F0AA8000210991B2
:100C68004FF4C8730A930B914FF400420C924FF45F
:100C780080420D920E930F914FF0004310934FF066
:100C88008043119309AA534802F098FD002840F0C8
:100C980092804FF400430C9309AA03214D4802F0B7
:100CA8008DFD002840F08A800021019104230293E1
:100CB800082303930491059106910791089101ABCC
:100CC8000122444802F0ADFE00287AD101AB40224F
:100CD8000321404802F0A5FE002875D1082302939D
:100CE800042303936B44022200213A4802F099FE40
:100CF80000286CD101AB80220321364802F091FE16
:100D080000286BD134AA0321324802F0D8FA00280F
:100D180067D12DAA03212F4802F02EFD002863D1A8
:100D28004FF48273129312AB01220321294802F077
:100D380097FD00285BD10021019108230293042329
:100D48000393049105910691079108916B4402223F
:100D5800204802F066FE00284CD101AB8022032116
:100D68001C4802F05EFE002847D11A48FFF776FEBD
:100D78003AB010BD00F08CF8DFE600F089F8E3E641
:100D880000F086F8E7E600F083F8F2E600F080F875
:100D9800F7E600F07DF803E700F07AF80CE700F0DA
:100DA80077F832E700F074F840E700F071F849E7A7
:100DB80000F06EF852E700F06BF86AE700F068F8A8
:100DC80072E700F065F881E700F062F886E700F066
:100DD8005FF88FE7780400200068014000F058F8B9
:100DE80090E700F055F894E700F052F898E700F023
:100DF8004FF8A0E700F04CF8AFE700F049F8B4E787
:100E080008B50848084B0360042343604FF4FA63AD
:100E1800C360836003F0D8F800B908BD00F038F863
:100E2800FBE700BF740500200030004008B5044B04
:100E3800834200D008BD0029FCD10AF0E1F8F9E7A7
:100E4800780400200368B3F1804F00D070470C4A43
:100E580013889BB201339BB213800A4A13889BB252
:100E680001339BB21380084A13889BB201339BB2AB
:100E78001380064A13889BB201339BB21380E5E7BF
:100E88008A050020880500208605002084050020AA
:100E980072B6FEE700B595B03822002106A80BF01F
:100EA80059FC00200190029003900490059004F0F2
:100EB800B7F8292306934FF48033079301230B9344
:100EC8000C9302230D9303220E9205220F924422C3
:100ED8001092119306221292139306A804F05AF95D
:100EE80080B90F23019303230293002303930493F0
:100EF800059304210DEB010004F002FC20B915B0A4
:100F08005DF804FBFFF7C4FFFFF7C2FF08B500F068
:100F180057FCFFF7BFFFFFF709FDFFF7D5FCFFF709
:100F2800DFFDFFF7EDFAFFF773FBFFF7BDFB00F0FE
:100F380053F800F0CFF908F061FC00F059F900F01F
:100F48008FF900F08BFA00F00BFB00F03DFB01225B
:100F580080211B4801F0ACFE1A4809F019FFFFF781
:100F68004FFF194803F064F815E0184B00221A8067
:100F78000AF038FE18E0164B00221A800AF064F8CE
:100F880017E0144B00221A8020210D4801F095FE2D
:100F98000D4803F04DF80AF053F80AF059F80B4BD6
:100FA8001B889BB2002BE0D1094B1B889BB2632B9B
:100FB800E1D8084B1B889BB2B3F5FA7FE1D2E7E78B
:100FC800000400488C050020740500208A050020D4
:100FD800880500208605002008B51048104B0360DE
:100FE8004FF482734360002383604FF4E062C26071
:100FF800036143614FF4007282611022C26103628F
:10100800436283620722C26203630823436304F0D6
:10101800A7FF00B908BDFFF73BFFFBE75406002018
:10102800003C004010B588B0002303930493059357
:101038000693079302682B4B9A4201D008B010BD63
:10104800044603F5EA339A6D42F400429A659A6DB4
:1010580002F400420192019ADA6C42F00402DA6466
:10106800DB6C03F004030293029B4FF4E0530393F9
:1010780002230493032306930623079303A91A481C
:1010880001F02CFD19481A4B03600E23436000231E
:101098008360C3608022026143618361C36103622C
:1010A80001F004FCC0B9114BA3659C621148124BB6
:1010B80003600F234360102383600023C3608022F2
:1010C800026143618361C361036201F0EFFB30B9E0
:1010D800084B63659C62B1E7FFF7DAFEE3E7FFF7C9
:1010E800D7FEF5E7003C004000080048F405002062
:1010F8001C000240940500203000024000B583B077
:101108000B4B1A6E42F001021A661A6E02F00102C7
:101118000092009A9A6D42F080529A659B6D03F096
:1011280080530193019B04F001F803B05DF804FBC0
:1011380000100240FEE7FEE7FEE7FEE7FEE7704725
:101148007047704708B500F04BFB08BD08B502486A
:1011580001F062FC08BD00BFD402002008B50248B7
:1011680001F05AFC08BD00BFF405002008B502488C
:1011780001F052FC08BD00BF9405002008B50248E4
:1011880003F006FD08BD00BF0820002008B502488E
:1011980005F09BFC08BD00BF9C07002008B502486D
:1011A80005F093FC08BD00BF5007002008B50248B1
:1011B80005F08BFC08BD00BF0407002008B500211E
:1011C800014802F0F3FE08BD7804002008B5FF21AD
:1011D800014802F0EBFE08BD78040020034AD2F86B
:1011E800883043F47003C2F88830704700ED00E09F
:1011F80000B589B0002304930593069307930193E0
:101208000293039315484FF080420260A92242607E
:10121800836040F2E732C26003618023836105F096
:10122800C1FD90B94FF48053049304A90B4805F00D
:1012380011FF68B900230193039301A9074806F039
:1012480081F840B909B05DF804FBFFF721FEE9E732
:10125800FFF71EFEEEE7FFF71BFEF3E79C070020F3
:1012680000B589B00023049305930693079301936F
:10127800029303931548164A0260A92242608360CC
:1012880041F28732C26003618023836105F08AFDE1
:1012980090B94FF48053049304A90C4805F0DAFE82
:1012A80068B900230193039301A9084806F04AF896
:1012B80040B909B05DF804FBFFF7EAFDE9E7FFF77D
:1012C800E7FDEEE7FFF7E4FDF3E700BF5007002076
:1012D8000004004000B589B00023049305930693E9
:1012E80007930193029303931548164A0260A922B3
:1012F8004260836042F20F72C2600361802383619F
:1013080005F050FD90B94FF48053049304A90C489C
:1013180005F0A0FE68B900230193039301A90848CA
:1013280006F010F840B909B05DF804FBFFF7B0FD0E
:10133800E9E7FFF7ADFDEEE7FFF7AAFDF3E700BF2A
:10134800040700200008004000B585B00368B3F129
:10135800804F0BD0284A93421CD0284A93422CD065
:10136800274A93423CD005B05DF804FB03F50433EB
:101378009A6D42F001029A659B6D03F00103009398
:10138800009B002211461C2001F00EFA1C2001F0DF
:101398001BFAE8E71B4B9A6D42F002029A659B6DB7
:1013A80003F002030193019B002211461D2001F066
:1013B800FBF91D2001F008FAD5E7124B9A6D42F0AF
:1013C80004029A659B6D03F004030293029B0022BA
:1013D80011461E2001F0E8F91E2001F0F5F9C2E7D8
:1013E800084B1A6E42F400521A661B6E03F400533F
:1013F8000393039BB7E700BF0004004000080040C8
:10140800003401400010024000B587B0002301936A
:10141800029303930493059302680E4B9A4202D0F9
:1014280007B05DF804FB03F55C43DA6C42F0020296
:10143800DA64DB6C03F002030093009B4FF4007343
:101448000193022302930A23059301A9024801F09C
:1014580045FBE5E7003401400004004810B59CB0A6
:101468000024189419941A941B941594169417949C
:101478000E940F941094119412941394149434228B
:10148800214601A80BF066F93348344B0360A923C1
:101498004360846040F2E733C360046144618023A1
:1014A800836105F07FFC002844D14FF480531893E2
:1014B80018A9294805F0CEFD00283ED1264805F098
:1014C800A1FC00283CD1002315931693179315A966
:1014D800214805F037FF002835D160230E934FF4DB
:1014E800FA730F9300231093119312931393149389
:1014F80008220EA9184805F003FD38BB0023019304
:1015080002930393049305934FF4005206920793B2
:10151800089309934FF000720A920B930C930D9362
:1015280001A90D4805F064FF98B90B48FFF76CFF57
:101538001CB010BDFFF7ACFCB7E7FFF7A9FCBDE78F
:10154800FFF7A6FCBFE7FFF7A3FCC6E7FFF7A0FC81
:10155800D4E7FFF79DFCE8E7B80600200034014017
:1015680008B51748174B03604FF4E1334360002375
:101578008360C36003610C2242618361C3610362BB
:101588004362836206F097FA70B900210C4806F0AE
:101598000AFB60B900210A4806F02AFB50B908483E
:1015A80006F0E2FA48B908BDFFF772FCEDE7FFF76D
:1015B8006FFCEFE7FFF76CFCF1E7FFF769FCF2E778
:1015C8007C0800200038014008B51748174B036015
:1015D8004FF4E133436000238360C36003610C224E
:1015E80042618361C36103624362836206F063FA06
:1015F80070B900210C4806F0D6FA60B900210A48F3
:1016080006F0F6FA50B9084806F0AEFA48B908BD2F
:10161800FFF73EFCEDE7FFF73BFCEFE7FFF738FC91
:10162800F1E7FFF735FCF2E7E80700200048004043
:1016380010B59EB00446002119911A911B911C9176
:101648001D91542204A80BF085F823682E4A934272
:1016580004D02E4A93422BD01EB010BD0123049310
:1016680004A804F073F900BB294B1A6E42F48042B7
:101678001A661A6E02F480420092009ADA6C42F0FE
:101688000402DA64DB6C03F004030193019B30234A
:10169800199302231A9300231B931C9307231D936A
:1016A80019A91C4801F01AFAD6E7FFF7F1FBDBE7A6
:1016B8000423049304A804F049F908BB144B9A6D59
:1016C80042F480229A659A6D02F480220292029A6C
:1016D800DA6C42F00202DA64DB6C03F00203039373
:1016E800039B4FF44063199302231A9300231B931F
:1016F8001C9307231D9319A9074801F0EFF9ABE7DD
:10170800FFF7C6FBDAE700BF003801400048004099
:101718000010024000080048000400480D488546B3
:10172800FFF75CFD0C480D490D4A002302E0D45830
:10173800C4500433C4188C42F9D30A4A0A4C002313
:1017480001E013600432A242FBD30BF011F8FFF75B
:10175800DDFBFEE70000022000000020B4020020AC
:10176800B8CA0008B4020020EC280020FEE70000F8
:10177800104B1B680BB90120704710B504464FF495
:101788007A70B0FBF3F30C4A1068B0FBF3F001F089
:101798001FF868B90F2C01D901200AE00022214660
:1017A8004FF0FF3001F000F8044B1C60002000E00F
:1017B800012010BD040000200000002008000020C7
:1017C80010B5032000F0DEFF0F20FFF7D1FF10B1A6
:1017D8000124204610BD0446FFF790FCF9E70000FD
:1017E800034A1368034909680B441360704700BF34
:1017F8001009002004000020014B1868704700BF42
:101808001009002038B50446FFF7F6FF0546B4F185
:10181800FF3F02D0044B1B681C44FFF7EDFF401B41
:10182800A042FAD338BD00BF0400002010B4303005
:101838000B0A9B0003F00C03C45801F01F014FF082
:101848001F0C0CFA01FC24EA0C0CC2F384628A40D7
:101858004CEA0202C2505DF8044B704710B41430D1
:101868004B0E9B0003F00403C458C1F304514FF01E
:10187800070C0CFA01FC24EA0C0C8A404CEA020220
:10188800C2505DF8044B704730B583B00023019314
:10189800002800F032810446C36D13B323689A68A8
:1018A80012F0005F05D09A6822F0204222F03F0231
:1018B8009A602268936813F0805F1FD1936823F0C1
:1018C800104323F03F0343F0805393608C4B1B6815
:1018D8009B098C4AA2FB03239B0901335B000193FC
:1018E80009E0FEF72DFF0023236684F85830D5E77A
:1018F800019B013B0193019B002BF9D1226893685E
:1019080013F0805F3DD1E36D43F01003E365236E70
:1019180043F0010323660120936813F0040300D009
:101928000123E16D11F0100F40F0E080002B40F032
:10193800DD80E36D23F4817343F00203E36593686C
:1019480013F0010F3ED1B2F1A04F1CD06E4B9A425A
:1019580019D06E4B996811F0010100D001216C4B30
:101968009B6813F0010300D001230B436949896880
:1019780011F0010100D001210B430CBF012300230A
:1019880012E00020C8E74FF0A043996811F0010168
:1019980000D001215C4B9B6813F0010300D00123A8
:1019A8000B430CBF0123002363B1B2F1A04F6CD0ED
:1019B800554B9A4267D0584963688A6822F47C126A
:1019C80013438B60627FE36B43EA4233E26813435D
:1019D800A268134394F8242043EA0243012A56D00C
:1019E800E26A22B102F47872216B0A431343216838
:1019F800CD684A4A2A401A43CA602268136923F00C
:101A08004063616B0B4313612268936813F008030A
:101A180000D0012343BB237F94F83810490041EAE2
:101A28008331D36823F4804323F002030B43D3604C
:101A38002369002B30D02268136943F48033136183
:101A48002268D2F8C03023F47F5323F03F03216982
:101A58000B43C2F8C03094F84030012B2BD02268D9
:101A6800136923F0010313616369012B35D02268E0
:101A7800136B23F00F031363E36D23F0030343F0A9
:101A88000103E36537E0264996E7254994E7A26A0A
:101A9800013A43EA4243A3E72268136923F48033F7
:101AA80013612268D2F8C03023F47F5323F03F0338
:101AB800C2F8C030CFE721680B6923F4FF6323F035
:101AC8000403626CA56C2A43E56C2A43256D2A43FE
:101AD800134343F001030B61C6E721680B6B23F046
:101AE8000F03226A013A13430B63C5E7E36D43F022
:101AF8001003E365012003B030BD0120FBE700BF00
:101B080000000020632D3E05000100500004005035
:101B18000005005000060050000700500740F0FF85
:101B2800000300500368186C70477047704708B589
:101B3800806AFFF7FBFF08BD704708B50346806A57
:101B4800C26D12F0500F30D1C36D43F40073C365FA
:101B580003681A6812F0080F14D0DA6812F4406F9C
:101B680020D1DB6813F4005F1CD1C36D23F48073AC
:101B7800C365C36D13F4805F14D1C36D43F00103D3
:101B8800C3650FE0DB6813F0020F0BD1C36D23F4BC
:101B98008073C365C36D13F4805F03D1C36D43F0D5
:101BA8000103C365FFF7C1FF08BDC26D12F0100F36
:101BB80004D1426D526B18469047F5E7FFF7BCFF1A
:101BC800F2E708B5806AC36D43F04003C365036E4E
:101BD80043F004030366FFF7AFFF08BDF0B583B019
:101BE8000023019390F85830012B00F042820446FC
:101BF8000D46012380F858300068836813F0040FFD
:101C080009D0E36D43F02003E3650120002384F845
:101C1800583003B0F0BD0A684968FFF707FE20682E
:101C2800836813F0040300D00123866816F00806C1
:101C380000D00126002B3ED1002E3CD1AA68B2F17B
:101C4800004F78D02968FFF709FE2268536923F00E
:101C58000043536169692268D368C3F3C1035B0019
:101C680099402869042873D0603252F82070AB4B31
:101C78003B402F6807F0F84C41EA0C010B4343F056
:101C8800004342F8203023682869AA69603353F872
:101C9800201021F080710A4343F820202368296925
:101CA8002A7F012A51D0603353F8212022F0007294
:101CB800324343F821202268936813F0010F16D1AC
:101CC8002B68E868D2F8B010C3F3120621EA0601BF
:101CD80000F018069248F0400340C3F312030B4388
:101CE800C2F8B030EA688F4B9A4200F099802B68AE
:101CF8008D4A134200F0B7812268B2F1A04F00F07C
:101D080050818A498A4200F049818949896801F0ED
:101D1800E070884DAB4200F04681874DAB4200F041
:101D28004281864DAB4200F07181854DAB4200F097
:101D3800858100206AE700222968FFF78FFD226865
:101D4800536943F00043536184E74FF00076AAE7F4
:101D5800136E116EC1F384612B68C3F3120080BB4C
:101D6800C3F38463994234D021684B6E4A6EC2F340
:101D780084622B68C3F3120080BBC3F384639A4266
:101D880034D021688B6E8A6EC2F384622B68C3F3E9
:101D9800120080BBC3F384639A4234D02168CB6EAF
:101DA800CA6EC2F384622B68C3F3120080BBC3F30C
:101DB80084639A427FF47FAFCB6E23F00043CB66F7
:101DC80079E793FAA3F313B1B3FA83F3CAE72023AD
:101DD800C8E7136E23F000431366C5E793FAA3F32D
:101DE80013B1B3FA83F3CAE72023C8E74B6E23F095
:101DF80000434B66C5E793FAA3F313B1B3FA83F331
:101E0800CAE72023C8E78B6E23F000438B66C5E73B
:101E180093FAA3F313B1B3FA83F3CAE72023C8E70D
:101E280020682B68C3F3120626BB9A0E013202F013
:101E38001F02092A8CBF00220122002A52D046BB69
:101E4800990E0131890601F0F84176BB9F0E0137E2
:101E580007F01F070122BA401143AEBB9B0E0133A6
:101E680003F01F0303EB43031B051943AA68FFF79D
:101E7800F5FC3CE793FAA3F24AB1B2FA82F20132D6
:101E880002F01F02092A8CBF00220122D5E7202276
:101E9800F5E793FAA3F131B1B1FA81F1013189067D
:101EA80001F0F841D1E72021F8E793FAA3F24AB10B
:101EB800B2FA82F2013202F01F024FF0010C0CFA62
:101EC80002F2C9E72022F5E793FAA3F343B1B3FA84
:101ED80083F3013303F01F0303EB43031B05C4E73C
:101EE8002023F6E776BB990E0131890601F0F84107
:101EF800A6BB9F0E013707F01F070122BA40114306
:101F0800DEBB9B0E013303F01F0303EB43031E3BB1
:101F18001B0543F000731943A8E700BF00F0FF0357
:101F2800FFFF070000007F4000000880000100500C
:101F380000070050000021C31000C090000052C7E5
:101F4800000084CB93FAA3F131B1B1FA81F10131E8
:101F5800890601F0F841CBE72021F8E793FAA3F2CC
:101F68004AB1B2FA82F2013202F01F024FF0010CBC
:101F78000CFA02F2C3E72022F5E793FAA3F35BB168
:101F8800B3FA83F3013303F01F0303EB43031E3B50
:101F98001B0543F00073BEE72023F3E701F500714A
:101FA800B4E63549B2E611F4000F7FF4BAAEB2F1E7
:101FB800A04F04D0314B9A4201D0002026E6B2F15E
:101FC800A04F19D02E4B9A4214D02E4A40F400004C
:101FD800936823F0E073184390602B4B1B689B09B0
:101FE8002A4AA2FB03239B09013303EB43039B000B
:101FF800019306E0204AE9E71F4AE7E7019B013B16
:102008000193019B002BF9D10020FFE511F0807F9F
:102018007FF48BAEB2F1A04F0ED0194B9A4209D083
:10202800184A40F08070936823F0E073184390607A
:102038000020EBE5104AF4E70F4AF2E711F4800FAD
:1020480013D10F4B9A4212D0B2F1A04F09D00D49CB
:1020580040F480038A6822F0E07213438B6000200A
:10206800D4E50549F4E70020D0E50020CEE50020BE
:10207800CCE50220CDE500BF00030050000600506B
:10208800000100500007005000000020632D3E05AD
:1020980030B583B00023019303689A6812F0010FEA
:1020A80063D104469968324A114220D19A6822F0D5
:1020B800004222F03F0242F001029A600368B3F145
:1020C800A04F20D02B4A93421BD02B4B9B6813F474
:1020D800000F20D0294B1B689B09294AA2FB032328
:1020E8009B09013303EB43039B00019310E0C36D8D
:1020F80043F01003C365036E43F001030366012038
:1021080034E0204BE2E71F4BE0E7019B013B0193E2
:10211800019B002BF9D1FFF76FFB054623681A686E
:1021280012F0010F1FD19A6812F0010F07D19A68B7
:1021380022F0004222F03F0242F001029A60FFF7CB
:102148005BFB431B022BE9D923681B6813F0010FC3
:10215800E4D1E36D43F01003E365236E43F001031C
:102168002366012002E0002000E0002003B030BD1B
:102178003F000080000100500007005000000020D0
:10218800632D3E050003005038B504460368B3F1DB
:10219800A04F60D0464A93425AD0464A956805F007
:1021A8001F059B6813F0040F7DD194F85830012B5C
:1021B8007BD0012384F858302046FFF769FF0028B8
:1021C8006DD1E36D23F4706323F0010343F480734E
:1021D800E3652368364A934242D002F5806293420F
:1021E8003BD01A46934200D01DB9E26D22F480120A
:1021F800E265E26D12F4805F35D0226E22F00602AD
:1022080022661C221A60002384F858302368284A62
:1022180093422ED002F58062934227D01A46934209
:102228002AD0092D05D840F22121E94011F0010FEB
:1022380022D1E36D43F48013E365D36813F0007F84
:1022480032D0E36D23F4405343F48053E3652BE02D
:1022580002F50072A2E7184AA0E7A2F58072C1E76A
:102268004FF0A042BEE700222266CAE7A2F58072BC
:10227800D5E74FF0A042D2E7DA6812F0007F05D028
:10228800E26D22F4405242F48052E2659A6822F0EC
:10229800004222F03F0242F004029A6004E0002368
:1022A80084F8583000E0022038BD0220FCE700BF67
:1022B8000001005000070050000300502DE9F041D4
:1022C80004460F4690460068B0F1A04F24D0444B16
:1022D80098421ED0434B9E6806F01F06856815F08D
:1022E800040F77D194F85830012B76D0012384F865
:1022F80058303D4B984211D0092E05D840F2212381
:10230800F34013F0010F09D1002384F8583001205D
:1023180061E003F50073DEE7344BDCE72046FFF7A6
:10232800B7FE002852D1E36D23F4706323F0010354
:1023380043F48073E3652368294A934240D002F549
:102348008062934239D01A46934200D01EB9E36D99
:1023580023F48013E365E36D13F4805F33D0236EB9
:1023680023F006032366636D214ADA62636D214A0E
:102378001A63636D204A5A6323681C221A6000237B
:1023880084F858302268536843F010035360226879
:10239800D36843F00103D360216843463A4640318D
:1023A800606D00F0EFFA2268936823F0004323F091
:1023B8003F0343F0040393600DE0A2F58072C3E786
:1023C8004FF0A042C0E700232366CCE7002384F83F
:1023D800583000E00220BDE8F0810220FBE700BF92
:1023E8000001005000070050000600500003005094
:1023F800431B0008371B0008CB1B000838B50446F0
:102408000268936813F0020300D00123916811F069
:10241800010F39D0002B39D1936803F00D03012B3C
:1024280009D0E36D43F01003E365236E43F0010325
:102438002366012029E0936823F0004323F03F033B
:1024480043F002039360236803221A60FFF7D4F96C
:10245800054623689B6813F0010F13D0FFF7CCF9EA
:10246800401B0228F5D923689B6813F0010FF0D0B0
:10247800E36D43F01003E365236E43F00103236625
:10248800012002E0002000E0002038BD0020FCE729
:1024980030B583B00023019390F85830012B41D018
:1024A80004460D46012380F85830FFF7A7FF80BB8C
:1024B800E36D23F4885323F0020343F00203E3653A
:1024C8002268936823F0404323F03F0305F08045DA
:1024D8002B4343F00043936023689B68002B06DB83
:1024E800E36D23F0030343F00103E36515E0019B6B
:1024F80001330193019A0C4B9A42EDD9E36D23F015
:10250800120343F01003E365002384F858300120D8
:1025180006E0E36D43F01003E365002384F85830C8
:1025280003B030BD0220FBE701DE040090F858201C
:10253800012A00F0D68010B49DB00346012280F82D
:1025480058200022189219920068B0F1A04F47D085
:10255800654A904247D000220192019A002A46D04B
:10256800926812F0040200D00122846814F0040F6B
:1025780040F0A780002A40F0A480B0F1A04F42D0DC
:102588005A4A90423CD05A4A086800285CD0906861
:1025980020F460404C6893F838C044EA4C34204337
:1025A80090601868B0F1A04F2FD0504CA0422CD0AA
:1025B8004D48846814F0010400D001244D48806817
:1025C80010F0010000D0012020434B4CA46814F007
:1025D800010400D0012420430CBF0120002025E085
:1025E800424A0192B9E702F580720192B5E7DA6DC5
:1025F80042F02002DA65002283F85820012068E0C2
:1026080002F50072C0E73D4ABEE74FF0A04084687B
:1026180014F0010400D001243448806810F001004F
:1026280000D0012020430CBF01200020002854D0F6
:10263800906820F4716020F00F000C6889682143CD
:1026480008439060002041E0916821F46041916066
:102658001968B1F1A04F1AD02448814217D02249F5
:10266800886810F0010000D001202249896811F023
:10267800010100D0012101431F48806810F00100CA
:1026880000D0012001430CBF0121002110E04FF0D0
:10269800A041886810F0010000D001201349896822
:1026A80011F0010100D0012101430CBF01210021DB
:1026B800A9B1916821F4716121F00F0191600020A6
:1026C80004E0DA6D42F02002DA650120002283F886
:1026D80058201DB05DF8044B70470020F6E7002035
:1026E800F4E70220704700BF0004005000010050CA
:1026F800000700500005005000060050000300507D
:10270800002807DB00F01F02400901239340024A1A
:1027180042F82030704700BF00E100E0002808DBE5
:102728000901C9B200F1604000F5614080F800136A
:10273800704700F00F000901C9B2014B19547047E6
:1027480014ED00E000B500F00700C0F1070CBCF183
:10275800040F28BF4FF0040C031D062B0FD9C31E0E
:102768004FF0FF3E0EFA0CF021EA000199400EFAF4
:1027780003FE22EA0E0241EA02005DF804FB002390
:10278800EEE70000074AD36823F4E0631B041B0C40
:10279800000200F4E060034343F0BF6343F40033F6
:1027A800D360704700ED00E010B50446054BD868CB
:1027B800C0F30220FFF7C6FF01462046FFF7AEFF31
:1027C80010BD00BF00ED00E008B5FFF799FF08BD98
:1027D8000138B0F1807F0BD24FF0E0235861054AF1
:1027E800F02182F823100020986107221A617047AF
:1027F8000120704700ED00E030B4C46C056D6560E1
:10280800446D14B1846DC56D6560446C04F01F0C93
:10281800012404FA0CF4056C6C6004686360836836
:10282800102B05D0036899600368DA6030BC7047E4
:1028380003689A600368D960F8E7000003680C4AE7
:10284800934213D80B49DBB2083B0B4AA2FB032384
:10285800426C22F003020A448264084AC264C3F349
:102868000413012202FA03F3036570470449EAE7F7
:102878000704024000080240CDCCCCCC80080240BE
:10288800200802400379074A1A4492004265064A22
:102898008265013B03F01F03012202FA03F3C365BB
:1028A800704700BF3F8200104009024000285BD0FB
:1028B80010B5044601682D4B99423DD82C4B0B446A
:1028C8002C4AA2FB03231B099B0043642A4B036485
:1028D800022384F825300A6822F4FF4222F07002AD
:1028E800A368E06803432069034360690343A06960
:1028F8000343E0690343206A034313430B60204604
:10290800FFF79CFFA368B3F5804F20D0A36C227912
:102918001A60E36C226D5A606368013B032B19D976
:1029280000236365A365E3650020E063012384F861
:10293800253084F8240010BD104B0B440D4AA2FB2F
:1029480003231B099B0043640D4B0364C0E700236A
:102958006360DBE72046FFF795FF636D00221A608E
:10296800A36DE26D5A60DFE701207047070402405B
:10297800F8FFFDBFCDCCCCCC00000240F8FBFDBF7A
:102988000004024038B5044690F82400012841D0DC
:10299800012084F8240094F82500C0B2012804D04E
:1029A800002384F82430022038BD022084F8250052
:1029B8000020E0632568286820F001002860204690
:1029C800FFF71AFF236BD3B12268136843F00E0395
:1029D8001360A36C1A6812F4803F03D01A6842F49B
:1029E80080721A60636D1BB11A6842F480721A60B3
:1029F8002268136843F0010313600020D4E72268BB
:102A0800136823F0040313602268136843F00A0371
:102A18001360DEE70220C7E738B5036C196804685D
:102A28002568436C03F01F0304229A400A4215D01C
:102A380015F0040F12D0236813F0200F03D1236878
:102A480023F004032360436C03F01F02016C04238A
:102A580093404B60036B03B1984738BD02229A40FC
:102A68000A421CD015F0020F19D0236813F0200F6A
:102A780006D1236823F00A032360012380F8253058
:102A8800436C03F01F02016C022393404B60002348
:102A980080F82430C36A002BDFD09847DDE708228E
:102AA80002FA03F30B42D8D015F0080FD5D02368EB
:102AB80023F00E032360436C03F01F03016C012213
:102AC80002FA03F34B60C26380F82520002380F8E4
:102AD8002430436B002BC0D09847BEE7F0B583B0D5
:102AE800002362E085685E000324B44025EA0405FB
:102AF800CC68B4402C438460456825EA0C054C68D2
:102B0800C4F300149C402C4344605FE0DD080835A2
:102B180050F8254003F0070C4FEA8C0C4FF00F0ECD
:102B28000EFA0CFE24EA0E0E0C6904FA0CF444EAC0
:102B38000E0440F8254060E0052400E0002404FA73
:102B48000EF42C430CF1020C554D45F82C40554C15
:102B5800A568D44325EA02064F6817F4801F01D000
:102B680042EA05064F4DAE60ED6804EA05064F6877
:102B780017F4001F01D042EA05064A4DEE606D6861
:102B880004EA05064F6817F4003F01D042EA05063B
:102B9800444D6E602D682C404E6816F4803F01D07D
:102BA80042EA05043F4A146001330A6832FA03F422
:102BB80074D04FF0010C0CFA03FC1CEA0202F3D0AB
:102BC8004C6804F00304013C012C8BD94C6804F0D8
:102BD8000304032C0CD0C4685D004FF0030C0CFAFE
:102BE80005FC24EA0C0C8C68AC4044EA0C04C46074
:102BF8004C6804F00304022C88D004684FEA430EA2
:102C08004FF0030C0CFA0EFC24EA0C0C4C6804F090
:102C1800030404FA0EF444EA0C0404604C6814F447
:102C2800403FC1D0204C256E45F001052566246E35
:102C380004F001040194019C4FEA930C0CF1020585
:102C4800174C54F8255003F0030E4FEA8E0E0F244C
:102C580004FA0EF425EA0405B0F1904F3FF46EAF84
:102C6800124CA04212D004F58064A04210D004F5A2
:102C78008064A0420ED004F58064A0420CD004F514
:102C88008064A0423FF458AF062458E7012456E771
:102C9800022454E7032452E7042450E703B0F0BDAC
:102CA80000000140000401400010024000040048F8
:102CB8000AB18161704781627047436901EA030282
:102CC80021EA030141EA02418161704710B40468B6
:102CD800226822F007028B68134323F01803CA689E
:102CE8001A43226003680A685A6103684A689A614D
:102CF8005DF8044B704730B5046801F1010C4FEAE8
:102D0800CC1C54F80C3023F0070E936843EA0E03EA
:102D180023F01803D5682B4344F80C300368146873
:102D280003EBC113C3F894400368526803EBC11363
:102D3800C3F8982030BD70B404682368D4F8A05351
:102D480023F020034E69334323F0C002202E09D01C
:102D58008E69022E06D0032E29D0042E2AD023F005
:102D6800E00201E042F0200222F40062CB69134342
:102D780023F480620B6A134323F0C0624B6A134347
:102D880023F000628B6A134323F04043CA6A43EA84
:102D9800820323F000534A6B1A4325F480350B6BEA
:102DA8001D4322600368C3F8A05370BC704742F00B
:102DB8004002D9E742F08002D6E72DE9F0430568E2
:102DC8004B1CDB01EC5824F07044EC500568EB58C0
:102DD80005EBC114D4F8E870D4F8E490D5F8A04312
:102DE80023F0200C536943EA0C0C202B09D093697B
:102DF800022B06D0032B5FD0042B62D02CF4D07C9E
:102E080003E02CF4C07C4CF0200C2CF4006CD3694B
:102E180043EA0C0323F48063166A46EA030C2CF099
:102E2800C06C536A43EA0C0323F0006C936A43EACC
:102E38000C0323F0704CD36A43EA0C0323F40033E9
:102E4800566BB6F1005F41D023F04003D2F838C08A
:102E58004CEA030323F48023966D46EA030E2EF012
:102E6800FC7E2EF4803E136D43EA0E0E27F03F07DA
:102E7800D36B03F03F0848EA070828F00048176CAE
:102E880047EA080829F48076536C1E43936CB3F51F
:102E9800606F1ED0B3F5F05F1BD026F4F0561E43CA
:102EA80026F48046D76C3E43576D05291AD8DFE8CB
:102EB80001F01431373D43492CF4807C4CF0800CF0
:102EC800A3E72CF0800C4CF4807C9EE743F400339D
:102ED800BAE7BCF1400FE3D1DFE724F40034136B09
:102EE80044EA43044B1CDB0145F803E0036803EBA9
:102EF800C113C3F8E880036803EBC113C3F8E460A7
:102F0800036803EBC113C3F8D4700368C3F8A04384
:102F1800BDE8F08324F48024136B44EA8304E1E7DA
:102F280024F40024136B44EAC304DBE724F480147C
:102F3800136B44EA0314D5E724F40014136B44EA32
:102F48004314CFE724F48004136B44EA8314C9E7DD
:102F580030B4006800EBC113D3F8EC3023F0100351
:102F6800146843EA041323F48013546844EA030CF6
:102F78002CF4803CD36843EA0C0323F4003C9368A8
:102F880043EA0C039469012C05D000EBC110C0F88A
:102F9800EC3030BC704723F00403156945EA030C94
:102FA8002CF0020C536943EA0C0323F0010323437A
:102FB800EBE70000F0B4076807EBC114D4F8E4604D
:102FC800D4F8B850402A52D035D8012A4FD0002A18
:102FD8005ED0202A5ED8022A5ED3023A012404FA7F
:102FE80002F2324C224230D144F2040422423ED151
:102FF8000022FE24944026EA04061C68944044EA11
:10300800060CDC68944044EA0C041E6906FA02FCCB
:103018004CEA040C5C69944044EA0C0C9C699440AA
:1030280044EA0C04082E39D0036803EBC113C3F833
:10303800E440F0BC7047B2F5007F06D012D9B2F573
:10304800806F14D0B2F5006F20D15A6807EBC11712
:10305800C7F8C42002689C6802EBC112C2F8C840D5
:103068001022C6E7802AF0D0B2F5807F0CD15A68CA
:1030780007EBC117C7F8BC2002689C6802EBC112B5
:10308800C2F8C0400022B4E70022B2E70022B0E74D
:103098000022AEE70022ACE70022AAE715F0022FD3
:1030A800C2D1DB6993401C43BEE700BF410000402A
:1030B80006293CD8DFE801F00C141C242C34040049
:1030C8000268D2F8843343F00103C2F884337047AE
:1030D8000268D2F8843343F00203C2F8843370479D
:1030E8000268D2F8843343F00403C2F8843370478B
:1030F8000268D2F8843343F00803C2F88433704777
:103108000268D2F8843343F01003C2F8843370475E
:103118000268D2F8843343F02003C2F8843370473E
:103128000268D2F8843343F04003C2F8843370470E
:10313800002864D010B582B00446022380F8DD3040
:103148000023C0F8E030C0F8E430C0F8E830C0F838
:10315800EC30C0F8F030C0F8F430C0F8F8308368CC
:1031680013F0010F12D00268264B9A4225D021682D
:103178000A6822F44042236903F44043134323F4CA
:103188004053626902F440521A430A602046FDF730
:103198003DFCA36813F0020F08D021680A6822F4E6
:1031A8004072E36803F4407313430B60012384F80F
:1031B800DD30002384F8DC301CE003F528431A6E68
:1031C80042F080621A661B6E03F080630193019BD4
:1031D800CDE7C3EBC30204EB820200219161D16108
:1031E800116251629162C3EBC30204EB8202116364
:1031F8000133DBB2062BECD9002002B010BD012050
:10320800704700BF0068014090F8DC30012B32D0D5
:10321800012380F8DC30022380F8DD30B1F1FF3F74
:103228001AD00268D2F8CC3343F00203C2F8CC3388
:103238000268D2F8CC3323F00C030B43C2F8CC332A
:103248000268D2F8CC3343F00103C2F8CC3301232F
:1032580080F8DD30002070470268D2F8CC3323F0C4
:103268000203C2F8CC330268D2F8CC3343F001032E
:10327800C2F8CC33EBE70220704770B504460D4620
:10328800FEF7BAFA06462368D3F8883313F4803F6A
:103298000ED1B5F1FF3FF6D0FEF7AEFA801BA8427B
:1032A80001D8002DEFD1072384F8DD30032005E095
:1032B800012384F8DD30002084F8DC0070BD10B5EF
:1032C800044690F8DD00C0B202280BD0022384F82F
:1032D800DD30062907D02046FFF70DFD012384F8CD
:1032E800DD30002010BD11462046FFF7EFFCF5E762
:1032F800034690F8DD00C0B2022800F0318193F84F
:10330800DC00012800F0288170B5012083F8DC007A
:10331800022083F8DD001868D0F88053D0F8FC4309
:1033280020292AD8002900F00C8101F1FF3CBCF1CA
:103338001F0F00F20681DFE81CF063007F00040124
:103348008C00040104010401990004010401040132
:103358000401040104010401A6000401040104019C
:10336800040104010401040104010401040104012D
:103378000401040104010401B900B1F5807F00F0E3
:10338800C9801DD9B1F5007F40F0DB8024F4E0044A
:1033980016684FEA061C0CF4E00C4CEA0404D0F85A
:1033A800F86326F0F846C0F8F8631E68D6F8F80304
:1033B8005268920602F0F8420243C6F8F82328E061
:1033C800402900F08D80802940F0BB8024F4E0443F
:1033D80016684FEA161C0CF4E04C4CEA0404D0F8CA
:1033E800F86326F4F816C0F8F8631E68D6F8F803F0
:1033F8005268120402F4F8120243C6F8F82308E0EF
:1034080025F4E025166806F4E02635435268C0F82E
:10341800BC2393F8DD20D2B2072A00F09F800F2941
:1034280000F296801A68C2F88053012283F8DD20E2
:10343800002083F8DC0070BD25F4601516684FEA9B
:10344800C60C0CF4601C4CEA05055268C0F8C02391
:10345800DFE725F0E07516684FEA861C0CF0E07C83
:103468004CEA05055268C0F8C423D2E725F0606528
:1034780016684FEA462C0CF0606C4CEA0505526859
:10348800C0F8C823C5E7568866F30204D0F8F86385
:1034980026F01F06C0F8F8631E68D6F8F8035268CD
:1034A80002F01F020243C6F8F823B2E724F07004C2
:1034B80016684FEA163C0CF0700C4CEA0404D0F87D
:1034C800F86326F47876C0F8F8631E68D6F8F8032F
:1034D8005268520102F478720243C6F8F82398E75A
:1034E80024F4E06416684FEA162C0CF4E06C4CEAFD
:1034F8000404D0F8F86326F4F846C0F8F8631E68A8
:10350800D6F8F8035268920202F4F8420243C6F869
:10351800F8237EE724F4E024166806F4E026344312
:10352800D0F8F86326F07876C0F8F8631E68D6F805
:10353800F8035268520502F078720243C6F8F8237D
:1035480067E7072283F8DD20002283F8DC2060E7A4
:103558001A68C2F8FC4368E70220704701206AE74E
:103568007047034690F8DD00C0B2022800F0BD8025
:1035780093F8DC00012800F0B580012083F8DC0016
:10358800022083F8DD00202918D8002900F0A38044
:1035980001391F2900F29F80DFE801F0344A9D5667
:1035A8009D9D9D629D9D9D9D9D9D9D6E9D9D9D9DAD
:1035B8009D9D9D9D9D9D9D9D9D9D9D7AB1F5807F25
:1035C8007DD00FD9B1F5007F40F085801868D0F81C
:1035D800041421F0F851120602F0F8520A43C0F818
:1035E800042419E040295ED0802974D11868D0F8E5
:1035F800041421F4F831120302F4F8320A43C0F833
:10360800042409E01868D0F8001421F01F0102F022
:103618001F020A43C0F8002493F8DD20D2B2072A1B
:1036280062D0012283F8DD20002083F8DC00704797
:103638001868D0F8001421F4F861920102F4F862D5
:103648000A43C0F80024E7E71868D0F8001421F40A
:10365800F831120302F4F8320A43C0F80024DBE719
:103668001868D0F8001421F4F801920402F4F80262
:103678000A43C0F80024CFE71868D0F8001421F0F6
:10368800F851120602F0F8520A43C0F80024C3E7C2
:103698001868D0F8041421F01F0102F01F020A4331
:1036A800C0F80424B8E71868D0F8041421F4F861C5
:1036B800920102F4F8620A43C0F80424ACE71868DF
:1036C800D0F8041421F4F801920402F4F8020A4331
:1036D800C0F80424A0E7072283F8DD20002283F83D
:1036E800DC2099E7022070470120704770B5044636
:1036F80090F8DD00C0B2022836D00D46164694F880
:10370800DC30012B36D0012384F8DC30022384F826
:10371800DD30062929D02046FFF74FFB3268C5EB7C
:10372800C50304EB83031A6272685A62B2689A622C
:10373800F268DA6232691A6329462046FFF7B8FC54
:10374800062D0BD0F36A4BB922680135ED015359A8
:1037580023F40073F16D43EA41235351012384F8A4
:10376800DD30002084F8DC0070BD11462046FFF7EC
:10377800E2FAD3E70220F7E770B5044690F8DD00D7
:10378800C0B2022816D00D4694F8DC30012B12D0B6
:10379800012684F8DC60022384F8DD302046FFF738
:1037A800D7FB29462046FFF783FC84F8DD6000201C
:1037B80084F8DC0070BD0220FCE70000034690F8A6
:1037C800DD00C0B2022845D093F8DC0001283FD0C4
:1037D80030B54FF0010E83F8DCE0022083F8DD00FD
:1037E800106800F4E0545068C0F30800044390687F
:1037F80000F400700443106900F480400443D0686A
:1038080000F4004004431448556900EA054C4CEAAA
:10381800040C906900F0007040EA0C0C106A00F08B
:10382800804040EA0C0CD06900F0004040EA0C00EF
:103838001A6802EBC111D1F8B840084A2240024385
:10384800C1F8B82083F8DDE0002083F8DC0030BD43
:1038580002207047704700BF0000FF010020003CB5
:10386800844690F8DD00C0B2022800F0D9809CF8A8
:10387800DC00012800F0D08030B401208CF8DC0096
:1038880002208CF8DD00062909D0013A072A00F247
:10389800BC80DFE802F02E43BA7ABABABA82013A9B
:1038A800072A1FD8DFE802F0040F1E141E1E1E1977
:1038B800DCF800201B68D3619CF8DD30DBB2072BF5
:1038C80024D1012028E0DCF800201B685362F3E7CC
:1038D800DCF800201B689362EEE7DCF800201B6828
:1038E800D362E9E707238CF8DD3000238CF8DC305D
:1038F800E2E7DCF800201B6802EBC112C2F89C303A
:103908009CF8DD30DBB2072B00F0888001238CF8AF
:10391800DD3000208CF8DC0030BC7047DCF800207B
:10392800186802EBC112C2F8A4005A6822B3DCF886
:1039380000404A1CD201A05820F44050A050DCF8A6
:103948000040A0585D682843A0505A68B2F5005F4F
:103958000AD0B2F5405FD3D1DCF800209B6802EBB7
:10396800C112C2F8A830CBE7DCF800209B6802EB54
:10397800C112C2F89C30C3E7DCF800200131C9014C
:10398800535823F440535350BAE7DCF800201B681F
:1039980002EBC112C2F8A830B2E7DCF800201868C0
:1039A80002EBC112C2F8AC005A682AB3DCF8004036
:1039B8004A1CD201A05820F44040A050DCF8004036
:1039C800A0585D6840EA8500A0505A68B2F5005FCB
:1039D8000AD0B2F5405F93D1DCF800209B6802EB77
:1039E800C112C2F8A8308BE7DCF800209B6802EB14
:1039F800C112C2F89C3083E7DCF800200131C9010C
:103A0800535823F4404353507AE707238CF8DD30AA
:103A180000238CF8DC3073E70220704701207BE735
:103A2800704738B5044690F8DD00C0B2022811D0BE
:103A380094F8DC0001280ED0012584F8DC5002201F
:103A480084F8DD002046FFF7B5FA84F8DD50002041
:103A580084F8DC0038BD0220FCE790F8DC30012B4C
:103A680015D010B4012280F8DC20022380F8DD3064
:103A78000468D4F894330B43C4F8943380F8DD20F9
:103A8800002380F8DC3018465DF8044B70470220AC
:103A9800704790F8DC30012B15D010B4012280F863
:103AA800DC20022380F8DD300468D4F898330B4317
:103AB800C4F8983380F8DD20002380F8DC301846FD
:103AC8005DF8044B70470220704790F8DC30012BFA
:103AD80013D010B4012280F8DC20022380F8DD30F6
:103AE800046823680B43236080F8DD20002380F8F6
:103AF800DC3018465DF8044B704702207047000020
:103B080090F8DC30012B3DD030B40246012380F818
:103B1800DC30022380F8DD300068D0F89033546838
:103B28002343C0F8903311F4803F05D01068C36870
:103B3800D2F8C8402343C360002301E00133DBB25D
:103B4800052B13D8104850F823000842F6D0106807
:103B580000EBC310D0F88C40C3EBC30C02EB8C0C09
:103B6800DCF820502C43C0F88C40E7E71068036865
:103B78000B430360012382F8DD30002082F8DC006B
:103B880030BC704702207047D8C80008704770479B
:103B98007047704770477047704770B505460368AF
:103BA800D3F88843D3F8906314F0010F02D016F0CD
:103BB800010F24D114F0020F02D016F0020F24D105
:103BC80014F0040F02D016F0040F26D114F0080FD9
:103BD80002D016F0080F28D114F0100F02D016F0FA
:103BE800100F2AD114F0400F02D016F0400F2CD13C
:103BF80014F0200F02D016F0200F2ED170BD012234
:103C0800C3F88C23FFF7C2FFD4E72B680222C3F85E
:103C18008C232846FFF7BBFFD2E72B680422C3F8A2
:103C28008C232846FFF7B4FFD0E72B680822C3F897
:103C38008C232846FFF7ADFFCEE72B681022C3F888
:103C48008C232846FFF7A6FFCCE72B684022C3F851
:103C58008C232846FFF79FFFCAE72B682022C3F86A
:103C68008C232846FFF798FFC8E7704770477047CE
:103C7800704770477047704770472DE9F041054617
:103C88000368D3F88873D3F890835C68DE6817F408
:103C9800803F02D018F4803F31D117F4003F02D0A2
:103CA80018F4003F38D114F0010F02D016F0010FBC
:103CB8003BD114F0020F02D016F0020F3DD114F0E0
:103CC800040F02D016F0040F3FD114F0080F02D0F1
:103CD80016F0080F41D114F0100F02D016F0100F93
:103CE80043D114F0200F02D016F0200F45D114F064
:103CF800400F02D016F0400F46D1BDE8F0814FF4D6
:103D08008032C3F88C23012380F8DD30002380F84B
:103D1800DC30FFF7AAFFC0E72B684FF40032C3F886
:103D28008C232846FFF7A2FFBDE72B6801229A6083
:103D380006212846FFF79DFFBBE72B6802229A6001
:103D480006212846FFF796FFB9E72B6804229A60F8
:103D580006212846FFF78FFFB7E72B6808229A60ED
:103D680006212846FFF788FFB5E72B6810229A60DE
:103D780006212846FDF75AF8B3E72B6820229A60F7
:103D88002846FFF774FFB2E72B6840229A600621A5
:103D98002846FFF76DFFB0E77047704770477047D8
:103DA8007047704770477047F8B506460D46026879
:103DB8004B1C02EBC3135C6802EBC113D3F88C7085
:103DC80014F0010F02D017F0010F52D114F0020FB6
:103DD80002D017F0020F53D114F0040F02D017F0DD
:103DE800040F58D114F0080F02D017F0080F5DD156
:103DF80014F0100F02D017F0100F62D114F0400F1A
:103E080002D017F0400F67D114F0800F02D017F0DE
:103E1800800F6CD114F4807F02D017F4807F71D1A9
:103E280014F4007F02D017F4007F77D114F4806F68
:103E380002D017F4806F7DD114F4006F03D017F40B
:103E4800006F40F0838014F4805F03D017F4805F24
:103E580040F0888014F4005F03D017F4005F40F04E
:103E68008D8014F4804F03D017F4804F40F0928077
:103E7800F8BD1A460123C2F88830FFF7FAFEA5E715
:103E8800336803EBC5130222C3F88820294630465D
:103E9800FFF7F0FEA0E7336803EBC5130422C3F86D
:103EA800882029463046FFF7E6FE9BE7336803EB98
:103EB800C5130822C3F8882029463046FFF7DCFEE0
:103EC80096E7336803EBC5131022C3F88820294608
:103ED8003046FCF7ABFF91E7336803EBC51340228C
:103EE800C3F8882029463046FFF7C2FE8CE73368BE
:103EF80003EBC5138022C3F8882029463046FFF714
:103F08004BFF87E7336803EBC5134FF48072C3F8A0
:103F1800882029463046FFF740FF81E7336803EBE6
:103F2800C5134FF40072C3F8882029463046FFF7BE
:103F380037FF7BE7336803EBC5134FF48062C3F8A0
:103F4800882029463046FFF72CFF75E7336803EBD6
:103F5800C5134FF40062C3F8882029463046FFF79E
:103F680021FF70E7336803EBC5134FF48052C3F8A1
:103F7800882029463046FFF716FF6BE7336803EBC6
:103F8800C5134FF40052C3F8882029463046FFF77E
:103F980006FF66E7336803EBC5134FF48042C3F8A6
:103FA800882029463046FFF7F9FE61E708B5FF2962
:103FB80004D0062905D0FFF7F7FE08BDFFF7EDFD91
:103FC800FBE7FFF75AFEF8E700282FD038B504467C
:103FD80003684CF6CC421A60036845F255521A60E1
:103FE800036842685A60036882689A60FDF704FCB7
:103FF80005462368DA6812F0070F0BD0FDF7FCFBC3
:10400800401B3128F5D92368DB6813F0070FF0D07F
:10401800032005E01969E268914202D01A61002084
:1040280038BD4AF6AA221A600020F9E70120704735
:1040380003684AF6AA221A600020704738B512F4BD
:10404800804F43D00468B4F8503091F800C04FEA6C
:10405800CC0E1EFA83F32344B3F80244C4F30904D4
:104068008B69A34228D31B1B8B618B697BB90568BD
:1040780035F82C309BB223F4804323F0700383F48B
:10408800005343F4004343F0800325F82C3012F02A
:10409800400F0ED002680D7832F825309BB223F419
:1040A800E04323F0700343F4004343F0C00322F8D5
:1040B800253024B9204638BD00238B61D5E7234637
:1040C8000A894969006804F0B0FCF3E70468B4F8A9
:1040D800503091F800C04FEACC0E1EFA83F3234407
:1040E800B3F80644C4F309048B69A3422FD31B1BFE
:1040F8008B618B697BB9056835F82C309BB223F44A
:10410800804323F0700383F4005343F4004343F0E7
:10411800800325F82C3012F0400F0FD1026891F877
:1041280000C032F82C309BB223F4E04323F0700334
:1041380043F4004343F0C00322F82C30002CB9D0DC
:1041480023464A894969006804F06FFCB2E70023F6
:104158008B61CEE7002856D010B5044690F891320E
:104168003BB1032384F89132206803F06FFD0023EC
:1041780015E080F8903205F055FCF2E703EB830276
:1041880004EBC2020121517413740021D17411622D
:104198005162013303EB8302D200A150DBB22079D4
:1041A8009842EBD8002316E003EB830204EBC2022B
:1041B800002182F8511182F8503182F85311C2F867
:1041C8006011C2F8641103EB830204EBC202C2F867
:1041D80068110133DBB29842E6D8234653F8040B42
:1041E80093E8060003F03CFD00232373012384F8C1
:1041F8009132A37A012B01D0002010BD204600F097
:10420800F9FE0020F9E70120704790F89032012B61
:104218000ED010B50446012380F89032006803F0F0
:104228000CFD206804F01EF9002084F8900210BDEF
:104238000220704770B505460C46164612F0400F2E
:1042480000F020810268B2F8503009784FEAC10CBA
:104258001CFA83F31344B3F80224C2F30902A369D6
:1042680093422CD99B1AA361A06958B316F4804FC6
:104278000DD0286830F821309BB223F4E04323F0B6
:10428800700343F4404343F0800320F8213094F84E
:104298002430012B00F08D802A68217832F82130F3
:1042A8009BB223F4E04323F0400383F0300343F44C
:1042B800004343F0800322F82130002070BD002322
:1042C800A361D1E76378002B48D12A68B2F850304F
:1042D80012FA83F36344B3F80224C2F30902A3F881
:1042E8000224B3F802246FEA42426FEA524292B2C1
:1042F800A3F802242A686378002B3BD1B2F8503027
:1043080012FA83F3227803EBC203B3F80624C2F34C
:104318000902A3F80624B3F806246FEA42426FEABA
:10432800524292B2A3F80624E378022B2FD02178C8
:10433800284605F0BBFB16F4804FBED02A682178CA
:1043480032F821309BB223F4E04323F0700343F4A6
:10435800404343F0800322F82130AEE7012BC9D156
:104368002A68B2F8503012FA83F363440022A3F8A3
:104378000224BFE7012BD7D1B2F8503012FA83F3E9
:10438800227803EBC2030022A3F80624CCE72A68AC
:10439800217832F821309BB223F4E04323F0400324
:1043A80083F0200343F4004343F0800322F82130D4
:1043B800BDE7636913446361E3691344E361216AF8
:1043C800236999421DD3C91A21626278002A44D10F
:1043D8002968B1F8502011FA82F2217802EBC10263
:1043E800B2F80214C1F30901A2F80214ABB9B2F889
:1043F80002146FEA41416FEA514189B2A2F80214EE
:104408002DE021B9002384F824301346DDE700238A
:1044180084F8243023620B46D7E73E2B0DD8590881
:1044280013F0010F00D00131B2F8020480B2890202
:1044380089B20143A2F8021411E0580913F01F0FC2
:1044480000D10138B2F8021489B2800280B2014367
:1044580041F40041A2F8021401E0012A06D09BB2FF
:1044680022896169286804F00CF815E72968B1F811
:10447800502011FA82F2217802EBC10299B2A2F817
:104488000214ECE70268B2F850300978C80010FA54
:1044980083F31344B3F80624C2F30902A3699342D1
:1044A80046D39B1AA361A369002B44D016F4804F0E
:1044B8000DD1286830F821309BB223F4E04323F073
:1044C800700343F4404343F0800320F8213094F80C
:1044D8002430012B7FF4E0AE636913446361E36920
:1044E8001344E361216A23699942C0F09C80C91A88
:1044F800216229686278002A40F0C180B1F8502012
:1045080011FA82F2217802EBC102B2F80614C1F363
:104518000901A2F80614002B40F09180B2F80614A5
:104528006FEA41416FEA514189B2A2F80614A8E046
:104538000023A361B7E76378002B49D12A68B2F852
:10454800503012FA83F30344B3F80224C2F3090289
:10455800A3F80224B3F802246FEA42426FEA5242F7
:1045680092B2A3F802242A686378002B3CD1B2F8EF
:10457800503012FA83F3227803EBC203B3F806240F
:10458800C2F30902A3F80624B3F806246FEA4242EC
:104598006FEA524292B2A3F80624E378022B30D095
:1045A8002178284605F082FA16F4804F7FF485AE0C
:1045B8002A68217832F821309BB223F4E04323F0B3
:1045C800700343F4404343F0800322F8213074E63B
:1045D800012BC8D12A68B2F8503012FA83F3034489
:1045E8000022A3F80224BEE7012BD6D1B2F850303E
:1045F80012FA83F3227803EBC2030022A3F80624FD
:10460800CBE72A68217832F821309BB223F4E043C3
:1046180023F0400383F0200343F4004343F0800376
:1046280022F82130BCE721B9002384F8243013464E
:104638005FE70023236284F824300B4659E73E2BBA
:104648000DD8590813F0010F00D00131B2F8060453
:1046580080B2890289B20143A2F8061411E0580910
:1046680013F01F0F00D10138B2F8061489B2800286
:1046780080B2014341F40041A2F8061401E0012A86
:1046880006D09BB262896169286803F0FAFE03E6E6
:10469800B1F8502011FA82F2217802EBC10299B2E6
:1046A800A2F80614EDE72DE9F04105462868B0F8B0
:1046B800443013F4004F00F05582B0F84440A3B2E0
:1046C80014F00F0440F09F8013F0100F4AD00388B5
:1046D8009AB213F4006F75D112F4004FE6D0038834
:1046E80023F070031B051B0D43F08003038028682B
:1046F800B0F8503095F85021D20012FA83F30344F1
:10470800B3F80634C3F30903C5F86C318BB1D5F897
:10471800641171B1B5F8562104F087F9D5F8643100
:10472800D5F86C211344C5F864310021284605F0FA
:10473800B1F92A68138899B213F4006FB6D101F45D
:104748004051B1F5405FB1D013889BB223F4804348
:1047580023F0700383F4405343F4004343F0800391
:104768001380A3E703889BB223F4E14323F070038B
:104778006FEA43436FEA53439BB203802968B1F859
:1047880050302A7CD20012FA83F30B44B3F8023477
:10479800C3F30903EB626A6A1A446A620021284675
:1047A80005F084F92B7B002B80D0AB6A002B7FF4BB
:1047B8007DAF2B7B2A6843F08003A2F84C3000239E
:1047C8002B7373E7B0F8503095F85021D20012FAE5
:1047D80083F30344B3F80634C3F30903C5F86C3113
:1047E800B5F8562105F5267104F01FF92A681388D3
:1047F80023F070031B051B0D43F08003138028462C
:1048080005F040F952E730F824309EB213F4004F17
:104818004ED116F0800F3FF449AF04EB8401C90074
:10482800103129442A6832F824309BB223F4E1433A
:1048380023F070036FEA43436FEA53439BB222F8B5
:10484800243004EB840305EBC303DB7C012B00F06D
:10485800E98016F4807F40F080812868B0F85030F5
:1048680004EB840205EBC202167CF20012FA83F311
:104878000344B3F80234C3F30903621C02EB820257
:1048880055F832209A4240F24B81671C07EB8707A4
:10489800D21A45F83720621C02EB820255F8322002
:1048A800002A40F044813146284605F0FFF8FDE62D
:1048B80030F8243023F070031B051B0D43F08003F0
:1048C80020F8243004EB8401C90001F5A87105EB38
:1048D800010804EB840305EBC30393F85C31002B58
:1048E80040D12868B0F8503004EB840205EBC202CE
:1048F80092F85021D20012FA83F30344B3F80674F5
:10490800C7F3090717BB04EB840305EBC303D3F80C
:104918006C213A44C3F86C21D3F864213A44C3F8B3
:104928006421D3F868313BB104EB840305EBC3037E
:10493800D3F860319F4270D204EB840305EBC303C4
:1049480093F85011284605F0A5F862E704EB8401B6
:1049580005EBC1013B46B1F85621D1F8641104F0CA
:1049680064F8D0E704EB840305EBC30393F85331F1
:10497800022B33D0296804EB840205EBC20292F8BB
:10498800500131F820309BB223F4E04323F0700348
:1049980043F4004343F0C00321F82030286892F81C
:1049A800503130F8232012F4804F1ED0B0F8502038
:1049B800DB0013FA82F30344B3F80274C7F3090760
:1049C800002FA0D004EB840105EBC1013B46B1F8F0
:1049D8005821D1F8641104F028F894E7324641468A
:1049E8002846FFF72BFB07468DE7B0F85020DB0081
:1049F80013FA82F30344B3F80674C7F30907002FC8
:104A080081D004EB840105EBC1013B46B1F85A2182
:104A1800D1F8641104F009F875E74146286803F0F5
:104A280042FDF6E6631C03EB8303DB000022EA5039
:104A380004EB840305EBC3031B7F1BB316F0400F85
:104A48003BD004EB840305EBC3035B7C1BBB2A68E8
:104A5800B2F8503012FA83F304EB840205EBC20279
:104A6800127C03EBC203B3F80224C2F30902A3F8D1
:104A78000224B3F802246FEA42426FEA524292B229
:104A8800A3F8022404EB840405EBC404217C284623
:104A980005F00CF80AE6012BF4D12A68B2F8503078
:104AA80012FA83F304EB840205EBC202127C03EBD7
:104AB800C2030022A3F80224E4E72A6804EB840373
:104AC80005EBC3035B7CD3B9B2F8503012FA83F319
:104AD80004EB840205EBC202127C03EBC203B3F8B9
:104AE8000624C2F30902A3F80624B3F806246FEAE1
:104AF80042426FEA524292B2A3F80624C2E7012B5F
:104B0800C0D1B2F8503012FA83F304EB840205EBFB
:104B1800C202127C03EBC2030022A3F80624B1E709
:104B2800621C02EB8202D2000027AF50B3E604EB0E
:104B3800840205EBC202566A1E445662013404EB35
:104B4800840205EBC202526804EB840405EBC4043A
:104B58001344636003F0A7FCA8E532462846FFF734
:104B680069FBA3E50020BDE8F08190F89032012BA5
:104B78000CD010B50446012380F890320173006808
:104B880003F06AFC002084F8900210BD02207047F0
:104B980010B50446006803F070FC10F4004F23D1F0
:104BA80010F4806F24D110F4804F32D110F4005FDC
:104BB80039D110F4805F40D110F4006F67D110F044
:104BC800800F40F0818010F4007F40F0AD8010F439
:104BD800807F27D02268B2F844309BB223F48073D8
:104BE8009BB2A2F844301DE02046FFF75CFD19E0B7
:104BF8002268B2F844309BB223F480639BB2A2F8D7
:104C08004430204604F063FF00212046FFF7ADFF43
:104C180008E02268B2F844309BB223F480439BB288
:104C2800A2F8443010BD2268B2F844309BB223F495
:104C380000539BB2A2F84430F4E72268B2F840303F
:104C48009BB223F004039BB2A2F840302268B2F86A
:104C580040309BB223F008039BB2A2F8403094F88E
:104C6800C832012B0CD0204604F054FF2268B2F859
:104C780044309BB223F480539BB2A2F84430D1E76E
:104C8800002184F8C812204604F0FCFFEBE72268F4
:104C9800B2F840309BB243F00803A2F840302268D3
:104CA800B2F844309BB223F400639BB2A2F84430BC
:104CB8002268B2F840309BB243F00403A2F84030B7
:104CC800204604F017FFADE72268B2F844309BB2E3
:104CD80023F080039BB2A2F8443094F8C832FBB9A1
:104CE8002268B2F840309BB243F00403A2F8403087
:104CF8002268B2F840309BB243F00803A2F8403073
:104D0800012184F8C8122368B3F85430C3F38D0323
:104D180003F03C03C4F8CC32204604F0B3FF81E72B
:104D2800204604F0E7FE7DE72268B2F844309BB2E3
:104D380023F400739BB2A2F84430204604F0C1FE6D
:104D480070E710B50446084611F0800F27D101F02E
:104D5800070C0CEB8C01C90001F5A87E04EB0E01D1
:104D68000CEB8C0C04EBCC0C4FF0000E8CF851E1E2
:104D780000F007000870C2F30A020A61CB70022B28
:104D88001DD094F89032012B1CD0012384F8903266
:104D9800206802F076FF002084F8900210BD01F030
:104DA800070C0CEB8C01C900103121440CEB8C0C66
:104DB80004EBCC0C4FF0010E8CF811E0D8E700237F
:104DC8000B71DEE70220E9E710B504460A4611F048
:104DD800800F1FD101F0070000EB8003DB0003F513
:104DE800A873E11800EB800004EBC000002380F8F2
:104DF800513102F007020A7094F89032012B17D053
:104E0800012384F89032206803F0C8F9002084F860
:104E1800900210BD01F0070000EB8003DB001033A7
:104E2800E11800EB800004EBC00001234374E0E7C5
:104E38000220EEE710B501F0070C0CEB8C01C9005D
:104E480001F5A8710CEB8C0E00EBCE0ECEF86421A8
:104E5800CEF868310024CEF86C418EF851418EF8B6
:104E680050C10144006803F01EFB204610BD01F04C
:104E7800070101EB810100EBC100D0F86C0170471C
:104E880038B501F0070C0CEB8C01C90010310CEBA4
:104E98008C0E00EBCE0ECEF824200CF1010202EBB2
:104EA800820440F8343001258EF83450CEF8303082
:104EB80000EBC402002454608EF811508EF810C024
:104EC8000144006803F0EFFA204638BD0B4601F0B4
:104ED8000702017991422ED310B5044613F0800FD2
:104EE8001DD103EB8301C90001F5A871014403EB4F
:104EF800830300EBC303002083F8510101238B7067
:104F08000A7094F89032012B17D0012384F890325C
:104F1800206803F02EFA002084F8900210BD02EBFE
:104F28008201C9001031014402EB820300EBC30384
:104F380001205874E2E7012070470220EEE70B4693
:104F4800017903F00F02914234D310B5044613F0EF
:104F5800800F21D103F0070202EB8201C90001F59D
:104F6800A871014402EB820200EBC202002082F821
:104F7800510100228A7003F007030B7094F89032F5
:104F8800012B19D0012384F89032206803F016FA17
:104F9800002084F8900210BD03F0070202EB8201A2
:104FA800C9001031014402EB820200EBC202012069
:104FB8005074DEE7012070470220ECE711F0800F03
:104FC8000BD001F0070101EB8101C9001031084441
:104FD80052B90273C3800020704701EB8101C900F8
:104FE80001F5A8710844F3E70122027303811B0C41
:104FF8004381F0E7034602680121C0F8D01200207F
:1050080083F8C802B2F854309BB20B43A2F854306C
:10501800B2F854309BB243F00203A2F85430704700
:10502800002836D13E4B1B6803F4C063B3F5806F8C
:1050380008D03B4AD2F8803023F48073C2F880301D
:1050480000207047364AD2F8803023F48073C2F8C3
:105058008030136823F4C06343F400731360314B4A
:105068001B68322202FB03F32F4AA2FB03239B0C8B
:10507800013300E0013B2A4A526912F4806F01D0E3
:10508800002BF7D1264B5B6913F4806F44D10020C5
:105098007047B0F5007F08D0214A136823F4C06335
:1050A80043F480631360002070471D4B1B6803F4B2
:1050B800C063B3F5806F08D0194AD2F8803043F442
:1050C8008073C2F8803000207047154AD2F88030CB
:1050D80043F48073C2F88030136823F4C06343F448
:1050E800007313600F4B1B68322202FB03F30E4A56
:1050F800A2FB03239B0C013300E0013B084A5269E1
:1051080012F4806F01D0002BF7D1054B5B6913F4C3
:10511800806F03D100207047032070470320704739
:10512800007000400000002083DE1B43024A9368A1
:1051380043F480439360704700700040124BDA6874
:1051480002F00302DB68C3F303130133032A11D00F
:105158000E48B0FBF3F00C4BDB68C3F3062303FBEC
:1051680000F0094BDB68C3F3416301335B00B0FB1C
:10517800F3F070470648B0FBF3F0034BDB68C3F36A
:10518800062303FB00F0ECE7001002400024F400C3
:1051980040787D01002800F04F8270B582B0044647
:1051A800036813F0010F37D0A44A936803F00C0387
:1051B800D26802F003020C2B23D0082B23D063689B
:1051C800B3F5803F4ED0B3F5A02F51D09B4B1A6852
:1051D80022F480321A601A6822F480221A60636806
:1051E800002B52D0FCF708FB0546944B1B6813F4C0
:1051F800003F11D1FCF700FB401B6428F5D90320C0
:1052080023E2032AD9D18D4B1B6813F4003F03D046
:105218006368002B00F01282236813F0020F5DD040
:10522800864A936803F00C03D26802F003020C2B41
:105238003AD0042B3AD0E368002B75D07F4A136824
:1052480043F480731360FCF7D7FA05467B4B1B6861
:1052580013F4806F5FD1FCF7CFFA401B0228F5D911
:105268000320F2E1754A136843F480331360B6E70C
:1052780003F18043A3F53C331A6842F480221A6094
:105288001A6842F480321A60A9E7FCF7B5FA0546B5
:105298006A4B1B6813F4003FBED0FCF7ADFA401B05
:1052A8006428F5D90320D0E1022AC2D1634B1B68D8
:1052B80013F4806F03D0E368002B00F0C1815F4ACC
:1052C800536823F0FE43216943EA016353605C4B52
:1052D8001868FCF74DFA002840F0B481236813F0F1
:1052E800080F4CD063699BB3544AD2F8943043F00A
:1052F8000103C2F89430FCF77FFA05464F4BD3F808
:10530800943013F0020F3AD1FCF776FA401B0228CA
:10531800F4D9032099E1494A536823F0FE432169EF
:1053280043EA01635360D9E7444A136823F480735E
:105338001360FCF761FA0546404B1B6813F4806F55
:10534800CCD0FCF759FA401B0228F5D903207CE1A0
:105358003A4AD2F8943023F00103C2F89430FCF7AB
:105368004BFA0546354BD3F8943013F0020F06D0AC
:10537800FCF742FA401B0228F4D9032065E12368B0
:1053880013F0040F00F081802C4B9B6D13F0805FAD
:1053980036D12A4B9A6D42F080529A659B6D03F084
:1053A80080530193019B0125264B1B6813F4807FD2
:1053B80028D0A368012B39D0052B45D01F4BD3F833
:1053C800902022F00102C3F89020D3F8902022F018
:1053D8000402C3F89020A368002B43D0FCF70CFA12
:1053E8000646164BD3F8903013F0020F4CD1FCF759
:1053F80003FA801B41F288339842F2D9032024E152
:105408000025D1E70F4A136843F480731360FCF753
:10541800F3F906460B4B1B6813F4807FC9D1FCF7E0
:10542800EBF9801B0228F5D903200EE1034AD2F8D4
:10543800903043F00103C2F89030CCE700100240EE
:105448000800002000700040884BD3F8902042F0FC
:105458000402C3F89020D3F8902042F00102C3F868
:105468009020B8E7FCF7C8F90646804BD3F890308F
:1054780013F0020F08D0FCF7BFF9801B41F2883304
:105488009842F2D90320E0E0E5B9236813F0200F31
:1054980035D0A369E3B1754AD2F8983043F00103D7
:1054A800C2F89830FCF7A8F90546704BD3F8983045
:1054B80013F0020F23D1FCF79FF9401B0228F4D9FF
:1054C8000320C2E0694A936D23F080539365DCE7BB
:1054D800664AD2F8983023F00103C2F89830FCF7F6
:1054E8008BF90546614BD3F8983013F0020F06D0BC
:1054F800FCF782F9401B0228F4D90320A5E0E369F0
:10550800002B00F0A180594A926802F00C020C2A84
:1055180064D0022B13D0554A136823F080731360AC
:10552800FCF76AF90446514B1B6813F0007F4ED014
:10553800FCF762F9001B0228F5D9032085E04B4AE5
:10554800136823F080731360FCF756F90546474B40
:105558001B6813F0007F06D0FCF74EF9401B0228A9
:10556800F5D9032071E0414AD36841491940236ABB
:10557800606A013843EA0013A06A43EA0023206BFB
:105588004008013843EA4053606B4008013843EA59
:105598004063E06A43EAC0631943D160136843F08B
:1055A80080731360D36843F08073D360FCF724F9E9
:1055B80004462E4B1B6813F0007F06D1FCF71CF93C
:1055C800001B0228F5D903203FE000203DE0274AD0
:1055D800D168284B0B40D360002036E0012B36D031
:1055E800224BDB6803F00301226A914231D103F0B8
:1055F800F002616A0139B2EB011F2CD103F4FE42BB
:10560800A16AB2EB012F28D103F07842E16AB2EB2C
:10561800C16F24D103F4C001226B5208013AB1EBE7
:10562800425F1ED103F0C063626B5208013AB3EBCC
:10563800426F18D1002008E001207047012004E0E3
:10564800012002E0012000E0002002B070BD01202E
:10565800FBE70120F9E70120F7E70120F5E7012042
:10566800F3E70120F1E70120EFE700BF0010024057
:105678000C809F01FCFFEEFE1E4B9B6803F00C03A1
:10568800042B33D01B4B9B6803F00C03082B2FD043
:10569800184B9B6803F00C030C2B01D000207047BB
:1056A800144BDA6802F00302DB68C3F30313013317
:1056B800032A11D01048B0FBF3F00E4BDB68C3F39C
:1056C800062303FB00F00B4BDB68C3F34163013394
:1056D8005B00B0FBF3F070470848B0FBF3F0054BF4
:1056E800DB68C3F3062303FB00F0ECE702487047CE
:1056F80002487047001002400024F40040787D0101
:10570800002800F0E680F8B50C460546744B1B6887
:1057180003F00F038B420BD2714A136823F00F0377
:105728000B431360136803F00F038B4240F0D380E0
:105738002E6816F001065FD06B68032B2FD0022B62
:105748004DD0684B1B6813F4806F00F0C680FFF7DC
:1057580093FF654B98424DD9624A936823F0F00352
:1057680043F08003936080265E4A936823F0030326
:1057780069680B439360FCF73FF80746594B9B68F1
:1057880003F00C036A68B3EB820F35D0FCF734F8EA
:10579800C01B41F288339842F0D9032078E0514B7E
:1057A8001B6813F0007F01D1012071E0FFF7C6FCF0
:1057B8004D4B98421AD94B4B9B6813F0F00F05D00C
:1057C8002E6816F00206CFD0AB688BB9454A9368AD
:1057D80023F0F00343F0800393608026C4E7414B35
:1057E8001B6813F4003FB2D1012051E00026BBE74B
:1057F8000026B9E70026B7E72B6813F0020F48D058
:1058080013F0040F04D0374A936843F4E0639360BD
:105818002B6813F0080F06D0324A936823F47C53A0
:1058280043F4E06393602F4A936823F0F003A96878
:105838000B4393602A4B1B6803F00F03A34230D835
:105848002B6813F0040F06D0264A936823F4E0630C
:10585800E9680B4393602B6813F0080F07D0214ABF
:10586800936823F46053296943EAC1039360FFF7FF
:1058780003FF1C4B9B68C3F303131C4AD35C03F060
:105888001F03D8401A4B18601A4B1868FBF770FFB3
:10589800F8BD802ECED1134A936823F0F0039360AD
:1058A800C8E70F4A136823F00F0323431360FBF77D
:1058B800A3FF06460A4B1B6803F00F03A342BFD0A1
:1058C800FBF79AFF801B41F288339842F2D90320F4
:1058D800DEE7012070470120DAE70120D8E700BFA2
:1058E800002002400010024000B4C404C8C80008E8
:1058F8000000002008000020014B1868704700BF16
:105908000000002008B5FFF7F7FF054B9B68C3F3BD
:105918000223044AD35C03F01F03D84008BD00BF2C
:1059280000100240C0C8000808B5FFF7E5FF054BA6
:105938009B68C3F3C223044AD35C03F01F03D84017
:1059480008BD00BF00100240C0C80008F0B583B011
:105958000446036813F4002F6ED0354B9B6D13F08B
:10596800805F1ED1324B9A6D42F080529A659B6DD2
:1059780003F080530193019B01262E4A136843F4D8
:1059880080731360FBF738FF05462A4B1B6813F436
:10599800807F08D1FBF730FF401B0228F5D903258B
:1059A80002E00026E9E7002545BB214BD3F89030FB
:1059B80013F4407315D0226D9A4212D01C4AD2F8C3
:1059C800903023F44073D2F8901041F48031C2F83B
:1059D8009010D2F8901021F48031C2F89010C2F8DB
:1059E800903013F0010F10D145B9114AD2F8903018
:1059F80023F44073216D0B43C2F89030EEB10C4A8A
:105A0800936D23F08053936517E0FBF7F5FE074687
:105A1800074BD3F8903013F0020FE5D1FBF7ECFEFB
:105A2800C01B41F288339842F2D90325DCE700BF56
:105A380000100240007000400025236813F0010F99
:105A480008D09F4AD2F8883023F0030361680B43DB
:105A5800C2F88830236813F0020F08D0984AD2F8A9
:105A6800883023F00C03A1680B43C2F88830236800
:105A780013F0040F08D0924AD2F8883023F030038C
:105A8800E1680B43C2F88830236813F0080F08D088
:105A98008B4AD2F8883023F0C00321690B43C2F83F
:105AA8008830236813F0100F08D0854AD2F8883060
:105AB80023F4407361690B43C2F88830236813F0FC
:105AC800200F08D07E4AD2F8883023F44063A169B9
:105AD8000B43C2F88830236813F0400F08D0784A87
:105AE800D2F8883023F44053E1690B43C2F8883078
:105AF800236813F0800F08D0714AD2F8883023F455
:105B08004043216A0B43C2F88830236813F4807F2E
:105B180008D06B4AD2F8883023F44033616A0B43CB
:105B2800C2F88830236813F4003F08D0644AD2F8DA
:105B38009C3023F00303A16A0B43C2F89C3023680E
:105B480013F4007F08D05E4AD2F8883023F440234B
:105B5800E16A0B43C2F88830236813F4806F0CD0D5
:105B6800574AD2F8883023F44013216B0B43C2F80C
:105B78008830236BB3F5801F79D0236813F4006F46
:105B88000CD04F4AD2F8883023F44003616B0B43A2
:105B9800C2F88830636BB3F5800F6DD0236813F4B7
:105BA800805F0CD0464AD2F8883023F04073A16B4E
:105BB8000B43C2F88830A36BB3F1807F61D02368B0
:105BC80013F4005F0CD03E4AD2F8883023F04063CB
:105BD800E16B0B43C2F88830E36BB3F1006F55D02B
:105BE800236813F4804F0CD0354AD2F8883023F05C
:105BF8004063216C0B43C2F88830236CB3F1006F0B
:105C080049D0236813F4004F0CD02D4AD2F88830BD
:105C180023F04053616C0B43C2F88830636CB3F1D6
:105C2800805F3DD0236813F4803F0CD0244AD2F81B
:105C3800883023F04043A16C0B43C2F88830A36C32
:105C4800B3F1804F31D0236813F4802F0CD01C4A55
:105C5800D2F89C3023F44013E16C0B43C2F89C301B
:105C6800E36CB3F5001F25D0284603B0F0BDD36818
:105C780043F48013D36080E7D36843F48013D36080
:105C88008CE7D36843F48013D36098E7D36843F470
:105C98008013D360A4E7D36843F48013D360B0E7DC
:105CA800D36843F48033D360BCE7D36843F48033CC
:105CB800D360C8E7D36843F48013D360D4E700BF48
:105CC800001002402DE9F04782B005468846174685
:105CD8001E46FBF791FD0A9B1B1A03EB0609FBF70F
:105CE8008BFD8246284B1B68C3F3CB3309FB03F3B8
:105CF80001932B689C6838EA04040CBF0123002335
:105D0800BB423DD0B6F1FF3FF3D0FBF775FDA0EBEA
:105D18000A00484507D2019A02B14A46019B013B55
:105D280001939146E5E72A68536823F0E00353603E
:105D38006B68B3F5827F0BD0AB6AB3F5005F14D004
:105D4800012385F85D30002385F85C30032018E0D6
:105D5800AB68B3F5004F02D0B3F5806FECD12A6879
:105D6800136823F040031360E6E72A68136823F4F6
:105D7800005313602A68136843F400531360DFE785
:105D8800002002B0BDE8F087000000202DE9F047B0
:105D980082B006460C4615461F4600238DF8033090
:105DA800FBF72AFD0A9B1B1A03EB0708FBF724FDE8
:105DB8008146D6F800A0304B1B6803EB8303C3EB86
:105DC800C3031B0D08FB03F3019302E0B7F1FF3F88
:105DD80012D133689B6803EA040CAC4547D0B4F58C
:105DE800C06FF3D1002DF1D19AF80C30DBB28DF8E9
:105DF80003309DF80330E9E7FBF7FEFCA0EB090050
:105E0800404507D2019A02B14246019B013B0193EA
:105E18009046DEE73268536823F0E0035360736806
:105E2800B3F5827F0BD0B36AB3F5005F14D00123BA
:105E380086F85D30002386F85C30032018E0B368EC
:105E4800B3F5004F02D0B3F5806FECD13268136818
:105E580023F040031360E6E73268136823F4005325
:105E680013603268136843F400531360DFE70020BF
:105E780002B0BDE8F08700BF0000002070B582B016
:105E880004460D46164600920B4600224FF4C051B8
:105E9800FFF77CFFB0B900962B46002280212046F0
:105EA800FFF710FFA8B900962B4600224FF4C061F7
:105EB8002046FFF76BFF50B1236E43F020032366A3
:105EC800032004E0236E43F020032366032002B07E
:105ED80070BD236E43F0200323660320F7E770B5F7
:105EE80082B004460D4616464368B3F5827F0DD04E
:105EF80000962B46002280212046FFF7E3FE90B94A
:105F08006368B3F5827F14D002B070BD8368B3F5BF
:105F1800004F02D0B3F5806FEAD12268136823F0EE
:105F280040031360E4E7236E43F020032366032055
:105F3800EAE7A368B3F5004F02D0B3F5806FE3D169
:105F480000962B4600224FF4C0612046FFF71EFF43
:105F58000028D9D0236E43F0200323660320D3E71B
:105F680000286FD010B50446436A33B94368B3F5C7
:105F7800827F05D00023C36102E0002303614361EF
:105F88000023A36294F85D30002B52D0022384F8DA
:105F98005D302268136823F040031360E368B3F5AB
:105FA800E06F4CD90022B3F5706F04D0B3F5E06F01
:105FB80001D00023A362636803F48273A16801F42B
:105FC80004410B43216901F002010B43616901F0AF
:105FD80001010B43A16901F400710B43E16901F070
:105FE80038010B43216A01F080010B43A16A01F4D7
:105FF800005120680B430360638B03F00403616A5C
:1060080001F010010B43616B01F008010B43E168DB
:1060180001F470610B4321681A434A602268D3690E
:1060280023F40063D36100202066012384F85D30E7
:1060380010BD84F85C302046FAF7F4FFA6E74FF469
:106048008052B0E7012070472DE9F04383B0044641
:10605800894690461D46FBF7CFFB94F85D60F6B283
:10606800012E40F0EF800746B9F1000F00F0EB80F9
:10607800B8F1000F00F0E78094F85C30012B00F0D5
:10608800E680012384F85C30032384F85D30002324
:106098002366C4F83890A4F83C80A4F83E802364B2
:1060A800A4F84430A4F846302365E364A368B3F544
:1060B800004F1ED023681A6812F0400F03D11A68E7
:1060C80042F040021A60E368B3F5E06F47D96368AD
:1060D80013B1B8F1010F20D1A26B23681288DA60DE
:1060E800A36B0233A363E38F9BB2013B9BB2E387AD
:1060F80013E02268136823F04003136022681368D2
:1061080043F480431360D5E7FBF776FBC01BA84236
:1061180002D3B5F1FF3F1AD1CDB1E38F9BB2002B6B
:1061280075D023689A6812F0020FEDD0A26B12881E
:10613800DA60A36B0233A363B4F83EC01FFA8CFC89
:106148000CF1FF3C1FFA8CFCA4F83EC0E5E70123E4
:1061580084F85D30002384F85C30032673E06368BC
:1061680013B1B8F1010F32D1E38F9BB2012B0CD9D7
:10617800A26B23681288DA60A36B0233A363E38FF0
:106188009BB2023B9BB2E38721E0A26B23681278A3
:106198001A73A36B0133A363E38F9BB2013B9BB2DA
:1061A800E38714E0A36B1B781373A36B0133A3631A
:1061B800E38F9BB2013B9BB2E38708E0FBF71CFB34
:1061C800C01BA84202D3B5F1FF3F18D1BDB1E38F80
:1061D8009BB2E3B12268936813F0020FEED0E38F0D
:1061E8009BB2012BDED9A36B1B88D360A36B023350
:1061F800A363E38F9BB2023B9BB2E387E7E70123EC
:1062080084F85D30002384F85C3003261BE03A46AE
:1062180029462046FFF732FE08B120232366A368EB
:1062280033B901932368DA6801929B680193019B53
:10623800012384F85D30002384F85C30236E13B9A1
:10624800002600E00226304603B0BDE8F0830226AF
:10625800F9E72DE9F8430446884691461F46089D0C
:10626800FBF7CAFA064694F85D30DBB26268012B88
:106278000AD0B2F5827F40F05C81A268002A40F023
:106288005B81042B40F05A81B8F1000F00F058816F
:10629800B9F1000F00F05681002F00F0558194F8F5
:1062A8005C30012B00F05281012384F85C3094F8B3
:1062B8005D30DBB2042B02D0052384F85D30002367
:1062C8002366C4F84090A4F84670A4F84470C4F853
:1062D8003880E787A787E3642365E368B3F5E06F51
:1062E80001D8012F23D92268536823F480535360BF
:1062F80023681A6812F0400F03D11A6842F040026E
:106308001A60E368B3F5E06F5FD963680BB1012FDA
:106318000BD1A26B23681288DA60A36B0233A363E4
:10632800E38F9BB2013B9BB2E387012730E02268F1
:10633800536843F480535360DAE7A26B1288DA603B
:10634800A36B0233A363E38F9BB2013B9BB2E3874A
:10635800002723689A6812F0010F11D0B4F846207C
:1063680092B26AB1DA68236C1A80236C0233236410
:10637800B4F846309BB2013B9BB2A4F846300127E3
:10638800FBF73AFA831BAB4202D3B5F1FF3F14D1B6
:10639800E38F9BB22BB9B4F846309BB2002B00F0C8
:1063A800B18023689A6812F0020FD2D0E28F92B2BD
:1063B800002ACED0002FCCD0BFE7012384F85D306F
:1063C800002384F85C300320B4E063680BB1012F2C
:1063D8000FD1E38F9BB2012B0DD9A26B23681288D2
:1063E800DA60A36B0233A363E38F9BB2023B9BB2D9
:1063F800E387012749E0A26B236812781A73A36B1D
:106408000133A363E38F9BB2013B9BB2E387F0E7C1
:10641800E28F92B2012A0CD9A26B1288DA60A36BC0
:106428000233A363E38F9BB2023B9BB2E38700274F
:106438003DE0A26B12781A73A36B0133A363E38F59
:106448009BB2013B9BB2E387002730E02268536888
:1064580043F48053536001270DE0226C1B7B1370BB
:10646800236C01332364B4F846309BB2013B9BB2E2
:10647800A4F846300127FBF7BFF9801BA84202D3D6
:10648800B5F1FF3F36D1002D34D0E38F9BB223B94D
:10649800B4F846309BB2002B34D023689A6812F0C7
:1064A800020F04D0E28F92B20AB1002FB0D1236854
:1064B8009A6812F0010FDED0B4F8462092B2002A92
:1064C800D9D0B4F8462092B2012AC6D9DA68236C2A
:1064D8001A80236C02332364B4F846309BB2023B23
:1064E8009BB2A4F84630B4F846309BB2012BADD924
:1064F8000127C0E7012384F85D30002384F85C306D
:10650800032017E0324629462046FFF7B7FC48B972
:10651800012384F85D30002384F85C30236E4BB18E
:10652800012007E020232366002384F85C30012043
:1065380000E00220BDE8F8830220FBE70220F9E72B
:106548000120F7E70120F5E70120F3E70220F1E752
:106558002DE9F04383B090F85D60F6B2012E40F06B
:10656800C8800446894690461D46002900F0C2802E
:10657800002A00F0BF804368B3F5827F02D18368A8
:10658800002B35D0FBF738F9074694F85C30012B1F
:1065980000F0B480012384F85C30042384F85D3073
:1065A80000232366C4F84090A4F84480A4F84680E9
:1065B800A363A387E387E3642365E368B3F5E06F28
:1065C80020D92268536823F480535360A368B3F535
:1065D800004F1DD023681A6812F0400F03D11A68C3
:1065E80042F040021A60E368B3F5E06F24D94CE04A
:1065F800042380F85D30009513460A46FFF729FE0C
:10660800064677E02268536843F480535360DDE719
:106618002268136823F0400313602268136823F488
:1066280080431360D6E7FBF7E7F8C01BA84202D304
:10663800B5F1FF3F18D1BDB1B4F846309BB2002B7D
:1066480045D023689A6812F0010FECD0226C1B7BAE
:106658001370236C01332364B4F846309BB2013BBA
:106668009BB2A4F84630E7E7012384F85D300023A5
:1066780084F85C3003263DE0FBF7BEF8C01BA84257
:1066880002D3B5F1FF3F1AD1CDB1B4F846309BB271
:10669800EBB123689A6812F0010FEDD0DA68236C29
:1066A8001A80236C02332364B4F846C01FFA8CFCAA
:1066B8000CF1FF3C1FFA8CFCA4F846C0E5E7012367
:1066C80084F85D30002384F85C30032612E03A46F3
:1066D80029462046FFF703FC08B12023236601233F
:1066E80084F85D30002384F85C30236E13B90026EB
:1066F80000E00226304603B0BDE8F0830226F9E741
:1067080030B4026A036A23F00103036244688369B0
:1067180023F4803323F073030D681D4322F0020233
:106728008B681343204A904213D002F500629042CE
:106738000FD002F5406290420BD002F58062904281
:1067480007D002F58062904203D002F500629042C1
:1067580005D123F00803CA681A4322F00403124A39
:10676800904213D002F5006290420FD002F54062C9
:1067780090420BD002F58062904207D002F5806209
:10678800904203D002F50062904205D124F440748F
:106798004A6922438C691443446085614A684263AC
:1067A800036230BC704700BF002C014030B4036A5C
:1067B800026A22F4807202624468C26922F480325A
:1067C80022F073020D68154323F400738A6843EAC4
:1067D80002231C4A904207D002F50062904203D07F
:1067E80002F5E052904206D123F40063CA6843EAF6
:1067F800022323F48063134A904213D002F5006207
:1068080090420FD002F5406290420BD002F58062B0
:10681800904207D002F58062904203D002F50062F0
:10682800904207D124F440524C6942EA04128C6920
:1068380042EA04144460C5614A68C263036230BC1A
:10684800704700BF002C014030B4036A026A22F48A
:10685800805202624468C26922F0807222F4E642E1
:106868000D6842EA052223F400538D6843EA053394
:106878001B4DA84207D005F50065A84203D005F5D1
:10688800E055A84206D123F40043CD6843EA053316
:1068980023F48043124DA84213D005F50065A842A1
:1068A8000FD005F54065A8420BD005F58065A842D4
:1068B80007D005F58065A84203D005F50065A84214
:1068C80007D124F4404C4C694CEA841C8C694CEA8E
:1068D80084144460C2614A680264036230BC704731
:1068E800002C014030B4036A026A22F4803202624A
:1068F8004468026D22F4803222F070020D6815435C
:1069080023F400338A6843EA0243114A904213D0C1
:1069180002F5006290420FD002F5406290420BD01F
:1069280002F58062904207D002F58062904203D05F
:1069380002F50062904204D124F480344A6944EAA2
:106948000224446005654A688264036230BC70476B
:10695800002C014030B4036A026A22F480120262F9
:106968004468026D22F0807222F4E0420D6842EA27
:10697800052223F400138D6843EA0553114DA842FC
:1069880013D005F50065A8420FD005F54065A8426B
:106998000BD005F58065A84207D005F58065A842AB
:1069A80003D005F50065A84204D124F480244D697C
:1069B80044EA8524446002654A68C264036230BCC4
:1069C800704700BF002C014010B4036A046A24F029
:1069D80001040462846924F0F00C4CEA021223F0EA
:1069E8000A030B43826103625DF8044B704710B4DD
:1069F800036A046A24F010040462846924F4704C65
:106A08004CEA023223F0A00343EA011382610362D5
:106A18005DF8044B7047836823F4401323F0700338
:106A28000B4343F0070383607047000090F83D3044
:106A3800DBB2012B3AD1022380F83D300268D368DB
:106A480043F00103D36003681B4A934220D0B3F19B
:106A5800804F1DD0A2F59432934219D002F580627E
:106A6800934215D002F58062934211D002F5943218
:106A780093420DD002F54062934209D002F580524C
:106A8800934205D01A6842F001021A60002070474C
:106A980099680A4A0A40062A0AD0B2F5803F09D006
:106AA8001A6842F001021A600020704701207047FE
:106AB8000020704700207047002C014007000100AB
:106AC8007047704770477047704770B50546036850
:106AD800DE681C6914F0020F10D016F0020F0DD0FA
:106AE8006FF002021A610123037703689B6913F0B0
:106AF800030F7CD0FFF7E6FF00232B7714F0040F79
:106B080012D016F0040F0FD02B686FF004021A6130
:106B180002232B772B689B6913F4407F6DD028469E
:106B2800FFF7D0FF00232B7714F0080F12D016F0D0
:106B3800080F0FD02B686FF008021A6104232B7717
:106B48002B68DB6913F0030F5ED02846FFF7BAFF06
:106B580000232B7714F0100F12D016F0100F0FD05F
:106B68002B686FF010021A6108232B772B68DB69FA
:106B780013F4407F4FD02846FFF7A4FF00232B775C
:106B880014F0010F02D016F0010F4BD114F4025F7C
:106B980002D016F0800F4DD114F4807F02D016F089
:106BA800800F4FD114F0400F02D016F0400F51D192
:106BB80014F0200F02D016F0200F53D114F4801FC8
:106BC80002D016F4801F55D114F4001F02D016F419
:106BD800001F57D114F4800F02D016F4800F59D13A
:106BE80014F4000F02D016F4000F5BD170BDFFF74C
:106BF80068FF2846FFF767FF7EE72846FFF761FF33
:106C08002846FFF760FF8DE72846FFF75AFF28461A
:106C1800FFF759FF9CE72846FFF753FF2846FFF781
:106C280052FFABE72B686FF001021A612846FAF7AA
:106C380009F9ABE72B686FF402521A61284600F095
:106C48002CFCA9E72B686FF480721A61284600F0C3
:106C580025FCA7E72B686FF040021A612846FFF76A
:106C680033FFA5E72B686FF020021A61284600F071
:106C780013FCA3E72B686FF480121A61284600F012
:106C88000EFCA1E72B686FF400121A61284600F089
:106C980007FC9FE72B686FF480021A61284600F012
:106CA80000FC9DE72B686FF400021A61284600F08B
:106CB800F9FB9BE703683A4A904216D0B0F1804F3F
:106CC80013D0A2F5943290420FD002F58062904220
:106CD8000BD002F58062904207D002F594329042C0
:106CE80003D002F5E052904203D123F070034A68C2
:106CF80013432B4A904222D0B0F1804F1FD0A2F507
:106D0800943290421BD002F58062904217D002F56F
:106D18008062904213D002F5943290420FD002F56F
:106D2800406290420BD002F58062904207D002F593
:106D38008062904203D002F50062904203D123F4AE
:106D48004073CA68134323F080034A6913430360FE
:106D58008B68C3620B688362114B984213D003F5AA
:106D6800006398420FD003F5406398420BD003F5B7
:106D78008063984207D003F58063984203D003F5F7
:106D88000063984201D10B690363012343610369DE
:106D980013F0010F03D0036923F001030361704767
:106DA800002C014060B310B5044690F83D3013B391
:106DB800022384F83D30214651F8040BFFF77AFF8F
:106DC800012384F8483084F83E3084F83F3084F852
:106DD800403084F8413084F8423084F8433084F8F5
:106DE800443084F8453084F8463084F8473084F8D5
:106DF8003D30002010BD80F83C30FAF7A5FAD7E7FF
:106E08000120704760B310B5044690F83D3013B3C5
:106E1800022384F83D30214651F8040BFFF74AFF5E
:106E2800012384F8483084F83E3084F83F3084F8F1
:106E3800403084F8413084F8423084F8433084F894
:106E4800443084F8453084F8463084F8473084F874
:106E58003D30002010BD80F83C30FFF731FED7E709
:106E68000120704730B4036A026A22F010020262FD
:106E78004468826922F0807222F4E6420D6842EA90
:106E8800052223F020038D6843EA05131B4DA84211
:106E980007D005F50065A84203D005F5E055A842DE
:106EA80006D123F08003CD6843EA051323F040039D
:106EB800124DA84213D005F50065A8420FD005F57C
:106EC8004065A8420BD005F58065A84207D005F5B6
:106ED8008065A84203D005F50065A84207D124F4CF
:106EE800406C4C694CEA840C8C694CEA840444601C
:106EF80082614A688263036230BC7047002C01409B
:106F080038B590F83C30012B00F0958004460D46CA
:106F1800012380F83C30142A00F28880DFE802F070
:106F28000B8686861F86868634868686488686866B
:106F38005D86868671000068FFF7E2FB2268936928
:106F480043F0080393612268936923F00403936173
:106F58002268936929690B439361002067E0006800
:106F6800FFF780FF2268936943F400639361226806
:106F7800936923F48063936122689369296943EADA
:106F880001239361002052E00068FFF70FFC22689C
:106F9800D36943F00803D3612268D36923F004035B
:106FA800D3612268D36929690B43D36100203EE08D
:106FB8000068FFF749FC2268D36943F40063D36192
:106FC8002268D36923F48063D3612268D36929696D
:106FD80043EA0123D361002029E00068FFF782FC1F
:106FE8002268136D43F0080313652268136D23F0BC
:106FF800040313652268136D29690B431365002088
:1070080015E00068FFF7A6FC2268136D43F40063DF
:1070180013652268136D23F4806313652268136D6A
:10702800296943EA01231365002000E001200023B9
:1070380084F83C3038BD0220FCE710B4846824F49E
:107048007F4C42EA03220A4342EA0C0282605DF85E
:10705800044B704790F83C30012B00F09B8010B532
:107068000446012380F83C30022380F83D30026852
:107078009068494B034093600B68702B61D031D8FE
:10708800502B78D00CD9602B2AD1CA68496820685F
:10709800FFF7ADFC60212068FFF7BDFC002038E059
:1070A800402B0AD1CA6849682068FFF78DFC402147
:1070B8002068FFF7B0FC00202BE067D8202B07D012
:1070C80003D9302B04D0012023E00BB1102B05D1BC
:1070D80019462068FFF79FFC00201AE0012018E0FD
:1070E800012016E0B3F5005F38D00ED92B4A934241
:1070F800EED015D92A4A9342EAD010329342E7D00B
:10710800203A9342E4D0012003E0B3F5805F3FD1F9
:107118000020012384F83D30002384F83C3010BD62
:10712800203A9342D4D004D91E4A9342D0D00120A9
:10713800EFE7B3F5801FCBD0B3F1101FC8D0012003
:10714800E7E7CB684A6889682068FFF776FF226816
:10715800936843F0770393600020DAE7CB684A68C6
:1071680089682068FFF769FF2268936843F48043C1
:1071780093600020CDE7CA6849682068FFF724FCBF
:1071880050212068FFF747FC0020C2E70120C0E734
:107198000120BEE7022070478800CEFF40001000A3
:1071A800600010003000100001F01F014FF0010CCA
:1071B8000CFA01FC036A23EA0C030362036A8A409F
:1071C800134303627047000010B5044610293DD8E8
:1071D800DFE801F0093C3C3C203C3C3C273C3C3C83
:1071E8002E3C3C3C350090F83E30DBB2013B18BFEA
:1071F8000123002B40F09B80102900F28680DFE8F5
:1072080001F02C84848474848484788484847C84C9
:107218008484800090F83F30DBB2013B18BF012323
:10722800E7E790F84030DBB2013B18BF0123E0E705
:1072380090F84130DBB2013B18BF0123D9E790F841
:107248004230DBB2013B18BF0123D2E790F843304C
:10725800DBB2013B18BF0123CBE7022384F83E30A1
:1072680001222068FFF7A0FF2368344A934213D015
:1072780002F5006293420FD002F5406293420BD0B0
:1072880002F58062934207D002F58062934203D0F0
:1072980002F50062934203D15A6C42F400425A64E8
:1072A8002368264A934234D0B3F1804F31D0A2F5F7
:1072B800943293422DD002F58062934229D002F590
:1072C8008062934225D002F59432934221D002F590
:1072D800406293421DD002F58052934219D01A6839
:1072E80042F001021A60002022E0022384F83F30B5
:1072F800B6E7022384F84030B2E7022384F841302D
:10730800AEE7022384F84230AAE7022384F8433028
:10731800A6E799680A4A0A40062A0AD0B2F5803FC9
:1073280009D01A6842F001021A60002000E001202A
:1073380010BD0020FCE70020FAE700BF002C014048
:107348000700010090F83C20012A4CD030B40346D5
:10735800012280F83C20022280F83D200068426823
:107368008468224DA84207D005F50065A84203D0DD
:1073780005F5E055A84203D122F470024D682A436E
:1073880022F0007222F070020D682A4342601A68E7
:10739800164882421AD0B2F1804F17D0A0F5943027
:1073A800824213D000F5806082420FD000F58060E1
:1073B80082420BD000F59430824207D000F540603D
:1073C800824203D000F58050824204D124F0800428
:1073D800896821439160012283F83D20002083F8C9
:1073E8003C0030BC70470220704700BF002C0140B1
:1073F80090F83C30012B4AD010B40246012380F8A3
:107408003C30CB6823F440738868034323F48063DB
:107418004868034323F400630868034323F4805354
:107428000869034323F400534869034323F4804362
:10743800086B034323F47023886943EA004323F06D
:107448008053C86903431068124CA04207D004F562
:107458000064A04203D004F5E054A04210D123F404
:1074680070038C6A43EA045323F080730C6A234345
:1074780023F000734C6A234323F00053C96A0B437B
:107488004364002082F83C005DF8044B70470220FA
:10749800704700BF002C0140704770477047704725
:1074A800704770477047026852E8003F23F49073B2
:1074B80042E800310029F6D1026802F1080353E8D6
:1074C800003F23F0805323F00103083242E80031E3
:1074D8000029F1D1C36E012B06D02023C0F88C30CF
:1074E8000023C36643677047026852E8003F23F0F1
:1074F800100342E800310029F6D1EEE770B50446E2
:10750800016883680269134342691343C2691343DC
:107518000868964A02401A430A602268536823F4AE
:107528004053E1680B435360A1692268904B9A422B
:1075380001D0236A1943936823F06E4323F4306320
:107548000B4393602268D36A23F00F03616A0B43ED
:10755800D3622368874A934210D0874A934221D046
:10756800864A934237D0864A93425CD0854A9342F2
:107578006BD07F4A93427DD010223AE002F5584200
:10758800D2F8882002F00302032A09D8DFE802F0C3
:107598000204870601222CE004222AE0082228E0BF
:1075A800102226E002F5E632D2F8882002F00C021A
:1075B8000C2A0ED8DFE802F0070D0D0D090D0D0D90
:1075C800750D0D0D0B00002213E0042211E00822B6
:1075D8000FE010220DE002F5E432D2F8882002F024
:1075E8003002202A5FD01AD8002A5ED0102A5ED135
:1075F80004225F498B4276D0E069B0F5004F00F075
:10760800C980082A00F23481DFE812F0F700190176
:10761800F50032011C013201320132011F01302A0A
:1076280047D10822E5E702F5E232D2F8882002F0D5
:10763800C002802A3FD004D8FAB3402A3FD104229E
:10764800D7E7C02A3DD10822D3E702F5E032D2F8C5
:10765800882002F44072B2F5007F34D005D8A2B376
:10766800B2F5807F33D10422C3E7B2F5407F30D131
:107678000822BEE702F5C832D2F8882002F4406238
:10768800B2F5006F27D005D83AB3B2F5806F26D18E
:107698000422AEE7B2F5406F23D10822A9E70222FF
:1076A800A7E70222A5E70222A3E70022A1E710220A
:1076B8009FE710229DE702229BE7002299E710220C
:1076C80097E7102295E7022293E7002291E710221C
:1076D8008FE710228DE702228BE7002289E710222C
:1076E80087E7102285E7082A00F2B280DFE802F077
:1076F80008B03BB038B0B0B005004FF4004004E02B
:10770800FEF700F9002800F0A580626A1E4B33F8E6
:107718001220B0FBF2F3656805EB4501994200F2CF
:107728009B80B3EB053F00F2998000263346314633
:10773800F8F76EFD090241EA106100026B08C018F3
:107748002A46334641F10001F8F762FDA0F5407280
:107758000E4B9A4200F284802368D860304665E078
:10776800FDF78AFFCEE70A48CFE700BFF369FFCFEE
:1077780000800040003801400044004000480040BC
:10778800004C004000500040F4C80008FFFC0F0007
:107798000024F400082A65D8DFE802F0072705640A
:1077A8002A6464640B00354803E0FEF7ABF8002850
:1077B8005AD0626A324B33F81230B0FBF3F0626889
:1077C800530803EB4003B3FBF2F3A3F110014FF6A8
:1077D800EF7291424AD89AB222F00F02C3F34203E1
:1077E80013432268D360002020E0FEF79DF8DEE70F
:1077F800FDF742FFDBE7214803E0FEF783F80028A6
:1078080038D0626A1E4B33F81230B0FBF3F063686D
:1078180000EB5300B0FBF3F0A0F110024FF6EF734A
:107828009A4229D8236880B2D86000200123A4F89E
:107838006A30A4F8683000236367A36770BDFEF759
:1078480073F8DCE7FDF718FFD9E74FF40040D8E7F5
:107858000120EBE70020E9E70120E7E70120E5E761
:107868000120E3E70120E1E70020DFE70120DDE771
:107878000120DBE70020D9E70120D7E70024F40046
:10788800F4C80008836A13F0080F06D0026853682A
:1078980023F40043816B0B435360836A13F0010F99
:1078A80006D00268536823F40033C16A0B4353605F
:1078B800836A13F0020F06D00268536823F48033FA
:1078C800016B0B435360836A13F0040F06D0026800
:1078D800536823F48023416B0B435360836A13F08E
:1078E800100F06D00268936823F48053C16B0B43D2
:1078F8009360836A13F0200F06D00268936823F41C
:107908000053016C0B439360836A13F0400F0AD055
:107918000268536823F48013416C0B435360436C33
:10792800B3F5801F0BD0836A13F0800F06D002686E
:10793800536823F40023C16C0B43536070470268FB
:10794800536823F4C003816C0B435360EBE72DE9C4
:10795800F84305460E4617469946DDF820802B6801
:10796800DC6936EA04040CBF01240024BC4236D189
:10797800B8F1FF3FF3D0F9F73FFFA0EB090040450E
:1079880030D8B8F1000F2FD02B681A6812F0040F06
:10799800E5D0802EE3D0402EE1D0DA6912F0080F4E
:1079A80011D1DA6912F4006FD9D04FF400621A626B
:1079B8002846FFF778FD2023C5F89030002385F886
:1079C800843003200CE008241C622846FFF76BFD76
:1079D800C5F89040002385F88430012000E000209D
:1079E800BDE8F8830320FBE70320F9E730B583B04F
:1079F80004460023C0F89030F9F7FEFE05462268D9
:107A0800126812F0080F10D123681B6813F0040FD6
:107A180028D12023C4F88830C4F88C300020E066D0
:107A2800206784F8840003B030BD6FF07E43009374
:107A3800034600224FF400112046FFF788FF002874
:107A4800E2D0226852E8003F23F0800342E8003188
:107A58000029F6D12023C4F88830002384F8843024
:107A68000320E0E76FF07E4300932B4600224FF49B
:107A780080012046FFF76BFF0028CAD0226852E831
:107A8800003F23F4907342E800310029F6D12268C0
:107A980002F1080353E8003F23F00103083242E8EB
:107AA80000310029F3D12023C4F88C30002384F856
:107AB80084300320B7E778B310B50446D0F888308F
:107AC8000BB32423C4F888302268136823F0010319
:107AD8001360A36AE3B92046FFF710FD012811D00F
:107AE8002268536823F4904353602268936823F014
:107AF8002A0393602268136843F001031360204649
:107B0800FFF774FF10BD80F88430F9F791FDD8E7CE
:107B18002046FFF7B7FEDEE701207047436E2BB91A
:107B28000123A0F86A30A0F86830704730B40368C1
:107B38009A68C2F342629968490F094D6B5CDB0091
:107B4800084C615C93FBF1F3A0F86A30AB5CDB0096
:107B5800A25C93FBF2F3A0F8683030BC704700BF1A
:107B680014C900080CC9000890F88430012B18D0FB
:107B7800012380F884302423C0F8883003681A6809
:107B8800196821F00101196022F0005200234366B0
:107B980001680A602022C0F8882080F884301846DE
:107BA80070470220704738B590F88430012B1DD0FB
:107BB8000446012380F884302423C0F88830036801
:107BC8001D681A6822F001021A600268936823F09F
:107BD800604319439160FFF7A1FF23681D602023CC
:107BE800C4F88830002084F8840038BD0220FCE7FF
:107BF80038B590F88430012B1DD00446012380F855
:107C080084302423C0F8883003681D681A6822F07D
:107C180001021A600268936823F060631943916057
:107C2800FFF77CFF23681D602023C4F888300020FC
:107C380084F8840038BD0220FCE703460020A3F83E
:107C480044004BF68072A3F840207047B0F84030EB
:107C580023F47E535B045B0CA0F84030002070478F
:107C680082B0034602A800E906000122A3F84020DA
:107C78000020A3F84000A3F84400A3F8500002B085
:107C8800704710B5034691F800C030F82C2092B226
:107C980022F4EC4222F0700292B2C878032861D82C
:107CA800DFE800F0555C0258002048F2800E42EAF6
:107CB8000E0223F82C2091F800C033F82C2092B241
:107CC80022F4E04222F070024CEA020242EA0E027A
:107CD80023F82C200A7B002A40F0DC804A78002A0E
:107CE80051D0B3F8502013FA82F20C7802EBC40298
:107CF800B1F806C04FEA5C0C4FEA4C0CA2F800C47D
:107D08000C7833F8242012F0400F0CD033F82420DC
:107D180092B222F4E04222F0700242F4004242F0B1
:107D2800C00223F82420CA78012A1DD0097833F824
:107D3800212092B222F4E04222F0400282F0200296
:107D480042F4004242F0800223F82120C3E142F4C9
:107D58000072AAE742F4C0620020A6E742F48062FB
:107D68000020A2E70120A0E7097833F8212092B289
:107D780022F4E04222F0400242F4004242F0800243
:107D880023F82120A7E1B3F8502013FA82F20C78E7
:107D980002EBC402B1F806C04FEA5C0C4FEA4C0C87
:107DA800A2F804C4B3F8502013FA82F20C7802EB5C
:107DB800C402B2F806C4CCF3090CA2F806C40C69D4
:107DC80074BBB2F806C46FEA4C4C6FEA5C4C1FFAFD
:107DD8008CFCA2F806C40C7833F8242012F4804FE7
:107DE8000CD033F8242092B222F4E04222F0700240
:107DF80042F4404242F0800223F824200978C9BBAB
:107E080033F8212092B222F4804222F0700282F4E8
:107E1800405242F4004242F0800223F821205AE105
:107E28003E2C12D84FEA540C14F0010F01D00CF17B
:107E3800010CB2F80644A4B24FEA8C2C1FFA8CFC51
:107E480044EA0C04A2F80644C5E74FEA541C14F0AF
:107E58001F0F01D10CF1FF3CB2F80644A4B24FEA5F
:107E68008C2C1FFA8CFC44EA0C0444F40044A2F85D
:107E78000644B0E733F8212092B222F4804222F07F
:107E8800700282F4005242F4004242F0800223F869
:107E9800212020E1CA78022A74D091F800C033F872
:107EA8002C2092B222F4E24222F0700242F4004204
:107EB80042F0800223F82C20B3F8502013FA82F203
:107EC80091F800C002EBCC02B1F808C04FEA5C0C94
:107ED8004FEA4C0CA2F800C4B3F8502013FA82F20F
:107EE80091F800C002EBCC02B1F80AC04FEA5C0C72
:107EF8004FEA4C0CA2F804C44A78002A40F0F780F4
:107F08000C7833F8242012F4804F0CD033F8242056
:107F180092B222F4E04222F0700242F4404242F06F
:107F2800800223F824200C7833F8242012F0400F24
:107F38000CD033F8242092B222F4E04222F07002EE
:107F480042F4004242F0C00223F824204A78002A72
:107F580051D1B3F8502013FA82F20C7802EBC40224
:107F6800B2F80244C4F30904A2F802440C69C4B983
:107F7800B2F802446FEA44446FEA5444A4B2A2F847
:107F880002443AE00C7833F8242092B222F4E0421A
:107F980022F0700242F4014242F0800223F82420C9
:107FA8008AE73E2C12D84FEA540C14F0010F01D086
:107FB8000CF1010CB2F80244A4B24FEA8C2C1FFA5F
:107FC8008CFC44EA0C04A2F8024416E04FEA541C64
:107FD80014F01F0F01D10CF1FF3CB2F80244A4B217
:107FE8004FEA8C2C1FFA8CFC44EA0C0444F400443D
:107FF800A2F8024401E0012A1BD04A78002A4DD198
:10800800B3F8502013FA82F20C7802EBC402B2F8EB
:108018000644C4F30904A2F806440C69A4B9B2F8EA
:1080280006446FEA44446FEA5444A4B2A2F80644F2
:1080380036E0B3F8502013FA82F20C7802EBC4024F
:108048000C8AA2F80244D8E73E2C12D84FEA540C06
:1080580014F0010F01D00CF1010CB2F80644A4B2DF
:108068004FEA8C2C1FFA8CFC44EA0C04A2F8064454
:1080780016E04FEA541C14F01F0F01D10CF1FF3C1D
:10808800B2F80644A4B24FEA8C2C1FFA8CFC44EADE
:108098000C0444F40044A2F8064401E0012A1BD071
:1080A80091F800C033F82C2092B222F4804222F0DA
:1080B800700282F4405248F28004224323F82C20B4
:1080C800097833F8212092B222F4E04222F04002EB
:1080D800224323F8212010BDB3F8502013FA82F26E
:1080E8000C7802EBC4020C8AA2F80644D8E70C7894
:1080F80033F8242012F4804F0CD033F8242092B2A5
:1081080022F4E04222F0700242F4404242F080023F
:1081180023F824200C7833F8242012F0400F0CD0D8
:1081280033F8242092B222F4E04222F0700242F4A2
:10813800004242F0C00223F82420CA78012A1ED047
:108148000C7833F8242092B222F4E04222F0400264
:1081580082F0200242F4004242F0800223F82420F8
:10816800097833F8212092B222F4804222F070027A
:1081780042F4004242F0800223F82120ABE70C7859
:1081880033F8242092B222F4E04222F0400242F472
:10819800004242F0800223F82420E1E70B7B002B09
:1081A80046D14B7813B30A7830F8223013F0400FD9
:1081B8000CD030F822309BB223F4E04323F0700354
:1081C80043F4004343F0C00320F822300A7830F823
:1081D80022309BB223F4E04323F0400343F40043EE
:1081E80043F0800320F82230002070470A7830F8E6
:1081F800223013F4804F0CD030F822309BB223F495
:10820800E04323F0700343F4404343F0800320F835
:1082180022300A7830F822309BB223F4804323F0CE
:10822800700343F4004343F0800320F82230DBE777
:108238004B78002B4ED10A7830F8223013F4804F57
:108248000CD030F822309BB223F4E04323F07003C3
:1082580043F4404343F0800320F822300A7830F892
:10826800223013F0400F0CD030F822309BB223F4A8
:10827800E04323F0700343F4004343F0C00320F8C5
:1082880022300A7830F822309BB223F4E04323F0FE
:10829800700343F4004343F0C00320F822300A7807
:1082A80030F822309BB223F4804323F0700348F265
:1082B800800C43EA0C0320F822300A7830F8223088
:1082C8009BB223F4E04323F0400343EA0C0320F875
:1082D800223089E70A7830F8223013F4804F0CD026
:1082E80030F822309BB223F4E04323F0700343F4C8
:1082F800404343F0800320F822300A7830F82230D7
:1083080013F0400F0CD030F822309BB223F4E04336
:1083180023F0700343F4004343F0C00320F82230F5
:108328000A7830F822309BB223F4E04323F070033C
:1083380043F4404343F0800320F822300A7830F8B1
:1083480022309BB223F4E04323F0400348F2800C30
:1083580043EA0C0320F822300A7830F822309BB226
:1083680023F4804323F0700343EA0C0320F82230FF
:108378003AE74B788BB10A7830F822309BB223F475
:10838800E04323F0400383F0100343F4004343F039
:10839800800320F82230002070470A7830F8223015
:1083A8009BB223F4804323F0700383F4805343F497
:1083B800004343F0800320F82230ECE74B7833B3D6
:1083C8000A7830F8223013F0400F0CD030F8223001
:1083D8009BB223F4E04323F0700343F4004343F0DB
:1083E800C00320F82230CB78012B33D00A7830F83C
:1083F80022309BB223F4E04323F0400383F02003B0
:1084080043F4004343F0800320F8223022E00A7846
:1084180030F8223013F4804F0CD030F822309BB261
:1084280023F4E04323F0700343F4404343F0800314
:1084380020F822300A7830F822309BB223F48043A7
:1084480023F0700383F4405343F4004343F0800364
:1084580020F822300020704711B98023A0F84C3052
:1084680000207047B0F858306FEA43436FEA53432F
:108478009BB2A0F8583000207047B0F8440080B292
:10848800704701335B08024402F5806208E008780F
:1084980091F801C040EA0C2022F8020B0231013B9E
:1084A800002BF4D1704770B505460C464B78012B6C
:1084B8001AD00B7B002B40F092828B69002B40F086
:1084C8006582CB78002B40F061820A7830F8223040
:1084D8009BB223F4E04323F0700343F4014343F0D9
:1084E800800320F822305FE28E690A69964200D93B
:1084F8001646217B41B3E178022947D0226A921BB4
:108508002262227835F8221011F0400F00F0F6812F
:10851800002B40F0E381B5F8503015FA83F303EBF4
:10852800C202B2F80634C3F30903A2F80634002ED7
:1085380040F0B481B2F806346FEA43436FEA53431C
:108548009BB2A2F80634D2E1B6B23346E28861693A
:108558002846FFF796FFB5F8503015FA83F32278CE
:1085680003EBC203A3F80264227835F822309BB2E9
:1085780023F4E04323F0400383F0300343F4004343
:1085880043F0800325F82230002024E2236A9A422F
:1085980080F06681227835F822309BB223F4E043DC
:1085A80023F0700343F4014343F0800325F822309D
:1085B800236A9B1B2362237835F8232012F0400F8F
:1085C80000F0A7806278B2BBB5F8502015FA82F2A5
:1085D80002EBC303B3F80624C2F30902A3F8062486
:1085E8004EB9B3F806246FEA42426FEA524292B299
:1085F800A3F8062421E03E2E0DD8720816F0010FCC
:1086080000D00132B3F8061489B2920292B20A433A
:10861800A3F8062411E0710916F01F0F00D10139E3
:10862800B3F8062492B2890289B20A4342F400429E
:10863800A3F8062401E0012A29D0B3B2628961694E
:108648002846FFF71EFF636933446361236A226982
:10865800934226D99B1B23626378002B45D1B5F83A
:10866800503015FA83F3227803EBC203B3F80224DF
:10867800C2F30902A3F80224BEB9B3F802246FEAD0
:1086880042426FEA524292B2A3F802242FE0B5F8B0
:10869800502015FA82F202EBC303B2B2A3F8062403
:1086A800CBE7002222621E46D6E73E2E0DD872087E
:1086B80016F0010F00D00132B3F8021489B2920209
:1086C80092B20A43A3F8022411E0710916F01F0FB1
:1086D80000D10139B3F8022492B2890289B20A435F
:1086E80042F40042A3F8022401E0012B06D0B3B201
:1086F800228961692846FFF7C4FE35E7B5F850308E
:1087080015FA83F3227803EBC203B2B2A3F802246A
:10871800EDE76278B2BBB5F8502015FA82F202EBA9
:10872800C303B3F80224C2F30902A3F802244EB922
:10873800B3F802246FEA42426FEA524292B2A3F8B7
:10874800022421E03E2E0DD8720816F0010F00D049
:108758000132B3F8021489B2920292B20A43A3F822
:10876800022411E0710916F01F0F00D10139B3F886
:10877800022492B2890289B20A4342F40042A3F861
:10878800022401E0012A29D0B3B22289616928466E
:10879800FFF777FE636933446361236A2269934272
:1087A80026D99B1B23626378002B45D1B5F850303E
:1087B80015FA83F3227803EBC203B3F80624C2F355
:1087C8000902A3F80624BEB9B3F806246FEA4242A8
:1087D8006FEA524292B2A3F806242FE0B5F850206F
:1087E80015FA82F202EBC303B2B2A3F80224CBE774
:1087F800002222621E46D6E73E2E0DD8720816F0D9
:10880800010F00D00132B3F8061489B2920292B275
:108818000A43A3F8062411E0710916F01F0F00D1CE
:108828000139B3F8062492B2890289B20A4342F4A4
:108838000042A3F8062401E0012B06D0B3B26289F6
:1088480061692846FFF71DFE8EE6B5F8503015FA27
:1088580083F3227803EBC203B2B2A3F80624EDE750
:10886800217835F8212092B222F4E24222F07002F7
:1088780042F4004242F0800225F82120B5F8502049
:1088880015FA82F2217802EBC1029BB2A2F80234F7
:10889800228961692846FFF7F4FD65E63E2E0DD86A
:1088A800730816F0010F00D00133B2F8061489B22C
:1088B8009B029BB20B43A2F8063418E0710916F02C
:1088C8001F0F00D10139B2F806349BB2890289B270
:1088D8000B4343F40043A2F8063408E0B5F85030DF
:1088E80015FA83F303EBC203B2B2A3F80624B3B2BA
:1088F800628961692846FFF7C4FD35E6B3BBB5F860
:10890800503015FA83F303EBC202B2F80234C3F312
:108918000903A2F802344EB9B2F802346FEA4343AD
:108928006FEA53439BB2A2F8023428E03E2E0DD8DA
:10893800730816F0010F00D00133B2F8021489B29F
:108948009B029BB20B43A2F8023418E0710916F09F
:108958001F0F00D10139B2F802349BB2890289B2E3
:108968000B4343F40043A2F8023408E0B5F8503052
:1089780015FA83F303EBC203B2B2A3F80224B3B22D
:10898800228961692846FFF77CFDEDE5227835F8F4
:1089980022309BB223F4E24323F0700343F40043F4
:1089A80043F0800325F82230A3692269934213D942
:1089B8009B1AA361227835F822309BB223F48043B6
:1089C80023F0700383F4405343F4004343F08003DF
:1089D80025F82230002070BD0023A361EAE7CB7898
:1089E800022B04D0012B1ED100238B61E2E7CB6957
:1089F800002BDFD00A7830F8221044F2400303EA53
:108A080001008B4301D00028D4D135F822309BB225
:108A180023F4E04323F0700343F4004343F0C0031E
:108A280025F82230C6E70120D5E710B45C080244D7
:108A380002F5806207E032F8020B0870C0F30720E5
:108A480048700231013C002CF5D113F0010F01D020
:108A580013880B705DF8044B704710B5D0F8BC4212
:108A680084B1D0F8C0327BB194F80002FF280DD051
:108A78009B6894F8012221469847FF2384F8003226
:108A8800002010BD0320FCE70020FAE70020F8E7EB
:108A9800432303800048704750000020432303808D
:108AA8000048704794000020432303800048704723
:108AB8000C0000200A2303800048704710010020A2
:108AC80038B5D0F8BC5275B1044601F0D4F8C5F8F1
:108AD8000C02D4F8C032DB6805F50371D5F804023E
:108AE8009847002038BD0320FCE710B5D0F8C442F1
:108AF800D0F8BC3253B301EB810200EB82029269D9
:108B08004AB101EB810C04EBCC04246AB2FBF4FCFF
:108B180004FB1C2272B10022C3F81422D0F8C02230
:108B28001469ACB10A4603F50471D3F80802A047EA
:108B3800002010BD01EB810300EB830300249C613E
:108B48002346224601F087F82046F2E70320F0E7A3
:108B58000020EEE7F0B583B0D0F8BC6200238DF8B2
:108B68000730ADF80430002E6CD007460C460B7861
:108B780013F060052AD0202D5ED1CA88F2B113F017
:108B8800800F0FD0D0F8C0329B6831466078984784
:108B9800E288072A28BF07223146384600F0ECFD54
:108BA80000254CE04B7886F800328B7986F8013244
:108BB800CA88314600F0F5FD002540E0D0F8C03203
:108BC8009B68002248789847002538E04E780B2E9D
:108BD8002ED8DFE806F006342D2D2D2D2D2D2D2D28
:108BE800152490F89C32DBB2032B03D000F08AFAEC
:108BF800032524E0022201A900F0BEFD35461EE04F
:108C080090F89C32DBB2032B03D000F07BFA0325EB
:108C180015E001220DF1070100F0AEFD0FE090F81C
:108C28009C32DBB2032B0AD000F06CFA032506E075
:108C380000F068FA032502E000F064FA03252846EC
:108C480003B0F0BD0325FAE738B50446812100F0EA
:108C5800CCFF002525870121204600F0C6FFA4F897
:108C680078518221204600F0C0FFA4F84C50A4F8A7
:108C78004E50D4F8BC324BB1D4F8C0325B68984738
:108C8800D4F8BC0201F026F8C4F8BC52002038BD64
:108C980070B504464FF4077001F018F8B8B30646EB
:108CA800C4F8BC02237CBBBB4FF4007302228121B1
:108CB800204600F08FFF012525874FF4007302221C
:108CC8002946204600F086FFA4F878511023A4F81E
:108CD8004E30082303228221204600F07BFF012327
:108CE800A4F84C30D4F8C0321B6898470023C6F863
:108CF8001432C6F81832257C15BB4FF40073D6F829
:108D080004220121204600F0AEFF284670BD002352
:108D1800C4F8BC320225F8E740230222812120460C
:108D280000F058FF012525874023022229462046C6
:108D380000F050FFA4F878511023A4F84E30C8E78B
:108D48004023D6F804220121204600F08CFF00259C
:108D5800DBE719B1C0F8C012002070470320704744
:108D6800D0F8BC322BB1C3F80812C3F81022002087
:108D7800704703207047D0F8BC321BB1C3F8041207
:108D88000020704703207047D0F8BC2292B108B584
:108D9800D2F814320BB1012008BD0123C2F81432F5
:108DA800D2F81032C362D2F80822812100F053FFB2
:108DB8000020F1E70320704710B5D0F8BC2292B12B
:108DC800047C44B94FF40073D2F80422012100F066
:108DD8004AFF204610BD4023D2F80422012100F0AA
:108DE80042FF0024F5E70324F3E798B108B50346EA
:108DF8000020C3F8B802C3F8C002C3F8CC0209B116
:108E0800C3F8B412012183F89C121A70184600F0B6
:108E180095FE08BD0320704710B582B00023ADF859
:108E2800063061B10446C0F8B812CB6A4BB10DF1F7
:108E380006009847C4F8CC02002002B010BD0320F9
:108E4800FBE70020F9E708B500F0BCFE08BD08B54F
:108E5800D0F8B83213B11B68984708BD0320FCE767
:108E680008B5D0F8B8320BB15B689847002008BD48
:108E780038B5044600F2AA25284600F02FF9012348
:108E8800C4F89432B4F8B032C4F8983294F8AA12FC
:108E980001F01F03012B0DD0022B10D02BB101F0D4
:108EA8008001204600F0A9FE03E02946204600F094
:108EB800E4FA38BD2946204600F017FBF9E72946B1
:108EC800204600F046FBF4E738B504460D4641BBA2
:108ED8001346D0F89422032A01D0084638BDD0F8AA
:108EE8005C11D0F86021914209D890F89C32DBB22D
:108EF800032B0FD0204600F06BFC2846EEE7891ABA
:108F0800C0F85C118A4228BF0A46194600F058FC8E
:108F18002846E3E7D0F8B8321B69002BEAD0984717
:108F2800E8E790F89C32DBB2032B01D00020D5E7AC
:108F3800D0F8B8329B690BB19847CFE70020CDE74E
:108F480038B504460D4600294AD11346D0F8942274
:108F5800022A05D094F8A032012B3CD0284638BD0F
:108F6800C269016A8A420ED88A4218D094F89C32A3
:108F7800DBB2032B27D08021204600F03EFE20469E
:108F880000F031FCE6E7521AC261194600F001FC14
:108F980000231A461946204600F065FEDAE7836981
:108FA8009942E3D8D0F898229342DFD200221146A2
:108FB80000F0EFFB0021C4F898120B460A46204641
:108FC80000F051FEC6E7D4F8B832DB68002BD2D0E7
:108FD80020469847CFE7002384F8A0322846BEE70A
:108FE80090F89C32DBB2032B01D00020B7E7D0F811
:108FF800B8325B690BB19847B1E70020AFE70123AE
:1090080080F89C320023C0F894324360C0F8A43240
:10901800D0F8B832F3B170B50446D0F8BC221AB112
:109028005B680BB100219847402300221146204677
:1090380000F0D0FD0126A4F864614025C4F8605111
:109048002B4600228021204600F0C4FDA68425621C
:10905800002070BD0320704701740020704790F80D
:109068009C32DBB280F89D32042380F89C320020C9
:10907800704790F89C32DBB2042B01D00020704777
:1090880090F89D32DBB280F89C32F7E7D0F8B8222E
:1090980062B108B590F89C32DBB2032B01D00020F6
:1090A80008BDD36923B198470020F9E7032070472A
:1090B8000020F5E70346002002E00130C0B201338A
:1090C8001A78002AF9D1704708B54B88012B00D0CF
:1090D80008BDC0F8A43200F07BFBF9E70B780370F9
:1090E8004B7843708B78CA7843EA022343800B7924
:1090F8004A7943EA022383808B79CA7943EA0223B7
:10910800C380704710B50446802100F076FD002129
:10911800204600F072FD10BD30B583B004460D4600
:109128000023ADF806304A88130A013B0E2B00F2E3
:10913800BC80DFE803F0153044BABA9EABBABABABD
:10914800BABABABA0800D0F8B432DB6923B10DF163
:109158000601007C98470AE02946FFF7D3FF18E08C
:10916800D0F8B4321B680DF10601007C9847EA88F4
:10917800002A00F0A380BDF80630002B00F099808B
:109188009A4228BF1A46ADF806200146204600F04C
:10919800F3FA03B030BD037C43B9D0F8B8329B6A08
:1091A8000DF10600984702234370E0E7D0F8B83283
:1091B800DB6A0DF10600984702234370D7E7D2B265
:1091C800052A52D8DFE802F003101D2A3744D0F8E8
:1091D800B4325B6823B10DF10601007C9847C6E7FD
:1091E8002946FFF78FFFD4E7D0F8B4329B6823B144
:1091F8000DF10601007C9847B9E72946FFF782FF81
:10920800C7E7D0F8B432DB6823B10DF10601007C62
:109218009847ACE72946FFF775FFBAE7D0F8B432AC
:109228001B6923B10DF10601007C98479FE7294689
:10923800FFF768FFADE7D0F8B4325B6923B10DF1F1
:109248000601007C984792E72946FFF75BFFA0E7F5
:10925800D0F8B4329B6923B10DF10601007C984720
:1092680085E72946FFF74EFF93E72946FFF74AFFB0
:109278008FE7037C33B9D0F8B8325B6B0DF1060089
:10928800984774E72946FFF73DFF82E7037C43B917
:10929800D0F8B8321B6B0DF10600984707234370CE
:1092A80065E72946FFF72EFF73E72946FFF72AFFF0
:1092B8006FE729462046FFF725FF6AE7204600F0BA
:1092C80087FA66E738B504468B88FBB9CB88EBB9D3
:1092D8004B887F2B1AD803F07F0590F89C32DBB2BD
:1092E800032B0CD080F89E52294600F0ACFC204697
:1092F80000F06EFA35B1022384F89C3209E0FFF7DA
:1093080001FF06E0012384F89C3202E02046FFF7C3
:10931800F9FE38BD70B504460E468D782E4B1D708B
:10932800012D10D890F89C32DBB2022B0FD0032B02
:1093380023D0FFF7E7FE284B19782046FFF790FD6A
:109348000325284670BDFFF7DDFE0325F9E78DB13B
:1093580045602946FFF77BFD054620B1314620468A
:10936800FFF7D0FEEDE7204600F032FA032384F839
:109378009C32E6E700F02CFAE3E7CDB141688D4274
:1093880025D0C9B2FFF76CFD134B197861602046F0
:10939800FFF75DFD0546B0B131462046FFF7B2FE46
:1093A80021792046FFF75CFD022384F89C32C8E748
:1093B800022380F89C3245602946FFF751FD20467C
:1093C80000F006FABDE7204600F002FAB9E700F01F
:1093D800FFF90025B5E700BF1409002008B5CB88C0
:1093E800012B0BD190F89C32DBB2022B09D9032B4D
:1093F80009D10122011D00F0BFF901E0FFF782FE4B
:1094080008BD5BB213B9FFF77DFEF9E701460023FB
:1094180041F8083F012200F0AFF9F1E708B590F8EC
:109428009C32013B022B12D8CB88022B0CD1012392
:10943800C360D0F8A4320BB10323C360022200F149
:109448000C0100F099F908BDFFF75CFEFBE7FFF798
:1094580059FEF8E708B590F89C32013B022B09D871
:109468004B88012B00D008BD0023C0F8A43200F0BF
:10947800AFF9F8E7FFF746FEF5E738B50C7804F0E2
:109488006004202C06D0402C04D054B1FFF73AFEDB
:10949800002404E0D0F8B8329B6898470446204678
:1094A80038BD4D78092D1DD8DFE805F012191C16B6
:1094B8001C08051C0F0BFFF72FFEF0E7FFF702FF54
:1094C800EDE7FFF727FF0446E9E7FFF787FFE6E741
:1094D800FFF7A4FF2C46E2E7FFF7F6FDDFE7FFF70B
:1094E800B9FFDCE7FFF70EFED9E770B505460C4675
:1094F8000B7803F06003202B07D0402B05D023B155
:10950800FFF700FE0026304670BD95F89C32013BFF
:10951800022B18D82379012B0FD8D5F8B8329B68BD
:109528002146284698470646E388002BEBD10028B9
:10953800E9D1284600F04CF9E5E721462846FFF72F
:10954800E1FD0026DFE721462846FFF7DBFD002680
:10955800D9E7F8B506460D468B880C7804F0600408
:10956800202C08D0D9B2402C05D06CB12946FFF781
:10957800C9FD002406E0D6F8B8329B682946304673
:10958800984704462046F8BD6F78012F2FD0032F47
:1095980005D0002F59D02946FFF7B4FDF2E790F81F
:1095A8009C32DBB2022B05D0032B12D02946FFF7E1
:1095B800A9FDE7E709B1802904D129463046FFF71C
:1095C800A1FDDFE700F019FB8021304600F015FB14
:1095D800D8E76B8823B919B1802901D0EB881BB172
:1095E800304600F0F5F8CDE700F007FBF8E790F813
:1095F8009C32DBB2022B05D0032B12D02946FFF791
:1096080081FDBFE709B1802904D129463046FFF71B
:1096180079FDB7E700F0F1FA8021304600F0EDFA65
:10962800B0E76B88002BADD111F07F0F0AD130461F
:1096380000F0CEF8D6F8B8329B68294630469847ED
:1096480004469FE700F0E1FAF1E790F89C22D2B2D5
:10965800022A06D0032A29D02946FFF753FD3C46A3
:1096680090E709B1802913D113F0800F15D101F0CB
:109678007F0101EB8101890001F5A87131440431B2
:1096880000230B600222304600F076F83C4679E76A
:109698002946FFF737FD3C4674E701F07F0101EBEF
:1096A80081018900103131440431E9E75BB2002BB4
:1096B8001FDB01F00F0202EB820200EB8202B2F81C
:1096C800642122B3002B27DB01F07F0303EB830324
:1096D8009C0004F5A8743444043409B1802924D1C9
:1096E8000023236002222146304600F045F83C461C
:1096F80048E701F00F0202EB820200EB8202928C33
:10970800002ADFD12946FFF7FDFC3C463AE7294607
:10971800FFF7F8FC3C4635E701F07F0303EB8303D2
:109728009C00103434440434D7E7304600F075FA0E
:1097380010B101232360D5E700232360D2E7D0B11D
:1097480070B50D4616460446FFF7B4FC431C5B0093
:109758009BB233802B7003236B70022307E0EA541B
:1097680001345A1CD2B20021A9540233DBB2227848
:10977800002AF4D170BD704708B513460222C0F81C
:1097880094228361C3610A46002100F064FA002034
:1097980008BD08B513460A46002100F05CFA00200F
:1097A80008BD08B513460322C0F89422C0F8583102
:1097B800C0F85C310A46002100F055FA002008BDC7
:1097C80008B513460A46002100F04DFA002008BDEE
:1097D80008B50422C0F8942200231A46194600F05E
:1097E8003AFA002008BD08B50522C0F894220023E3
:1097F8001A46194600F037FA002008BD08B50022BD
:109808000F491048FFF7F1FA70B90F490D48FFF7F3
:1098180003FB60B90D490B48FFF79BFA50B909489B
:10982800FFF711FB48B908BDF7F732FBEDE7F7F78B
:109838002FFBEFE7F7F72CFBF1E7F7F729FBF2E748
:109848006401002018090020D80000201C01002015
:1098580000207047002070470020704738B5044644
:10986800098802F019FA054D21462846FFF783FAC0
:109878002846FFF7A1FA002038BD00BF18090020CC
:1098880010B5064C002206492046FFF769FA05493B
:109898002046FFF770FA002010BD00BF180900200D
:1098A800E80B0020E8130020094BD3F8BC32D3F8AA
:1098B80014320BB10120704710B5054C0A46014619
:1098C8002046FFF74DFA2046FFF75EFA10BD00BFAD
:1098D8001809002012230B8000487047500100200F
:1098E80004230B80004870474C010020002393425A
:1098F8001ED200B510E00CF1370C01F813C00001BE
:109908004FEA430C0CF1010C4FF0000E01F80CE08B
:109918000133DBB2934209D24FEA107CB0F1204FF9
:10992800E9D20CF1300C01F813C0E8E75DF804FB4C
:109938007047000038B50B4BD3F89005D3F8944521
:10994800D3F89835C01800D138BD074D08222946EC
:10995800FFF7CCFF042205F110012046FFF7C6FFF0
:10996800F2E700BF0070FF1F3201002008B51A237C
:109978000B80FFF7DFFF014808BD00BF3001002062
:1099880008B50A4628B905490548FFF7D8FE03482F
:1099980008BD02490248FFF7D2FEF8E7E81B00209D
:1099A8001CC9000810B50A46034C21460348FFF7B6
:1099B800C6FE204610BD00BFE81B00202CC90008C9
:1099C80008B50A4628B905490548FFF7B8FE03480F
:1099D80008BD02490248FFF7B2FEF8E7E81B00207D
:1099E80034C9000808B50A4628B905490548FFF7EB
:1099F800A6FE034808BD02490248FFF7A0FEF8E7A3
:109A0800E81B002044C90008032805D8DFE800F057
:109A180005040205012070470320704708B5F7F7D1
:109A280039FA08BD10B596B004465422002101A8A1
:109A380002F090FE2268114B9A4201D016B010BD78
:109A48004FF40053019301A8FBF780FF90B90C4B2A
:109A58009A6D42F400029A659B6D03F4000300932B
:109A6800009B002211461420F8F79EFE1420F8F7F8
:109A7800ABFEE3E7F7F70CFAE9E700BF005C00404C
:109A88000010024008B500F52671D0F8D802FFF79B
:109A9800EFF908BD08B501EB810300EBC303D3F868
:109AA8006421D0F8D802FFF70FFA08BD08B501EB1A
:109AB800810300EBC3035A6AD0F8D802FFF740FAD3
:109AC80008BD08B5D0F8D802FFF7E0FA08BD10B510
:109AD80004464379022B09D10121D4F8D802FFF7B3
:109AE800BBFAD4F8D802FFF78AFA10BDF7F7D0F915
:109AF800F2E7000010B50446D0F8D802FFF7AFFA35
:109B0800637A23B1024A136943F00603136110BD57
:109B180000ED00E010B50446437A23B9D4F8D80222
:109B2800FFF7A7FA10BD044A136923F0060313616F
:109B3800FFF774FFF2E700BF00ED00E010B5044640
:109B48001E48C0F8D842C4F8C4021D4B036008235D
:109B5800037102234371C37100230372437283723A
:109B6800C372FAF7F7FA30BB182300221146D4F86B
:109B7800C402FBF723FA582300228021D4F8C40238
:109B8800FBF71CFAC02300228121D4F8C402FBF79A
:109B980015FA4FF4887300220121D4F8C402FBF7A8
:109BA8000DFA4FF4807300228221D4F8C402FBF727
:109BB80005FA002010BDF7F76BF9D5E7082000205B
:109BC800005C004008B5D0F8C402FAF71EFBFFF7A6
:109BD8001BFF08BD08B594461A466346D0F8C40270
:109BE800FBF7AFF8FFF710FF08BD08B5D0F8C402BF
:109BF800FBF7EAF8FFF708FF08BD08B5D0F8C4027C
:109C0800FBF764F9FFF700FF08BD08B5D0F8C402F8
:109C1800FBF795F9FFF7F8FE08BDD0F8C43211F04C
:109C2800800F08D101F07F0101EB810103EBC10333
:109C380093F85201704701F07F0101EB810103EBBA
:109C4800C103987C704708B5D0F8C402FAF78DFFB5
:109C5800FFF7DAFE08BD08B5D0F8C402FBF710F923
:109C6800FFF7D2FE08BD08B5D0F8C402FBF7E2F84A
:109C7800FFF7CAFE08BD08B5D0F8C402FBF7F7F82D
:109C880008BD000010B5044611B101290FD010BD60
:109C9800437A23B9D4F8D802FFF7EBF9F7E7FFF7CF
:109CA800BDFE094A136923F006031361F2E7D0F8F1
:109CB800D802FFF7D4F9637A002BE8D0024A136977
:109CC80043F006031361E2E700ED00E00048704747
:109CD800E81D002070470023C3600361436170479B
:109CE80038B50D4B0D4A1A6000240D4B1C800D4BE6
:109CF8001C800D4B1C800D4D2846FFF7ECFF05F12D
:109D08002000FFF7E8FF0023094A1362094A13609D
:109D1800094B1C7038BD00BF402300200AD7233CE4
:109D280054230020522300204E230020BC2300206F
:109D3800602300203823002034230020B5EEC00A19
:109D4800F1EE10FA0AD4DFED087AB4EEE70AF1EE84
:109D580010FA06DC054B83ED000A70479FED040AF4
:109D6800F8E79FED010AF5E7000004423C230020D4
:109D780000000000164B93ED007A164BD3ED007AE5
:109D8800F4EEC77AF1EE10FA0DD5DFED136A77EE2F
:109D9800A67AC3ED007AF4EEC77AF1EE10FA15DD73
:109DA80083ED007A7047F4EEC77AF1EE10FA0DDD14
:109DB800DFED096A77EEE67A064BC3ED007AF4EE3A
:109DC800C77AF1EE10FA01D583ED007A704700BF2B
:109DD800982300203C230020CDCC4C3D0D4BD3EDE7
:109DE800007A0D4B93ED007A77EEC77A9FED0B7AE8
:109DF800F4EEC77AF1EE10FA08D59FED097AF4EE81
:109E0800C77AF1EE10FA03DC002070470020704793
:109E1800012070473C23002098230020CDCC4C3DE6
:109E2800CDCC4CBD164BD3ED057A93ED067AF1EE09
:109E38000C6AF4EEE67AF1EE10FA06DCF0EE667AD9
:109E4800B4EEE67AF1EE10FA11D40E4B1B788BB112
:109E58000D4BD3ED026AF4EEE76AF1EE10FA0BDB74
:109E6800B4EEE67AF1EE10FA08DA00207047F0EE68
:109E7800477AEAE7002070470020704701207047C2
:109E8800982300204D23002060230020044B188EC7
:109E9800013880B202288CBF00200120704700BF23
:109EA80060230020124BB3F8A82007EE902AF8EEA2
:109EB800676AB3F8CA3007EE903AB8EE677A9A4202
:109EC80012D2DFED0C7A20EE270A70EE667A9FED4B
:109ED8000A6A67EE867A37EE667A87EE870AF3EEC5
:109EE8000E7A30EE270A70479FED040A704700BFCC
:109EF8000075FF1FCDCC8C3F0000A0420000000081
:109F080008300309B0F5803F01D298B2704740F697
:109F1800FF7070470430C308B0F5004F01D298B203
:109F2800704740F6FF7070474D4BD3ED027A93F8B7
:109F38003330B6EE007AF4EEC77AF1EE10FA13D4A5
:109F4800022B42D0032B5CD0012B12D09FED457A17
:109F580027EE877AB4EEC07AF1EE10FA6DDD404A4A
:109F6800012182F8331011E03D4B002283F83320A1
:109F780070479FED3D7A27EE877AB4EEC07AF1EE0E
:109F880010FA14D5364A022182F83310344A92F86E
:109F980033209A420AD0354BD3ED0C7AB6EE007ACC
:109FA80067EE877AC3ED0C7A00225A6370479FEDFB
:109FB800307A67EE877AF4EEC07AF1EE10FAE5D5DA
:109FC800274A032182F83310E0E79FED267A27EE2F
:109FD800877AB4EEC07AF1EE10FA04DD204A012146
:109FE80082F83310D2E79FED237A67EE877AF4EE92
:109FF800C07AF1EE10FAC9DD194A032182F833104C
:10A00800C4E79FED187A27EE877AB4EEC07AF1EEAE
:10A0180010FA04DD124A012182F83310B6E79FEDE9
:10A02800127A67EE877AF4EEC07AF1EE10FAADD5BF
:10A038000B4A022182F83310A8E79FED0B7A67EEEE
:10A04800877AF4EEC07AF1EE10FA04D5044A0221B8
:10A0580082F833109AE7024A032182F8331095E711
:10A0680060230020CDCC4C3F9A99993F982300203B
:10A078009A99593F3333933F08B52DED028BB0EED3
:10A08800408A964B93ED017AD3ED047AB5EEC07A07
:10A09800F1EE10FA00F1C680B4EEE77AF1EE10FAAC
:10A0A80001DCF0EE477A8E4BD3ED056AB5EEC08A37
:10A0B800F1EE10FA00F1B9809FED8A7AB4EEC78A02
:10A0C800F1EE10FA00F3B480B5EEC08AF1EE10FAA2
:10A0D80040F2B1809FED847AF4EEC77AF1EE10FA7F
:10A0E80040F2B780F5EEC06AF1EE10FA00F1D180C7
:10A0F8007E4B93ED007AB5EEC07AF1EE10FA04D9F2
:10A10800B4EEC87AF1EE10FA02DD784B83ED008ADE
:10A118009FED777A37EE877AB4EEE67AF1EE10FAA9
:10A1280002D5744B01221A70734A138801339BB20B
:10A138001380312B66D9134600221A806D4B1B7889
:10A1480043B96A4B93ED007AB4EEC87AF1EE10FA8F
:10A1580040F1BD8077EEE65A604B93ED146A93EDBB
:10A16800127A27EE257A36EE076A83ED146ABDEE79
:10A17800007AB4EEC76AF1EE10FA00F18D809FED17
:10A188005F7AB4EEC76AF1EE10FA00F38880534B99
:10A1980083ED146A93ED117A27EE257A37EE067A65
:10A1A800BDEE006AB4EEC67AF1EE10FA7AD49FEDED
:10A1B800536AB4EEC67AF1EE10FA76DC4B4B93EDA7
:10A1C800006A37EE067AB5EEC07AF1EE10FA6FD46F
:10A1D800B4EEC87AF1EE10FA6DDC444B83ED007AE8
:10A1E8009FED476A77EEC67AF4EEE67AF1EE10FA5A
:10A1F80008DDDFED427A78EE677AF4EEC77AF1EEA1
:10A2080010FA5BD9394B93ED000AB5EEC00AF1EEAE
:10A2180010FA60D4B4EEC80AF1EE10FA30DDB0EEF0
:10A22800480A2DE0DFED377A3DE79FED368A4BE7A8
:10A238009FED2C8A48E79FED338A2C4B83ED008AEB
:10A248002C4B00221A703048FFF745FDB0EE480A43
:10A2580016E0264B93ED000AF5EE007A30EE670A19
:10A26800B5EEC00AF1EE10FA0DD4B4EEC80AF1EE5C
:10A2780010FA0BDC1D4B83ED000A1E4B01221A70ED
:10A28800BDEC028B08BD9FED1F0AF3E7B0EE480A4C
:10A29800F0E7DFED1C6A2BE7BDEE006A77E79FED7C
:10A2A800176A74E7BDEE007A88E79FED147A85E7B0
:10A2B8009FED147A91E7B0EE487A8EE783ED008A35
:10A2C8000C4B00221A701048FFF705FD9AE70E485C
:10A2D800FFF701FD96E79FED0B0AD1E798230020D1
:10A2E80060230020000004426F12833A38230020C4
:10A2F8008FC2F53C3423002052230020CDCC4C3DA6
:10A308000AD7A33D00000000DC23002038B5B0F5D3
:10A318007A7F28BF4FF47A7040F2E734844228BF2E
:10A328000446084BD861084B9862084D0821284616
:10A33800FCF74AFF2B685A6C42F400425A64DC630B
:10A3480038BD00BF9823002060230020B8060020F5
:10A3580070B51C4C64220021204602F0FBF91A4D0E
:10A3680038220021284602F0F5F9184B23604FF0F7
:10A378007C536360164BE360164B2361164AA26058
:10A38800164A6261164AA2614FF4FA72E261012626
:10A3980084F82060134A6262134AA2622364134B52
:10A3A8006364134BA364134BE365134B2366FFF7F6
:10A3B80097FC002385F8323085F8333085F834600F
:10A3C80070BD00BF98230020602300200000A0403B
:10A3D80000003042000020410000A0420000C040C0
:10A3E80000003442CDCCCC3CACC5A7389A99993FF3
:10A3F8000AD7A33C000080BECDCC4C3D10B50D4C17
:10A408000D4B224601210D4801F019FE0C4B224646
:10A4180001210C4801F013FE0B4B224601210B4889
:10A4280001F00DFE0A4B224601210A4801F007FE01
:10A4380010BD00BF54C90008FC22002028230020BA
:10A44800F42200201C230020EC22002010230020EE
:10A45800E422002004230020804B1A68002A00F020
:10A46800FC8010B52DED048B82B011887C4B1980CF
:10A478005188598091889980D188D98013889BB256
:10A4880007EE903AF8EE677ADFED766A67EEA67A1D
:10A4980093889BB207EE103AB8EE477A27EE269AD1
:10A4A80053889BB208EE903AF8EE688A9FED6E7A70
:10A4B80068EE878AD3889BB208EE103AB8EE488ACD
:10A4C80028EE078A694B93ED007A78EEC78A9FEDEC
:10A4D800687AF4EEC78AF1EE10FA06D59FED657A30
:10A4E800F4EEC78AF1EE10FA6BDCF0EEE88A9FED25
:10A4F800627A68EE878A614B93ED007A38EE478A74
:10A508009FED5B7AB4EEC78AF1EE10FA06D59FED9F
:10A51800597AB4EEC78AF1EE10FA55DCB0EEC88A63
:10A528009FED557A28EE078A554B1B78002B54D19E
:10A538004B4BC3ED027A83ED049AB2EE087AF4EE3F
:10A54800C78AF1EE10FA42DC454BC3ED038AB2EE3E
:10A55800087AB4EEC78AF1EE10FA3BDC404A82ED85
:10A56800058A484B59689FED487A67EE877AC1EDAE
:10A57800007A596800234B60D2ED037A4349486852
:10A5880067EE877AC0ED007A49684B60D2ED047AAD
:10A598003F49486867EE877AC0ED007A49684B60A2
:10A5A800D2ED057A3B4A516867EE877AC1ED007AA9
:10A5B80052685360324B01221A7002B0BDEC048B12
:10A5C80010BDDFED358A96E79FED338AACE7F0EEF4
:10A5D800478AB9E7B0EE478AC0E7CDED007A012394
:10A5E80001AA6946274801F0EDFC1D4C019BA360B8
:10A5F8008DED009A012301AA6946254801F0E2FC85
:10A60800019B2361F2EE087AF4EEE78AF1EE10FA84
:10A618001DDCCDED008A012301AA69461B4801F023
:10A62800D1FC019A0E4BDA60F2EE087AB4EEE78AB2
:10A63800F1EE10FA0EDC8DED008A012301AA6946BD
:10A64800144801F0BFFC019A054B5A61B5E7F0EEDA
:10A65800678ADEE7B0EE678AEDE770475C23002083
:10A66800602300206E06B03B964AD239880100204C
:10A67800F4FDD43BF4FDD4BBFFFFC74084010020A8
:10A688004D230020282300209A99593F1C2300209D
:10A6980010230020042300200000000008B5054B0B
:10A6A8001A8E02431A86042283F83220184600F0D4
:10A6B8003BFE08BD6023002008B5404B93F83220CC
:10A6C800931EDBB2012B57D83C4B93ED027A3C4BDF
:10A6D800D3ED057AB4EEE77AF1EE10FA54D5394B9A
:10A6E8001B88B3F5FA6F02D2013336490B80354B1C
:10A6F8001B88B3F5FA6F43D2314BD3ED067AB4EE2B
:10A70800E77AF1EE10FA4CDC2C4BD3ED046A2C4BB3
:10A71800D3ED037AF4EEE76AF1EE10FA45DC274B45
:10A7280093ED057A264BD3ED047AB4EEE77AF1EE91
:10A7380010FA3EDCB1EE676AB4EEC67AF1EE10FAB2
:10A7480037D4032A1BD1204B1B88B3F5FA6F16D9CF
:10A75800B6EE006AF4EEC66AF1EE10FA0FD5DFED38
:10A768001B6A67EEA67AB4EEE77AF1EE10FA06DD18
:10A778002020FFF793FF02E0124B00221A8008BD49
:10A788000120FFF78BFFFAE7DFED116A77EEA67A73
:10A79800B4EEE77AF1EE10FAAEDD0A4B002119802B
:10A7A800AAE70220FFF77AFFE9E70820FFF776FF1C
:10A7B800E5E71020FFF772FFE1E700BF6023002004
:10A7C800982300204E230020562300209A99193FF1
:10A7D8009A99993E08B52DED028BCC4B93F83230FF
:10A7E800023BDBB2012B6AD8C94BD3ED008AB0EE2D
:10A7F800680AFFF741FCB0EE408AFFF795FBC54BAE
:10A80800D3ED007AF5EEC07AF1EE10FA63DD9FED34
:10A81800C27AB5EEC08AF1EE10FA5FD4B4EEC87A07
:10A82800F1EE10FA01D4B0EE487AB84B93F8323012
:10A83800022B56D0DFEDB97AB0EE085A9FEDB80A70
:10A84800B24B93ED046A37EE466AD3ED025AF6EE40
:10A85800006AF4EEE65AF1EE10FA00F1C380F5EE64
:10A86800C07AF1EE10FA40F2C780A84B93F8330093
:10A87800012800F0C680022800F07481F4EEC75A5F
:10A88800F1EE10FA40F19381F7EE007AB4EEE77A30
:10A89800F1EE10FA00F18581DFEDAE7AB4EEE77AD9
:10A8A800F1EE10FA00F38081F0EE474AF7EE007AF5
:10A8B800C7EEA46A65EEA66A77EEE66AA3E09FEDA6
:10A8C800A88A9249B0EE480A002000F051FD954B45
:10A8D80083ED008A7DE19FED917A9AE79FED8F7A6B
:10A8E800A3E78A4BD3ED026AF6EE007AF4EEE76A44
:10A8F800F1EE10FA36DDB7EE006AC6EE267A93F866
:10A908003330012B21D0F4EEC76AF1EE10FA58D596
:10A91800B7EE006AB4EEC67AF1EE10FA1CD49FEDD9
:10A928008D6AB4EEC67AF1EE10FA18DCF0EE475AEA
:10A93800B7EE000A80EE256A66EE866A30EE660A91
:10A94800DFED796A30EE260A10E027EE870ADFEDA0
:10A95800766A30EE260A09E0F7EE005AE8E7DFEDFE
:10A968007D5AE5E79FED710ADFED6C7A704B1B8825
:10A9780006EE903AF8EE666A9FED6E6A66EE866AB3
:10A988009FED776A76EE866AB4EEC60AF1EE10FAA3
:10A998001AD49FED666AB4EEC60AF1EE10FA16DC18
:10A9A8009FED6F6AF4EEC66AF1EE10FA12D4F4EE77
:10A9B800C06AF1EE10FA12DCB0EE660A9FED5E5A3C
:10A9C8003EE79FED670AD1E79FED650AE8E79FED4F
:10A9D800570AE5E79FED585A9FED610A30E79FED6A
:10A9E800565A2DE79FED5E0A4E4B83ED000A474904
:10A9F800002000F0BDFCECE0F7EE006AC6EEA57A98
:10AA080033E767EE876A4D4A138801339BB2138098
:10AA1800312B22D9134600221A803E4BD3ED0C7AF3
:10AA2800D3ED0A4A64EE864A77EEA47AC3ED0C7A2F
:10AA3800DFED494AF4EEE47AF1EE10FA00F1BA805B
:10AA4800DFED464AF4EEE47AF1EE10FA00F3B58051
:10AA5800304BC3ED0C7A83ED0D6A2E4BD3ED097A9A
:10AA680067EE867A77EEA67AD3ED0C6A77EEA67A49
:10AA7800264B93ED036AB4EEC56AF1EE10FA0ADDCF
:10AA88009FED2F6A77EEC67A9FED256A66EE866A95
:10AA9800204BC3ED0C6AF2EE006AF4EEE65AF1EED2
:10AAA80010FA0CD5DFED276A77EEE67A194BD3ED6D
:10AAB8000C6A9FED256A66EE866AC3ED0C6ADFEDC7
:10AAC800286AF4EEE67AF1EE10FA79D4F4EEC07A58
:10AAD800F1EE10FA01DCB0EE670A124B83ED000AC2
:10AAE8000C4B5A68094B1A6283ED090A174B1B78FD
:10AAF800002B68D1DFED167A78EEE78AF4EEC78A84
:10AB0800F1EE10FA60DC01235EE000BF6023002054
:10AB18003C2300209823002000000442000000008D
:10AB28003333733F402300200AD7A33D9A99593FF6
:10AB3800562300200AD7A33B6766E63F542300202C
:10AB48000AD7A33C8FC2F53C6666663F34230020D3
:10AB5800CDCC4C3D00007042CDCC4CBECDCC4C3E53
:10AB68000AD7233CF7EE007AB4EEE77AF1EE10FA52
:10AB780011D45FED087AB4EEE77AF1EE10FA0DDC45
:10AB8800F0EE474AF7EE007AC7EEA46A65EEA66AC9
:10AB980077EEE66A37E7F7EE004AF3E75FED134A28
:10ABA800F0E7F7EE004A81E65FED164A7EE65FEDD4
:10ABB800146A28E75FED187A4AE75FED187A47E7E5
:10ABC8001FED190A89E70023034981F8343000F0A2
:10ABD800CFFBBDEC028B08BD6023002080B308B515
:10ABE8002DED028B40F6FE72904204D99FED160AB5
:10ABF800BDEC028B08BD07EE900AF8EE677A9FED70
:10AC0800137A67EE877AB7EE008A88EE270A70EE25
:10AC1800487A9FED0F0A67EE807A87EE800A01F086
:10AC280059FCDFED0C7A60EE277A9FED0B7A77EE10
:10AC3800877A88EE270ADFED097A30EE670AD7E7C8
:10AC48009FED070A704700BF0000164301088039CE
:10AC580000401C46631D9B390FCF5B3B33938843F1
:10AC6800000020C268B138B50C46054659B1F6F760
:10AC780059FF20602846F7F787FA23682BB101208F
:10AC880038BD002070470020FAE70020F8E70000F0
:10AC980030B52DED028B83B0364B93ED078AD3ED9B
:10ACA800068A01A93448FFF7DDFF044680BB01A9E5
:10ACB8003248FFF7D7FFA0B3019D2846FFF72AF9CE
:10ACC8002F4AB2F8CA30B2F8A820934229D040F6E9
:10ACD800E44101FB00F02B49A1FB0010C2EB9010EE
:10ACE80000EB800000019B1A90FBF3F01E3047F642
:10ACF800FF73984215D007EE905AF8EE677AB4EED3
:10AD0800000A27EE800AFFF7CDF8F0EE408A09E046
:10AD18000198FFF7F5F8FFF761FFB0EE408A0124CC
:10AD2800C5E7CCB1184B1B78D3B1124BD3ED077ADA
:10AD380038EE678A9FED157A28EE078A77EE887ACB
:10AD4800C3ED077AD3ED067A78EEE78A68EE878A4C
:10AD580077EEA87AC3ED067A03B0BDEC028B30BD5E
:10AD6800044B83ED078AC3ED068A074B01221A704C
:10AD7800F2E700BF60230020A00300203403002076
:10AD88000075FF1FF11976054C2300209A99193E8A
:10AD9800F8B53B4F386000233A4A13703A4A13809B
:10ADA8003A4A13803A4A13803A4A13803A4A13704F
:10ADB8003A4A13703A4A13603A4A13603A4A3B498E
:10ADC8000A603B490A6000223A490A603A490A6027
:10ADD8003A4A1370FFF7BCFAFFF710FBC820F6F7E2
:10ADE80011FD374E7F213046F7F752FB354D7F2155
:10ADF8002846F7F74DFB344C7F212046F7F748FBF0
:10AE0800042239683046F7F759FA2846F7F7BCF9AB
:10AE18002046F7F7B9F92D4C4FF400312046F8F7E2
:10AE28006FFE4FF480112046F8F74FFE2848FBF7D5
:10AE3800FDFD2848FBF7FAFD2748FBF7F7FD082139
:10AE48002648FCF7C1F900F031FB254C204600F0FC
:10AE580031FBE069FFF75AFA224B6362224BA36287
:10AE6800224B6364224BA364224BE365224B236687
:10AE7800FEF736FF214800F077FA00F093FEF8BDA0
:10AE88005C23002058230020562300205423002050
:10AE980052230020502300204D2300204C23002063
:10AEA80048230020442300203333D33F8801002067
:10AEB800840100203C230020382300203423002074
:10AEC8000C040020A0030020340300207804002094
:10AED8009C0700205007002004070020B806002027
:10AEE80098230020CDCCCC3CACC5A7389A99993F83
:10AEF8000AD7A33C000080BECDCC4C3D6023002087
:10AF080010B53B4B93F832301BB9394B012283F80B
:10AF18003220374B93F83230042B0DD0354B93F851
:10AF280020302BB3324B93F83230012B36D0022B22
:10AF38004CD0032B59D010BD2E4B93F82030002B4A
:10AF4800ECD0FEF7A3FF0028E8D0FEF76BFF00283F
:10AF5800E4D0274C012384F8323000232386264A84
:10AF68001380FEF7BDFE94ED040AFEF7E7FED5E771
:10AF78001F4B93F83230042BDDD01D4C012384F88D
:10AF88003230002384F833301B4A13809FED1B0AAC
:10AF9800FEF7D4FE204600F0C7F9CCE7FEF742FFE3
:10AFA80018B9134800F0C0F9C5E7114C022384F81A
:10AFB80032300023104A13802386FEF791FE94ED69
:10AFC800040AFEF7BBFE00F091F9B4E7FEF7D2FEE3
:10AFD800094A138801331380FEF700FF0028AAD01E
:10AFE800034B032283F83220A5E7FEF7C3FEA2E74E
:10AFF8006023002098230020562300200000000032
:10B0080008B5FFF729FA0C4A138801339BB213805D
:10B01800B3F57A7F09D2FFF74FFB084B93F832302C
:10B02800042B01D0FFF7D6FB08BD134600221A8077
:10B03800FFF766FFEFE700BF5023002060230020E2
:10B0480008B500F019FE08BD08B5FFF721FE08BDD8
:10B0580008B5054B1B7803B908BD034B00221A70CD
:10B06800024800F04BFAF7E7582300209823002005
:10B0780090B110B48446094C0FCCACE80F000FCC4B
:10B08800ACE80F000FCCACE80F0094E803008CE8A4
:10B0980003005DF8044B7047704700BF6023002031
:10B0A80028B108B56422024901F088FB08BD704741
:10B0B8009823002008B507EE900AF8EE677ADFEDCE
:10B0C800126A87EEA67ADFED117AB4EEE77AF1EE2E
:10B0D80010FA10DC0E4B83ED007A0E4B93F83230E9
:10B0E800023BDBB2012B09D9094B00225A630A4BF8
:10B0F80032221A8008BDB0EE677AEBE7054B93ED74
:10B10800040AFEF71BFEEFE700007A440000044241
:10B1180098230020602300205423002008B507EE60
:10B12800900AF8EE677ADFED0C6A87EEA67AF2EEFF
:10B13800047AB4EEE77AF1EE10FA09DC074880EDFC
:10B14800017A4430FEF7C7FD054B32221A8008BD4C
:10B15800B0EE677AF2E700BF00007A449823002037
:10B168005223002007EE100AB8EE477ADFED0D6A89
:10B17800C7EE267AB7EE007AF4EEC77AF1EE10FA47
:10B188000AD49FED097AF4EEC77AF1EE10FA06DCDC
:10B19800064BC3ED037A7047F7EE007AF8E7DFED68
:10B1A800027AF5E700007A44000004429823002060
:10B1B80007EE100AB8EE477ADFED0D6AC7EE267A79
:10B1C8009FED0C7AF4EEC77AF1EE10FA0AD4B2EEDB
:10B1D800087AF4EEC77AF1EE10FA06DC064BC3EDF6
:10B1E800047A7047DFED037AF8E7F2EE087AF5E7BC
:10B1F80000007A44CDCCCC3D9823002007EE100AFD
:10B20800B8EE477ADFED0D6AC7EE267AB3EE047A18
:10B21800F4EEC77AF1EE10FA0AD49FED097AF4EE4B
:10B22800C77AF1EE10FA06DC064BC3ED027A7047D6
:10B23800F3EE047AF8E7DFED027AF5E700007A44E6
:10B248000000F0429823002008B5FFF75FF808BD1A
:10B2580010B5164B93F82010034600B10123134A8A
:10B2680082F820300BB191B110BD114C012384F844
:10B278003230002323860F4A1380FEF731FD9FEDFD
:10B288000E0AFEF75BFD204600F04EF8ECE7084C8E
:10B29800012384F8323000232386064A1380FEF700
:10B2A8001FFD94ED040AFEF749FDDDE79823002011
:10B2B800602300205623002000000000014B0122DB
:10B2C8001A70704758230020B4EEE00AF1EE10FA25
:10B2D80005D4B4EEC10AF1EE10FA03DC7047B0EE03
:10B2E800600A7047B0EE410A7047000010B50C4C78
:10B2F800236846F29052C3F89C2043F2C821C3F851
:10B30800A810C3F81C22074B01221A7003212046FB
:10B31800F8F7A3FBC0212046F8F79FFB10BD00BF3C
:10B3280078040020FC23002038B504460C4D032186
:10B338002846F8F7AEFBC0212846F8F7AAFB2B6889
:10B3480046F29052C3F89C20C3F81C22054B0022F9
:10B358001A701CB146F29053A385E38538BD00BF2F
:10B3680078040020FC23002008B5FFF7DDFF08BDA6
:10B3780038B504460D469FED381ADFED380AFFF759
:10B38800A3FF022C32D0032C4BD0012C0FD046F255
:10B3980090531A4632490968C1F89C205008C1F8F0
:10B3A800A800C1F81C320DB1AA85EB8538BDF7EEAF
:10B3B800007A37EEC00ADFED2B7A20EE270ABCEEC2
:10B3C800C00A10EE103A9BB200EE103A9FED261A12
:10B3D800DFED260AB8EE400AFFF776FFBCEEC00A9A
:10B3E80010EE103A9AB24FF4C363D3E7DFED1D7A3B
:10B3F80020EE270ABCEEC00A10EE103A9BB200EE0F
:10B40800103A9FED1B1ADFED1B0AB8EE400AFFF752
:10B418005BFFBCEEC00A10EE103A9BB24FF4C36259
:10B42800B8E7DFED107A20EE270ABCEEC00A10EE6E
:10B43800103A9BB200EE103A9FED0D1ADFED0D0A9F
:10B44800B8EE400AFFF740FFBCEEC00A10EE103A13
:10B458009BB241F250429DE73333733F0AD7233CF6
:10B46800780400200020CB460018C9460000C344D9
:10B4780000F0BE460000824384464FF6FF700B463C
:10B48800013989B28BB11CF8013B5840002302E016
:10B49800400801339BB2072BF1D810F0010FF7D009
:10B4A8004AF2010282EA5000F3E7704708B500F05B
:10B4B800BFFC08BDF8B110B59CB0044670226946BF
:10B4C800002000F0C9FCA0B96E216846FFF7D4FF40
:10B4D800009A094B9A420CD1BDF80430042B08D1CC
:10B4E800BDF86C30834204D1642202A9204601F0E1
:10B4F80065F91CB010BD70475257505548B310B588
:10B508009CB0044670220021684601F023F9114BD3
:10B5180000930423ADF804306422214602A801F008
:10B528004DF900230E9316930F93179310931893C6
:10B538006E216846FFF7A0FFADF86C00002000F010
:10B54800C3FC08B11CB010BD7022694600F0E8FCCD
:10B55800F8E770475257505500231B2B0BD8074A62
:10B5680012F83320824202D00133DBB2F5E70348F8
:10B5780000EBC30070470020704700BFC0C9000837
:10B5880004280CD8DFE800F0030D050709000120A6
:10B59800704704207047082070470F20704700202C
:10B5A8007047022070470000B5EEC00AF1EE10FAAD
:10B5B8000CD9DFED077A20EE270AF6EE007A30EE96
:10B5C800270AFCEEC07A17EE900A704700207047F1
:10B5D80000007A44B5EEC00AF1EE10FA0CD4DFEDA3
:10B5E800087A20EE270AF6EE007A30EE270AFDEEFA
:10B5F800C07A17EE900A70479FED020AEFE700BF86
:10B6080000007A4400000000DFED067A20EE270AE9
:10B61800F6EE007A30EE270AFCEEC07A17EE900AB2
:10B62800704700BF00007A44F0B583B006460F4665
:10B6380014461D46A2F10A031E2B00F29881DFE88A
:10B6480013F04700550062006F007C0089009601E6
:10B658009600A4009601B200BC00C700D000DD002F
:10B66800E700F000F90002010B011801260133017F
:10B6780041014E015C0171017A0183018C011F00B7
:10B68800AB8800931B230A464FF4807100F0B6FE86
:10B69800002840F06F8195ED040AFFF785FF0090C0
:10B6A8000C233A464FF48071304600F0A7FE00287C
:10B6B80040F06381089B93ED030AFFF775FF009044
:10B6C80020233A464FF48071304600F097FE0BE095
:10B6D80095ED020AFFF768FF009023463A464FF4BB
:10B6E8008071304600F08AFE03B0F0BD95ED030A84
:10B6F800FFF770FF009023463A464FF480713046BA
:10B7080000F07CFEF0E795ED040AFFF74DFF00908E
:10B7180023463A464FF48071304600F06FFEE3E767
:10B7280095ED050AFFF756FF009023463A464FF479
:10B738008071304600F062FED6E795ED060AFFF705
:10B7480063FF009023463A464FF48071304600F07C
:10B7580055FEC9E795ED070AFFF756FF0090234607
:10B768003A464FF48071304600F048FEBCE7089B2B
:10B7780093ED000AFFF718FF009023463A464FF46E
:10B788008071304600F03AFEAEE7089B93ED010A5F
:10B79800FFF720FF009023463A464FF48071304669
:10B7A80000F02CFEA0E795F83430009323460A46B3
:10B7B8004FF4807100F018FE96E7089B93F820304C
:10B7C800009323460A464FF4807100F00DFE8BE784
:10B7D8002B8E009323460A464FF4807100F00EFE2C
:10B7E80082E795F83200FFF7CBFE009023463A46F1
:10B7F8004FF48071304600F0F7FD75E795F8333067
:10B80800009323460A464FF4807100F0EDFD6BE784
:10B818002B88009323460A464FF4807100F0EEFD12
:10B8280062E76B88009323460A464FF4807100F064
:10B83800E5FD59E7AB88009323460A464FF480712B
:10B8480000F0DCFD50E7EB88009323460A464FF4EE
:10B85800807100F0D3FD47E795ED070AFFF7D4FEA6
:10B86800009023463A464FF48071304600F0C6FDFA
:10B878003AE7089B93ED020AFFF7C6FE00902346BD
:10B888003A464FF48071304600F0B8FD2CE795ED4C
:10B89800040AFFF789FE009023463A464FF4807168
:10B8A800304600F0ABFD1FE7089B93ED030AFFF756
:10B8B8007BFE009023463A464FF48071304600F0F4
:10B8C8009DFD11E795ED050AFFF784FE00902346DC
:10B8D8003A464FF48071304600F090FD04E7089B2B
:10B8E80093ED040AFFF776FE009023463A464FF49C
:10B8F8008071304600F082FDF6E6D5ED097A9FEDBD
:10B90800207A67EE877AB6EE007A77EE877AFCEED1
:10B91800E77ACDED007A23460A464FF4807100F0AD
:10B928006DFDE1E6AB8D009323460A464FF4807126
:10B9380000F064FDD8E6EB8D009323460A464FF4E9
:10B94800807100F05BFDCFE6AB6A009323460A46A0
:10B958004FF4807100F052FDC6E6089BDB69009346
:10B9680023460A464FF4807100F048FDBCE66FF0AC
:10B978000400B9E66FF00100B6E66FF00100B3E627
:10B9880000007A4470B5AAB006460D461CA8FFF719
:10B998006FFB03A8FFF784FB00241B2C0DD803AB17
:10B9A80000931CAB074A125D29463046FFF73CFE60
:10B9B800034618B90134E4B2EFE7002318462AB069
:10B9C80070BD00BF68C9000810B5C8B00DF11604F5
:10B9D8004FF0000CADF816C002944FF48474019433
:10B9E80006AC009400F0D9FB10B1002048B010BD9F
:10B9F800F5F702FF00F11404BDF8161006A8FDF7CC
:10BA080053FF38B1012807D1F5F7F6FEA042F3D36A
:10BA18000020EBE70120E9E70020E7E708B5014649
:10BA280000231A46FF20FFF7CFFF08BD70B5EEB020
:10BA380006460C4615460023ADF81231ADF80E3017
:10BA480060A8FFF715FB9DF8B231012B1AD947A85A
:10BA5800FFF726FB45AB0DF589722946204600F015
:10BA6800E7FCA8B947AB009360AB9DF814210DF132
:10BA78000E0104A8FFF7D8FD0028EBD03046FFF7E9
:10BA8800CDFF0CE0FFF73CFA60A8FFF7F1FADEE71C
:10BA9800BDF80E3004AA31460020FFF795FF6EB0BE
:10BAA80070BD2DE9F04184B007460E4615460023C7
:10BAB800ADF80630009302AB0DF106022946304678
:10BAC80000F0B6FC002863D1BDF80A40042C01D070
:10BAD800012C26D19DF808804046FFF73DFD20B394
:10BAE800827812F0020F20D043789C421DD10023A7
:10BAF8000093012C1DD1039B1B7800939DF80830FF
:10BB0800113B162B3ED8DFE803F020243D3D283DAD
:10BB18003D3D3D3D3D3D3D2D3D313D353D3D3D3D71
:10BB280039003846FFF77AFF2FE03846FFF776FFEF
:10BB38002BE06B4642462946304600F0B0FC002810
:10BB4800DCD03846FFF76AFF1FE00098FFF7B2FA2B
:10BB5800B1E70098FFF7E2FAADE79DF80000FFF7BC
:10BB680077FBA8E70098FFF749FBA4E70098FFF7E1
:10BB7800F9FAA0E70098FFF71BFB9CE70098FFF78E
:10BB880063FB98E73846FFF749FF04B0BDE8F0814A
:10BB9800FFF794FB00231A4639461846FFF714FFAF
:10BBA800F3E7000010B5094800F0ECFA0024084B50
:10BBB8001C80084B1C70F5F71FFE00F5FA70064B49
:10BBC8001860064B1C80064B1C7010BD1025002009
:10BBD8000C2500200E25002008250020FE2300202B
:10BBE800FD2300207047000008B5084B1B7813B1EF
:10BBF800074B198801B908BD0648FDF755FE00280E
:10BC0800F9D1024B00221A70F5E700BFFD2300208E
:10BC1800FE2300200024002010B5C6B004460023EF
:10BC2800ADF816300DF1160106A8FFF7ABFE10B1FE
:10BC3800002046B010BD0D4B02934FF4847301935E
:10BC48000B4B0093BDF8163006AA2146032000F0DE
:10BC5800A4FA18B10020054B1880EAE70124054B27
:10BC68001C70FFF7C1FF2046E3E700BFFE2300205A
:10BC780000240020FD23002008B5064B1B7813B9CB
:10BC8800FFF7B2FF08BD0020024B1870FFF7C4FF92
:10BC9800F6E700BF0E25002030B5ADF5077D00237F
:10BCA8008DF80F3010B10A46014612B90DF5077D1F
:10BCB80030BD0DF10F0301930223009304AB294813
:10BCC80000F0B7FA0028F1DB002420E004EB84112F
:10BCD80002EB81010B464A8804315878FFF7A6FE2B
:10BCE80013E004EB841104AB03EB81010D464A8891
:10BCF80004316878FFF7D5FE07E005EB851504AB3E
:10BD080003EB85035878FFF789FE0134E4B29DF808
:10BD18000F30A342CAD9254604EB841304AA12F8AB
:10BD28002330012BD2D0022BDBD0032BE5D104EB3F
:10BD3800841304AA02EB83035B88002BDDD104EB98
:10BD4800841302EB83035878FFF766FF0028DCD1E1
:10BD580004EB841504AB03EB85035878FFF75EFE0C
:10BD6800D3E700BF1025002008B501224FF4004199
:10BD78004FF09040F6F79CFF08BD08B500224FF43D
:10BD880000414FF09040F6F793FF08BD00B583B02F
:10BD98001346642200920A4601460348FAF759FA04
:10BDA80003B05DF804FB00BF5406002010B582B054
:10BDB800F5F722FD00F1C8044FF60573ADF804301D
:10BDC8000023ADF80030F5F717FDA04213D8FFF7B0
:10BDD800D4FF0222694601A8FFF7D8FF38B9FFF758
:10BDE800C3FF9DF8010010F00100ECD104E0FFF75B
:10BDF800BBFF012000E0032002B010BD10B582B0E7
:10BE080006238DF8043000238DF80030FFF7B5FFC6
:10BE18000122694601A8FFF7B9FF28B90446FFF7D0
:10BE2800A3FF204602B010BDFFF79EFF0124F8E7EC
:10BE380008B508484FF4E063C36000234363FAF78A
:10BE48008FF808B1012008BDFFF78EFFFFF7AEFF9E
:10BE5800F9E700BF5406002030B583B081B314461B
:10BE68000D461AB90124204603B030BD03238DF8CE
:10BE78000430C0F307438DF80530C0F307238DF86D
:10BE880006308DF80700FFF778FF642304220DEBD6
:10BE980002010C48FAF7D8F850B96423224629461B
:10BEA8000848FAF755FB044630B9FFF75DFFDAE7B3
:10BEB800FFF75AFF0124D6E7FFF756FF0124D2E720
:10BEC8000124D0E75406002010B582B00446FFF7DD
:10BED80095FF10B1012002B010BD20238DF8043069
:10BEE800C4F307438DF80530C4F307238DF80630F3
:10BEF8008DF80740FFF741FF642304220DEB020190
:10BF08000648FAF7A1F820B9FFF72EFFFFF74EFF12
:10BF1800E1E7FFF729FF0120DDE700BF5406002015
:10BF2800002946D0F0B583B0054616460F466ABBD1
:10BF3800012003B0F0BDFFF761FF00283BD10223C9
:10BF48008DF80430C5F307438DF80530C5F3072392
:10BF58008DF806308DF80750FFF70FFF6423042291
:10BF68000DEB02011648FAF76FF8C0B964232246B0
:10BF780039461348FAF768F8A8B9FFF7F5FEFFF74E
:10BF880015FFD0B925442744341BA6B27EB1ECB2C4
:10BF9800C4F58074A4B2A642CDD23446CBE7FFF7ED
:10BFA800E3FE0120C5E7FFF7DFFE0120C1E700201F
:10BFB800BFE7012070470120BBE70120B9E700BFB8
:10BFC8005406002030B596461D464468826890F8AD
:10BFD80000C021E0B1EC017A63EE877A77EE867AC9
:10BFE80024EE076A76EE266A25EE276A36EE266A7A
:10BFF80024EE877A65EEA76A76EE876AE0EC017A26
:10C00800013B002BE6D184ED006AC4ED016A0834D7
:10C01800BCF1010C12D07146D2ED003A92ED014A02
:10C02800D2ED024A92ED035AD2ED045A94ED006A19
:10C03800D4ED016A14322B467046E2E730BD38B5BC
:10C0480004461D4601708260CA000021184600F0AF
:10C0580081FB656038BD0378407843EA002070476B
:10C068000378427843EA0223827843EA0243C0789D
:10C0780043EA006070470170090A41707047017017
:10C08800C1F307234370C1F307438370090EC170DE
:10C098007047002837D02DE9F04782B00D4690460A
:10C0A8009946064693B34FF0000A544602E0A4446A
:10C0B8001FFA8CF4AC421FD22B1B9BB2022B28D93F
:10C0C800375D8DF80070601C3044FFF7C4FF84466C
:10C0D800ADF802000334A4B22B1B9BB298421BD8C4
:10C0E800331901934745E2D102AB13E9030089E80C
:10C0F80003004FF0010ADAE7BAF1000F0FD0002071
:10C1080002B0BDE8F0874FF0FF3070474FF0FF30C6
:10C11800F6E76FF00200F3E76FF00200F0E76FF068
:10C128000400EDE780B138B50C46154631B10A88F0
:10C13800AA4203D303D823885B1B238038BD521B34
:10C14800411900F0EDFAF6E770478446C0B14FF6A2
:10C15800FF700B46013989B28BB11CF8013B58407E
:10C16800002302E0400801339BB2072BF1D810F0FE
:10C17800010FF7D04AF2010282EA5000F3E7704754
:10C188000020704740B108B50021A0F808114FF40D
:10C19800847200F0DFFA08BD70472DE9F047089D6A
:10C1A800DDF828A0CDB38146884617461C46BAF16B
:10C1B800000F35D032B3B3F5807F34D8A11C89B2D3
:10C1C80004F10806B6B2BDF824309E422ED8AA2340
:10C1D8002B7055236B70A81CFFF74DFF85F8049052
:10C1E80085F805809CB9A11D89B22846FFF7ADFFE7
:10C1F8000146B01E2844FFF73EFFAAF80060002061
:10C20800BDE8F087002BD9D04FF0FF30F8E7224681
:10C218003946A81D00F0D2FAE5E74FF0FF30EFE706
:10C228004FF0FF30ECE76FF00100E9E76FF0010035
:10C23800E6E72DE9F84F9DF828B0002800F09C802B
:10C248001546994604460B9B002B00F09880002366
:10C258000B9A137069B1B9F1000F0FD0B4F8080147
:10C268004319B3F5847F0FD8A5B94FF00008C2462B
:10C2780020E0002DEFD04FF0FF3A7AE0BBF1000F3D
:10C28800ECD04FF0FF3A74E00023A4F808316FF0C7
:10C29800010A6EE02A46204400F090FAB4F808310A
:10C2A8002B44A4F80831E0E7012204F58471204604
:10C2B800FFF738FFB4F80871052F57D9228845F2DF
:10C2C800AA539A42F0D1A01CFFF7C5FE0546861D69
:10C2D800B6B201282AD9B0F5817F30D8B74245D304
:10C2E800B01E2044FFF7B7FE0746291D89B2204635
:10C2F800FFF72BFF87422BD1D84510D208EB8813C4
:10C3080009EB8300227909F8232063794370AA1E78
:10C3180092B242802ABB08F101085FFA88F83246D7
:10C3280004F584712046FFF7FDFEC3E7022204F5F9
:10C3380084712046FFF7F6FE6FF0020ABAE7022280
:10C3480004F584712046FFF7EDFE6FF0010AB1E7AE
:10C35800324604F584712046FFF7E4FE6FF0030AC5
:10C36800A8E7A11D043000F029FAD4E70B9B83F855
:10C3780000805046BDE8F88F4FF0FF3AF9E74FF0DC
:10C38800FF3AF6E72DE9F042BDF81C7018B31546E0
:10C3980081461AB3069A92B12C88FE1CB6B232199D
:10C3A8008A421ED809F80430601C39464844FFF711
:10C3B80062FE4FB934442C800020BDE8F082002F83
:10C3C800EAD04FF0FF30F8E7E01C3A4606994844B7
:10C3D80000F0F4F9EEE74FF0FF30EEE74FF0FF30F2
:10C3E800EBE76FF00100E8E710B582B00124019493
:10C3F80004AC0094FFF7C6FF02B010BD2DE9F04170
:10C4080084B004460D4616461F460DF10C080A99DD
:10C418004046FFF734FE04230193CDF800803B46E5
:10C42800324629462046FFF7ADFF04B0BDE8F0814B
:10C4380018B32DE9F0410D4617461E468046FAB15D
:10C448000BB314888C4221D20B1B9BB2022B20D930
:10C45800035D3370601C4044FFF7FDFD70800334BA
:10C46800A4B22D1BADB2A84216D808EB0403736022
:10C47800204438800020BDE8F0814FF0FF3070473D
:10C488004FF0FF30F7E74FF0FF30F4E76FF00400AC
:10C49800F1E76FF00200EEE76FF00200EBE730B56E
:10C4A80083B083B11D466B46FFF7F3FD044638B9E8
:10C4B800BDF80230042B09D10198FFF7D1FD28609F
:10C4C800204603B030BD4FF0FF34F9E76FF00504A4
:10C4D800F6E7000008B52DED028BB0EE408A00F0BB
:10C4E8002DF8B4EE488AF1EE10FA0FD6B5EEC08AF0
:10C4F800F1EE10FA0ADCB5EE408AF1EE10FA08D136
:10C5080000F030F922239FED080A0360BDEC028B8E
:10C5180008BD00F027F9BDEC028B21230360BDE8BC
:10C528000840024800F004B8000080FFA0CA0008D4
:10C538009FED010A704700BF0000C07F10EE103A5F
:10C5480033F0004206D19FED667ADFED667A87EE1A
:10C55800270A7047002B1A4602DA30EE407AF4E7D1
:10C56800B3F1FF4F02DB30EE000A7047B3F5000F5E
:10C57800B8BFDFED5D7A5D48BEBF60EE277A6FF029
:10C58800180117EE902A4FEAE253C2F3160210443C
:10C59800A8BF00217F3B0B4400F4000181F07E51CD
:10C5A800114300EE101A524903EBD05302F10F0069
:10C5B800F7EE007A014030EE670A89BBB5EE400A13
:10C5C800F1EE10FA0FD1002B00F0878007EE903AB9
:10C5D8009FED480A9FED487AF8EEE77A27EE800A41
:10C5E800A7EE870A7047DFED456AF6EE007AE0EEBF
:10C5F800667A20EE007A27EE277A13B930EE470ADA
:10C60800704707EE903ADFED3B6AF8EEE77AA7EE5F
:10C61800E67A37EE400A9FED387A97EE870A704738
:10C62800F0EE007A70EE277ADFED355ADFED354A05
:10C63800354980EE276A1144C2F5571202F5227275
:10C648000A43002A07EE903A26EE065AF8EEE76A01
:10C6580025EE057ADFED2D7AE7EE257ADFED2C5A07
:10C66800E7EE875ADFED2B7AE7EE247ADFED2A4AE8
:10C67800E7EE874ADFED297AE4EE877A67EE857A76
:10C68800E5EE877A1ADDB6EE007A20EE077A27EE15
:10C69800007A77EE877A67EE867A13B937EE677A8B
:10C6A800ACE79FED146AE6EE867A37EE677A37EEE6
:10C6B800400ADFED117A96EEA70A704770EE677AA6
:10C6C80067EE867A13B930EE670A70479FED097AEC
:10C6D800E6EEC77A37EEC00AEBE79FED020A70472D
:10C6E800000000CC000000000000004C20FB4A00C5
:10C6F800F0FF7F00D1F717378071313FABAAAA3E10
:10C708004FD01C3E9788173E305CCFFF298E633E82
:10C71800CDCCCC3E25333A3E2549923EABAA2A3FA2
:10C72800884210B501EB020402D98442234607D897
:10C73800431EA14208D011F8012B03F8012FF8E796
:10C74800024401468A4200D110BD13F8014D02F897
:10C75800014DF7E702440346934200D1704703F8BE
:10C76800011BF9E7014B1868704700BF8C010020D6
:10C7780070B50D4D0D4C641BA4100026A64209D1BE
:10C788000B4D0C4C00F08CF8641BA4100026A6423C
:10C7980005D170BD55F8043B98470136EEE755F8CA
:10C7A800043B98470136F2E7ACCA0008ACCA000857
:10C7B800ACCA0008B4CA0008704770470A449142DE
:10C7C80000F1FF3300D1704710B511F8014B03F8A1
:10C7D800014F9142F9D110BD024B13B1024800F04C
:10C7E80005B870470000000001C800080023014692
:10C7F8001A46184600F014B838B5074D074C641BA4
:10C80800A4101CB9BDE8384000F050B8013C55F8F8
:10C8180024309847F5E700BFB4CA0008B8CA000832
:10C828002DE9F047DFF874A00646DAF800009846CC
:10C838000F469146FFF7C0FF164B1C680CB9164C03
:10C848001C606568DAF800001F2D05DDFFF7B5FFED
:10C858004FF0FF30BDE8F0879EB104EB850101225F
:10C86800C1F88890D4F88831AA401343C4F88831B5
:10C87800022EC1F8088102BFD4F88C311343C4F8E2
:10C888008C316B1C0235636044F82570FFF795FF07
:10C898000020DFE7582700205C270020B002002096
:10C8A800F8B500BFF8BC08BC9E467047F8B500BF95
:08C8B800F8BC08BC9E46704765
:10C8C000000000000102030400000000000000005E
:10C8D000010203040607080900000200000004002A
:10C8E00000000800000010000000200000004000D0
:10C8F00000000100010002000400060008000A0018
:10C900000C00100020004000800000010804020418
:10C9100008010101010101030701000055463444EB
:10C9200069676974616C506F776572005546344F62
:10C9300056455200506F77657220436F6E66696787
:10C9400000000000506F77657220496E7465726652
:10C95000616365009A99193E000000000000000024
:10C960009A99593F000000000A0B0C0D0E0F11128E
:10C970001415161718191A1B1C1D1E1F20212223FF
:10C98000242526276D5600006D4100006D430000F0
:10C99000656E756D00000000626F6F6C0000000036
:10C9A0006269746D61736B00616463007065726DC0
:10C9B000696C6C65000000007469636B73000000B3
:10C9C0000A04010084C900080B04010088C900089A
:10C9D0000C04010084C900080D04010088C9000886
:10C9E0000E0401008CC900080F0401008CC9000866
:10C9F0001104030084C900081204030088C9000858
:10CA00001401010090C900081501030098C900082D
:10CA100016040100A0C9000817010100A0C9000800
:10CA20001801010090C9000819040100A8C90008F4
:10CA30001A040100A8C900081B040100A8C90008C5
:10CA40001C040100A8C900081D0401008CC90008CD
:10CA50001E0403008CC900081F04010084C90008DB
:10CA60002004030084C900082104010088C90008CB
:10CA70002204030088C9000823040100ACC900088F
:10CA800024040100B8C9000825040100B8C9000841
:10CA900026040100ACC9000827040300ACC9000843
:04CAA0000000000092
:08CAA400A437FF7F0100000030
:08CAAC00E1C70008FD010008CC
:04CAB400D90100089C
:10CAB8000024F400010000001000000009074300F2
:10CAC800020104C032090400000102020100052429
:10CAD80000100105240100010424020205240600B7
:10CAE800010705820308001009040100020A00007A
:10CAF8000007050102400000070581024000000010
:10CB080009024300020100C03209040000010202C8
:10CB1800010005240010010524010001042402027B
:10CB28000524060001070582030800100904010016
:10CB3800020A000000070501024000000705810203
:10CB48004000000009024300020100C0320904004D
:10CB58000001020201000524001001052401000162
:10CB680004240202052406000107058203080010B8
:10CB780009040100020A0000000705010200020082
:10CB88000705810200020000998C0008518C0008FA
:10CB98005D8B000800000000638A0008F38A000823
:10CBA800C98A000800000000000000000000000022
:10CBB800A58A0008998A0008B18A0008BD8A000879
:10CBC8000A060002000000400100000089980008E1
:10CBD800599800085D980008659800086198000851
:10CBE8001A03000000000000000000000000000020
:10CBF8000000000000000000000000000403090419
:10CC08001201000202020040D107222200020102A2
:10CC180003010000DD980008E9980008AD990008B4
:10CC28008999000875990008C9990008ED990008C4
:10CC3800000000003333D33F3333D33F900100204B
:10CC4800000000001C26002084260020EC2600207E
:10CC580000000000000000000000000000000000CC
:10CC680000000000000000000000000000000000BC
:10CC780000000000000000000000000000000000AC
:10CC8800000000000000000000000000000000009C
:10CC9800000000000000000000000000000000008C
:10CCA800000000000000000000000000000000007C
:10CCB800000000000000000000000000000000006C
:10CCC800000000000000000000000000000000005C
:10CCD800000000000000000001000000000000004B
:10CCE8000E33CDAB34126DE6ECDE05000B00000010
:10CCF800000000000000000000000000000000002C
:10CD0800000000000000000000000000000000001B
:10CD1800000000000000000000000000000000000B
:10CD280000000000000000000000000000000000FB
:10CD380000000000000000000000000000000000EB
:10CD480000000000000000000000000000000000DB
:10CD580000000000000000000000000000000000CB
:04CD6800542700202C
:0400000508001725B3
:00000001FF
