:020000040800F2
:1000000000000220BD1E0008691800086D180008D5
:100010007118000875180008791800080000000021
:100020000000000000000000000000007D18000833
:1000300081180008000000008518000889180008D1
:100040000D1F00080D1F00080D1F00080D1F0008E0
:100050000D1F00080D1F00080D1F00080D1F0008D0
:100060000D1F00080D1F00080D1F00088D18000847
:1000700099180008A51800080D1F00080D1F00089A
:100080000D1F00080D1F00080D1F00080D1F0008A0
:10009000B11800080D1F00080D1F00080D1F0008F3
:1000A0000D1F00080D1F00080D1F00080D1F000880
:1000B000BD180008C9180008D51800080D1F000851
:1000C0000D1F00080D1F00080D1F00080D1F000860
:1000D0000D1F00080D1F00080D1F00080D1F000850
:1000E0000D1F00080D1F00080D1F00080D1F000840
:1000F0000D1F00080D1F00080D1F00080D1F000830
:100100000D1F00080D1F00080D1F00080D1F00081F
:100110000D1F00080D1F00080D1F00080D1F00080F
:100120000D1F00080D1F00080D1F00080D1F0008FF
:100130000D1F00080D1F00080D1F00080D1F0008EF
:100140000D1F00080D1F00080D1F00080D1F0008DF
:10015000E11800080D1F00080D1F00080D1F000802
:100160000D1F0008ED1800080D1F00080D1F0008E6
:100170000D1F00080D1F00080D1F00080D1F0008AF
:100180000D1F00080D1F00080D1F00080D1F00089F
:100190000D1F0008000000000D1F00080D1F0008C3
:1001A0000D1F00080D1F00080D1F00080D1F00087F
:1001B0000D1F00080D1F00080D1F00080D1F00086F
:1001C0000D1F00080D1F00080D1F00080D1F00085F
:0801D0000D1F00080D1F0008BF
:100200000348044B834202D0034B03B118477047A5
:10021000B4020020B4020020000000000548064B94
:100220001B1AD90F01EBA301491002D0034B03B1F4
:1002300018477047B4020020B402002000000000FC
:1002400010B5064C237843B9FFF7DAFF044B13B11E
:100250000448AFF300800123237010BDB8020020D2
:100260000000000064C7000808B5044B1BB1044936
:100270000448AFF30080BDE80840CFE7000000006D
:10028000BC02002064C7000808B52DED028BB0EE5B
:10029000408A00F02FF8B4EE488AF1EE10FA0FD63B
:1002A000B5EEC08AF1EE10FA0ADCB5EE408AF1EE46
:1002B00010FA08D100F0E2FB22239FED090A036047
:1002C000BDEC028B08BD00F0D9FBBDEC028B0346F0
:1002D00021221A600348BDE8084000F005B800BFBD
:1002E000000080FF24C800089FED010A704700BF8E
:1002F0000000C07F10EE102A32F000432FD0002AF9
:10030000134633DBB2F1FF4F40DAB2F5000F34DBB6
:100310004FF0000C6448C3F31601084400F40002D7
:1003200082F07E520A43DB1500EE102A7F3B5F4AC3
:10033000634401F10F0CF7EE007A0CEA020230EE92
:10034000670A03EBD05322BBB5EE400AF1EE10FA78
:1003500062D1002B40F090809FED550A70479FEDD1
:10036000557ADFED537A87EE270A704770EE407AB0
:100370009FED4F7A87EE870A7047DFED4F7A60EE88
:10038000277A6FF0180C17EE903AC3E730EE000AA8
:100390007047F0EE007A70EE277A07EE103A80EEA2
:1003A000274A4648C1F55712084402F52272024313
:1003B000002A9FED433ADFED434ADFED435ADFED7C
:1003C000433A9FED435ADFED437ADFED436A24EE73
:1003D000046AF8EEC72A26EE067AE7EE034AA7EE8D
:1003E000235AE4EE875AE5EE076AE5EE877A67EE70
:1003F000867AE6EE877A2ADDB6EE007A20EE077A74
:1004000027EE007A77EE877A67EE847A3BBB37EE89
:10041000677A30EE470A70479FED307AF6EE007A41
:10042000E0EE477A20EE007A27EE277A002BF0D014
:1004300007EE903A9FED2A6ADFED2A6AF8EEE77A36
:10044000A7EEC67A37EE400A97EEA60A704770EE1E
:10045000677A67EE847AE3B930EE670A70479FEDFA
:10046000206ADFED206AE2EE867A37EE677A37EEB1
:10047000400A92EEA60A704707EE903A9FED180ADE
:100480009FED187AF8EEE77A27EE800AA7EE870A42
:100490007047DFED136A9FED137AE2EEE67A37EEEE
:1004A000C00A92EE870A704720FB4A00F0FF7F00E7
:1004B00000000000000000CC0000004C305CCFFFCA
:1004C0009788173E25333A3E2549923E4FD01C3E31
:1004D000298E633EABAA2A3FCDCCCC3EABAAAA3E26
:1004E000D1F717378071313F53B94AB9002908BF96
:1004F00000281CBF4FF0FF314FF0FF3000F06AB909
:10050000ADF1080C6DE904CE00F006F8DDF804E06A
:10051000DDE9022304B070472DE9F047089D0E463F
:1005200004460F46002B4AD194468C45B2FA82F21B
:1005300060D942B1C2F12003974020FA03F30CFACC
:1005400002FC1F4394404FEA1C4E1FFA8CF6B7FB87
:10055000FEF1230C0EFB117743EA074301FB06F083
:1005600098420AD91CEB030301F1FF3780F0158193
:10057000984240F21281023963441B1AA4B2B3FBC1
:10058000FEF00EFB103344EA034400FB06F6A642DD
:100590000AD91CEB040400F1FF3380F00081A6426D
:1005A00040F2FD806444023840EA0140A41B00216F
:1005B0001DB1D4400023C5E90043BDE8F0878B425C
:1005C00005D90DB1C5E9000100210846F5E7B3FAE8
:1005D00083F1002946D1B34202D3824200F2F58072
:1005E000841A66EB030201201746002DE5D0C5E909
:1005F0000047E2E7002A40F09380A1EB0C034FEAAA
:100600001C471FFA8CFE0121B3FBF7F607FB1630DF
:10061000230C43EA00430EFB06F0984208D91CEB7A
:10062000030306F1FF3802D2984200F2D08046461A
:100630001B1AA4B2B3FBF7F007FB103344EA0344E0
:100640000EFB00FEA64508D91CEB040400F1FF33A5
:1006500002D2A64500F2B6801846A4EB0E0440EA8A
:100660000640A5E7C1F120078B4022FA07FC4CEABF
:10067000030C06FA01FE20FA07F426FA07F344EA0F
:100680000E0400FA01F84FEA1C404FEA1449B3FB8C
:10069000F0FE1FFA8CF600FB1E3349EA03430EFB03
:1006A00006F9994502FA01F20BD91CEB03030EF18E
:1006B000FF3A80F08580994540F28280AEF1020ECB
:1006C0006344A3EB0909A4B2B9FBF0F300FB13994F
:1006D00044EA094403FB06F6A64208D91CEB0404CD
:1006E00003F1FF3068D2A64266D9023B644443EA74
:1006F0000E40A41BA0FB02E6B4427346B14652D39F
:100700004FD05DB1B8EB030264EB090404FA07F7BC
:1007100022FA01F31F43CC40C5E9007400214CE7E5
:10072000C2F1200120FA01F30CFA02FC26FA01F1D1
:10073000964033434FEA1C471FFA8CFEB1FBF7F09B
:1007400007FB1016190C41EA064100FB0EF68E421B
:1007500004FA02F408D91CEB010100F1FF382DD294
:100760008E422BD902386144891B9BB2B1FBF7F64C
:1007700007FB161143EA014306FB0EF1994208D923
:100780001CEB030306F1FF3814D2994212D9023E42
:1007900063445B1A46EA004136E73946EDE61846FF
:1007A00002E7F045ADD2BEEB020366EB0C06013862
:1007B000B146A6E74646ECE7034698E74046D3E74E
:1007C000D6467EE76444023847E708460DE7023E16
:1007D00063442DE7704700BF0000000000000000E8
:1007E0000000000000000000000000000000000009
:1007F00000000000000000000000000000000000F9
:1008000030B490F800F020F007016FF0000C10F009
:10081000070491F820F040F048804FF000046FF09A
:100820000700D1E9002391F840F000F1080082FAB6
:100830004CF2A4FA8CF283FA4CF3A2FA8CF34BBB81
:10084000D1E9022382FA4CF200F10800A4FA8CF2FA
:1008500083FA4CF3A2FA8CF3E3B9D1E9042382FAC8
:100860004CF200F10800A4FA8CF283FA4CF3A2FADD
:100870008CF37BB9D1E9062301F1200182FA4CF215
:1008800000F10800A4FA8CF283FA4CF3A2FA8CF37C
:10089000002BC6D0002A04BF04301A4612BAB2FA9E
:1008A00082F200EBD20030BC7047D1E9002304F0A3
:1008B0000305C4F100004FEAC50514F0040F91F8D8
:1008C00040F00CFA05F562EA05021CBF63EA050375
:1008D00062464FF00004AAE7830730B547D0541EA4
:1008E000002A3ED0CAB2034601E0013C39D303F8E6
:1008F000012B9D07F9D1032C2CD9CDB205EB052591
:100900000F2C05EB054535D9A4F1100222F00F0C90
:1009100003F1100EE6444FEA121C1A46C2E90055D4
:10092000C2E9025510327245F8D10CF1010214F0FF
:100930000C0F03EB021204F00F0C13D0ACF1040304
:1009400023F003030433134442F8045B9342FBD1C6
:100950000CF003042CB1C9B21C4403F8011BA342E0
:10096000FBD130BD64461346002CF4D1F9E70346B1
:100970001446C0E71A46A446E0E700BF88420ED9F5
:100980008B1883420BD900EB020C002A6ED0624612
:1009900013F801CD02F801CD9942F9D170470F2A21
:1009A0000FD8034602F1FF3C002A5FD00CF1010C86
:1009B000013B8C4411F8012B03F8012F6145F9D15B
:1009C000704740EA01039B0751D1A2F1100370B5B3
:1009D00001F1200C23F00F0501F1100E00F11004BD
:1009E000AC441B095EF8105C44F8105C5EF80C5CCB
:1009F00044F80C5C5EF8085C44F8085C5EF8045C43
:100A000044F8045C0EF1100EE64504F11004E9D13F
:100A1000013312F00C0F01EB031102F00F0400EB95
:100A2000031328D0043C24F003064FEA940C1E4420
:100A30001C1F8E465EF8045B44F8045FB442F9D193
:100A40000CF1010402F0030203EB840301EB8401C7
:100A500002F1FF3C4AB10CF1010C013B8C4411F84E
:100A6000012B03F8012F6145F9D170BD704702F1E8
:100A7000FF3C03469AE72246EAE700BF014B1868AD
:100A8000704700BF00000020844641EA000313F0D5
:100A900003036DD1403A41D351F8043B40F8043B85
:100AA00051F8043B40F8043B51F8043B40F8043B48
:100AB00051F8043B40F8043B51F8043B40F8043B38
:100AC00051F8043B40F8043B51F8043B40F8043B28
:100AD00051F8043B40F8043B51F8043B40F8043B18
:100AE00051F8043B40F8043B51F8043B40F8043B08
:100AF00051F8043B40F8043B51F8043B40F8043BF8
:100B000051F8043B40F8043B51F8043B40F8043BE7
:100B100051F8043B40F8043B403ABDD2303211D387
:100B200051F8043B40F8043B51F8043B40F8043BC7
:100B300051F8043B40F8043B51F8043B40F8043BB7
:100B4000103AEDD20C3205D351F8043B40F8043B87
:100B5000043AF9D2043208D0D2071CBF11F8013B85
:100B600000F8013B01D30B8803806046704700BF4B
:100B7000082A13D38B078DD010F003038AD0C3F15A
:100B80000403D21ADB071CBF11F8013B00F8013B3C
:100B900080D331F8023B20F8023B7BE7043AD9D3FB
:100BA000013A11F8013B00F8013BF9D20B780370D0
:100BB0004B7843708B7883706046704770B50F4BED
:100BC0000F4DAB42A3EB050607D0B610002455F835
:100BD000043B01349847A642F9D80BF0C3FD094DF8
:100BE000094B5E1BAB424FEAA60606D0002455F81F
:100BF000043B01349847A642F9D870BD00C90008EB
:100C000000C9000800C9000808C9000800230146FF
:100C10001A46184600F014B838B5074D074C2C1B7F
:100C2000A41005D0013C55F8043D9847002CF9D19B
:100C3000BDE838400BF09CBD0CC9000808C900088D
:100C400070B4164D2C681CB365681F2D23DC38B9B1
:100C5000AB1C0135656044F82310002070BC704760
:100C600004EB850C0228CCF88820D4F888614FF07A
:100C7000010202FA05F246EA0206C4F88861CCF8DD
:100C80000831E5D1D4F88C311343C4F88C31DFE757
:100C9000034C2C60D8E74FF0FF30DFE71004002052
:100CA0001404002030B500248DB020252A462146AA
:100CB00004A8CDE901440394FFF70EFE3748012351
:100CC000436180F8383080F84030036504230362C4
:100CD00043644FF0A0424FF44033C0E9002308239F
:100CE000C0E902440461848380F82440C4648361C1
:100CF0004FF4D4644FF48063C0E90B434FF4805346
:100D00008564C36301F05EF9002834D100232348D1
:100D1000019301A902F08EF800283CD120491F4818
:100D20000622CDE9041200237F24042204A9CDE980
:100D30000634CDE9082301F037FB48BB194A1748B0
:100D40000C2304A9CDE9042301F02EFBE8B9164ACF
:100D50001248122304A9CDE9042301F025FB88B928
:100D6000124A0E48182304A9CDE9042301F01CFB04
:100D700020B90DB030BD00F0C7FCC7E700F0C4FCDF
:100D80000DB030BD00F0C0FCEAE700F0BDFCDEE7CE
:100D900000F0BAFCD2E700F0B7FCBFE7E0060020A5
:100DA00002003004040060080800900C1000C0101D
:100DB00010B588B0202200216846FFF78DFD1E4C3B
:100DC0001E484FF44031C0E90041042181614FF4D5
:100DD0008051C1631C210023012241648021C0E9AC
:100DE0000233C0E90433C0E90B33C0E91213838333
:100DF000026280F8243080F8383080F840200265A4
:100E000001F0E0F888B90E480622CDE9000200237F
:100E10007F24042209486946CDE90234CDE9042340
:100E200001F0C2FA20B908B010BD00F06DFCEAE78D
:100E300000F06AFC08B010BD0001005074060020EC
:100E40000000524710B588B0202200216846FFF705
:100E500043FD1E4C1E484FF44031C0E900410421BF
:100E600081614FF48051C163142100230122416448
:100E70006021C0E90233C0E90433C0E90B33C0E9A3
:100E800012138383026280F8243080F8383080F8AF
:100E90004020026501F096F888B90E480622CDE997
:100EA000000200237F24042209486946CDE9023468
:100EB000CDE9042301F078FA20B908B010BD00F0A4
:100EC00023FCEAE700F020FC08B010BD000600504B
:100ED000080600201000C09070B50446A0B00021A4
:100EE00054220BA8CDE90611CDE908110A91FFF7AC
:100EF000F3FC2368B3F1A04F08D0554A934253D076
:100F0000544A934200F0828020B070BD4FF40042FA
:100F10004FF000530BA80B921C9305F0F9F8002832
:100F200040F08A804C4A13680133012B136009D1C9
:100F30004A4BDA6C42F40052DA64DB6C03F400537F
:100F40000193019B454B464DDA6C42F00102DA6495
:100F5000DB6C03F0010302930F2206A90323002692
:100F60004FF09040CDE906230896029B02F0B6F9B7
:100F70003C4A0523C5E9002380234FF480712B618F
:100F80004FF48063C5E9051320224FF4005328462F
:100F9000C5E90266C5E9072302F068F800284ED1CA
:100FA0006565AC6220B070BD4FF400424FF0005355
:100FB0000BA80B921C9305F0ABF8002842D1264AEF
:100FC00013680133012B136009D1244BDA6C42F40E
:100FD0000052DA64DB6C03F400530393039B1F4B52
:100FE000DA6C42F00102DA64DB6C03F00103049373
:100FF00010240023032506A94FF09040CDE90645B3
:10100000049A089302F06AF920B070BD4FF4803260
:101010004FF000430BA80B921D9305F079F8A0B98F
:101020000E4BDA6C42F48042DA64DB6C03F48043EA
:101030000593059B20B070BD00F066FB72E700F0E1
:1010400063FBADE700F060FBB9E700F05DFBE7E7AD
:101050000001005000060050A405002000100240CE
:10106000A805002008000240174B10B5986C40F00E
:10107000040098649C6C82B004F004040094009C0A
:101080009C6C44F001049C649B6C002203F00103FF
:10109000114601930B20019B01F084FF0B2001F00E
:1010A000BDFF002211460C2001F07CFF0C2001F056
:1010B000B5FF002211460D2001F074FF0D2002B093
:1010C000BDE8104001F0AABF00100240F0B50024B6
:1010D0008DB0CDE90644CDE90844334B0A94D96C70
:1010E000324F334E41F00401D964D96C01F0040150
:1010F00001910199D96C41F02001D964D96C01F0BA
:10110000200102910299D96C41F00101D964D96C96
:1011100001F0010103910399D96C41F00201D964F6
:10112000D96C01F0020104910499D96C41F00801D5
:10113000D964DB6C03F00803224605934FF40041A9
:101140004FF09040059B02F087FA22463846042172
:1011500002F082FA22463046B82102F07DFA0024DD
:1011600000254FF40042012306A94FF09040CDE93D
:101170000623CDE9084502F0B1F8384606A9042255
:101180000123CDE90623CDE9084502F0A7F8B822EE
:10119000012306A93046CDE90845CDE9062302F032
:1011A0009DF80DB0F0BD00BF00100240000C0048DB
:1011B00000040048124B02689A4200D0704703F5C1
:1011C000284300B5186E40F0806018661B6E83B02F
:1011D000002203F08063114601934420019B01F03B
:1011E000E1FE442001F01AFF00221146492001F0DF
:1011F000D9FE492003B05DF804EB01F00FBF00BF3A
:101200000068014070B51E4B026888B000249A4205
:10121000CDE90244CDE90444069401D008B070BD84
:1012200003F528430326DA6C164842F00202DA641A
:10123000DA6C02F002020092009ADA6C42F00102CB
:10124000DA64DB6C03F0010301934FF440420D2597
:1012500002A90223CDE90223CDE90565019B02F035
:101260003DF84FF44073029302A902234FF09040DF
:10127000CDE904460393069502F030F808B070BD3E
:10128000006801400004004810B50024BCB0602292
:10129000214624A8CDE90744CDE90B44CDE90D440E
:1012A000CDE90F44009406940A9401940994FFF741
:1012B00013FB242221461BA8CDE903440594FFF724
:1012C0000BFB2022214612A8FFF706FBAE48AF4BCE
:1012D0000360C0E9014402F0CFF9002840F0FC802F
:1012E000A9480C2102F042FA002840F0FE80A648EE
:1012F0000A2102F073FA002840F000819FED9C7BE8
:10130000A1486A4601218DED007B02F0C3FA002856
:1013100040F02B819C480022012102F0E3FB0028D1
:1013200040F0208146F2905300210693964808230E
:1013300006AACDE90711099302F076FA002840F0D9
:101340000E819FED8D7B00218F480A910AAA8DEDB9
:101350000C7B109102F0DAFD002840F0FD80102394
:101360009FED877B2493012328934FF00063002196
:101370002E93854827914FF0005324AACDE92511DB
:10138000CDE92911CDE92B11CDE92F11CDE932118C
:10139000CDE93811CDE93A118DED347B2D9136919F
:1013A000319302F03BFC002840F0D3809FED727B2C
:1013B00000237548249324AA03218DED347B2E93BA
:1013C0003193369302F02AFC002840F0BF8043F2AC
:1013D000C82303936C4803AB0122002102F05EFE98
:1013E000002840F0B08041F664130393664803ABD5
:1013F0000422002102F052FE002840F0A180642364
:101400001C934FF4004C4FF480430021CDE91EC3E0
:101410004FF0004E4FF080435B481B911BAACDE973
:101420002011CDE922E31D9102F0EAFD002840F0F1
:1014300084806423544820931BAA032102F0E0FD1A
:10144000002877D1042008230021CDE913030122CD
:101450004D48129112ABCDE91511CDE91711199133
:1014600002F0DCFE002862D1474812AB4022032183
:1014700002F0D4FE002857D108220423CDE913231B
:10148000414812AB0222002102F0C8FE002848D1D8
:101490003D4812AB8022032102F0C0FE00283DD15E
:1014A000394806AA032102F0BFF9002833D1364893
:1014B0000AAA032102F02AFD50BB4FF4827432487D
:1014C000039403AB0122032102F0E8FDC8B92E48C2
:1014D000FFF798FE3CB010BD00F016F92A480C2129
:1014E00002F044F900283FF402AF00F00DF926485D
:1014F0000A2102F073F900283FF400AF00F004F96C
:10150000FCE600F001F92048FFF77CFE3CB010BD7E
:1015100000F0FAF8D1E700F0F7F8C8E700F0F4F8C7
:10152000BEE700F0F1F8B3E700F0EEF8A4E700F052
:10153000EBF899E700F0E8F884E700F0E5F878E7E1
:1015400000F0E2F85BE700F0DFF84CE700F0DCF8D1
:101550003DE700F0D9F829E700F0D6F8FFE600F003
:10156000D3F8EEE600F0D0F8DCE600F0CDF8D1E6F6
:101570000000010000080000000000000000000062
:1015800000000080000100005007002000680140BA
:101590000848094908B503224FF47A73C0E90123CA
:1015A0000160C36003F04CF900B908BDBDE8084014
:1015B00000F0AAB8500800200030004010B594B0E8
:1015C0003822002106A8FFF787F90020CDE90100A5
:1015D000CDE903000590032404F07AF902230122E7
:1015E0002920CDE90B22CDE90D344FF48031119340
:1015F000139305224423CDE90601CDE90F2306A864
:101600000623129304F0DEF908B172B6FEE7042156
:1016100003460F220DEB0100CDE90124CDE9033390
:10162000059304F04DFC08B172B6FEE714B010BD8E
:1016300008B500F093FCFFF7C1FFFFF747FDFFF788
:1016400013FDFFF721FEFFF72DFBFFF7B1FBFFF7BF
:10165000F9FBFFF79DFF00F059F800F0CDF908F015
:1016600009FB00F053F900F08BF900F001FA00F0EB
:1016700015FB00F057FB0948094C0122802101F0BD
:10168000EBFF084808F0D6FD204603F007F909F003
:10169000B1FB012000F084FCF6E700BF0004004825
:1016A0005008002060080020034B834200D07047A0
:1016B0000029FCD108F07EBF5007002008B5036860
:1016C000B3F1804F00D008BD0A4803F0E7F80A4B99
:1016D0000A481A680A4901321A601B6800FB03F3C2
:1016E000B1EBB30FEFD3BDE808400648202101F06D
:1016F000B9BF00BF5008002068080020D578E9264F
:101700006E1283000004004872B6FEE710B511485F
:10171000114C4FF482720023C0E900424FF4E061A3
:101720004FF40072C0E902311024826107210822BF
:10173000C0E90433C0E90743C0E90933C0E90B132A
:10174000426304F091FF00B910BDBDE81040FFF7FF
:10175000DBBF00BF30090020003C004070B52F4BBC
:10176000026888B000249A42CDE90244CDE90444DD
:10177000069401D008B070BD03F5EA3305469A6DB2
:10178000274E42F400429A659A6D02F4004200929C
:10179000009ADA6C42F00402DA64DB6C03F00403B2
:1017A00001934FF4E0520223CDE9022301981D4832
:1017B0000322062302A9CDE9052301F08FFD1A4A71
:1017C00034620E23C6E9002330468023C6E9024472
:1017D000C6E90434C6E9064401F048FCC0B9134C1C
:1017E0001349AE650F220023C4E9001220461021E0
:1017F0008022C4E90213C4E90533C4E90733B562A2
:10180000226101F033FC30B96C65A56208B070BD8F
:10181000FFF77AFFE3E7FFF777FFF5E7003C0040CB
:10182000CC080020000800481C0002406C08002082
:10183000300002400B4B1A6E42F001021A661A6E1B
:1018400082B002F001020092009A9A6D42F080523A
:101850009A659B6D03F080530193019B02B004F0E5
:10186000A9B800BF00100240FEE700BFFEE700BFBE
:10187000FEE700BFFEE700BFFEE700BF704700BF06
:10188000704700BF704700BF00F078BB014801F00F
:10189000D7BC00BFA8050020014801F0D1BC00BFA3
:1018A000CC080020014801F0CBBC00BF6C08002030
:1018B000014803F0F9B800BFFC220020014805F000
:1018C000BFBF00BF880A0020014805F0B9BF00BFB4
:1018D000380A0020014805F0B3BF00BFE809002026
:1018E0000148002102F0E4BD500700200148FF211B
:1018F00002F0DEBD50070020034AD2F8883043F4DE
:101900007003C2F88830704700ED00E000B51B4856
:101910004FF080420260A922002389B0426040F269
:10192000E732C0E902328022CDE90433CDE9063343
:10193000CDE9013303930361826105F081FC90B925
:101940004FF480530D48049304A905F097FE90B915
:1019500000230A48019301A9039306F085F928B9E9
:1019600009B05DF804FBFFF7CFFEE9E7FFF7CCFE17
:1019700009B05DF804FBFFF7C7FEE9E7880A00201D
:1019800000B51B481B4A0260A922002389B04260AF
:1019900041F28732C0E902328022CDE90433CDE939
:1019A0000633CDE9013303930361826105F048FCFE
:1019B00090B94FF480530E48049304A905F05EFEDD
:1019C00090B900230A48019301A9039306F04CF94A
:1019D00028B909B05DF804FBFFF796FEE9E7FFF7C9
:1019E00093FE09B05DF804FBFFF78EFEE9E700BF48
:1019F000380A00200004004000B51B481B4A026062
:101A0000A922002389B0426042F20F72C0E902327B
:101A10008022CDE90433CDE90633CDE901330393C8
:101A20000361826105F00CFC90B94FF480530E48BD
:101A3000049304A905F022FE90B900230A480193FB
:101A400001A9039306F010F928B909B05DF804FB69
:101A5000FFF75AFEE9E7FFF757FE09B05DF804FB10
:101A6000FFF752FEE9E700BFE80900200008004048
:101A700030B50024A5B03422214617A8504D069455
:101A8000CDE90744CDE90344CDE91144CDE9134440
:101A9000CDE91544029410940994FEF71DFF494ABC
:101AA000AC600523C5E9002340F2E733EB6028462C
:101AB0008023C5E90444AB6105F0C2FB00284FD187
:101AC0004FF480533E48069306A905F0D7FD002841
:101AD00055D13B4805F096FC00284DD1002300224B
:101AE000CDE902233648002302A9049306F0BCF88E
:101AF00000283ED160229FED307B002310924FF4EE
:101B0000FA72CDE911232E48139310A908228DED06
:101B1000147B169305F0BAFF40BB00234FF400502E
:101B2000CDE91B304FF000722548239317A9CDE96A
:101B30001733CDE91933CDE91D33CDE91F32CDE996
:101B4000213306F0EBF870B91E4A29680023914250
:101B5000CDE90A33CDE90C330E9313D025B030BD57
:101B6000FFF7D2FDACE7FFF7CFFDEDE7FFF7CCFDC8
:101B7000D3E7FFF7C9FDBDE7FFF7C6FDAEE7FFF707
:101B8000C3FDA6E703F1804303F504330E48DA6C86
:101B900042F00202DA64DB6C03F0020301934FF4BB
:101BA00000740A2302250AA9CDE90A45019A0E9379
:101BB00001F094FB25B030BD0000000000000000E3
:101BC00098090020003401400004004800B5036873
:101BD000B3F1804F85B018D02C4A93422BD02C4AB9
:101BE00093423DD02B4A934202D005B05DF804FBEE
:101BF000294B1A6E42F400521A661B6E03F400530E
:101C00000393039B05B05DF804FB03F50433002246
:101C1000986D40F0010098659B6D03F001030093FF
:101C200011461C20009B01F0BDF91C2005B05DF899
:101C300004EB01F0F3B9184B986D40F00200986581
:101C40009B6D002203F00203019311461D20019BAE
:101C500001F0A8F91D2005B05DF804EB01F0DEB934
:101C60000D4B986D40F0040098659B6D002203F0C9
:101C70000403029311461E20029B01F093F91E20DB
:101C800005B05DF804EB01F0C9B900BF00040040E5
:101C900000080040003401400010024010B51F4809
:101CA0001F4C00234FF4E1310C22C0E90041C0E990
:101CB0000233C0E90432C0E90633C0E90833836265
:101CC00006F060FB70B91548002106F0ADFB88B93D
:101CD0001248002106F0EAFBA0B9104806F086FB86
:101CE000B8B910BDFFF710FD0C48002106F09CFBB1
:101CF0000028EDD0FFF708FD0848002106F0D6FBCC
:101D00000028EAD0FFF700FD044806F06FFB00282A
:101D1000E7D0BDE81040FFF7F7BC00BF700B002014
:101D20000038014010B51F481F4C00234FF4E1312B
:101D30000C22C0E90041C0E90233C0E90432C0E925
:101D40000633C0E90833836206F01CFB70B91548FE
:101D5000002106F069FB88B91248002106F0A6FBB5
:101D6000A0B9104806F042FBB8B910BDFFF7CCFC93
:101D70000C48002106F058FB0028EDD0FFF7C4FC0A
:101D80000848002106F092FB0028EAD0FFF7BCFCCF
:101D9000044806F02BFB0028E7D0BDE81040FFF711
:101DA000B3BC00BFD80A002000480040000000007B
:101DB00010B504469EB00021542209A8CDE90411B3
:101DC000CDE906110891FEF787FD374A2368934253
:101DD00004D0364A93422BD01EB010BD012309A86F
:101DE000099304F095F900284BD1314B31481A6E14
:101DF00042F480421A661A6E02F480420092009AFF
:101E0000DA6C9FED237B42F00402DA64DB6C8DED2B
:101E1000047B9FED217B03F00403019304A90723B6
:101E20008DED067B019A089301F058FA1EB010BDA3
:101E3000042309A8099304F06BF928BB1C4B1E4826
:101E40009A6D42F480229A659A6D02F48022029281
:101E5000029ADA6C9FED127B42F00202DA64DB6CCC
:101E60008DED047B9FED0C7B03F00203039304A92B
:101E700007238DED067B039A089301F02FFA1EB01D
:101E800010BDFFF741FCB0E7FFF73EFCD6E700BF0F
:101E90003000000002000000000000000000000010
:101EA000000C000002000000003801400048004023
:101EB0000010024000080048000400480D48854614
:101EC000FFF71AFD0C480D490D4A002302E0D458D3
:101ED000C4500433C4188C42F9D30A4A0A4C002374
:101EE00001E013600432A242FBD3FEF767FEFFF766
:101EF0009FFBFEE70000022000000020B40200204B
:101F00000CC90008B8020020A8280020FEE7000045
:101F100038B50F4B1B680BB9012038BD0D494FF484
:101F20007A720546B2FBF3F30868B0FBF3F001F0F8
:101F300083F804460028EFD10F2DEDD8024629463C
:101F40004FF0FF3001F02EF8034B20461D6038BDE6
:101F50002C010020280100203001002010B50320B2
:101F600001F00EF80F20FFF7D3FF10B10124204637
:101F700010BD0446FFF75EFC204610BD034A04492D
:101F8000136809680B441360704700BF040C0020FD
:101F90002C010020014B1868704700BF040C002082
:101FA00038B50446FFF7F6FF631C054602D0044B24
:101FB0001B681C44FFF7EEFF401BA042FAD338BD5C
:101FC0002C01002030B583B00023019300285CD0A1
:101FD000C56D0446002D00F0C180226893689B0007
:101FE00005D5936823F0204323F03F039360936863
:101FF000DD0019D46F4B70481B6891689B09A0FBEA
:10200000030321F010419B0921F03F0101335B00E4
:1020100041F0805191600193019B2BB1019B013BE9
:102020000193019B002BF9D19368D80030D4E36D64
:1020300043F01003E365236E012003432366936896
:1020400013F0040FE36D1CD1D9061AD4E36D23F409
:10205000817343F00203E3659368DB0729D4B2F18F
:10206000A04F17D0554B9A4214D05549554B89680B
:102070009B680B43544989680B43D90719D45349CA
:1020800011E0E36D43F01003E365012003B030BDC0
:102090000020D4E7494B4FF0A04189689B680B436F
:1020A000DD0706D44A498B68656823F47C132B430B
:1020B0008B60E568E36B94F824102B43A5682B43F1
:1020C000657F012943EA453343EA01434CD0E16A85
:1020D00021B1256B01F4787129430B43D5683D4943
:1020E00029401943D1601369616B23F040630B43AE
:1020F000136193681B0722D4D16894F83830257F88
:1021000021F480415B0021F0020143EA85330B4357
:102110002169D3601369002933D043F480331361FC
:10212000D2F8C0306FF30D030B43C2F8C03094F8FF
:102130004030012B2FD0136923F001031361636931
:10214000012B16D0136B23F00F031363E36D23F001
:10215000030343F00103E36503B030BDFEF7BCFEAB
:10216000256684F8585038E7A16A013943EA4143AB
:10217000ADE7116B236A21F00F01013B0B431363A1
:10218000E4E723F480331361D2F8C0306FF30D031A
:10219000C2F8C030CBE71169636CA56C6FF38A019C
:1021A0002B430B43E16C0B43216D0B4343F00103C5
:1021B0001361C4E728010020632D3E050001005093
:1021C00000040050000500500006005000070050B9
:1021D000000300500740F0FF0368B3F1A04F2DE962
:1021E000F04105460F4666D04148424A4249834283
:1021F00018BF0A46AC699668082C06F01F061CD06A
:1022000040F22122F240D40713D4B3F1A04F6CD096
:102210003748384A3849834218BF0A46936813F44E
:10222000604F09D0EB6D43F02003EB650120BDE862
:10223000F081DB68D807F5D40424FFF7ABFE791CE6
:102240002A6880463AD113682342FCD0EB6D43F4F0
:102250000073EB65D36813F4406F0FD16B7F6BB9DC
:1022600013681B070AD5EB6D23F48073EB65EB6DE8
:10227000DF0403D4EB6D43F00103EB651C4B9A4282
:102280000DD003F580639A422DD0082CD36810D06E
:102290005B0401D40C2313600020BDE8F0814FF0F3
:1022A000A04140F22123F340D807EED4082CCB689C
:1022B000EED11460F0E70F4A9CE74FB11368234258
:1022C000C4D1FFF767FEA0EB0803BB422A68F4D92C
:1022D00013682340F2D1EA6D85F8583042F00402C9
:1022E000EA650320D9E70549DBE7024A96E700BF24
:1022F000000100500003005000070050000400508F
:102300000368186C704700BF704700BF704700BF7C
:1023100008B5806AFFF7FAFF08BD00BF704700BF2D
:10232000836ADA6D12F0500F10B5DA6D1DD119689D
:1023300042F40072DA650A6812F0080FCA681BD00E
:1023400012F4406F0DD1CA6894040AD4DA6D22F4F5
:102350008072DA65DA6DD10403D4DA6D42F00102DD
:10236000DA651846FFF7D0FF10BDD2060AD45B6DC0
:10237000BDE810405B6B18479007E7D51846FFF79C
:10238000C3FFF1E71846FFF7C9FF10BD806A08B523
:10239000C36D43F04003C365036E43F0040303665B
:1023A000FFF7BCFF08BD00BF2DE9F04190F85820B1
:1023B00082B00346012A4FF00000019000F01F8117
:1023C0001A68012083F858009468640767D4486845
:1023D0004FEA901E00F01F0C0EF00C0E086802F180
:1023E0003004C0F3846054F80E501F2600FA0CF03D
:1023F00006FA0CFC25EA0C0C40EA0C0044F80E002E
:102400009068470755D5906808689468E50712D426
:10241000CE68BD4CD2F8B05006F01807FC40C0F3AF
:102420001207044025EA07052C43C2F8B040B74C18
:10243000A64200F09180B64908422ED0B2F1A04FDA
:1024400000F0DB80B34DB449B44CAA4218BF21461A
:10245000B34C8968A04201F0E07500F0D480B14C23
:10246000A04200F0D080B04CA04200F0F580AF4C0C
:10247000A04212D1490210D4A6498A420DD0A648E2
:1024800001F5C061B2F1A04F08BF01468A6822F091
:10249000E0722A4342F480028A60002003E0DA6D91
:1024A00042F02002DA65002283F8582002B0BDE82D
:1024B000F081946808682607A7D48D68C0F3045695
:1024C0000724C00DB440B5F1004F00F004006FEADE
:1024D000040400F0358102F11407B5403E58344041
:1024E0002C433C50506920F000405061D1E9046415
:1024F0000868D568042E074600F0D980C5F3C105E9
:102500006D0000F0F84704FA05F002F16004884D10
:1025100054F826C00CEA05053D43284340F000402E
:1025200044F826000D698E6954F8250020F080706B
:10253000304344F825000E690D7F54F82600A5F1BC
:102540000105B5FA85F56D0920F0007040EA456097
:1025500044F82600086858E7002F00F0928090FAAF
:10256000A0F4002C00F0F680B4FA84F4013404F0F6
:102570001F04092C40F2EE8090FAA0F4002C00F029
:102580009181B4FA84F40134A40604F0F84490FA7A
:10259000A0F5002D00F09D81B5FA85F5013505F017
:1025A0001F05012606FA05F52C4390FAA0F0002835
:1025B00000F08D81B0FA80F0451C05F01F05032066
:1025C0006FF01D0610FB0560000540F00070204311
:1025D000C50D8C6805F0040502F11406C0F3045023
:1025E00004FA00F74FF0070C74590CFA00F024EAD3
:1025F00000003843705108681DE7474928E702206A
:1026000002B0BDE8F0810C023FF547AFB2F1A04F38
:102610004BD048498A427FF440AF4048464A474C35
:10262000126881689209A4FB0242920921F0E071CC
:102630000132294302EB4202920041F40001816021
:102640000192019A002A3FF428AF019A013A0192BF
:10265000019A002AF9D120E7C8013FF51EAFB2F177
:10266000A04F00F01D812B4C2B492C48A24218BFD3
:1026700001468A6822F0E0722A4342F080728A6042
:102680000BE7800E013000F01F050124800600F0EA
:10269000F840AC40092D44EA000405EB45007ED922
:1026A0001E38000540F0007091E71B48B6E7146E35
:1026B000146EC0F31205C4F38464002D71D1C0F30D
:1026C0008460844200F0A580546E556E02F160046F
:1026D000C5F3846502F1640E854200F0C580A568EB
:1026E000A56804F1080CC5F38465854200F0A68056
:1026F000E568E56804F10C06C5F38464A04200F0C7
:10270000C980384681E600BFFFFF070000007F4018
:102710000000088000010050000300500007005036
:10272000000021C31000C090000052C7000084CBFD
:1027300000F0FF030006005028010020632D3E0535
:1027400002F1140635582C403450506940F00040D6
:102750005061CBE690FAA0F4002C00F0AB80B4FA04
:1027600084F40134A40604F0F84490FAA0F5002D96
:1027700000F09E80B5FA85F5013505F01F050126AC
:1027800006FA05F52C4390FAA0F0002800F08D80A1
:10279000B0FA80F0013000F01F0000EB40000005AF
:1027A00015E790FAA0F51DB1B5FA85F5AC4230D029
:1027B000546E556E02F16004C5F3846502F1640E37
:1027C00097FAA7F604F1080CE046002E7AD0B6FA84
:1027D00086F6AE424AD0DCF80050DCF80050C5F373
:1027E000846597FAA7FE04F10C06B046BEF1000F0F
:1027F00063D0BEFA8EFEAE4522D034683468C4F38E
:10280000846497FAA7F5002D3FF4FFADB5FA85F083
:1028100074E7106E144620F0004044F8600F0F6813
:10282000506E556EC7F3120602F1640EC5F384654F
:102830003846002EC4D1C7F384604DE704F10C087C
:10284000DCF8000020F00040CCF800000F68E068E1
:10285000E468C7F312054646C4F384643846002D85
:10286000CFD1C7F3846049E704F10808DEF800001F
:1028700020F00040CEF800000F68A068A568C7F3FC
:102880001206C446C5F384653846002EA9D1C7F3A5
:1028900084602AE7306820F0004030600868B4E5C2
:1028A0000D49E6E64FF0806471E64FF440108EE685
:1028B000022567E74FF0806457E7E568E468C4F3F2
:1028C00084649EE7A568A568C5F3846589E7034825
:1028D0007DE6022568E600BF00030050000050FEC0
:1028E00003689A6812F0040F70B59A68044601D123
:1028F00016073CD5DA68950104D5A08B40F2011289
:10290000904245D002299A6833D0500702D59A6880
:10291000920759D5012955D09A6810070AD59A68A7
:10292000920707D49A6822F0004222F03F0242F058
:1029300020029A60032945D10C25FFF72BFB236861
:1029400006469B681D4212D0FFF724FB801B05281A
:102950002368F6D99A682A42F3D0E36D43F0100356
:10296000E365236E43F001032366012070BD002060
:1029700070BD16070AD59A68950707D49A6822F0A1
:10298000004222F03F0242F020029A600825D4E77C
:102990001A68500606D4114A01E0013ADDD01968E0
:1029A0004906FAD540221A609A6856070AD59A68ED
:1029B000950707D49A6822F0004222F03F0242F0C5
:1029C00010029A600425B8E79A6822F0004222F0CB
:1029D0003F0242F010029A609CE700BF000040A353
:1029E00070B582B00022036801929A68D20734D48D
:1029F00099682D4A1142044632D19A6822F0004269
:102A000022F03F0242F00102B3F1A04F9A6048D099
:102A10002648274A2749834218BF0A4693681B0263
:102A200029D4FFF7B7FA23681A68D607054614D4E5
:102A3000214E9A68D00704D49A68324042F00102CD
:102A40009A60FFF7A7FA431B022B236802D91A6882
:102A5000D10705D51A68D207EBD5002002B070BDAA
:102A6000E36D43F01003E365236E012043F001039F
:102A7000236602B070BD114B114A1B689B09A2FB73
:102A800003239B09013303EB43039B000193019B49
:102A9000002BC6D0019B013B0193019B002BF9D178
:102AA000BFE7034ABAE700BF3F00008000010050C3
:102AB0000003005000070050C0FFFF7F28010020E6
:102AC000632D3E050368B3F1A04F70B5044652D0A4
:102AD00039483A4A3A49834218BF0A4696689D687F
:102AE00015F0040545D194F85830012B41D001234D
:102AF00084F858302046FFF773FF00283DD1E36D7E
:102B0000226823F4706323F0010343F48073E365C8
:102B1000294B9A4206F01F0644D003F580639A427F
:102B200045D01146E36D23F48013E365E36D13F4A0
:102B300080531CBF236E23F0060323661C231360FF
:102B40008A424FF0000384F8583019D040F2212314
:102B5000F340DD0714D4E36D43F48013E365CB68E1
:102B60009B0105D5E36D23F4405343F48053E365A3
:102B700070BD022070BD114AB0E784F8585070BD96
:102B8000D368990105D5E36D23F4405343F4805392
:102B9000E365936823F0004323F03F0343F004030D
:102BA000936070BD4FF0A041002EBFD1BAE7054938
:102BB000002EBBD1B6E700BF00010050000300505B
:102BC00000070050000400502DE9F0410568B5F100
:102BD000A04F04460E46174667D0394A39483A4B4B
:102BE000954218BF18468268AB685B0715D494F805
:102BF0005830012B11D0354B01209D4202F01F08A7
:102C000084F858000CD040F2212323FA08F3034043
:102C100006D184F85830BDE8F0810220BDE8F0818B
:102C20002046FFF7DDFE002841D1E36D216823F443
:102C3000706323F0010343F48073E365204B9942F2
:102C40003AD003F58063994236D0E36D23F48013C4
:102C5000E365E36D606D1E4D13F480531CBF236E5E
:102C600023F006032366C5621A4D05631A4D4563BA
:102C70001C250D60002584F858504D6845F010055E
:102C80004D60CD6845F001053B463246CD60403190
:102C900000F07EFA2268936823F0004323F03F039C
:102CA00043F004039360BDE8F08106489BE70023EE
:102CB00084F85830BDE8F081B8F1000FC9D1C4E7FD
:102CC00000010050000300500007005000060050B3
:102CD00021230008112300088D23000838B503685C
:102CE0009A68950702D59B68002038BD9A68D4077A
:102CF000FAD59A6802F00D02012A044609D0E36D64
:102D000043F01003E365236E43F0010323660120C3
:102D100038BD9A6822F0004222F03F02032142F0BF
:102D200002029A601960FFF735F923689B68D9079A
:102D3000054603D4D8E79B68DB07D5D5FFF72AF90A
:102D4000401B02282368F6D99A68D207F3D5D6E744
:102D500090F85830012B1DD0012310B5032180F8C5
:102D600058300446FFF7BCFD18B1002384F85830F2
:102D700010BD2046FFF7B2FF0028F6D1E36D23F423
:102D8000885323F0010343F00103E365002384F833
:102D9000583010BD0220704730B590F8583083B0DD
:102DA0000022012B01923FD0012380F858300446C5
:102DB0000D46FFF793FFE36DE8B923F4885323F042
:102DC0000203226843F00203E365936823F0404363
:102DD00005F0804123F03F030B4343F00043936031
:102DE00093681349002B0EDBE36D23F0030343F0DC
:102DF0000103E36502E043F01003E365002384F878
:102E0000583003B030BD019B01330193019B8B42CD
:102E1000E6D9E36D23F01203002243F01003E365CB
:102E200084F858200120ECE7022003B030BD00BF39
:102E300001DE040090F85820012A4CD070B40268DA
:102E40009DB0034600240120B2F1A04F189483F8EE
:102E5000580019940BD0444DAA423AD0DA6D83F849
:102E6000584042F02002DA651DB070BC70473F4800
:102E7000806840070BD59268DA6D42F0200201208D
:102E8000DA65002283F858201DB070BC7047906846
:102E90004407F1D4B2F1A04F0D681ED0344A002D82
:102EA00031D191683348304C21F460419160A4687D
:102EB000816800F580708068C00708D42143CD0781
:102EC00005D4916821F4716121F00F019160002017
:102ED000D7E72848CCE702207047002D33D0264C96
:102EE0004E68A06893F838C020F46040304340EA50
:102EF0004C30A0609268D60733D41C4A9268D6073B
:102F0000E5D4224615E090684C6820F460402043E8
:102F100093F8384040EA443090601348174C866874
:102F200000F580708068A468E407D0D43043C007FF
:102F3000CDD49068896820F47160294320F00F0097
:102F400001439160C3E70C49886820F460408860C1
:102F50009268D20705D4054A9268D607B7D40A46C4
:102F6000AFE7024A9268B2E7000400500001005047
:102F700000070050000500500003005000060050FC
:102F80000749CA6803024FF6FF0003F4E0630240FA
:102F9000134343F0BF6343F40033CB60704700BF7B
:102FA00000ED00E01B4BDB68C3F3022300B5C3F167
:102FB000070EBEF1040F03F1040C28BF4FF0040EFE
:102FC000BCF1060F1CD9A3F1030C4FF0FF3303FA39
:102FD0000CF322EA03024FF0FF3303FA0EF321EA67
:102FE000030303FA0CF313431B010028DBB20ADBD3
:102FF00000F1604000F5614080F800335DF804FBAB
:1030000000229446E7E7044A00F00F0002441376DA
:103010005DF804FB00ED00E0FCEC00E0002807DBBD
:10302000044A4109012300F01F00834042F8213087
:10303000704700BF00E100E00138B0F1807F01D3AC
:103040000120704710B44FF0E023074C58614FF057
:10305000F00C84F823C00022072110469A615DF825
:10306000044B1961704700BF00ED00E0002876D0E6
:10307000F0B43C4A0468944203465CD93A493B4A5E
:103080003B482144A2FB01210909890002229D68D5
:1030900083F82520DA68354E364FC3E910011869E8
:1030A0002A4302435869024398690243D86902439C
:1030B000E0B20838A6FB0060266826F4FF4C1E6AC2
:1030C0002CF0700C324342EA0C022260254E2A4A50
:1030D000C0F30410B44298BF3A4606F27946012480
:1030E00004FA00F0DE64B5F5804F01EB02061865C6
:1030F0009E644FEA910127D05E68F5B2013E032E2F
:1031000042F82150C7F8840024D81C4A1C482A449D
:103110009200013DAC400021C3E91520DC6511603F
:10312000184A546400200122D86383F8240083F8ED
:103130002520F0BC704714490C4A14482144A2FBD6
:10314000012109098900A1E700245C6042F82140BF
:10315000C7F884000022C3E91522DA65E2E70120FE
:10316000704700BF07040240F8FBFDBFCDCCCCCCBC
:103170000004024000080240200802403F82001084
:103180004009024000090240F8FFFDBF0000024074
:10319000F0B490F82440012C09D0012480F8244098
:1031A00090F82540012C05D0002380F8243002201F
:1031B000F0BC7047022480F825400024C4630468F2
:1031C000C66C256825F001052560D0E91475776087
:1031D00015B1D0E916677760466C076C06F01F0CD6
:1031E000012606FA0CF67E6063608368102B036B81
:1031F0000BBFA260A160E160E260BBB1236843F055
:103200000E032360836C1A68D20303D51A6842F454
:1032100080721A601DB12B6843F480732B602368A1
:1032200043F0010300202360F0BC7047236823F0C3
:1032300004032360236843F00A032360E2E700BF2E
:1032400070B4436C066C056831682C6803F01F038A
:1032500004229A400A420ED014F0040F0BD02B68BF
:103260009B0603D42B6823F004032B60036B72606E
:10327000CBB170BC184702229A400A4215D014F014
:10328000020F12D02B68990606D42B6823F00A038C
:103290002B60012380F82530C36A7260002180F81A
:1032A0002410002BE5D170BC704708229A400A42D6
:1032B000F9D02207F7D52A68416B22F00E022A6066
:1032C000012202FA03F300247360C26380F82440F1
:1032D00080F825200029E6D070BC08470B68002B39
:1032E00000F098812DE9F04FB0F1904F85B04FF08C
:1032F00000024FF0010B00F00D81DFF84CE300936A
:10330000009B0BFA02FC1CEA030A77D04D6805F01B
:1033100003075400032307F1FF3803FA04F6B8F15A
:10332000010F6FEA060640F21981032F40F0798100
:1033300007FA04F407683E40344315F4403F046044
:103340005CD0BE4E346E44F001043466346E04F03A
:1033500001040394039C22F0030404F1804402F06E
:1033600003070F2304F58034BF0003FA07FCB44BB6
:10337000A668984226EA0C0600F04081B14B9842BC
:1033800000F02D81DFF8C4C2604500F03D81DFF818
:10339000C0C2604500F03F81DFF8B8C260450CBF95
:1033A0004FF0050C4FF0060C0CFA07F73E43A660F1
:1033B000DEF808406FEA0A06EF0254BF34404AEADA
:1033C0000404CEF80840DEF80C40AB0254BF344091
:1033D0004AEA0404CEF80C40DEF80440AF0354BFC0
:1033E00034404AEA0404CEF80440DEF80040EB031F
:1033F00054BF34404AEA0404CEF80040009B013236
:1034000033FA02F47FF47CAF05B0BDE8F08FD0F85A
:103410000890CE680AEA090906FA07F848EA090896
:10342000C0F80880D0F8048028EA0E08C5F3001E12
:103430000EFA02FE4EEA080EC0F804E0D0F80C8046
:103440008E680AEA080806FA07FE4EEA080E022C01
:10345000C0F80CE019D14FEAD20E0E694FEA8E0E79
:1034600002F007080EF1904E4FEA880806FA08F6B7
:10347000DEF8209000960F2606FA08F8009E29EA4A
:10348000080946EA0908CEF82080BC40076807EA28
:103490000A073C4315F4403F046036D0674F3C6E4A
:1034A00044F001043C663C6E04F001040394039C68
:1034B00022F0030404F1804404F5803402F0030791
:1034C000D4F808E00F26BF0006FA07F72EEA070730
:1034D000A7605D4CEE02A4686FEA0C077CD43C4008
:1034E000594EB460F468AE0200F185803C40564EFF
:1034F000F4607468AE037BD43C40534EED037460BB
:10350000346872D43C40504D2C60013233FA02F4DE
:103510003FF47AAF0BFA02FE13EA0E0CF5D04D68B9
:103520005700032606FA07F805F003046FEA080AB5
:1035300004F1FF38B8F1010F7FF669AF032CA4D076
:103540004FF090488E68D8F80C9006FA07FE0AEA09
:1035500009094EEA090EC8F80CE096E7D0F8089081
:10356000CB6809EA060903FA04F848EA0908C0F832
:103570000880D0F804808B6828EA0C08C5F3001C8A
:103580000CFA02FC4CEA080CC0F804C0D0F80C801D
:1035900003FA04FC08EA06084CEA080C022FC0F8FB
:1035A0000CC07FF4C5AE0B694FEAD20802F0070CDD
:1035B00000EB88084FEA8C0C03FA0CF3D8F8209043
:1035C00001930F2303FA0CFC019B29EA0C0943EA3F
:1035D000090CC8F820C0ABE644EA0C0480E74FF0C1
:1035E000020C0CFA07F73E43E1E64CEA04048AE7D2
:1035F00044EA0C0481E74CEA040478E74FF0010C3C
:103600000CFA07F73E43D2E64FF0030C0CFA07F72B
:103610003E43CCE670474FF0040C0CFA07F73E43EC
:10362000C5E6D0F80C808B6808EA060803FA04FCAB
:103630004CEA080CC0F80CC07AE600BF001002404B
:10364000000400480008004800040140000C004845
:1036500000100048001400480AB18161704781627F
:10366000704700BF436901EA030221EA030141EA0E
:1036700002418161704700BF002866D010B58268A2
:1036800000230221D207C0E93833C0E93A33C0E948
:103690003C3382B0044680F8DD10C0F8F8300FD516
:1036A0000168314B994252D0D4E904030A6800F40E
:1036B000404022F47042024303F4405313430B6032
:1036C0002046FDF777FDA3689B0708D52168E368CE
:1036D0000A6803F4407322F4407213430B60002322
:1036E00001221846C4E90633C4E90833C4E90C339F
:1036F000C4E90E33C4E91033C4E91333C4E9153304
:10370000C4E91733C4E91A33C4E91C33C4E91E33CE
:10371000C4E92133C4E92333C4E9253384F8DD2027
:1037200084F8DC30A362C4F8A030C4E92933C4E9CA
:103730002B33C4E92F33C4E93133C4E93333C4F83C
:10374000B430C4F8D83002B010BD0120704703F582
:1037500028431A6E42F080621A661B6E03F0806383
:103760000193019BA0E700BF0068014090F8DC30A6
:10377000012B30D00223012280F8DD30036880F86D
:10378000DC20B1F1FF3FD3F8CC2315D042F0020288
:10379000C3F8CC23D3F8CC2322F00C020A43C3F89D
:1037A000CC23D3F8CC2342F00102C3F8CC2301236D
:1037B00080F8DD300020704722F00202C3F8CC23ED
:1037C000D3F8CC2342F00102C3F8CC23012380F8C4
:1037D000DD30002070470220704700BF70B50D46F5
:1037E0000446FEF7D7FB6E1C0BD12268D2F8883353
:1037F000D903FBD50020012384F8DD3084F8DC00F8
:1038000070BD06462368D3F88833DB03F2D4FEF795
:10381000C1FB831BAB4201D8002DF3D1072384F8F1
:10382000DD30032070BD00BF90F8DDC0BCF1020F99
:103830002CD003460220F0B4062983F8DD00D2E93B
:103840000276D2E90045186815D000EBC111D1F815
:10385000802022F007023A4322F018023243C1F8D6
:103860008020C1F89440C1F89850012283F8DD20EF
:103870000020F0BC7047026822F007023A4322F0B1
:1038800018023243026044618561EEE75FFA8CF012
:10389000704700BF90F8DDC0BCF1020F03465FFA2D
:1038A0008CF000F0CD8093F8DC00012800F0C98096
:1038B00030B5012483F8DC401868022483F8DD4029
:1038C0002029D0F88053D0F8FC431AD8002900F002
:1038D000E78001F1FF3CBCF11F0F00F2D380DFE86D
:1038E0000CF0A090D17FD1D1D16DD1D1D1D1D1D196
:1038F000D162D1D1D1D1D1D1D1D1D1D1D1D1D1D127
:10390000D152B1F5807F00F0AE8028D8402900F078
:103910009A80802940F0DA80D2E90012090901F486
:10392000E04124F4E0440C43D0F8F813120402F40C
:10393000F81221F4F811C0F8F813D0F8F8130A437C
:10394000C0F8F82393F8DD20072A58D0C0F8FC43CC
:103950000020012283F8DD2083F8DC0030BDB1F5C2
:10396000007F40F0A780D2E90012090101F4E001D4
:1039700024F4E0040C43D0F8F813920602F0F84265
:1039800021F0F841D7E7D2E90012090B01F07001EC
:1039900024F070040C43D0F8F813520102F478724A
:1039A00021F47871C7E75188526861F30204D0F8B6
:1039B000F81302F01F0221F01F01BCE7D2E9001248
:1039C000C0F8C82393F8DD404A0225F0606502F094
:1039D0006062072C45EA020511D0C0F88053B7E7B2
:1039E000D2E90012C0F8C42393F8DD408A0125F023
:1039F000E07502F0E072072C45EA0205EDD10120E6
:103A000030BDD2E90012C0F8C02393F8DD40CA00EF
:103A100025F4601502F46012072C45EA0205DCD19A
:103A2000EDE7D2E90012C0F8BC2393F8DD4025F49D
:103A3000E02501F4E022072C45EA0205CDD1DEE7BE
:103A4000704702207047D2E90012090A01F4E061D0
:103A500024F4E0640C43D0F8F813920202F4F84224
:103A600021F4F84167E7D2E9001224F4E02401F4DC
:103A7000E0210C43D0F8F813520502F0787221F0DF
:103A8000787158E7072283F8DD2093F8DD204FF0A6
:103A9000000C072A83F8DCC0B1D00F299DD955E767
:103AA000072283F8DD2093F8DD2083F8DC10072A55
:103AB00093D1A4E7072283F8DD2093F8DD200021CD
:103AC000072A83F8DC107FF441AF98E7072283F8D8
:103AD000DD2093F8DD200021072A83F8DC108ED04A
:103AE00034E700BF90F8DDC0BCF1020F03465FFA77
:103AF0008CF023D093F8DC0001287CD04FF0010C2F
:103B00000220202983F8DCC083F8DD0017D831B308
:103B100001391F2923D8DFE801F0564E2246222220
:103B2000223E222222222222226622222222222215
:103B30002222222222222222225E01207047B1F577
:103B4000807F5AD01CD840295FD0802907D11868BF
:103B5000D0F8041462F31031C0F8041405E0072112
:103B6000002283F8DD1083F8DC2093F8DD20072A9B
:103B7000E3D00020012283F8DD2083F8DC007047C9
:103B8000B1F5007FEBD11868D0F8041462F31C6122
:103B9000C0F80414E9E71868D0F8001462F39641FD
:103BA000C0F80014E1E71868D0F8001462F310318F
:103BB000C0F80014D9E71868D0F8001462F38A112D
:103BC000C0F80014D1E71868D0F8001462F30401BB
:103BD000C0F80014C9E71868D0F8041462F30401AF
:103BE000C0F80414C1E71868D0F8001462F31C612F
:103BF000C0F80014B9E7022070471868D0F8041420
:103C000062F39641C0F80414AFE71868D0F80414C2
:103C100062F38A11C0F80414A7E700BF90F8DD3002
:103C2000022B8446D8B200F06B819CF8DC30012B6B
:103C300000F067812DE9F04F012002238CF8DC00B1
:103C40008CF8DD300629DCF80000556983B000F0FF
:103C5000C68000EBC11E202DDEF8803023F07043BB
:103C6000CEF88030DEF88030DEF8E880DEF8E46000
:103C7000D0F8A04323F020094FEAC11749EA05090B
:103C80000ED09369022B0BD0032B00F03481042B50
:103C900006BF29F0800949F4807929F4D07903E03E
:103CA00029F4C07949F02009D369956D29F4006998
:103CB00049EA0309136A29F4806949EA0309536A46
:103CC00029F0C06949EA0309936A29F0006949EAC1
:103CD0000309D36A019329F0704949EA0309536B38
:103CE00029F40039B3F1005F08BF49F4003926F424
:103CF000807A966B29F04003334323F480232B43CF
:103D0000D56B23F0FC7365F30508156D23F4803340
:103D100028F000492B43D2F84880156C28F4805BCA
:103D200049EA0509556CBBF5606F4AEA050A53D0AC
:103D30002AF4F05A48EA0A0AD56C2AF4804A4AEA78
:103D40000508D2F854A0052909D8DFE801F0CEC84B
:103D5000C2BC03B6166B24F4001444EA46140744AC
:103D6000CEF88030C7F8E890C1EBC103C7F8E48013
:103D7000C7F8D4A0C0F8A043D2E901A9D2E903470B
:103D80009B00203315684CF803500CEB0306C6E982
:103D900001A9C6E9034705290AD8DFE801F0038431
:103DA0007D766F68D0F8843343F00203C0F8843323
:103DB000019B43B9DEF88030D26D23F4007343EAEF
:103DC0004223CEF88030002001238CF8DD308CF8BF
:103DD000DC0003B0BDE8F08F402EADD1A8E7046849
:103DE000D0F8A01324F020042C43202D24F0C0038D
:103DF00060D09569022D5DD0032D00F08480042DE4
:103E00000CBF43F0800324F0E003D46923F4006383
:103E10002343146A23F480632343546A23F0C0636A
:103E20002343946A23F000632343D46A23F040437E
:103E300043EA8403546B23F000532343146B036061
:103E400021F480312143C0F8A013D2E90213D2E952
:103E500000541269CCF8D820CCE93254CCE93413A0
:103E6000D0F8843343F00103C0F88433ABE7D0F8D3
:103E7000843343F04003C0F8843399E7D0F88433A7
:103E800043F02003C0F8843392E7D0F8843343F042
:103E90001003C0F884338BE7D0F8843343F0080371
:103EA000C0F8843384E7D0F8843343F00403C0F8C7
:103EB00084337DE743F02003A7E7166B24F48004E6
:103EC00044EA86144BE7166B24F4801444EA061483
:103ED00045E7166B24F4002444EAC6043FE7166B5A
:103EE00024F4802444EA860439E7166B24F4003471
:103EF00044EA460433E729F4807949F08009D3E69F
:103F000070470220704743F040037EE790F8DD30B1
:103F1000022B8446D8B246D09CF8DC30012B6DD001
:103F2000DCF80000022310B58CF8DD3000EBC11383
:103F30001468D3F8EC3023F0100343EA04135468F8
:103F400023F480132343D46823F4803323439468F9
:103F500023F4003323439469012C4FEAC11E17D088
:103F60008644CEF8EC3006290BD8DFE801F0242B8C
:103F7000323904401D00D0F8843343F02003C0F8E8
:103F80008433002001238CF8DD308CF8DC0010BD78
:103F90001469526923F00403234323F002031343FB
:103FA00043F00103DCE77047D0F8843343F00103AA
:103FB000C0F88433E5E7D0F8843343F00203C0F857
:103FC0008433DEE7D0F8843343F00403C0F884334D
:103FD000D7E7D0F8843343F00803C0F88433D0E740
:103FE000D0F8843343F01003C0F88433C9E7D0F825
:103FF000843343F04003C0F88433C2E702207047A3
:1040000090F8DD30022B8446D8B23FD09CF8DC30EB
:10401000012B3CD0022310B58CF8DD30D2E900032F
:10402000C3F3080300F4E05018439368546903F4A1
:1040300000731843136903F480431843D36803F4EF
:1040400000430343906900F000700343106A00F0DE
:1040500080400343D06900F000421343DCF80020A5
:1040600002EBC1110B4AD1F8B80002EA0442134333
:10407000094A02404FF0000E13430122C1F8B83044
:104080008CF8DD208CF8DCE0704610BD7047022013
:10409000704700BF0000FF010020003C00B590F811
:1040A000DDE0BEF1020F84465FFA8EF027D09CF867
:1040B000DC00012800F0A08001208CF8DC0006293B
:1040C0004FF002008CF8DD0002F1FF3219D0072A10
:1040D00005D8DFE802F02B6104390404044107220B
:1040E00000238CF8DD208CF8DC309CF8DD30072BC9
:1040F00027D0002001238CF8DD308CF8DC005DF83F
:1041000004FB072AEBD801A151F822F0E541000891
:10411000DB410008DF400008EF410008DF400008F5
:10412000DF400008DF400008D1410008DCF8002033
:104130001B6802EBC112C2F89C309CF8DD30072BE3
:10414000D7D101205DF804FBDCF800201B6802EBEE
:10415000C112C2F8A830C8E7DCF80020186802EBEA
:10416000C1125968C2F8AC0000294FD0D2F88000C3
:1041700020F44040C2F88000D2F88000B1F5005F22
:1041800040EA8100C2F880001ED0B1F5405FACD19A
:104190009B68C2F8A830A8E7DCF80020186802EB9A
:1041A000C1125968C2F8A40049B3D2F8800020F4C3
:1041B0004050C2F88000D2F88000B1F5005F40EABC
:1041C0000100C2F88000E0D19B68C2F89C308CE707
:1041D000DCF800201B68D36287E7DCF800201B684E
:1041E000536282E7DCF800201B68D3617DE7DCF8CE
:1041F00000201B68936278E702205DF804FBD2F888
:10420000803023F44053C2F880306EE7D2F880301B
:1042100023F44043C2F8803067E700BFF0B590F860
:10422000DD40022C8446E0B244D09CF8DC0001283A
:104230004FF002003ED08CF8DD00DCF800004FEAC1
:10424000C11E00EBC111402AD1F8E460D1F8B8508A
:104250003AD030D8012A37D0023A1E2A3CD8012160
:1042600001FA02F228490A4248D000EB0E025968CE
:10427000C2F8C4109968C2F8C81010246FF47E0206
:1042800006EA0201DE681A685F6932431E6932433A
:104290003A439F693A43A240082E42EA01021FD0E6
:1042A00000EB0E0301210020C3F8E4208CF8DD10A0
:1042B0008CF8DC00F0BDB2F5007FD6D017D8802A8C
:1042C000D3D0B2F5807F07D100EB0E025968C2F857
:1042D000BC109968C2F8C0106FF0FE020024CFE74E
:1042E00015F0022FDCD1DB69A3401A43D8E7B2F501
:1042F000806FE9D0B2F5006FEED1B6E744F2040169
:104300000A42E1D1E8E700BF4100004090F8DC201C
:10431000012A034611D00068022283F8DD20D0F87C
:1043200094234FF0000C0A430121C0F89423604607
:1043300083F8DD1083F8DCC070470220704700BFAF
:1043400090F8DC20012A034611D00068022283F88D
:10435000DD20D0F898234FF0000C0A430121C0F86B
:104360009823604683F8DD1083F8DCC07047022094
:10437000704700BF90F8DC20012A03460FD0006888
:10438000022283F8DD2002684FF0000C0A4301216D
:104390000260604683F8DD1083F8DCC070470220BD
:1043A000704700BF90F8DC20012A51D00346026814
:1043B000022010B583F8DD00D2F890035C6820433A
:1043C000C2F89003C80304D5D068D3F8C84020438E
:1043D000D0608C0305D5D2F88C001C6A2043C2F84B
:1043E0008C00480305D5D2F80C01DC6B2043C2F8E1
:1043F0000C010C0305D5D2F88C019C6D2043C2F84A
:104400008C01C80205D5D2F80C025C6F2043C2F8BB
:104410000C028C0206D5D2F88C02D3F890402043CF
:10442000C2F88C02480206D5D2F80C03D3F8AC408F
:104430002043C2F80C0310684FF0000C01434FF00A
:10444000010E116083F8DDE083F8DCC0604610BD2A
:1044500002207047704700BF704700BF704700BF21
:10446000704700BF704700BF704700BF704700BF74
:10447000704700BF704700BF704700BF704700BF64
:10448000704700BF704700BF704700BF704700BF54
:10449000704700BF704700BF704700BF704700BF44
:1044A000704700BF704700BF704700BF704700BF34
:1044B000FF292DE9F0410368074600F090800629A6
:1044C0000D4650D04A1C03EBC21203EBC1135468D3
:1044D000D3F88C60E2074FEAC11802D5F20700F169
:1044E000AC80A20702D5B30700F1B880600702D5FF
:1044F000710700F1BD80220702D5330700F1C280A9
:10450000E00602D5F10600F1C780620602D5730607
:1045100000F1CC80200602D5310600F1D180E20501
:1045200002D5F30500F1D680A00502D5B10500F152
:10453000DC80620502D5730500F1E280200502D51A
:10454000310500F1E880E20402D5F30400F1EE80C9
:10455000A00402D5B10400F1F480620401D5730413
:1045600071D4BDE8F081D3F88863D3F890835C6898
:10457000DD68F10303D518F4803F40F0ED80B2030D
:1045800003D518F4003F40F0F480E30702D5EE07AE
:1045900000F1F880A00702D5A90700F1FB806207AF
:1045A00002D56B0700F1FE80260702D5280700F12F
:1045B0000181E10602D5EA0600F10481A30602D5D5
:1045C000AE0600F107816006CBD56906C9D53B6808
:1045D00040229A6006213846FFF750FFC1E7D3F822
:1045E0008843D3F89053E20702D5EE0700F1F98033
:1045F000A00702D5A90700F1FA80620702D56B0770
:1046000000F1FD80260702D5280700F10081E106B0
:1046100002D5EA0600F10381630602D56E0600F1B9
:104620000681A4069DD5A8069BD53B682022C3F829
:104630008C233846FFF71AFF93E70122C3F888203E
:10464000FFF71EFF4DE73B6843444FF48042294685
:10465000C3F888203846FFF71FFF82E73B684344D2
:104660000222C3F8882029463846FFF70BFF3DE7B2
:104670003B6843440422C3F8882029463846FFF7A4
:1046800003FF38E73B6843440822C3F888202946E3
:104690003846FFF7FBFE33E73B6843441022C3F87C
:1046A000882029463846FCF7FFFF2EE73B68434445
:1046B0004022C3F8882029463846FFF7DFFE29E765
:1046C0003B6843448022C3F8882029463846FFF7D8
:1046D000DFFE24E73B6843444FF48072C3F8882030
:1046E00029463846FFF7D6FE1EE73B6843444FF4A1
:1046F0000072C3F8882029463846FFF7D1FE18E734
:104700003B6843444FF48062C3F88820294638460A
:10471000FFF7C8FE12E73B6843444FF40062C3F85A
:10472000882029463846FFF7BFFE0CE73B68434424
:104730004FF48052C3F8882029463846FFF7B6FE6A
:1047400006E73B6843444FF40052C3F888202946EB
:104750003846FFF7A3FE00E74FF48032C3F88C23FE
:10476000012380F8DD30002380F8DC30FFF780FE85
:1047700005E73B684FF40032C3F88C233846FFF757
:1047800079FE02E73B6801229A6006213846FFF76E
:1047900077FEFFE63B6802229A6006213846FFF763
:1047A00071FEFCE63B6804229A6006213846FFF75A
:1047B0006BFEF9E63B6808229A6006213846FFF74F
:1047C00065FEF6E63B6810229A6006213846FCF743
:1047D0006BFFF3E63B6820229A603846FFF74CFEF9
:1047E000F1E60122C3F88C23FFF734FE00E73B68B3
:1047F0000222C3F88C233846FFF72EFEFDE63B6805
:104800000422C3F88C233846FFF728FEFAE63B68FB
:104810000822C3F88C233846FFF722FEF7E63B68F0
:104820001022C3F88C233846FFF71CFEF4E63B68E1
:104830004022C3F88C233846FFF716FEF1E600BF8E
:1048400028B338B5D0E90031826804464CF6CC4034
:10485000186045F25550186059609A60FDF79AFB50
:1048600023680546DA6851070AD0FDF793FB401B21
:1048700031282368F6D9DA685207F3D0032038BD0F
:104880001969E268914204D01A61002038BD012004
:1048900070474AF6AA221A60F7E700BF03684AF693
:1048A000AA2200201A607047002800F0D78010B5B7
:1048B00090F89132044603F0FF02002B00F0C9800B
:1048C0000323206884F8913203F03CFE2279002A09
:1048D00000F0AE8000234FF48071012AC4E9083350
:1048E0002182E374A36200F0C08040F20111022A29
:1048F000C4E91233218784F83B30236544D04FF458
:104900008171032AC4E91C33A4F8601084F8633071
:10491000A36739D040F20311042AC4E92633A4F86E
:10492000881084F88B30C4F8A0302DD04FF48271F9
:10493000052AC4E93033A4F8B01084F8B330C4F8C1
:10494000C83021D040F20511062AC4E93A33A4F850
:10495000D81084F8DB30C4F8F03015D04FF48371F0
:10496000072AC4E94433A4F8001184F80331C4F8D9
:10497000183109D0C4E94E3340F20711A4F82811C8
:1049800084F82B31C4F8403100230121022AC4E904
:104990005833C4E96233A4F8503184F85331C4F871
:1049A0006831A4F8781184F87B31C4F890313FD095
:1049B0000221032AC4E96C33A4F8A01184F8A331BE
:1049C000C4F8B83134D00321042AC4E97633A4F8FA
:1049D000C81184F8CB31C4F8E03129D00421052A6C
:1049E000C4E98033A4F8F01184F8F331C4F8083234
:1049F0001ED00521062AC4E98A33A4F8181284F8C7
:104A00001B32C4F8303213D00621072AC4E994338C
:104A1000A4F8401284F84332C4F8583208D0C4E9EC
:104A20009E330722A4F8682284F86B32C4F88032DF
:104A3000234653F8040B93E8060003F08DFDA37A98
:104A4000012200219342217384F8912208D0002092
:104A500010BD80F8902205F075FA31E7012070470B
:104A6000204600F01BFF002010BDC4E95833A4F815
:104A7000503184F85331C4F86831D9E790F8903256
:104A8000012B0FD010B504460123006884F8903242
:104A900003F04EFD206804F09DFA002384F8903264
:104AA000184610BD022070472DE9F04F044683B030
:104AB000006804F09BFA10F400452CD1430500F186
:104AC0007B8147041BD410F4005140F0D781C60409
:104AD00000F18B80050500F13183010600F10183AF
:104AE000820500F11F84C30512D52268B2F8443054
:104AF00023F480731B041B0CA2F8443008E02268E6
:104B0000B2F8443023F480431B041B0CA2F8443059
:104B100003B0BDE8F08F2068B0F844301F04F7D52B
:104B2000DFF8BCBA10E011F0100100F0C580018878
:104B300011F400658BB240F0E7801E0400F15A8149
:104B4000B0F844301A04E3D5B0F84450A9B215F0D7
:104B50000F05E8D00FFA85F830F8283019049EB216
:104B600066D43106ECD530F828309BB203EA0B034B
:104B700043F4004305EB850220F8283004EBC20221
:104B8000AF00D37C012B00F0858108EB880804EB93
:104B9000C80C117CDCF82830009316F4807A4FEAB8
:104BA000C8094FEAC10E0FFA81F840F0A381B0F8AE
:104BB00050501EFA85F50544B5F80254C5F30905B1
:104BC0009D4280F091815B1BCCF82830536A2B44C6
:104BD0005362DCF82C3009F110012B442144CCF84D
:104BE0002C3003F0D1FF2068AAE72268B2F84030E9
:104BF00023F004031B041B0CA2F84030B2F8403031
:104C000023F008031B041B0CA2F8403094F8C832B0
:104C1000012B00F09583204605F004FA2268B2F8D3
:104C2000443023F480531B041B0CA2F844306FE77C
:104C300030F8283023F070031B051B0D43F0800370
:104C400005EB850120F8283004EBC101AF0091F895
:104C50005C31002B7BD1B0F8503000F2064212FAE2
:104C600083F391F8502133F83290C9F30909B9F16F
:104C7000000F40F0D0814FF000097B1904EBC30313
:104C8000D3F86C214A44C3F86C21D3F864214A4418
:104C9000C3F86421D3F8682122B1D3F860314B45C1
:104CA00040F29B812F4404EBC707204697F8501130
:104CB00005F07EF9206854E703889BB203EA0B03F2
:104CC00043F400430380B0F8503010FA83F2207CA4
:104CD00040F2024303EBC0032046D35A626AC3F397
:104CE00009031A44E362626205F06CF9237B63B343
:104CF000A36A2068002B7FF423AF227B42F080025E
:104D0000A0F84C2023731BE7B0F8502094F8501102
:104D100040F2064310FA82F203EBC10304F5267158
:104D2000D35AB4F85621C3F30903C4F86C3104F024
:104D300071F92268138823F070031B051B0D43F0E3
:104D400080031380204605F02DF92068F8E691F8DD
:104D5000533191F85021022B00F00B8212B230F83F
:104D6000223023F4E04323F070031B041B0C43F4B4
:104D7000004343F0C00320F8223091F850311AB2BA
:104D800030F8222012F4804FB0F8502000F02F812C
:104D900000F2024C1CFA82F232F83390C9F309098E
:104DA000B9F1000F3FF467AFB1F85821D1F86411A1
:104DB0004B4604F02FF960E72268B2F8443023F440
:104DC00080631B041B0CA2F84430204605F008F950
:104DD00094F89032012B3FF49BAE0123206884F8B5
:104DE00090322573294604F0EFF884F8905203B00E
:104DF000BDE8F08F028840F68F73134043F08003C4
:104E00000380B0F8502094F8501140F2064310FA95
:104E100082F203EBC103D35AC3F30903C4F86C3124
:104E200093B1D4F8641179B1B4F8562104F0F2F8D2
:104E3000D4F86431D4F86C21134420462946C4F8D0
:104E4000643105F0B5F8206803881D059AB23FF576
:104E500077AE02F44052B2F5405F3FF471AE038882
:104E600023F4804323F070031B041B0C83F4405392
:104E700043F4004343F08003038061E62268B2F804
:104E8000443023F400531B041B0CA2F8443003B03D
:104E9000BDE8F08F6B1C03EB8303002144F8331053
:104EA000137FC3B116F04006537C40F00F81002BF6
:104EB00040F05982137CB0F8502000EBC30303F29A
:104EC000064392B2995AC1F309019952995A89B28B
:104ED00041F4004199523D4404EBC5052046297C2C
:104EE00005F070F820682BE6CCF828A0204605F0E5
:104EF00069F82AE706F4804316F04006019340F073
:104F00009280B0F85020009B00F2064A1AFA82F212
:104F100032F83890C9F30909994540F2A581CCF8D7
:104F200028607B1904EBC3035B7C002B40F0A38259
:104F3000B0F850200EF2024692B20644B35AC3F3C0
:104F40000903B352B35A6FEA43436FEA53439BB228
:104F5000B352B0F850201AFA82F232F83830C3F364
:104F6000090322F8383032F838306FEA43436FEAE9
:104F700053439BB222F838307B1904EBC303DB7C2C
:104F8000022B0FD130F8283023F4E04323F0400304
:104F90001B041B0C83F0200343F4004343F0800305
:104FA00020F82830204605F00DF8019B002B7FF4F7
:104FB000CCAE7B1904EBC30320681A7C30F8223096
:104FC00023F4E04323F070031B041B0C43F4404321
:104FD00043F0800320F82230B2E5282101FB05418F
:104FE000206801F5A87103F0CFFD2068B9E500F253
:104FF000064C1CFA82F232F83390C9F30909B9F170
:10500000000F3FF438AEB1F85A21D1F864114B4685
:1050100004F000F831E6B1F85621D1F864114B469E
:1050200003F0F8FF29E6B0F85060009B00F2024A56
:105030001AFA86F636F83890C9F309099945C0F08E
:10504000E2800026CCF82860537C002B40F02582BB
:10505000B0F850301AFA83F30EF2064233F8386093
:10506000C6F3090623F8386033F83860B6B246F460
:10507000004623F83860B0F8503002449BB2D65A4C
:10508000C6F30906D652D65AB6B246F40046D652F0
:105090007B1904EBC303DB7C022B0FD130F82830E3
:1050A00023F4E04323F040031B041B0C83F0200394
:1050B00043F4004343F0800320F82830204604F0F6
:1050C00081FF019B002B7FF474AF3EE6002B40F084
:1050D0003D81137CB0F8502000EBC30303F2024380
:1050E000EFE62268B2F8443023F080031B041B0C67
:1050F000A2F8443094F8C832002B40F00E81B2F888
:1051000040309BB243F00403A2F84030B2F8403084
:105110009BB2012143F00803A2F8403084F8C81282
:10512000B2F85430C3F38D0303F03C032046C4F8B7
:10513000CC3203B0BDE8F04F05F04CB82268B2F8AD
:1051400040309BB243F00803A2F84030B2F844303C
:1051500023F400631B041B0CA2F84430B2F8403067
:105160009BB243F004032046A2F8403004F04AFF0B
:10517000CEE4B0F850E0D1F868310FFA82FCD200EA
:1051800012FA8EF216F4804A024400F0F980B2F866
:1051900002E4CEF3090E9E45F14600F26581A3EBD1
:1051A0000E03C1F868317BB930F82C2022F480421C
:1051B00022F070021204120C82F4005242F40042F7
:1051C00042F0800220F82C2072060DD530F82C30E9
:1051D00023F4E04323F070031B041B0C43F400434F
:1051E00043F0C00320F82C30BEF1000F3FF445AD72
:1051F000791904EBC1017346B1F85821D1F8641153
:1052000003F008FF39E5A3EB0903CCF82830019B34
:105210006BB130F8283023F4E04323F070031B0413
:105220001B0C43F4404343F0800320F828307B19E3
:1052300004EBC30393F83420012A00F0DC803D44E2
:1052400004EBC5052A7C30F8223023F4E04323F038
:1052500040031B041B0C83F0300343F4004343F072
:10526000800320F822306BE4A3EB0903CCF828304C
:10527000002B3FF456AE019B6BB930F8283023F475
:10528000E04323F070031B041B0C43F4404343F042
:10529000800320F828307B1904EBC30393F83420F3
:1052A000012ACCD15A6A02EB09015962DCF82C6060
:1052B0004E44CCF82C601E6B1A6A9642C0F00981ED
:1052C000B61A1E631FFA82F97B1904EBC30393F825
:1052D00011C0BCF1000F40F0F180B0F850301AFA64
:1052E00083F39E4433F83860C6F3090623F8386028
:1052F000002A40F0198133F838206FEA42426FEA01
:10530000524292B223F838207A1904EBC2024B467B
:10531000528B03F06FFE206891E7204604F072FE86
:10532000FFF7F6BB2268B2F8443023F400731B0485
:105330001B0C2046A2F8443004F04EFEFFF7E8BBF9
:1053400084F8C812204604F045FF64E4012B7FF482
:10535000C2AD137CB0F8502000EBC30303F202434C
:1053600092B29952B7E5012B7FF4B5AD137CB0F83A
:10537000502000EBC30303F2064392B29E52AAE50B
:10538000B2F806E4CEF3090E9E45F14670D8A3EBC1
:105390000E03C1F868317BB930F82C2022F480422A
:1053A00022F070021204120C82F4005242F4004205
:1053B00042F0800220F82C2073060DD430F82C30F7
:1053C00023F4E04323F070031B041B0C43F400435D
:1053D00043F0C00320F82C30BEF1000F3FF44DAC79
:1053E000791904EBC1017346B1F85A21D1F864115F
:1053F00003F010FE41E45A6A02EB09015962DCF83D
:105400002C604E44CCF82C601E6B1A6A96426FD307
:10541000B61A1E631FFA82F97B1904EBC30393F8D3
:1054200011C0BCF1000F59D1B0F850301AFA83F313
:105430009E4433F83860C6F3090623F83860002A22
:1054400040F0988033F838206FEA42426FEA5242C7
:1054500092B223F838207A1904EBC2024B46128B21
:1054600003F0C8FD2068EAE60023C1F868319BE636
:10547000C1F868A190E7012B7FF47EADB0F8503001
:105480000EF202429BB202440026D652B0F85030CF
:105490001AFA83F323F838606EE5012B7FF4F8AD38
:1054A000B0F850301AFA83F30EF2064223F838604F
:1054B000B0F8503002449BB2D652E9E5BCF1010F7E
:1054C0007FF422AFB0F850301AFA83F323F8389003
:1054D0001AE796B983F834604A46F5E6BCF1010F45
:1054E000B9D1B0F850301AFA83F323F83890B2E704
:1054F0004EBB83F834604A468EE793F811C0002211
:105500001A6383F834201FFA86F9BCF1000FD5D155
:10551000B0F850301AFA83F3324633F83860C6F3E5
:10552000090623F838609E443E2A32D8BEF800307F
:105530005608D20748BF01369BB243EA86239BB286
:10554000AEF80030E0E693F811C0002283F8342072
:105550001A631FFA86F9BCF1000FBFD1B0F85030C2
:105560001AFA83F3324633F83860C6F3090623F893
:1055700038609E443E2A1FD8BEF800305608D20735
:1055800048BF01369BB243EA86239BB2AEF8003097
:1055900061E7D306BEF800304FEA521608BF06F1A5
:1055A000FF369BB243EA86236FEA43436FEA5343D5
:1055B0009BB2AEF80030A7E6D306BEF800304FEA43
:1055C000521608BF06F1FF369BB243EA86236FEA04
:1055D00043436FEA53439BB2AEF800303BE700BF52
:1055E0000F8FFFFF90F89022012A0DD010B50446CE
:1055F0000122006884F89022217303F0E5FC002367
:1056000084F89032184610BD0220704710B501F0A2
:10561000070E0EEB8E0C090604464FEACC0C23D481
:105620000CF5A87101440EEB8E0004EBC0004FF0A6
:10563000000C80F851C1022BCB70C2F30A0204BFE8
:1056400000230B7181F800E00A6194F89032012B7D
:1056500016D0012384F89032206802F091FF0023D5
:1056600084F89032184610BD0CF1100101440EEB85
:105670008E0004EBC0004FF0010C80F811C0DAE797
:10568000022010BD01F0070301F0070210B503EB83
:1056900083030446090602EB82004FEAC30304EBCE
:1056A000C00016D403F5A873E1184FF0000C80F881
:1056B00051C10A7094F89032012B15D0012384F85F
:1056C0009032206803F07AF9002384F8903218466B
:1056D00010BD1033E1184FF0010C80F811C00A70B2
:1056E00094F89032012BE9D1022010BD10B501F0E1
:1056F000070E0EEB8E0C00EBCC0C2821002401FBD6
:105700000E01CCF8642100688CF850E1CCE95A34E1
:105710008CF8514101F5A87103F036FA204610BD0E
:1057200001F0070101EB810100EBC100D0F86C0131
:10573000704700BF10B501F0070E0EEB8E0100EBB5
:10574000C10C6146CCF82830CCF83030002401235D
:105750000068CCF8242010318CF83430CCF82C4080
:105760008CF811308CF810E003F00EFA204610BDD2
:10577000027901F007039A4233D30A0610B50446B2
:105780001CD401EB8102282000FB014104EBC20282
:1057900001F5A871002082F8510101228A700B7076
:1057A00094F8903293421AD0206884F8902203F043
:1057B00095FB002384F89032184610BD03EB83025A
:1057C000282101FB030100EBC202103101205074BB
:1057D00001228A700B7094F890329342E4D1022037
:1057E00010BD0120704700BF38B5027901F00F03EA
:1057F0009A4232D301F0070301F00702044603EB9B
:10580000830302EB820009064FEAC30304EBC000E6
:1058100016D403F5A873E118002580F8515100252E
:105820008D700A7094F89032012B14D001232068F7
:1058300084F8903203F07AFB84F89052284638BD01
:105840001033E1180125457400258D700A7094F815
:105850009032012BEAD1022038BD012038BD00BFB3
:1058600011F0800F0CD001F0070101EB810100EB7A
:10587000C100103099B262B9C18002730020704734
:1058800001EB810100EBC10000F5A87099B2002A7C
:10589000F2D001228360027300207047024600208C
:1058A000116810B482F8C802B1F8543001249BB2D8
:1058B0002343C2F8D042A1F85430B1F854305DF817
:1058C000044B9BB243F00203A1F85430704700BF71
:1058D000354A136860B903F4C063B3F5806FD2F83A
:1058E00080301BD023F48073C2F8803000207047D2
:1058F000B0F5007F06D023F4C06343F480631360E7
:105900000020704703F4C063B3F5806FD2F8803095
:1059100029D043F48073C2F88030F1E723F4807318
:10592000C2F8803013682148214923F4C06343F44E
:10593000007313600368322000FB03F35069A1FB7E
:1059400003139B0C400503F1010306D500E023B1CE
:105950005169490503F1FF33F9D4134B5B695B05CA
:10596000CED50320704743F48073C2F880301368AB
:105970000E480F4923F4C06343F4007313600368B7
:10598000322000FB03F35069A1FB03139B0C40057D
:1059900003F10103E1D501E0002BDED05169490597
:1059A00003F1FF33D9D5F7E700700040280100204C
:1059B00083DE1B43024A936843F48043936070473D
:1059C00000700040002800F0BD812DE9F04103681F
:1059D000D90782B0044612D5A6498A68C96802F080
:1059E0000C020C2A00F0D080082A40F0D280A14A94
:1059F0001268920303D56268002A00F037819A0783
:105A000022D59C4A9368D26803F00C030C2B00F05B
:105A1000F880042B40F0FA80964B1B685B0503D599
:105A2000E368002B00F02281924A20695368924972
:105A300023F0FE4343EA006353600868FCF768FA0A
:105A4000002840F0138123681A0719D56369894D2E
:105A5000002B00F0C280D5F8943043F00103C5F864
:105A60009430FCF797FA064605E0FCF793FA801BA2
:105A7000022800F21781D5F894309B07F5D52368EA
:105A80005D0741D57B4B9A6DD00000F10F819A6D77
:105A900042F080529A659B6D03F080530193019B05
:105AA0000125764E3368D90540F12E81A368012B7C
:105AB00000F0FE80052B00F084816E4ED6F8902019
:105AC00022F00102C6F89020D6F8902022F00402BD
:105AD000C6F89020002B40F0F280FCF75BFA41F210
:105AE0008838074605E0FCF755FAC01B404500F230
:105AF000D980D6F890309907F5D425B15D4A936DD9
:105B000023F08053936523689A0618D5A369594DED
:105B1000002B00F0E580D5F8983043F00103C5F87C
:105B20009830FCF737FA064605E0FCF733FA801B9D
:105B3000022800F2B780D5F898309B07F5D5E369C5
:105B4000F3B14C4DAA6802F00C020C2A00F0478118
:105B5000022B2B6823F080732B6000F0F580FCF79C
:105B600019FA044605E0FCF715FA001B022800F2BA
:105B700099802B689B01F6D4EA68414B1340EB6097
:105B8000002002B0BDE8F08101F0030103293FF4D9
:105B90002EAF6368B3F5803F55D0B3F5A02F00F06A
:105BA000C480344D2A6822F480322A602A6822F4A4
:105BB00080222A60002B4BD1FCF7ECF9064604E06A
:105BC000FCF7E8F9801B64286CD82B689903F7D49C
:105BD00023689A077FF538AF13E7D5F8943023F0A0
:105BE0000103C5F89430FCF7D5F9064604E0FCF74C
:105BF000D1F9801B022855D8D5F894309F07F6D4E8
:105C00003DE702F00302022A3FF406AFE368194DB4
:105C1000002B37D02B6843F480732B60FCF7BAF964
:105C2000064604E0FCF7B6F9801B02283AD82B6838
:105C30005F05F7D56B68226923F0FE4343EA0263F0
:105C40006B60236800E70B4A136843F480331360EA
:105C5000FCF7A0F9074E054604E0FCF79BF9401B52
:105C600064281FD833689F03F7D5B1E7012002B03D
:105C7000BDE8F081001002403001002000700040BB
:105C8000FCFFEEFE2B6823F480732B60FCF782F997
:105C900006462B6859057FF5D6AEFCF77BF9801BCD
:105CA0000228F6D9032002B0BDE8F0810025F8E60D
:105CB000654AD2F8903043F00103C2F89030FCF707
:105CC00069F9614F064641F2883804E0FCF762F951
:105CD000801B4045E6D8D7F890309B07F6D50CE7F7
:105CE000D5F8983023F00103C5F89830FCF752F945
:105CF000064604E0FCF74EF9801B0228D2D8D5F8FE
:105D000098309F07F6D41AE7336843F48073336002
:105D1000FCF740F907463368DA053FF5C7AEFCF7F4
:105D200039F9C01B0228F6D9BCE703F18043A3F57B
:105D30003C331A6842F480221A601A6842F48032B6
:105D40001A6085E701207047FCF724F9064604E055
:105D5000FCF720F9801B0228A4D82B689901F7D4FE
:105D6000E9683A4B226A606A0B401343D4E90A128D
:105D700043EA012343EAC263D4E90C12013849081B
:105D800043EA00130139520843EA4153013A43EA16
:105D90004263EB602B6843F080732B60EB6843F049
:105DA0008073EB60FCF7F6F8274D044605E0FCF73E
:105DB000F1F8001B02283FF675AF2B689A01F6D563
:105DC000DEE6214BD3F8902042F00402C3F8902085
:105DD000D3F8902042F00102C3F890206FE7012B26
:105DE0003FF444AFEB68226A03F0030191427FF471
:105DF0003DAF616A03F0F0020139B2EB011F7FF49D
:105E000035AFA16A03F4FE42B2EB012F7FF42EAF4F
:105E1000E16A03F07842B2EBC16F7FF427AF226BE7
:105E2000520803F4C001013AB1EB425F7FF41EAFA8
:105E3000626B520803F0C063013AB3EB426F14BFC8
:105E4000012000209DE600BF001002400C809F0151
:105E5000184B9A6802F00C02042A26D09A6802F0C5
:105E60000C02082A23D09A6802F00C020C2A01D0F6
:105E700000207047D968DA68D86801F00301032967
:105E8000C2F30312C0F306200CBF0B4B0B4B0132C5
:105E9000B3FBF2F303FB00F0064BDB68C3F3416393
:105EA00001335B00B0FBF3F07047044870470248D1
:105EB000704700BF0010024040787D010024F400CC
:105EC000002800F0EE80784A2DE9F843136803F0CB
:105ED0000F038B420D4604460CD2136823F00F03C8
:105EE0000B431360136803F00F038B4202D00120B1
:105EF000BDE8F8832368DF0769D56768032F00F0E2
:105F0000A0806A4B022F1B6800F097805B05EED5DE
:105F1000FFF79EFF664B984240F2C080634A936849
:105F200023F0F00343F0800393604FF080095F4E4D
:105F3000B36823F003033B43B360FCF72BF841F253
:105F40008838074604E0FCF725F8C01B404571D8A7
:105F5000B368626803F00C03B3EB820FF3D12368DC
:105F60009F0736D4B9F1000F03D0B36823F0F003D4
:105F7000B3604D4E336803F00F03AB4246D823683D
:105F80005A0706D54949E0688A6822F4E06202436C
:105F90008A601B0707D5454A2169936823F460533B
:105FA00043EAC1039360FFF753FF404A414C9268B4
:105FB0004149C2F303120346A25C404802F01F02AB
:105FC000D3400B600068BDE8F843FBF7A1BF9E0714
:105FD000CFD5580704D535498A6842F4E0628A6013
:105FE000190706D5314A936823F47C5343F4E063E0
:105FF00093602E4AA16893682B4E23F0F0030B4365
:106000009360336803F00F03AB42B8D9336823F0D1
:106010000F032B433360FBF7BDFF41F2883807467F
:10602000336803F00F03AB42A9D0FBF7B3FFC01BEB
:106030004045F5D90320BDE8F8839A033FF568AFE2
:1060400055E71A4A116888017FF551AFD068D168C9
:10605000D268174E00F003000328C1F303110CBFF0
:10606000174818480131B0FBF1F11048C2F306227D
:1060700001FB02F2C168C1F3416101314900B2FB89
:10608000F1F2B2420AD9826812F0F00F3FF446AF43
:10609000990703D5A368002B3FF440AF4FF00009E8
:1060A00045E70120704700BF002002400010024079
:1060B00000B4C40484C70008280100203001002077
:1060C00040787D010024F400054B064A9B68064990
:1060D000C3F302230868D35C03F01F03D840704762
:1060E000001002407CC7000828010020054B064A2A
:1060F0009B680649C3F3C2230868D35C03F01F03FF
:10610000D8407047001002407CC7000828010020DA
:106110002DE9F0410368044613F4002082B052D008
:10612000AC4B9A6DD50040F13A810027AA4D2B68FF
:1061300043F480732B60FBF72DFF064605E0FBF769
:1061400029FF831B022B00F235812B68D805F6D579
:10615000A04D226DD5F8903013F4407326D09342B1
:1061600024D0D5F89010D5F8903043F48033C5F89A
:106170009030D5F8903023F48033C5F8903021F476
:106180004073C907C5F8903010D5FBF703FF41F203
:106190008838064605E0FBF7FDFE801B404500F20F
:1061A0000981D5F890309B07F5D5226D8949D1F842
:1061B000903023F440731343C1F8903023680020DB
:1061C000002F40F0FC80DD0708D582496568D1F8D2
:1061D000882022F003022A43C1F88820990708D5B5
:1061E0007C49A568D1F8882022F00C022A43C1F826
:1061F00088205A0708D57749E568D1F8882022F029
:1062000030022A43C1F888201F0708D57149256943
:10621000D1F8882022F0C0022A43C1F88820DE0687
:1062200008D56C496569D1F8882022F440722A4368
:10623000C1F888209D0608D56649A569D1F888204F
:1062400022F440622A43C1F88820590608D56149E2
:10625000E569D1F8882022F440522A43C1F8882009
:106260001A0608D55B49256AD1F8882022F44042F5
:106270002A43C1F88820DF0508D55649656AD1F858
:10628000882022F440322A43C1F888209E0308D592
:106290005049A56AD1F89C2022F003022A43C1F894
:1062A0009C209D0508D54B49E56AD1F8882022F449
:1062B00040222A43C1F8882059050BD54549256B52
:1062C000D1F8882022F440122A43B5F5801FC1F886
:1062D00088207AD01A050BD53E49656BD1F8882005
:1062E00022F440022A43B5F5800FC1F8882075D00A
:1062F000DF040BD53749A56BD1F8882022F0407216
:106300002A43B5F1807FC1F888206CD09E040BD55C
:106310003049E56BD1F8882022F040622A43B5F17C
:10632000006FC1F8882063D05D040BD52949256C26
:10633000D1F8882022F040622A43B5F1006FC1F8FD
:1063400088205AD019040BD52249656CD1F88820D1
:1063500022F040522A43B5F1805FC1F8882051D025
:10636000DA030BD51B49A56CD1F8882022F04042F6
:106370002A43B5F1804FC1F8882048D05B030BD584
:10638000144AE16CD2F89C3023F440130B43B1F56E
:10639000001FC2F89C303FD002B0BDE8F0819A6D7A
:1063A00042F080529A659B6D03F080530193019BEC
:1063B0000127BBE623680320002F3FF404AF054903
:1063C0008A6D22F080528A65FDE6CA6842F4801226
:1063D000CA607FE70010024000700040CA6842F4C3
:1063E0008012CA6084E7CA6842F48012CA608DE7EE
:1063F000CA6842F48012CA6096E7CA6842F4801202
:10640000CA609FE7CA6842F48032CA60A8E7CA68D7
:1064100042F48032CA60B1E7D36843F48013D3609A
:1064200002B0BDE8F08100BF2DE9F04182B0002349
:106430000E4615468DF803300746FBF7ABFD354495
:106440002D1AFBF7A7FD324B3C681B6803EB830357
:10645000C3EBC3031B0D05FB03F30136019311D1FD
:10646000A36813F4C06F09D0237BDBB28DF803302F
:106470009DF80330A36813F4C06FF5D1002002B07B
:10648000BDE8F081804623469B6813F4C06FF5D0C9
:10649000237BDBB28DF803309DF80330FBF77AFDE8
:1064A000A0EB0800A84209D2019A019B002A03F13F
:1064B000FF33019308BF00253B68E5E7D7E90031CA
:1064C0005A68B1F5827F22F0E0025A6013D0BA6AAE
:1064D000B2F5005F07D11A6822F400521A601A68F8
:1064E00042F400521A600122002387F85D2087F8E9
:1064F0005C300320C3E7BA68B2F5004F02D0B2F5B2
:10650000806FE4D11A6822F040021A60DFE700BF12
:10651000280100202DE9F04784B000230E461746DD
:106520008DF807300546FBF735FDDFF8389106EBAF
:106530000708A8EB0004FBF72DFDD9F8003003EBAA
:106540008303C3EBC3031B0D04FB03F30293731C10
:1065500026D12C68A36813F4C05FFBD1FBF71AFDAA
:10656000A8EB0008FBF716FDD9F800302A68C3F342
:10657000CB3308FB03F3039393681906FCD43A4624
:1065800031462846FFF750FF10B904B0BDE8F08748
:106590002B6E43F020032B66032004B0BDE8F08788
:1065A00082462B689B6813F4C05F0ED0FBF7F2FCA9
:1065B000A0EB0A03A34220D2029A029B002A03F115
:1065C000FF3308BF00240293EBE7FBF7E3FCA8EBE3
:1065D0000004FBF7DFFCD9F80030C3F3CB3304FB36
:1065E00003F3804603932B689B681B06C7D5FBF714
:1065F000D1FCA0EB0803A3421FD3D5E900315A68B0
:10660000B1F5827F22F0E0025A601FD0AA6AB2F58B
:10661000005F07D11A6822F400521A601A6842F427
:1066200000521A60012385F85D302B6E002243F082
:10663000200385F85C202B66AEE7039A039B002AB3
:1066400003F1FF3308BF00240393CCE7AA68B2F537
:10665000004F02D0B2F5806FD8D11A6822F0400204
:106660001A60D3E728010020002877D0426A2DE97C
:10667000F0410446002A57D00023C0E9043394F8BF
:106680005D300021A16203F0FF01002B5AD0216888
:10669000E768022384F85D300B68B7F5E06F23F0FC
:1066A00040030B6046D854D1A56A4FF4805005F4DE
:1066B0000055A368A66902F0100C626803F4044355
:1066C00002F482721A43236903F0020313436269DE
:1066D00002F001021A43636B07F4706703F00803CA
:1066E00043EA070EE36903F03808236A03F08007E2
:1066F00006F40073134343EA08033B43360C2B4371
:1067000006F004060B604EEA060343EA0C0303435B
:106710004B60CB69002023F400630122CB6120662B
:1067200084F85D20BDE8F0814368B3F5827FA6D090
:10673000C261A4E7B7F5706F12D1A56A002005F415
:106740000055B6E784F85C102046FBF707F8626A4C
:106750009DE74FF480500025A562AAE7012070470D
:106760000020F8E72DE9F041044682B01D460F46AF
:106770009046FBF70FFC94F85D30012B7ED1064666
:10678000D8B2002F77D0B8F1000F74D094F85C30F5
:10679000012B73D0A168236884F85C0000220320D9
:1067A000B1F5004F84F85D00C4E91322226622642B
:1067B000A4F84420A4F83E80A763A4F84620A4F8D7
:1067C0003C801A4607D1196821F040011960196808
:1067D00041F4804119601968490603D4196841F0F1
:1067E00040011960E1686068B1F5E06F4AD800289F
:1067F00000F0C380B8F1010F00F0BF80E38F9BB2BF
:10680000F3B1681C12D091E0E38FA06B9BB2012B17
:10681000014640F29F8031F8023BD360E38FA163D1
:10682000023B9BB2E387E18F89B249B1226893684A
:106830009907E9D4FBF7AEFBE18F89B20029F5D1C6
:10684000324629462046FFF765FE08B1202323661D
:10685000A36833B922680193D368019393680193C5
:10686000019B012384F85D30206E0023C01A84F858
:106870005C3018BF012002B0BDE8F081022002B0F8
:10688000BDE8F08100286FD0B8F1010F6CD0E18F26
:1068900089B20029D4D0691C2CD19A68970713D5E6
:1068A000A26B32F8021BD960B4F83EC0A2630CF1AF
:1068B000FF3C1FFA8CFCA4F83EC0E28F92B2002A83
:1068C000BED09A689707EBD4FBF764FBE38F9BB2CB
:1068D000002BB5D02368E0E7A16B31F8023BD36011
:1068E000E38FA163013B9BB2E387E38F9BB2002B55
:1068F000A6D0226893689807EED4FBF74BFB801B69
:10690000A842F2D3012384F85D30002384F85C3080
:106910000320B0E731F8022BDA60E38FA163023B7A
:106920009BB2E387E38F9BB2002B89D023689A68E0
:10693000920739D5E28FA06B92B2012A0146E9D8BD
:1069400002781A73E38FA26B013B01329BB2A26300
:10695000E387E7E703781373E38FA26B013B013210
:106960009BB2A263E3875EE737F8021BD960E18F31
:10697000A763013989B2E18789E7E28F92B2012AE0
:1069800008D937F8022BDA60E38FA763023B9BB28A
:10699000E38733E73A781A73E38FA26B013B013246
:1069A0009BB2A263E38729E7FBF7F4FA801BA842B6
:1069B000B8D3A7E72DE9F041044690461E460F469E
:1069C000FBF7E8FA94F85D306268012B05460BD0BE
:1069D000B2F5827F40F08C80D9B2A368002B40F0E2
:1069E0008780042940F08480002F00F06981B8F18D
:1069F000000F00F06581002E00F0628194F85C3099
:106A0000012B75D094F85D30C4F840800121042B2F
:106A100084F85C10E168A4F844601CBF052384F886
:106A20005D300023B1F5E06F2366E364A4F84660AF
:106A30002365A7632368A687E6875CD9596821F494
:106A4000805159601968480603D4196841F0400123
:106A50001960002A00F00081012E00F0FD80069BE5
:106A600001334FF0010628D09AE022689368990715
:106A70000DD5E38F9BB253B146B1A16B31F8023B08
:106A8000D360E38FA163013B9BB2E3870026936849
:106A900013F001030FD0B4F8461089B259B1216C3C
:106AA000D26821F8022B1E46B4F846302164013B1F
:106AB0009BB2A4F84630FBF76DFAE38F9BB2002B34
:106AC000D3D1B4F846309BB2002BCED106992A46DA
:106AD0002046FFF71FFD002840F0ED80012384F8D9
:106AE0005D30236E84F85C00181E18BF012000E0A2
:106AF0000220BDE8F081012E00F01881596821F4D0
:106B000080515960196849065EBF196841F040011B
:106B1000196062B9E28F92B2012A40F2D38037F84D
:106B2000022BDA60E38FA763023B9BB2E387069BED
:106B300001334FF001067DD1E38F9BB223B9B4F846
:106B400046309BB2002BC1D0226893689F0706D5C0
:106B5000E38F9BB21BB1002E40F093800026936818
:106B600013F0010319D0B4F8461089B2A9B1B4F8F2
:106B70004600216C80B2012877D9D06821F8020B39
:106B80002164B4F84610023989B2A4F84610B4F86A
:106B9000461089B2012935D91E46FBF7FBF9CBE730
:106BA000E38F9BB223B9B4F846309BB2002B8DD053
:106BB0002268936898070DD5E38F9BB253B146B115
:106BC000A16B31F8023BD360E38FA163013B9BB221
:106BD000E3870026936813F0010304D0B4F846104D
:106BE00089B2002978D1FBF7D5F9069B401B984262
:106BF000D6D3012384F85D30002384F85C30032071
:106C0000BDE8F081516841F480515160C4E7002E25
:106C100040F0A6800026936813F0010304D0B4F876
:106C2000461089B2002964D1FBF7B4F9069B401BDA
:106C30009842DED2E38F9BB22BB9B4F846309BB2B8
:106C4000002B3FF443AF226893689B07E3D5E38FA3
:106C50009BB2002BDFD0DAE737F8022BDA60E38F44
:106C6000A763013B9BB2E387F9E6127B0A70B4F895
:106C70004620216C013A013192B22164A4F84620E9
:106C80008AE7E18FA36B89B2012908D933F8021B87
:106C9000D160E18FA3638B1E9BB2E3875EE71B7815
:106CA0001373E38FA26B013B511C9BB22268A1635B
:106CB000E387002653E720220023226684F85C3015
:106CC000012016E73A781A73E38FA26B013B013279
:106CD0009BB2A263E3872AE7216CD26821F8022BDA
:106CE0001E46B4F846302164013B9BB2A4F84630FE
:106CF00079E7B4F84600216C80B2012823D9D06826
:106D000021F8020B2164B4F84610023989B2A4F8C4
:106D10004610B4F8461089B2012901D91E4683E70E
:106D2000516841F4805151601E467DE75A6842F433
:106D300080525A601A6856063FF5ECAE1A6842F067
:106D400040021A60E6E6127B0A70B4F84620216C15
:106D5000013A013192B22164A4F846201E4663E74D
:106D6000E38FA16B9BB2012B09D90B4633F8021BB1
:106D7000D160E18FA3638B1E9BB2E3874AE70B7858
:106D80001373E38FA26B013B511C9BB22268A1637A
:106D9000E3873FE72DE9F04190F85D60012E84B074
:106DA00040F095801D468846F3B2002900F08B80A4
:106DB0001746002A00F087804368B3F5827F0446B7
:106DC00003D18368002B00F02781FBF7E3F894F8E8
:106DD0005C30012B06467AD00120E268216884F8F5
:106DE0005C000023042084F85D00B2F5E06F2366A8
:106DF000A4F84670E387C4E91333A363A387486804
:106E0000C4F84080A4F844700B4665D920F4805043
:106E10004860A068B0F5004F00F0CC8008684006DC
:106E200065D4086840F040000860B2F5E06F5ED8B5
:106E3000B4F8462092B2EAB1691C11D0AAE0226CE3
:106E40001B7B1370B4F84620216C013A92B2A4F86F
:106E50004620B4F8463001319BB2216453B1236817
:106E60009A68D207EBD4FBF795F8B4F846309BB29A
:106E7000002BF4D16368B3F5827F00F0A880FBF7A4
:106E800089F8AF193F1AFBF785F8884B1B68C3F3E5
:106E9000CB3307FB03F3691C8046039340F0C680A5
:106EA00023689A681206FCD46368B3F5827F00F009
:106EB0009C80012384F85D30236E00229B1A84F8A5
:106EC0005C2018BF0123184604B0BDE8F0810223FE
:106ED000184604B0BDE8F08140F480504860A068D6
:106EE000B0F5004F66D0086847069AD5A0E7B4F819
:106EF000462092B2002ABDD06F1C2FD18B68D807D4
:106F000012D5236CCA6823F8022BB4F846202364F8
:106F1000013A92B2A4F84620B4F846309BB2002B56
:106F2000A8D08B68D807ECD4FBF734F8B4F8463017
:106F30009BB2002B9ED02168E0E7226CDB6822F830
:106F4000023BB4F846302264013B9BB2A4F84630C1
:106F5000B4F846309BB2002B8CD023689A68D007D7
:106F6000EBD4FBF717F8831BAB42F1D31AE0226C8A
:106F70001B7B1370B4F84630226C013B01329BB28C
:106F80002264A4F84630B4F846309BB2002B3FF49C
:106F900071AF23689A68D707E9D4FAF7FBFF831B20
:106FA000AB42F0D3012384F85D30002384F85C30D9
:106FB000032388E7086820F040000860086820F490
:106FC00080400860086840063FF52FAF29E7A368B6
:106FD000B3F5004F03D0B3F5806F7FF450AF226854
:106FE000136823F04003136049E7A368B3F5004F2B
:106FF00003D0B3F5806F7FF45CAF3246294620465C
:10700000FFF712FA00283FF454AF236E43F0200339
:107010002366202323664CE700950425134680F859
:107020005D500A46FFF7C6FC03464CE723689B68A1
:107030001B067FF539AFFAF7ADFFA0EB0803BB42A3
:107040000BD2039A039B013B039323689B68002A9E
:1070500008BF00271B06EED426E7D4E900315A68A2
:10706000B1F5827F22F0E0025A6013D0A26AB2F535
:10707000005F07D11A6822F400521A601A6842F4BD
:1070800000521A60012384F85D30236E43F0200320
:107090002366BEE7A268B2F5004F02D0B2F5806F5A
:1070A000E4D11A6822F040021A60DFE728010020CC
:1070B000036A026A22F00102026270B444688269C3
:1070C0000D6822F4803222F073022A438D6823F087
:1070D00002032B43154DA84213D005F50065A842C5
:1070E0000FD005F54065A8420BD005F58065A84294
:1070F00007D005F58065A84203D005F50065A842D4
:107100000DD1CD6823F008032B43D1E9056524F4A4
:10711000407446EA050C23F004034CEA0404496871
:107120004460826170BC416303627047002C01407F
:10713000036A026A22F48072026270B44468C2690F
:107140000D6822F4803222F073022A438D6823F402
:10715000007343EA0523174DA84214D005F50065D6
:10716000A84210D005F5E055A8420CD0A5F58055F1
:10717000A8420FD005F58065A8420BD005F58065C3
:10718000A8420FD106E0CD6823F4006343EA05234B
:1071900023F48063D1E9056524F4405446EA050CE4
:1071A00044EA0C1449684460C26170BCC163036264
:1071B000704700BF002C0140036A026A22F480522B
:1071C000026270B44468C2690D6822F0807222F4D1
:1071D000E64242EA05228D6823F4005343EA053370
:1071E000164DA84214D005F50065A84210D005F54B
:1071F000E055A8420CD0A5F58055A8420FD005F562
:107200008065A8420BD005F58065A8420FD106E045
:10721000CD6823F4004343EA053323F48043D1E9E6
:10722000056524F4404446EA050C44EA8C14496898
:107230004460C26170BC016403627047002C01406D
:10724000002800F0998038B590F83D30044603F0EE
:10725000FF02002B7DD023684849022284F83D209C
:107260008B421A6861D0B3F1804F29D0A1F59431D7
:107270008B4225D001F580618B4221D001F58061E0
:107280008B421DD001F594318B424ED001F5E05177
:107290008B424AD0A1F580518B425FD001F58061CD
:1072A0008B425BD001F580618B4257D0A569616844
:1072B000E06822F080022A431A60D862996210E0E6
:1072C000A168206922F070020A4322F44072A16989
:1072D000024322F08002E0680A4361681A60D862C3
:1072E000996201225A611A69D20703D51A6922F0FC
:1072F00001021A61012384F8483084F83E3084F892
:107300003F3084F8403084F8413084F8423084F8CB
:10731000433084F8443084F8453084F8463084F8AB
:10732000473084F83D30002038BDA068216922F044
:107330007002024322F440720A43A16922F08002E3
:107340000A431A60E268DA6262689A6262691A63E2
:10735000C7E780F83C20FAF739FC7CE72069A1698F
:1073600022F44072024322F08002E0680A4361681E
:107370001A60D8629962E9E701207047002C014049
:1073800090F83D30012B32D103681A49022280F86F
:107390003D20DA688B4242F00102DA6019D0B3F185
:1073A000804F16D0144A934213D002F58062934264
:1073B0000FD002F5806293420BD002F594329342D3
:1073C00007D002F54062934203D002F58052934207
:1073D00007D19968094A0A40062A06D0B2F5803FCB
:1073E00003D01A6842F001021A60002070470120A1
:1073F000704700BF002C014000040040070001005E
:10740000704700BF002800F0998038B590F83D30F3
:10741000044603F0FF02002B7DD023684849022276
:1074200084F83D208B421A6861D0B3F1804F29D097
:10743000A1F594318B4225D001F580618B4221D09A
:1074400001F580618B421DD001F594318B424ED005
:1074500001F5E0518B424AD0A1F580518B425FD0BB
:1074600001F580618B425BD001F580618B4257D082
:10747000A5696168E06822F080022A431A60D86238
:10748000996210E0A168206922F070020A4322F498
:107490004072A169024322F08002E0680A436168F9
:1074A0001A60D862996201225A611A69D20703D51B
:1074B0001A6922F001021A61012384F8483084F825
:1074C0003E3084F83F3084F8403084F8413084F80E
:1074D000423084F8433084F8443084F8453084F8EE
:1074E000463084F8473084F83D30002038BDA0682D
:1074F000216922F07002024322F440720A43A1691A
:1075000022F080020A431A60E268DA6262689A62D4
:1075100062691A63C7E780F83C20FFF771FF7CE7D8
:107520002069A16922F44072024322F08002E068DF
:107530000A4361681A60D8629962E9E701207047DE
:10754000002C014010290AD8DFE801F019090909C7
:10755000530909095B090909630909096B0090F8D6
:107560004330012B6ED10B1F0C2B62D8DFE803F0E8
:10757000456161614D616161556161615D0090F8D6
:107580003E30012B5ED1022380F83E30036801F0CB
:107590001F01186A01228A4020EA02001862186A54
:1075A000324902438B421A6247D0314A934244D057
:1075B00002F54062934240D002F58062934243D08C
:1075C00002F5806293423FD002F50062934234D0CC
:1075D000B3F1804F3DD19968264A0A40062A06D069
:1075E000B2F5803F03D01A6842F001021A60002011
:1075F000704790F83F30012B24D1022380F83F30B0
:10760000C4E790F84030012B1CD1022380F84030B1
:10761000BCE790F84130012B14D1022380F84130AF
:10762000B4E790F84230012B0CD1022380F84230AD
:10763000ACE7022380F84330A8E75A6C42F40042DA
:107640005A64C8E7012070475A6C42F400425A64F9
:10765000C9E7094A9342BED002F580629342BAD08C
:1076600002F580629342B6D0BDE700BF002C014016
:1076700000340140070001000004004090F83C2065
:10768000012A7AD0034630B402680224012083F82C
:107690003D4083F83C009568614C2C4094600C6838
:1076A000702C6CD027D8502C79D02DD8402C40F09D
:1076B000A0804868CC68116A21F00A010843116A69
:1076C00021F001011162916921F0F00141EA0411F8
:1076D00091611062916821F4401121F0700141F034
:1076E0004701916000200121002283F83D1083F8BA
:1076F0003C2030BC7047B4F5005F6AD021D8B4F5A7
:10770000805018BF0120EEE7602CECD14868CC68AF
:10771000116A21F0A00141EA0011106A20F0100066
:107720001062906920F4704040EA04309061116268
:10773000916821F4401121F0700141F067019160DE
:10774000D0E738498C420ED05DD820398C420AD01F
:1077500006D824F01001B1F5801F04D00120C2E743
:1077600031498C42FAD1916821F4401121F0700125
:10777000214341F007019160B4E702207047D1E94D
:10778000015094682843CD6824F47F4140EA0520E5
:1077900008439060916841F077019160A2E74868E2
:1077A000CC68116A21F00A010843116A21F0010135
:1077B0001162916921F0F00141EA041191611062B6
:1077C000916821F4401121F0700141F0570191605E
:1077D00088E7D1E9015094682843CD6824F47F41BB
:1077E00040EA052008439060916841F4804191602F
:1077F00078E73FF678AF202CB5D00ED834F01001E2
:107800007FF471AFAFE709498C42ACD024F020057A
:1078100010398D427FF467AFA5E7302CA3D09DE7E8
:107820008800CEFF40001000300010006000100003
:10783000704700BF704700BF704700BF704700BF70
:10784000036870B5DE681C69A207054601D5B1075B
:1078500068D4630701D5700754D4210701D53207D6
:107860003ED4E00601D5F10626D4E20701D5F307A0
:107870007AD414F4025F62D030067DD4600602D55B
:10788000710600F18480A20602D5B30600F187805C
:10789000E00202D5F10200F18A80A20202D5B30211
:1078A00000F18D80600202D5710200F19080220209
:1078B00001D533024FD470BD2B686FF010021A61EE
:1078C00008222A77DB6913F4407F284640F096802F
:1078D000FFF7AEFF2846FFF7AFFF00232B77C4E783
:1078E0002B686FF008021A6104222A77DB699B0774
:1078F000284674D1FFF79CFF2846FFF79DFF002321
:107900002B77AEE72B686FF004021A6102222A7708
:107910009B6913F4407F284664D0FFF78BFF002358
:107920002B779AE76FF002021A61012202779B69B6
:107930009A075DD0FFF77EFF00232B7789E7E205EA
:107940009CD533069AD52B686FF480721A6128464D
:1079500000F03AFA92E72B686FF4000228461A61A9
:10796000BDE8704000F038BA2B686FF001021A6170
:107970002846F9F7A3FE7CE72B686FF402521A61E0
:10798000284600F01FFAE1057FF578AFDBE72B68AA
:107990006FF040021A612846FFF750FF73E72B682B
:1079A0006FF020021A61284600F00AFA70E72B688F
:1079B0006FF480121A61284600F008FA6DE72B6810
:1079C0006FF400121A61284600F002FA6AE72B6889
:1079D0006FF480021A61284600F0FCF967E7FFF7B0
:1079E00029FF8CE7FFF724FF2846FFF725FF96E7DE
:1079F000FFF71EFF2846FFF71FFF9DE7FFF71AFF5F
:107A00006BE700BF036A026A22F01002026270B4E0
:107A1000446882690D6822F0807222F4E64242EAEC
:107A200005228D6823F0200343EA0513164DA84272
:107A300014D005F50065A84210D005F5E055A84220
:107A40000CD0A5F58055A8420FD005F58065A84259
:107A50000BD005F58065A8420FD106E0CD6823F074
:107A6000800343EA051323F04003D1E9056524F4BC
:107A7000406446EA050C44EA8C044968446082612B
:107A800070BC816303627047002C014090F83C3069
:107A9000012B00F0E480012370B504460D4680F808
:107AA0003C30142A0CD8DFE802F0530B0B0B670BA9
:107AB0000B0B780B0B0B880B0B0B990B0B0B1000A4
:107AC000002384F83C30012070BD03682E681A6AD8
:107AD000196A21F4801119625868196D21F08071BA
:107AE00021F4E04141EA0621AE6822F4001242EAA4
:107AF00006525C4EB34213D006F50066B3420FD077
:107B000006F54066B3420BD006F58066B34207D057
:107B100006F58066B34203D006F50066B34204D191
:107B20006E6920F4802040EA8620586019656968F3
:107B3000D9641A621A6D296942F400621A651A6DD5
:107B400022F480621A651A6D42EA01221A650EE07B
:107B50000068FFF7ADFA83692A6943F0080383617F
:107B6000836923F0040383618369134383610023E2
:107B700084F83C30002070BD0068FFF743FF836944
:107B80002A6943F400638361836923F4806383611A
:107B9000836943EA02238361E9E70068FFF7C8FAD3
:107BA000C3692A6943F00803C361C36923F004036E
:107BB000C361C3691343C361D9E70068FFF7FCFAE7
:107BC000C3692A6943F40063C361C36923F4806312
:107BD000C361C36943EA0223C361C8E703682E682F
:107BE0001A6A196A21F4803119625868196D21F4F2
:107BF000803121F070013143AE6822F4003242EA54
:107C00000642184EB34213D006F50066B3420FD0B9
:107C100006F54066B3420BD006F58066B34207D046
:107C200006F58066B34203D006F50066B34204D180
:107C30006E6920F4803040EA062058601965696852
:107C400099641A621A6D296942F008021A651A6D60
:107C500022F004021A651A6D0A431A6587E70220AA
:107C6000704700BF002C014090F83C30012B4FD0F2
:107C700030B40268274D022380F83D30AA42536891
:107C80000C68844690681DD005F50065AA4234D082
:107C900005F5E055AA4215D023F0007323F07003D8
:107CA0002343B2F1804F536017D18B6820F08000DE
:107CB00018439060002001238CF83D308CF83C0084
:107CC00030BC70474D6823F470032B4323F00073DE
:107CD00023F0700323435360E7E70F4B9A42E4D04D
:107CE00003F580639A42E0D003F580639A42DCD0CA
:107CF00003F59A339A42DDD1D7E74D6823F4700338
:107D00002B4323F0007323F070031C435460CCE733
:107D100002207047002C01400004004090F83C30E5
:107D2000012B48D010B4D1E9024323F4407302463A
:107D3000234348680C6823F48063034323F40063FF
:107D40000869234323F480534C69034323F400530D
:107D5000086B234323F480438C69034323F470238B
:107D6000C86943EA044323F08053144C034310686A
:107D7000A04207D004F50064A04203D004F5E0540B
:107D8000A04210D18C6A23F4700343EA04530C6AB6
:107D900023F0807323434C6AC96A23F000732343A2
:107DA00023F000530B430021436482F83C10084643
:107DB0005DF8044B70470220704700BF002C014063
:107DC000704700BF704700BF704700BF704700BFDB
:107DD000704700BF704700BF704700BF70B50446D2
:107DE00003688268006961691D6802430A43E069AB
:107DF0009749024329400A431A605A68E168656A54
:107E000022F440520A4393495A608B429968A2690E
:107E100021F06E4121F4306100F0C180266A3243C6
:107E20000A439A60DA6A22F00F022A43DA628A4A27
:107E3000934239D0894A934211D0894A934259D00A
:107E4000884A934244D0884A934200F09B800120A4
:107E500000234FF00112C4E91D33A26670BD834BAD
:107E6000D3F8883003F00C030C2BF0D801A252F8A1
:107E700023F000BF797F00084F7E00084F7E000886
:107E80004F7E0008E77E00084F7E00084F7E000806
:107E90004F7E00083B7F00084F7E00084F7E0008A1
:107EA0004F7E0008097F0008704BD3F8883003F03C
:107EB0000303022B41D0032B26D0012B13D0B0F5A6
:107EC000004F00F0B380FEF711F9A0B3656A20E01F
:107ED000664BD3F8883003F0C003802B2DD000F21E
:107EE0009B80002B48D0B0F5004F00F0A780FDF735
:107EF000AFFFEAE75D4BD3F8883003F03003202B67
:107F00001BD0EED9302BA2D1B0F5004F19D04FF4D1
:107F100000406368564A32F81510B0FBF1F04FF696
:107F2000EF7200EB5300B0FBF3F0A0F110039342AB
:107F30008DD82368D86000208AE7B0F5004F4D48FF
:107F4000E7D162684A4B33F81510B0FBF1F05308E3
:107F500003EB40034FF6EF71B3FBF2F3A3F1100212
:107F60008A423FF674AF23F00F02216892B2C3F346
:107F700042031343CB60DEE7B0F5004F50D0FEF76D
:107F8000A3F8A2E7394BD3F8883003F44073B3F574
:107F9000007FD2D0A5D9B3F5407FB5D057E71143C4
:107FA0009960DA6A314922F00F022A43DA62D1F885
:107FB000883003F44063B3F5006F3AD041D8002B0A
:107FC00039D0FDF745FF0028B5D0656A6668284BB3
:107FD00006EB460133F81520B0FBF2F399423FF669
:107FE00036AFB3EB063F3FF632AF00231946F8F742
:107FF0007BFA72080302090241EA1061981841F104
:10800000000132460023F8F76FFA1B4BA0F54072CF
:108010009A423FF61CAF8CE7C02B3FF475AF16E7D2
:10802000FEF752F8002886D0656A8AE7FEF75EF808
:10803000F8E71048CAE7FEF747F8C4E7FDF708FF7E
:10804000F0E7B3F5406F7FF402AF4FF40040BDE7B7
:10805000F369FFCF00800040003801400044004039
:1080600000480040004C004000500040001002401A
:1080700094C700080024F400FFFC0F00836A1A076D
:1080800010B406D50168846B4A6822F4004222438A
:108090004A60DC0706D50168C46A4A6822F40032E7
:1080A00022434A60990706D50168046B4A6822F4A6
:1080B000803222434A605A0706D50168446B4A68F9
:1080C00022F4802222434A60DC0606D50168C46B94
:1080D0008A6822F4805222438A60990606D5016894
:1080E000046C8A6822F4005222438A605A0609D539
:1080F0000168446C4A6822F480122243B4F5801F60
:108100004A600BD01B0606D50268C16C536823F485
:1081100000230B4353605DF8044B70474A68846C3E
:1081200022F4C00222434A60ECE700BF38B50023C6
:108130000446C0F89030F9F72DFF226813681B073A
:1081400005460FD41368590731D400232022C4F800
:1081500088201846C4F88C20E3662367002384F83F
:10816000843038BDD3699802ECD40CE01968490713
:108170001A4605D5D96908074AD4D969090575D4BD
:10818000DB699802DED4F9F705FF431BB3F1007FEA
:108190002368EBD353E8002F22F0800243E800214C
:1081A0000029F7D12023C4F888300320D6E7D3690B
:1081B0005B02CAD40DE01A68500707D5DA691107C7
:1081C00000F18280DA69120500F1AC80DB695B02A4
:1081D000BBD4F9F7DFFE431BB3F1007F2368EAD37A
:1081E00053E8002F22F4907243E800210029F7D1D0
:1081F00003F1080252E8002F22F0010203F1080007
:1082000040E800210029F3D12023C4F88C30CCE7CA
:1082100008221A6253E8002F22F4907243E80021EA
:108220000029F7D1564803F1080252E8002F024016
:1082300003F1080545E800210029F4D1E26E012A86
:108240000BD0002220200821C4F88C006267E2666F
:1082500084F88420C4F890109CE753E8002F22F0A3
:10826000100243E800210029F7D1EAE74FF4006249
:108270001A6253E8002F22F4907243E8002100298B
:10828000F7D13F4803F1080252E8002F024003F102
:10829000080545E800210029F4D1E26E012A0AD040
:1082A00000222021C4F88C106267E26684F88420E2
:1082B000C4F890106EE753E8002F22F0100243E854
:1082C00000210029F7D1EBE708221A6253E8002FBA
:1082D00022F4907243E800210029F7D1284803F1E5
:1082E000080252E8002F024003F1080545E800218A
:1082F0000029F4D1E26E012A0BD0002220200821AF
:10830000C4F88C006267E26684F88420C4F8901098
:1083100066E753E8002F22F0100243E8002100290D
:10832000F7D1EAE74FF400621A6253E8002F22F413
:10833000907243E800210029F7D1114803F10802A7
:1083400052E8002F024003F1080545E8002100290A
:10835000F4D1E26E012A0AD000222021C4F88C1048
:108360006267E26684F88420C4F8901038E753E826
:10837000002F22F0100243E800210029F7D1EBE79B
:10838000FEFFFFEF80B3D0F8883010B5044633B35A
:108390002268A16A2423C4F88830136823F00103FB
:1083A0001360C1B92046FFF719FD012811D02368D9
:1083B0005A6822F490425A609A6822F02A029A601F
:1083C0001A6842F0010220461A60BDE81040FFF72B
:1083D000ADBE012010BD2046FFF750FEE2E780F859
:1083E0008430F9F7E5FCD3E70120704790F884303A
:1083F000012B17D00268242310B4C0F8883011680C
:108400001468002324F0010421F000511460436635
:10841000116080F884302022C0F888205DF8044B79
:10842000184670470220704790F88420012A37D000
:1084300003460268242030B5C3F888001468106829
:1084400020F001001060906820F060400143586EF9
:10845000916010B391689068124DC1F3426C4FEA7D
:10846000507E114911F80E0011F80C1015F80EE0AD
:1084700015F80C50C000C900B0FBFEF0B1FBF5F1DF
:10848000A3F868100021A3F86A002025146083F87F
:1084900084100846C3F8885030BD01210846EFE734
:1084A00002207047ACC70008B4C7000890F88420C9
:1084B000012A37D003460268242030B5C3F888006B
:1084C0001468106820F001001060906820F060606F
:1084D0000143586E916010B391689068124DC1F3DA
:1084E000426C4FEA507E114911F80E0011F80C1041
:1084F00015F80EE015F80C50C000C900B0FBFEF0F6
:10850000B1FBF5F1A3F868100021A3F86A0020255B
:10851000146083F884100846C3F8885030BD0121E8
:108520000846EFE702207047ACC70008B4C7000850
:1085300003464BF680720020A3F84400A3F84020C5
:10854000704700BFB0F84010034644F27F020A4073
:108550000020A3F840207047034682B04FF0010C82
:108560000020A3F840C00DF1080CA3F840000CE96E
:108570000600A3F84400A3F8500002B0704700BF03
:1085800070B50C7891F803E00FFA84FC034630F8DC
:108590002C2022F4EC4222F070021204120CBEF1E4
:1085A000030F00F2F181DFE81EF0F200F500AB00EE
:1085B000040042F4C06248F28000024323F82C20F9
:1085C00033F82C2022F4E04222F070021204120C44
:1085D0002243104323F82C000A7B002A00F0A280DB
:1085E000002033F82C2022F4E24222F07002120420
:1085F000120C42F4004242F0800223F82C20B3F81F
:1086000050500A8903EBC40414FA85F5520852004D
:10861000A5F80024B3F850504A8914FA85F5520899
:108620005200A5F804244A78002A40F0078133F864
:108630002C2055040DD533F82C2022F4E04222F0F2
:1086400070021204120C42F4404242F0800223F8FD
:108650002C2033F82C2052060DD533F82C2022F490
:10866000E04222F070021204120C42F4004242F086
:10867000C00223F82C20B3F850200D6914FA82F2BE
:1086800004F20644B2F80214C1F30901A2F802147C
:10869000002D00F019813E2D00F257816908EE0788
:1086A00048BF01318D02B2F80214ADB289B229433C
:1086B000A2F80214B3F8502092B2115BC1F3090181
:1086C0001153115B89B20D43155333F82C2022F45A
:1086D000804222F070021204120C48F2800182F4EF
:1086E00040520A4323F82C2033F82C2022F4E04295
:1086F00022F040021204120C114323F82C1070BD1A
:1087000048F28000024323F82C2033F82C20AA4D95
:1087100092B22A402243104323F82C000A7B002AFD
:1087200040F0F4800020CA884E785208520003EBD3
:10873000C405DEB3B3F8501015FA81F1A1F8002496
:1087400033F82C2052060DD533F82C2022F4E042C9
:1087500022F070021204120C42F4004242F0C002F5
:1087600023F82C2033F82C2022F4E04222F040029F
:108770001204BEF1010F4FEA124210D082F0200223
:1087800042F4004242F0800223F82C2070BD42F4F3
:10879000007210E742F480620DE782F4005242F466
:1087A000004242F0800223F82C2070BD0E69B3F81D
:1087B000501015FA81F1A1F80424B3F8502015FAED
:1087C00082F2B2F80614C1F30901A2F80614002ED1
:1087D00000F092803E2E00F2A580B2F806147508D3
:1087E000F60748BF013589B241EA852189B2A2F86E
:1087F000061433F82C2056040DD533F82C2022F41F
:10880000E04222F070021204120C42F4404242F0A4
:10881000800223F82C2033F82C2022F4804222F00E
:1088200070021204120C002CB7D182F4405242F4B0
:10883000004242F0800223F82C2070BD33F82C2037
:1088400051040DD533F82C2022F4E04222F07002BE
:108850001204120C42F4404242F0800223F82C2011
:1088600033F82C2052060DD533F82C2022F4E042A8
:1088700022F070021204120C42F4004242F0C002D4
:1088800023F82C2033F82C2022F4E04222F040027E
:108890001204120CBEF1010F18BF82F0200242F444
:1088A000004242F0800223F82C2033F82C2022F4DE
:1088B000804222F070021204120C42F4004242F094
:1088C000800223F82C2070BDB2F802146FEA4141F7
:1088D0006FEA514189B2A2F80214B3F8501089B27C
:1088E0000A5BC2F309020A530A5B6FEA42426FEA6B
:1088F000524292B20A53E8E6B2F806146FEA4141D6
:108900006FEA514189B2A2F8061472E733F82C20BD
:1089100092B22A4042F4014242F0800223F82C2015
:1089200000206CE6F106B2F806144FEA561508BFAF
:1089300005F1FF3589B241EA85216FEA41416FEACD
:10894000514189B2A2F8061453E76909ED0608BF40
:1089500001F1FF31B2F80254890289B2ADB20D4380
:1089600045F40045A2F80254B3F85050ADB22A5B6A
:10897000C2F309022A532A5B0A436FEA42426FEAB2
:10898000524292B22A53A0E648F28000024323F8F2
:108990002C2033F82C2022F4E04222F07002120442
:1089A000120C2243104323F82C000A7B0120002ADA
:1089B0007FF417AEB7E600BF8F8FFFFF10B40C7BBC
:1089C0004A780B78CCB9002A00F0B58030F8232023
:1089D000540600F1C98030F8232022F4E04222F04E
:1089E00040021204120C42F4004242F0800220F8CD
:1089F00023205DF8044B00207047002A4DD130F849
:108A0000232052040DD530F8232022F4E04222F036
:108A100070021204120C42F4404242F0800220F82C
:108A2000232030F8232054060DD530F8232022F4DB
:108A3000E04222F070021204120C42F4004242F0B2
:108A4000C00220F8232030F823205DF8044B22F4E4
:108A5000E04222F070021204120C42F4004242F092
:108A6000C00220F8232030F8232022F4804222F094
:108A70007002120448F28001120C0A4320F82320ED
:108A800030F8232022F4E04222F040021204120CBB
:108A9000114320F823100020704730F823205104A0
:108AA0000DD530F8232022F4E04222F070021204A7
:108AB000120C42F4404242F0800220F8232030F8A9
:108AC000232052060DD530F8232022F4E04222F074
:108AD00070021204120C42F4004242F0C00220F86C
:108AE000232030F823205DF8044B22F4E04222F0EA
:108AF00070021204120C42F4404242F0800220F84C
:108B0000232030F8232022F4E04222F04002120415
:108B100048F28001120C0A4320F8232030F8232069
:108B200022F4804222F070021204120C114320F849
:108B300023100020704730F8232051040DD530F861
:108B4000232022F4E04222F070021204120C42F4BC
:108B5000404242F0800220F8232030F8232022F403
:108B6000804222F070023CE730F8232022F4E042F9
:108B700022F070021204120C42F4004242F0C002D1
:108B800020F8232027E700BF2DE9F04F4B780C7B1E
:108B9000012B83B036D0F4B1CB78022B00F0A88043
:108BA000012B40F0A18000230A788B6112B230F8CB
:108BB000223023F4804323F070031B041B0C83F446
:108BC000405343F4004343F0800320F82230002058
:108BD00003B0BDE8F08F8A690C78002A6ED1CB789B
:108BE000002B00F0A68030F8243023F4E24323F079
:108BF00070031B041B0C43F4004343F0800320F874
:108C00002430D0E70D698A694B69AA4228BF2A46F9
:108C100000F5806C54BB95B2CE8801356D08664472
:108C200007D003EB4505F61A1C889C530233AB4270
:108C3000FAD1B0F850300C7800F2024515FA83F3FF
:108C400003EBC40392B21A800A7830F8223023F47E
:108C5000E04323F040031B041B0C83F0300343F478
:108C6000004343F0800320F82230B0E7CE780C6A4E
:108C700091F800E0022E6BD0A41A30F82E500C624E
:108C800094B2013415F0400F92B2B0F850504FEA50
:108C9000540400F0AE8000F2064616FA85F525F879
:108CA0003E204D896544002CCED003EB4404ED1AE0
:108CB0001A885A5302339C42FAD1C5E730F824305F
:108CC00023F4E24323F070031B041B0C43F4004322
:108CD00043F0800320F824300B699A427FF663AF9B
:108CE000D31A8B610A7861E7012003B0BDE8F08FE9
:108CF000CB690A78002B3FF459AF14B244F2400319
:108D000030F8245003EA0506AB4302D0002E7FF46E
:108D10004DAF30F8243023F4E04323F070031B04FC
:108D20001B0C43F4004343F0C00320F824300A78BE
:108D30003CE730F8243023F4E04323F070031B04B5
:108D40001B0C43F4014343F0800320F824302AE74E
:108D5000A54200F2024B60D230F82E6026F4E046C5
:108D600026F070063604360C46F4014646F08006BE
:108D700020F82E6030F82E6097B2A41A013716F052
:108D8000400F0C62B0F850604FEA57071FFA82F8A4
:108D900000F2064966D019FA86F626F83E804E891A
:108DA000664467B1A6EB030903EB470A1E4601952B
:108DB000358826F8095002365645F9D1019D1344ED
:108DC000A5424B617CD2A21A0A62B0F850201BFA6D
:108DD00082F222F83E800A896244002F3FF434AFC9
:108DE00003EB4707D41A1A881A530233BB42FAD14D
:108DF0002AE700F2024616FA85F525F83E200D898D
:108E00006544002C3FF420AF03EB4404ED1A1A88AC
:108E10005A5302339C42FAD116E730F82E2022F43E
:108E2000E24222F070021204120C42F4004242F0BC
:108E3000800220F82E20B0F850201BFA82F2A5B252
:108E400022F83E502C4601340D89620865443FF4F7
:108E5000FBAE03EB4202ED1A1C885C5302339A42CC
:108E6000FAD1F1E61BFA86F626F83E800E896644B2
:108E700067B1A6EB030A03EB470B1E460195358845
:108E800026F80A5002365E45F9D1019D1344A542E9
:108E90004B611CD2A41AB0F850200C6219FA82F26D
:108EA00022F83E804A896244002F3FF4CDAE03EBA6
:108EB0004707D41A1A881A530233BB42FAD1C3E6C1
:108EC000A7B201371FFA84F87F0800227CE7A7B217
:108ED00001371FFA84F87F080024DCE74B780A7812
:108EE0008BB130F8223023F4E04323F040031B041D
:108EF0001B0C83F0100343F4004343F0800320F87D
:108F000022300020704730F8223023F4804323F0D1
:108F100070031B041B0C83F4805343F4004343F0A1
:108F2000800320F822300020704700BF4B780A7879
:108F300033B330F822305B060DD530F8223023F4FD
:108F4000E04323F070031B041B0C43F4004343F085
:108F5000C00320F82230CB78012B0FD030F822301C
:108F600023F4E04323F040031B041B0C83F0200395
:108F700043F4004343F0800320F822300020704780
:108F800030F822305B040DD530F8223023F4E04372
:108F900023F070031B041B0C43F4404343F0800395
:108FA00020F8223030F8223023F4804323F070037D
:108FB0001B041B0C83F4405343F4004343F0800331
:108FC00020F822300020704711B98023A0F84C30DF
:108FD0000020704702460020B2F858306FEA434341
:108FE0006FEA53439BB2A2F858307047B0F8440080
:108FF00080B27047013302F580625B08104408D0EC
:109000000A46801A01EB43011388135202328A4246
:10901000FAD1704770B502F580625E0800EB020578
:109020001CD06FF00104641A8A1C2C44B64634F834
:1090300002C002321FFA8CFC4FEA1C20BEF1010E66
:1090400002F804CC02F8030CF1D105EB4602DB0771
:1090500001EB460144BF13880B7070BD2A46DB0745
:1090600044BF13880B7070BD10B5D0F8BC4284B1FA
:10907000D0F8C0325BB194F80002FF2807D09B689B
:1090800094F8012221469847FF2384F800320020FB
:1090900010BD032010BD00BF43230380004870476C
:1090A000780100204323038000487047BC01002062
:1090B0004323038000487047340100200A230380C3
:1090C000004870473802002038B5D0F8BC527DB156
:1090D000044601F07BF8D4F8C0320246DB68D5F8CC
:1090E0000402C5F80C2205F503719847002038BD2D
:1090F000032038BD70B5D0F8BC52D0F8C4421DB3BF
:1091000001EB810E00EB8E068446B3690A466BB90B
:10911000DCF8C0321B690021C5F8141223B1D5F860
:10912000080205F504719847002070BD04EBCE04D9
:10913000246AB3FBF4FE04FB1E33002BE8D1B361B9
:109140001A4601F02BF8EFE7032070BD70B5D0F898
:10915000BC5282B000238DF80530ADF806305DB109
:109160000B7813F0600206460C461DD0202A06D06C
:109170002146304600F006FD032002B070BDCA88CB
:1091800091F801C072B31B064CD5D6F8C0322946FF
:109190009B6860469847E288072A294628BF07222D
:1091A000304600F023FD22E04B780B2BE0D801A2E3
:1091B00052F823F0FD910008EF910008719100082A
:1091C0007191000871910008719100087191000877
:1091D00071910008719100087191000811920008C6
:1091E000F3910008D0F8C03260469B689847002091
:1091F000C3E790F89C32032BF9D0B9E790F89C3282
:10920000032BB5D102220DF1060100F0EFFCEEE7D1
:1092100090F89C32032BABD101220DF1050100F037
:10922000E5FCE4E785F800C285F80122294600F054
:10923000F3FCDCE738B504460025812100F06AFF25
:1092400001212587204600F065FF8221A4F878518E
:10925000204600F05FFFD4F8BC32E5644BB1D4F88F
:10926000C0325B689847D4F8BC0200F0E1FFC4F854
:10927000BC52002038BD00BF70B504464FF40770E3
:1092800000F0D2FF0546002849D0237CC4F8BC0278
:109290007BB3402302228121204600F02DFF0121D3
:1092A000402321870222204600F026FF01261023BA
:1092B0000322A4F84E3082210823A4F878612046C6
:1092C00000F01AFFD4F8C032A4F84C601B6898472D
:1092D0000023C5F81432C5F81832237CD5F80422CF
:1092E000BBB94FF400733146204600F063FF002005
:1092F00070BD4FF4007302228121204600F0FCFE75
:1093000001214FF4007321870222204600F0F4FE71
:10931000CCE740233146204600F04CFFE7E7C4F895
:10932000BC02022070BD00BF19B1C0F8C0120020FD
:1093300070470320704700BFD0F8BC322BB1C3F890
:109340000812C3F81022002070470320704700BFA6
:10935000D0F8BC321BB1C3F80412002070470320C0
:10936000704700BFD0F8BC2292B110B5D2F81442B9
:109370000CB1012010BD0123C2F81432D2F8103212
:10938000D2F80822C362812100F008FF204610BDF8
:1093900003207047D0F8BC228AB108B5037CD2F80C
:1093A00004222BB14023012100F004FF002008BD5E
:1093B0004FF40073012100F0FDFE002008BD0320E2
:1093C000704700BF78B10023C0F8B832C0F8C0328F
:1093D000C0F8CC3209B1C0F8B412012380F89C3235
:1093E000027000F039BE0320704700BF10B582B094
:1093F0000023ADF8063061B1CB6AC0F8B81204465C
:1094000023B10DF106009847C4F8CC02002002B049
:1094100010BD032002B010BD00F062BED0F8B8321B
:109420000BB11B6818470320704700BF08B5D0F880
:10943000B8320BB15B689847002008BD38B50446C8
:1094400000F2AA25284600F091FB94F8AA12B4F87D
:10945000B022C4F898220123C4F8943201F01F030B
:10946000012B0ED0022B06D08BB929462046BDE831
:10947000384000F0F7B829462046BDE8384000F0F3
:10948000D9BA29462046BDE8384000F09DBA2046AA
:1094900001F08001BDE8384000F048BE10B5044638
:1094A00031B91346D0F89422032A0DD0002010BD04
:1094B00090F89C32032BF9D1D0F8B8329B69002B7D
:1094C000F4D0BDE810401847D0E95712914208D8AF
:1094D00090F89C32032B0ED0204600F0B3FB002006
:1094E00010BD891A8A4228BF0A46C0F85C11194685
:1094F00000F0A0FBDAE7D0F8B8321B69002BEBD004
:109500009847E9E770B5044651B91346D0F894225C
:10951000022A11D094F8A032012B22D0002070BD75
:1095200090F89C32032BF9D1D0F8B8325B69002B4C
:10953000F4D0BDE870401847D0E90726B2420D4686
:1095400014D81FD094F89C32032B28D080212046B9
:1095500000F0ECFD204600F081FB94F8A032012BD6
:10956000DCD1002384F8A032002070BD921BC261C0
:10957000194600F049FB2B462A462946204600F0B2
:1095800019FEC7E783699A42DCD8D0F89822934243
:10959000D8D20A4600F038FBC4F89852EBE7D4F86A
:1095A000B832DB68002BD1D020469847CEE700BF09
:1095B000D0F8B8320021012280F89C224160C0F826
:1095C0009412C0F8A412EBB1D0F8BC2270B50446D6
:1095D00012B15B6803B1984700224025114601266D
:1095E0004023204600F088FDA4F86461C4F860516F
:1095F0002B4600228021204600F07EFD0020A6841C
:10960000256270BD0320704701740020704700BFC1
:1096100090F89C2203460421D2B283F89D220020B8
:1096200083F89C12704700BF90F89C32042B04D141
:1096300090F89D32DBB280F89C320020704700BF6A
:10964000D0F8B82262B108B590F89C32032B01D053
:10965000002008BDD369002BFAD09847002008BD30
:109660000320704730B50B7803F06003202B83B0E4
:109670000D46044628D0402B26D05BB180212046E1
:1096800000F054FD0021204600F050FD0025284642
:1096900003B030BD4B78092BF0D801A252F823F06B
:1096A000139700083B9700087D960008599700081B
:1096B0007D960008619700089B9700087D9600083A
:1096C000F1970008DB960008D4F8B8329B68294669
:1096D000204603B0BDE8304018478978B74D0129CE
:1096E000297000F24A8190F89C32022BDAB200F025
:1096F0002B81032A00F00681802100F017FD002154
:10970000204600F013FD29782046FFF78FFE032541
:10971000BDE790F89C32013B022BAFD8CA88022AE1
:10972000ACD1D0F8A4320146002B0CBF0123032397
:1097300041F80C3F00F05AFAA8E790F89C32013B40
:10974000022B9BD84B88012BA0D10023C4F8A43254
:10975000204600F077FA99E74B88012B96D1F5E780
:109760008B88002B8AD1CB88002B87D14B887F2B0D
:1097700084D890F89C22032A80D0DDB280F89E52D3
:10978000294600F0FFFC204600F05CFA002D00F0B6
:109790001781022384F89C3278E74A88130A002153
:1097A000013BADF806100E2B3FF668AF01A151F852
:1097B00023F000BF93980008799800086798000884
:1097C0007D9600087D96000851980008A39800082F
:1097D0007D9600087D9600087D9600087D9600081D
:1097E0007D9600087D9600087D960008199800086F
:1097F000CA88012A7FF442AF90F89C32022BD9B27A
:1098000000F2B48000293FF439AF0146002341F84B
:10981000083F00F0EBF939E7D0F8B432DB69002BF0
:109820003FF42CAF207C0DF106019847EB88002B0C
:109830008ED0BDF80620002A3FF420AF9A4228BF00
:109840001A4601462046ADF8062000F0CFF91DE784
:10985000037C002B7FF412AFD0F8B8320DF1060074
:109860005B6B9847E2E7D2B2052A3FF607AFDFE825
:1098700002F0433D37312B25027CD0F8B832002A64
:1098800040F08D809B6A0DF10600984702234370DB
:10989000CCE7D0F8B432007C1B680DF10601984784
:1098A000C4E7037C002B7FF4E9AED0F8B8320DF1A9
:1098B00006001B6B984707234370B7E7D0F8B43214
:1098C0009B69002BAED1D9E6D0F8B4325B69002B8E
:1098D000A8D1D3E6D0F8B4321B69002BA2D1CDE6D3
:1098E000D0F8B432DB68002B9CD1C7E6D0F8B43294
:1098F0009B68002B96D1C1E6D0F8B4325B68002B90
:1099000090D1BBE6002940D0416801293FF420AF47
:10991000C9B2FFF78BFD297861602046FFF77EFD15
:10992000054600283FF414AF8021204600F0FEFBDE
:109930000021204600F0FAFB21792046FFF776FD52
:10994000022384F89C32A2E600293FF401AF0121F2
:109950004160FFF763FD054640B38021204600F0DB
:10996000E5FB0021204600F0E1FB90E603297FF4AF
:1099700085AE011D00F03AF988E6802100F0D6FBA3
:109980000021204600F0D2FBC1E6022380F89C3281
:109990004160FFF74BFD204600F054F976E6DB6AA4
:1099A0000DF106009847022343703FE7204600F080
:1099B00049F9032384F89C3268E600BF080C0020B4
:1099C000012384F89C3261E670B50B785A060D4687
:1099D00004460DD503F06002402A09D0802100F032
:1099E000A5FB0021204600F0A1FB0026304670BDFB
:1099F00094F89C32013B022B12D82B79012B0FD803
:109A0000D4F8B83229469B6820469847EB8806462A
:109A1000002BEBD10028E9D1204600F013F9E5E74F
:109A20008021204600F082FB0021204600F07EFBD2
:109A3000DBE700BF70B50B788A8803F06003202B4A
:109A40000C4605464AD0402B48D04BB180212846D1
:109A500000F06CFB0021284600F068FB002070BD80
:109A60006378012BD1B22AD0032B3FD0002BEDD14C
:109A700090F89C32022BD8B252D00328E6D101F0E4
:109A80000F0303EB8303120605EB830357D4B3F8EC
:109A90006431002BDAD0142404FB015404F5AA74B9
:109AA000002958D0284600F059FB002859D001233E
:109AB000236002222146284600F098F8CEE790F86D
:109AC0009C32022BDAB222D0032ABFD16388002B4A
:109AD000C4D14E0642D1284600F0B4F8D5F8B832C9
:109AE000214628469B68BDE87040184790F89C3294
:109AF000022BDAB20BD0032AA8D163881BB94A061D
:109B000001D0E3887BB3284600F09CF8A6E74B061B
:109B10009CD000F00BFB8021284600F007FB9DE75E
:109B2000480693D111064CBF05F1140105F5AA7141
:109B300000230B600222284600F058F88EE79B8C29
:109B4000002B83D001F07F04013404EB84048029CE
:109B500005EB8404A6D100232360AAE700F0F2FA03
:109B6000B9E72060A5E700F0E1FACCE70B780370D5
:109B70004B7843704B8843808B888380CB88C3802D
:109B8000704700BF10B58021044600F0CFFA204690
:109B90000021BDE8104000F0C9BA00BF08B370B59D
:109BA00003780E4614460546E3B10130F6F728FE69
:109BB000431CDBB201335B00DAB223800323327033
:109BC00073702C7864B12846022300215A1CD2B24B
:109BD000F454B15410F8014F0233DBB2002CF5D12C
:109BE00070BD704702221346E7E700BF08B5134671
:109BF0000A460221C0E90633C0F89412002100F0A1
:109C0000CDFA002008BD00BF08B513460A46002162
:109C100000F0C4FA002008BD08B513460A46032127
:109C2000C0E95633C0F89412002100F0C3FA0020B6
:109C300008BD00BF08B513460A46002100F0BAFA75
:109C4000002008BD08B504210023C0F894121A466C
:109C5000194600F0A3FA002008BD00BF08B5052191
:109C60000023C0F894121A46194600F0A3FA002007
:109C700008BD00BF08B5184918480022FFF7A2FB2D
:109C800070B917491548FFF7B1FB88B91549134852
:109C9000FFF74AFBA0B91148FFF7BEFBB8B908BDF2
:109CA000F7F732FD0E490D48FFF7A0FB0028EDD075
:109CB000F7F72AFD0B490948FFF736FB0028EAD0E1
:109CC000F7F722FD0548FFF7A7FB0028E7D0BDE81E
:109CD0000840F7F719BD00BF8C0200200C0C0020D3
:109CE000000200204402002000207047002070473E
:109CF0000020704738B5074D0988044601F0B6FCCE
:109D000021462846FFF724FB2846FFF743FB0020A7
:109D100038BD00BF0C0C002010B5064C06490022CF
:109D20002046FFF709FB05492046FFF711FB0020FD
:109D300010BD00BF0C0C0020DC0E0020DC16002043
:109D400010B5094CD4F8BC32D3F814320BB1012051
:109D500010BD0A4601462046FFF7EEFA2046BDE850
:109D60001040FFF7FFBA00BF0C0C0020122301487F
:109D70000B80704778020020042301480B80704755
:109D80007402002010B5044C04480A462146FFF72F
:109D900005FF204610BD00BFDC1E0020BCC7000828
:109DA00010B5044C04480A462146FFF7F7FE20464A
:109DB00010BD00BFDC1E0020C4C7000810B5044C55
:109DC00004480A462146FFF7E9FE204610BD00BFC1
:109DD000DC1E0020D4C7000810B5044C04480A4615
:109DE0002146FFF7DBFE204610BD00BFDC1E002031
:109DF000E4C70008514AD2F89035D2F898054FF0E0
:109E00001A0C1B18A1F800C001D14D487047D2F8B8
:109E100094154B4A180FB3F1204F4FF0000C2CBF94
:109E20003730303082F803C0C3F3036CBCF1090F44
:109E3000907060464FF0000C8CBF3730303082F8A5
:109E400005C0C3F3035CBCF1090F107160464FF00D
:109E5000000C8CBF3730303082F807C0C3F3034C9E
:109E6000BCF1090F907160464FF0000C8CBF373089
:109E7000303082F809C0C3F3033CBCF1090F107203
:109E800060464FF0000C8CBF3730303082F80BC08A
:109E9000C3F3032CBCF1090F907260464FF0000C25
:109EA0008CBF3730303082F80DC0C3F3031CBCF1D7
:109EB000090F107360468CBF37303030907303F059
:109EC0000F000346092894BF303337330020B1F127
:109ED000204F13744FEA11732CBF37333033507453
:109EE000C1F303600928937403468CBF37333033C2
:109EF000C1F3035009284FF0000C137503468CBFC3
:109F000037333033C1F3034082F80FC04FF0000CF9
:109F1000092882F813C093754FF0000C034682F8AD
:109F200015C098BF30334FF0000C88BF3733002185
:109F3000034882F817C01376517670470070FF1FF0
:109F40005802002010B5044696B05422002101A802
:109F5000F6F7C2FC114B22689A4201D016B010BD30
:109F60004FF4005301A80193FCF7D2F898B90C4BB9
:109F7000986D40F4000098659B6D002203F4000387
:109F8000114600931420009BF9F70CF81420F9F700
:109F900045F816B010BDF7F7B7FBE8E7005C0040E6
:109FA0000010024000F52671D0F8D802FFF746BA3B
:109FB00001EB810300EBC303D0F8D802D3F864218E
:109FC000FFF76CBA01EB810300EBC303D0F8D802B2
:109FD0005A6AFFF797BA00BFD0F8D802FFF730BB34
:109FE00010B54379022B044601D0F7F78DFBD4F866
:109FF000D8020121FFF708FBD4F8D802BDE81040D1
:10A00000FFF7D6BA10B50446D0F8D802FFF700FB28
:10A01000637A23B1024A136943F00603136110BD4A
:10A0200000ED00E010B5437A04462BB9D4F8D8020D
:10A03000BDE81040FFF7F8BA064A136923F006039B
:10A040001361F7F7BBFAD4F8D802BDE81040FFF768
:10A05000EBBA00BF00ED00E010B51F4B04464FF413
:10A0600002721E48C3F8D842022118609A80C4F8D0
:10A07000C43200221846C3F80710DA72FAF714FC4B
:10A0800030BB00221146D4F8C4021823FBF7E8FBCA
:10A09000D4F8C402582300228021FBF7E1FBD4F856
:10A0A000C402C02300228121FBF7DAFBD4F8C402EA
:10A0B0004FF4887300220121FBF7D2FBD4F8C402CD
:10A0C0004FF4807300228221FBF7CAFB002010BDF1
:10A0D000F7F71AFBD5E700BFFC220020005C004028
:10A0E00008B5D0F8C402FAF7C9FC18B102280CBFB1
:10A0F0000120032008BD00BF944608B51A46D0F8D9
:10A10000C4026346FBF782FA18B102280CBF012093
:10A11000032008BD08B5D0F8C402FBF7B3FA18B1A4
:10A1200002280CBF0120032008BD00BF08B5D0F8ED
:10A13000C402FBF71DFB18B102280CBF012003204D
:10A1400008BD00BF08B5D0F8C402FBF74DFB18B13D
:10A1500002280CBF0120032008BD00BF0A06D0F86A
:10A16000C43206D401EB810103EBC10393F8520121
:10A17000704701F07F0101EB810103EBC103987C83
:10A18000704700BF08B5D0F8C402FBF72BFA18B12E
:10A1900002280CBF0120032008BD00BF08B5D0F87D
:10A1A000C402FBF7C7FA18B102280CBF0120032034
:10A1B00008BD00BF08B5D0F8C402FBF797FA18B184
:10A1C00002280CBF0120032008BD00BFD0F8C40244
:10A1D000FBF7A6BA10B5044679B1012900D010BD2D
:10A1E000D0F8D802FFF714FA637A002BF7D00D4AA3
:10A1F000136943F00603136110BD437A2BB9D4F8F9
:10A20000D802BDE81040FFF70FBAF7F7D7F9054AB3
:10A21000D4F8D802136923F00603BDE81040136197
:10A22000FFF702BA00ED00E000487047DC20002094
:10A23000704700BF4A4AF8B500241470494A4A4B97
:10A2400014804A4A4A4E14804A4A4B4F14804B4A63
:10A250004B4D14704B4A386014704B4A14604B4A93
:10A2600014604B4A13604B4A2146136030463C222F
:10A27000F6F732FB21463822A6F120042846F6F7ED
:10A280002BFB454BE360454B23612364012384F89A
:10A29000203085F83430424BE365424A424B46F861
:10A2A000202C4FF07C5146F81C1C23663F4E404941
:10A2B000404A414BA160A2616362404A404B6264E4
:10A2C0004FF4FA713F4AE161A3627F213E4B636123
:10A2D0003046A264F8F760FD7F213C48F8F75CFD4A
:10A2E0007F213B48F8F758FD30463A4E3968042242
:10A2F000F8F76AFC4FF400313046FAF753F84FF4A0
:10A3000080113046FAF736F83348344EFDF738F806
:10A310003348FDF735F83348FDF732F80821304669
:10A32000FDF710F901F0A8F8204601F0A7F8E2695E
:10A330003168B2F57A7F28BF4FF47A720023CA637E
:10A340002846E261AA6223636363A36323656365AE
:10A35000A36500F053FFBDE8F84001F059B900BF14
:10A36000E8250020E62500203333D33FE4250020F4
:10A3700048260020E2250020EC250020E1250020D1
:10A38000F0250020E0250020DC250020D825002035
:10A39000B0020020AC020020000004420000204176
:10A3A0000AD7233C0000A0403333733FE00600206F
:10A3B0000000A042000010428FC2F53C0AD7A33C27
:10A3C0006F12033A52499D390000C04074060020C4
:10A3D0000806002050070020880A00209809002065
:10A3E000380A0020E809002038B56D4C6D4D94F80E
:10A3F000323095F8202013BB012384F83230002A34
:10A4000000F0AB80D5ED057A95ED067A664BF1EE5E
:10A410000C6AF4EEE67AF1EE10FA08DCF1EE0C7A52
:10A42000B4EEE77AF1EE10FA98BFF0EE477A1B78B7
:10A43000002B4DD1BDE83840594800F039BF042BFE
:10A4400064D1002A00F08880238E013B9BB2022B4E
:10A4500000F2828095ED057AD5ED066AF1EE0C7A70
:10A46000B4EEE77AF1EE10FA08DCF4EEE76AF1EE0A
:10A4700010FA8CBFB0EE677AB0EE667A4A4B1A7863
:10A48000002A69D0D4ED027AF4EEC77AF1EE10FA20
:10A4900062DBF4EEE76AF1EE10FA5DDBD5ED057AEA
:10A4A000424895ED067AF1EE0C6A0021F4EEE67A68
:10A4B000002201802186F1EE10FA4FF0010184F8AC
:10A4C00032102A636A63AA632A656A65AA65A5DDF4
:10A4D000D4ED026AF4EEE76AF1EE10FAAADBB4EE0C
:10A4E000E67AF1EE10FAA5DB0220002300222F49C4
:10A4F00084F8320022862B636B63AB632B656B653C
:10A50000AB65BDE838400A8000F098BE2AB3012B45
:10A510003FF478AF022B1FD1002000F0AFFE94ED86
:10A52000027AF2EE007AB4EEE77AF1EE10FA26D46F
:10A530001E4ADFED1F6A138895ED007A01339BB246
:10A5400007EE903AF8EE677A138067EEA67AF4EE9B
:10A55000C77AF1EE10FA0ADA38BD144B104801211F
:10A56000002261861A80BDE8384000F0A1BE0323B6
:10A5700084F83230BDE83840012000F07FBE012170
:10A5800000236186094A2B63002120466B63AB637D
:10A590002B656B65AB65BDE83840118000F088BE67
:10A5A000F025002028260020E1250020E6250020B7
:10A5B0000AD7233C38B5D04BD04C1B68002B00F099
:10A5C0009D801A8859889888A080D888E08061800A
:10A5D0002280188899885A88DB889FEDC95ADFED58
:10A5E000C95A89B292B29BB280B207EE102A07EE26
:10A5F000903A06EE901A06EE100AC349C34AC44BBD
:10A6000091F82010D2ED004AF8EE666AB8EE466A7C
:10A61000B8EE477AF8EE677A26EE056A66EE856A46
:10A6200027EE257A67EEA57A93ED005A002940F0CF
:10A630005781DFEDB85A77EE643A37EEC54AE3EE5C
:10A64000A54AA4EE255AC2ED004A83ED005AB24B4A
:10A65000DFEDB25A1A7877EEC57A37EE647A27EED4
:10A66000255A67EEA55A002A00F0E18194ED024ACE
:10A67000D4ED044ADFEDAA3A36EE446A76EEE46A97
:10A68000A6EE234AE6EEA34A9FEDA66AD4ED036A3E
:10A6900084ED024AB4EEC67AF1EE10FAC4ED044A33
:10A6A00000F1F181B2EE087AB4EEC75AF1EE10FA79
:10A6B00088BFB0EE475A9FED9A7A9FED9A6A35EEC1
:10A6C000665AF4EEC67AE5EE076AF1EE10FA94EDFA
:10A6D000057AC4ED036A00F19B82F2EE087AF4EE8B
:10A6E000E75AF1EE10FA88BFF0EE675A75EEC75AD6
:10A6F000DFED8B7AA5EEA77A84ED057A8A4A138876
:10A7000001339BB2B3F57A7F80F08C81138094F88B
:10A7100032309A1E012A00F2EA807B4DD4ED026AA3
:10A72000D5ED057AF4EEE76AF1EE10FA00F1AE81AC
:10A73000D5ED067AF4EEE76AF1EE10FA00F3A682A0
:10A7400094ED046AD5ED037AB4EEE76AF1EE10FAFF
:10A7500000F3CF8294ED057AD5ED047AB4EEE77A72
:10A76000F1EE10FA00F3DA81F1EE675AB4EEE57A11
:10A77000F1EE10FA00F1D281032B00F0EF826B4A68
:10A7800095ED005A138801339BB269499FED697AB0
:10A790000988138007EE901AF8EE677A012067EEB9
:10A7A000877A84F83300B4EEE75AF1EE10FA88BFE6
:10A7B000B0EE675A092B00F2A782D4ED087ADFEDDC
:10A7C0005E3A0223F5EEC07AF1EE10FAD5ED015AA9
:10A7D00000F19E81F4EEE75AF1EE10FA98BFF0EE28
:10A7E000657A94ED034AB4EEE34AF1EE10FA05DD22
:10A7F0009FED527A67EE877AC4ED087AB2EE007A5E
:10A80000F4EEC76AF1EE10FA00F1A480022B40F0DA
:10A81000A980B6EE007A012800F01C82022800F020
:10A820004082B6EE000A30EE070A9FED457AB4EE9C
:10A83000C70AF1EE10FA00F11082B6EE007A30EE9F
:10A84000470A9FED407AB4EEC70AF1EE10FA88BFCE
:10A85000B0EE470A022B00F0E081B4EEE34AF1EEDD
:10A8600010FA06DCB2EE007AF4EEC76AF1EE10FAE6
:10A8700022D59FED356A9FED337AB4EEC60AF1EE2C
:10A8800010FA60EE076A00F1F081F4EEC76AF1EEAB
:10A8900010FA8CBFB0EE470AB0EE660AD5ED146A26
:10A8A0009FED2A6A95ED0C7A66EE866A27EE067AA7
:10A8B000C5ED146A85ED0C7A9FED257A84ED090AC1
:10A8C00075EEC75A0D49F4EEE75AF1EE10FACCBF17
:10A8D0000123002384F83430BDE8384000F008BD7F
:10A8E00094F83210023901293FF6A3AEAFE6042BEB
:10A8F00040F0908038BD00BFEC250020F0250020FE
:10A90000579AAF3B6840D33928260020B002002078
:10A91000AC0200200AD7A33CE1250020FFFFC7407E
:10A920009A99193E91C2F5BFE2250020E425002046
:10A93000E62500200AD7233C3E0A573E9A99593F04
:10A940005C8F023F3333733F91762C3C6666663FE3
:10A95000CDCC4C3DB6EE007A67EE877A022BC4ED83
:10A96000087A4FD0D4ED054A95ED122A95ED146A78
:10A9700095ED173AD5ED182A77EEE44A24EE822AAF
:10A9800032EE066AB4EEC36AF1EE10FA00F1AE815F
:10A99000B4EEE26AF1EE10FA88BFB0EE626AD5ED6D
:10A9A000111A85ED146AB0EE467AA4EEA17AB4EEDF
:10A9B000C73AF1EE10FA00F38B81F4EEC72AF1EEFC
:10A9C00010FA98BFB0EE627AF4EEC72AF1EE10FAF0
:10A9D00000F2AF80F5EEC04AF1EE10FA40F3A98024
:10A9E00036EE426AB4EEC63AF1EE10FA08DCF4EE46
:10A9F000C62AF1EE10FA8CBFB0EE463AB0EE623ADB
:10AA000085ED143AB6EE006AF4EEC66AF1EE10FA7D
:10AA10007FF501AFBDE83840C5499FEDC60A00206B
:10AA200000F066BC00231380FFF7DEFC6FE6DFED6D
:10AA3000C24A84ED026AB4EEE47AF1EE10FAC4ED93
:10AA4000046A68D4B2EE087AB4EEC75AF1EE10FA8E
:10AA500088BFB0EE475A9FEDB87A84ED035AF4EE02
:10AA6000C77AF1EE10FA00F10E81F2EE087AF4EEF8
:10AA7000E75AF1EE10FA88BFF0EE675A0122C4EDF2
:10AA8000055A1A703AE6BAEE085A14E6238EA84818
:10AA9000042243F00103238684F8322000F008FCEE
:10AAA00094F8321004293FF425AF8B1E012BB1D846
:10AAB000A24AD4ED026A138895ED005A01330229A7
:10AAC0009BB23FF462AEF7EE007A36EEE77AB4EE70
:10AAD000C57AF1EE10FA39DC76EEA77A1380F4EE3F
:10AAE000C57AF1EE10FA4CBF02200320092B84F83E
:10AAF000330031D8D4ED087ADFED913AD5ED015A23
:10AB0000F5EEC07AF1EE10FA4FF003037FF562AE76
:10AB1000DFED8C7A65E6BAEE085A9CE7238E84480E
:10AB2000042243F01003238684F8322000F0C0FB97
:10AB3000B6E7B4EEC73AF1EE10FAFFF663AFF5EE02
:10AB4000C04AF1EE10FA7FF55DAF49E70120092B0D
:10AB500084F833001380CDD9032394ED046A95ED76
:10AB60000A4A95ED0C7AD5ED0F5AD5ED104A35EE1F
:10AB7000466A002126EE044A118034EE077AB4EECC
:10AB8000E57AF1EE10FA00F1CF80B4EEE47AF1EE5E
:10AB900010FA88BFB0EE647AD5ED093A85ED0C7AEB
:10ABA000F0EE477AE6EE237AF4EEE75AF1EE10FA89
:10ABB00000F3AC80F4EEE74AF1EE10FA98BFF0EE45
:10ABC000647AF4EEE74AF1EE10FA51D8B5EEC06AB5
:10ABD000F1EE10FA4CDD37EE447AF4EEC75AF1EE9E
:10ABE00010FA08DCF4EEC74AF1EE10FA8CBFF0EE72
:10ABF000475AF0EE645AC5ED0C5A022B14BFDFED34
:10AC0000503ADFED513AC4ED087A18BF0323D9E575
:10AC1000FAEE085A6AE59FED470A4C4BDFED4C4AC5
:10AC20001B889FED447A9FED4B5A06EE103AB8EE22
:10AC3000466AA6EE247AB4EEC57AF1EE10FA88BF21
:10AC4000B0EE457AB4EEC70AF1EE10FA88BFB0EE66
:10AC5000470A02E685EE260AE5E5022BDBD0B4EED4
:10AC6000E34AF1EE10FA40F397809FED320A15E6C1
:10AC7000F4EEE75AF1EE10FABFDBB5EEC06AF1EE82
:10AC800010FABAD5A7E7FAEE085AF7E6238E284855
:10AC9000042243F00203238684F8322000F008FBEC
:10ACA000FEE69FED2D6AB4EEC65AF1EE10FA98BF9B
:10ACB000B0EE456AB7EE000AB4EEC06AF1EE10FAE3
:10ACC000B8BFB0EE406A86EE865A30EE450AAAE575
:10ACD000B4EEE23AF1EE10FA69DBF5EEC04AF1EEBD
:10ACE00010FAB0EE437A3FF77BAE28E7B0EE436A46
:10ACF00055E6238E0E48042243F00803238684F889
:10AD0000322000F0D5FACBE6022326E7F4EEE45A2F
:10AD1000F1EE10FA4EDBB5EEC06AF1EE10FAF0EE8D
:10AD2000657A3FF758AFA8E7B0EE657A34E700BF21
:10AD3000F02500200AD7233C91C2F5BFE42500206E
:10AD40003333B33E000000003E0A573EE6250020A4
:10AD500017B751396666E63E00007042204B1B88EB
:10AD6000B3F5FA6F29D9F6EE005AB4EEE56AF1EEC2
:10AD700010FA22D5DFED1B6A67EEA67AB4EEE77A09
:10AD8000F1EE10FA20DC184AD4ED026A138895ED32
:10AD9000005A01339BB296E6B2EE007AF4EEC76A2F
:10ADA000F1EE10FA9FED110A3FF578AD84E5B0EEB3
:10ADB000437AC4E6F0EE657A5FE70B4A95ED005AF8
:10ADC000138801339BB27EE6238E0948042243F0A8
:10ADD0002003238684F8322000F06AFA60E600BF80
:10ADE000E62500209A99193FE42500200AD7233C44
:10ADF000F025002070B52DED048BF7F7CBF8044655
:10AE000000F01EFC684B1A68A24202D01C6000F0E1
:10AE100015FC664A1368E31A632B05D8644B1A784D
:10AE20009AB9BDEC048B70BD624D634895ED078AFD
:10AE3000D5ED068A1460F7F745FE78B15F48F7F75D
:10AE400041FE0028EAD1002460E000221A70BDEC27
:10AE5000048B5B48BDE8704000F070BB564802218F
:10AE6000F7F7BAF9002840F091805348F7F748FA0D
:10AE700004465148F7F76CFF04F10800B0F5803F35
:10AE80001DD34E489FED4F8AF7F71CFE00283CD09B
:10AE90004D4B1A78002A72D095ED077AD5ED067AD7
:10AEA000DFED4A6A38EE478A78EEE78AA8EE267A1E
:10AEB000E8EEA67A85ED077AC5ED067AAEE70009D9
:10AEC00068D040F6FF7382B2984207EE902AD8D03D
:10AED000F8EE677A9FED3E7A87EE270AB7EE009A82
:10AEE00030EE490AF5F7D0F9DFED3A6ADFED3A7A4C
:10AEF0009FED3A7A3148E0EE267A89EE278A38EEDD
:10AF0000478AF7F7DFFD0028C2D101242B48022130
:10AF1000F7F762F968BB2948F7F7F2F906462748C0
:10AF2000F7F716FF2E4B301DB3F8CA20B3F8A83040
:10AF3000B0F5004F34BFC00840F6FF709A421BD0F6
:10AF4000284940F6E44606FB00F0A1FB0010D21AA7
:10AF5000C3EB901303EB83031B0147F6FF7193FBD5
:10AF6000F2F31E338B4207D007EE903AF8EEE78AF1
:10AF70008EE71248F7F7ECFE002C89D14EE701224C
:10AF800085ED078AC5ED068A1A7047E70A48F7F784
:10AF9000DFFE53E709489FED148AF7F793FD002879
:10AFA0007FF476AFB1E700BFD8250020DC25002074
:10AFB000E8250020F0250020740600200806002067
:10AFC0002826002000001643E02500209A99193E0B
:10AFD000FFEF7F45631D9B390FCF5B3B3393884366
:10AFE0000075FF1FF1197605000020C290B110B462
:10AFF000094C84460FCCACE80F000FCCACE80F0036
:10B000000FCCACE80F0094E803005DF8044B8CE82B
:10B0100003007047704700BFF025002028B108B535
:10B0200002496422F5F730FD08BD7047282600204C
:10B0300007EE900ADFED096A9FED097A094BF8EEF9
:10B04000677A67EEA67AF4EEC77AF1EE10FA88BF57
:10B05000F0EE477AC3ED007A704700BF6F12833A73
:10B06000000004422826002007EE900ADFED096A5E
:10B07000094BF8EE677AB2EE047A67EEA67AF4EE40
:10B08000C77AF1EE10FA88BFF0EE477AC3ED017A85
:10B09000704700BF6F12833A2826002007EE900AFF
:10B0A0009FED0F7AF8EE677AF4EEC77AF1EE10FAB8
:10B0B00010D4DFED0C6A9FED0C7A0C4B67EEA67A8C
:10B0C000F4EEC77AF1EE10FA88BFF0EE477AC3EDDE
:10B0D000037A7047054BF7EE007AC3ED037A7047A9
:10B0E000FFFF79446F12833A0000044228260020B3
:10B0F00007EE900A9FED0F7AF8EE677AF4EEC77AC2
:10B10000F1EE10FA10D4DFED0C6A0C4B67EEA67A64
:10B11000B2EE087AF4EEC77AF1EE10FA88BFF0EEDC
:10B12000477AC3ED047A7047DFED057A034BC3ED30
:10B13000047A70470000C8426F12833A2826002024
:10B14000CDCCCC3D07EE900A9FED0F7AF8EE677AF2
:10B15000F4EEC77AF1EE10FA10D4DFED0C6A9FED31
:10B160000C7A0C4B67EEA67AF4EEC77AF1EE10FA81
:10B1700088BFF0EE477AC3ED027A7047054BF3EED5
:10B18000047AC3ED027A704700409C466F12833AFE
:10B190000000F04228260020064B0749074A1B689A
:10B1A000B0F57A7F28BF4FF47A70C8619062D86397
:10B1B000704700BF9809002028260020F0250020B5
:10B1C00020B1094B012283F820207047074B064924
:10B1D00093F8322081F82000042A00D07047012221
:10B1E00083F832201886704728260020F02500209A
:10B1F000014B01221A707047E825002038B50C4D2C
:10B20000032104462846F9F79BF8C0212846F9F7A0
:10B2100097F82B68074946F290520020C3F89C200B
:10B220000870C3F81C220CB1034BE36238BD00BFA9
:10B23000500700208C2600209065906538B50D4C95
:10B240000D4D236846F2905243F2C821C3F89C206A
:10B250004FF0000CC3F8A8102046C3F81C2241216F
:10B2600085F800C0F9F76CF820468221BDE8384027
:10B27000F9F74CB8500700208C26002038B50A4D4D
:10B280002B7808B14BB138BD002BFCD004464121CE
:10B290000648F9F755F82C7038BD04484121F9F7F4
:10B2A00035F801232B7038BD8C2600205007002074
:10B2B00038B50C4D032104462846F9F741F8C02162
:10B2C0002846F9F73DF82B68074946F290520020CE
:10B2D000C3F89C200870C3F81C220CB1034BE36236
:10B2E00038BD00BF500700208C2600209065906577
:10B2F0009FED5A7ADFED5A7AB4EEC70AF1EE10FAF2
:10B3000088BFB0EE470AB4EEE70AF1EE10FAB8BF14
:10B31000B0EE670A0228F8B50E4651D003282AD0AD
:10B32000012872D1F7EE007A77EEC07A9FED4D7A60
:10B3300067EE877AFCEEE77A17EE903A9BB2B3F5A8
:10B34000C36F7CD307EE903A9FED477AF8EE677AA9
:10B35000F4EEC77AF1EE10FA88BFF0EE477AFCEE11
:10B36000E77A17EE903A9DB229464FEA550C4FF412
:10B37000C362144650E0DFED3B7A20EE270ABCEEB4
:10B38000C00A10EE103A9BB2B3F5827F61D307EE8C
:10B39000903A9FED367AF8EE677AF4EEC77AF1EEDE
:10B3A00010FA88BFF0EE477AFCEEE77A17EE903A93
:10B3B0009CB222464FF4FA614FF47A7C0D462BE0A2
:10B3C000DFED287A20EE270ABCEEC00A10EE103A14
:10B3D0009BB2B3F5827F38D307EE903A9FED237A84
:10B3E000F8EE677AF4EEC77AF1EE10FA88BFF0EE65
:10B3F000477AFCEEE77A17EE903A9CB222464FF479
:10B40000C3614FF4437C0D4606E046F2905243F28E
:10B41000C82C114614461546154B16481F7803686C
:10B42000C3F89C10C3F8A8C0C3F81C221FB10EB10A
:10B43000B585F485F8BD4121F8F782FFF7E74FF4B1
:10B44000C3614FF4437C0D4691E74FF4827214467A
:10B45000D5E74FF482721446ACE700BF3333733F35
:10B460000AD7233C0020CB460018C94600F0BE4650
:10B470008C2600205007002000F0A0BD002857D0E7
:10B4800010B59CB0044670226946002000F0B0FD63
:10B4900000284BD127494FF6FF7368460DF16E0C1B
:10B4A00010F8012B534043F300020A4082EA530292
:10B4B00042F300030B40C2F34E02534043F3000239
:10B4C0000A40C3F34E035A4042F300030B40C2F359
:10B4D0004E02534043F300020A40C3F34E035A4066
:10B4E00042F300030B40C2F34E02534043F3000209
:10B4F0000A40C3F34E035A4042F300030B40C2F329
:10B500004E02534060459BB2CAD10B4A009991420A
:10B510000CD1BDF80420032A08D1BDF86C209A4252
:10B5200004D1642202A92046F5F7AEFA1CB010BD82
:10B53000704700BF01A0FFFF52575055002862D04E
:10B5400010B59CB004466A2200210DF10600F5F703
:10B55000C3F92D48009003236422214602A8ADF8C8
:10B560000430F5F791FA002228490E924FF6FF7346
:10B5700016920F9217921092189268460DF16E0C67
:10B5800010F8012B534043F300020A4082EA5302B1
:10B5900042F300030B40C2F34E02534043F3000258
:10B5A0000A40C3F34E035A4042F300030B40C2F378
:10B5B0004E02534043F300020A40C3F34E035A4085
:10B5C00042F300030B40C2F34E02534043F3000228
:10B5D0000A40C3F34E035A4042F300030B40C2F348
:10B5E0004E02534060459BB2CAD10020ADF86C308A
:10B5F00000F03CFD08B11CB010BD7022694600F09F
:10B6000089FD1CB010BD70475257505501A0FFFF77
:10B6100010B5064800F0F8FD054B00241C70F6F745
:10B62000B9FC044B044A1C70148010BD9C270020F8
:10B63000982700208D2600208E260020704700BF0E
:10B6400010B5074C237813B1064B198801B910BD0A
:10B650000548FEF775FB0028F9D1207010BD00BF2A
:10B660008D2600208E260020902600202DE9F04F08
:10B67000ADF2DC4D00278DF81D7000B119B90DF247
:10B68000DC4DBDE8F08F02230DF11D02CDE9003243
:10B690000A46B4AB0146AB4800F054FEB842EEDBBC
:10B6A0009DF81D30002BEAD09DF8D0329DF8D122B4
:10B6B000A54C0592012BB5AD32AE2DD0022B74D026
:10B6C00072AB0093114600234FF484720296FF2060
:10B6D000338001921A4600F0A1FD70B9F6F75AFCCA
:10B6E00000F1140803E0F6F755FC804505D93188D0
:10B6F00072A8FEF725FB0128F5D09DF81D20013723
:10B70000FBB29A4205F58275B9D915F8043C15F8D3
:10B71000032C0592012BD1D10DF12C0B002358469F
:10B72000ADF81E30ADF8203035F802ACFFF75EFC06
:10B730009BF83230012B40F279830DF164084046CA
:10B74000FFF76CFC0DF124094B460DF11E0251462A
:10B75000284600F07BFF002840F0FC8099F800307C
:10B760000A3B1E2B00F2BE80DFE813F020030D031E
:10B77000F002DD02D302C902BC00AB029802BC0099
:10B780008A027C026E025B024D023F0231022302FA
:10B7900015020B02F401D601B701A4019D00BC0003
:10B7A000BC00BC009601880141010DF124090DF196
:10B7B00064084FF0000A35F802BCA9F800A0C8F8E8
:10B7C00000A033464A465946284600F03FFF00286D
:10B7D00040F03C83B6F802C0BCF1040F03D0BCF1CA
:10B7E000010F40F05B833278002301E0192B34D045
:10B7F00014F83310914204EBC30003F10103F5D1B7
:10B8000083789B0729D54378634526D1BCF1010F86
:10B81000C8F800A040F08C8073681B78C8F800302E
:10B82000113A162A00F2BD80DFE812F0FB02F602A0
:10B83000BB00BB00F102BB00BB00BB00BB00BB00F8
:10B84000BB00BB00BB00EC02BB00E702BB00E20296
:10B85000BB00BB00BB00BB00DD0272AB0DF12C0BCB
:10B8600000934FF484720023CDF808B00599ABF82B
:10B870000030FF2001921A4600F0D0FC00287FF42F
:10B880003CAFF6F787FB00F1140804E0F6F782FB03
:10B8900080457FF632AFBBF8001072A8FEF750FA71
:10B8A0000128F3D029E7D8ED047A9FED287ADFED5F
:10B8B000286AF4EEC77AF1EE10FAA8BFB0EE677A04
:10B8C000F6EE007AE7EE267A222308AAFDEEE77A62
:10B8D0004FF48071CDED007A32A800F097FE002879
:10B8E0003FF432AF72AB0DF1220800934FF4847233
:10B8F0000023CDF808800599A8F80030FF200192B8
:10B900001A4600F08BFC00287FF4F7AEF6F742FBF6
:10B9100000F1140904E0F6F73DFB81457FF6EDAE3A
:10B92000B8F8001072A8FEF70BFA0128F3D0E4E68D
:10B9300043465946284600F0BDFE002840F0D48218
:10B9400032786DE79C27002030C800080000000016
:10B9500000007A4472AA0DF12208009200204FF4F0
:10B960008472CDF80880BDF82030A8F80000059951
:10B97000019232AA00F052FC00287FF4BEAEF6F726
:10B9800009FB00F1140904E0F6F704FB81457FF69A
:10B99000B4AEB8F8001072A8FEF7D2F90128F3D0BF
:10B9A000ABE672AB0DF12C0B00934FF484720023C5
:10B9B000CDF808B00599ABF80030FF2001921A4687
:10B9C00000F02CFC00287FF498AEF6F7E3FA00F1C3
:10B9D000140804E0F6F7DEFA80457FF68EAEBBF879
:10B9E000001072A8FEF7ACF90128F3D085E6BBF889
:10B9F0000430009308AA1B234FF4807132A800F092
:10BA000005FE00287FF46EAF9BED047AB5EEC07A98
:10BA1000F1EE10FA09D95FED326AF6EE007AE7EE40
:10BA2000267AFCEEE77A17EE900A00900C2308AA1B
:10BA30004FF4807132A800F0E9FD00287FF452AF86
:10BA400098ED037AB5EEC07AF1EE10FA09D95FED00
:10BA5000406AF6EE007AE7EE267AFCEEE77A17EE19
:10BA6000900A202300900DEB030232A84FF480715E
:10BA700000F0CCFD00283FF467AE33E7D8F81C3067
:10BA8000009308AA27234FF4807132A800F0BEFD6E
:10BA900000283FF459AE25E7DBF82830009308AAC8
:10BAA00026234FF4807132A800F0B0FD00283FF447
:10BAB0004BAE17E7DBED057A1FED5C7A5FED5C6A54
:10BAC000F4EEC77AF1EE10FAA8BFB0EE677AF6EEA0
:10BAD000007AE7EE267A2123F7E698ED037AB5EEB1
:10BAE000C07AF1EE10FA40F2AF815FED676AF6EED0
:10BAF000007AE7EE267AFCEEE77A17EE903A0093AA
:10BB000020230DEB03024FF4807132A800F07EFD7C
:10BB100000283FF419AEE5E69BED047AB5EEC07A55
:10BB2000F1EE10FA40F28E815FED776AF6EE007A60
:10BB3000E7EE267AFCEEE77A17EE903A009308AA31
:10BB40001F234FF4807132A800F060FD00283FF4FD
:10BB5000FBADC7E6D8ED026A1FED837AF6EE007AF8
:10BB6000E6EE877A1E2308AAFCEEE77A4FF480718E
:10BB7000CDED007A32A800F049FD00283FF4E4AD95
:10BB8000B0E6DBED076A1FED8E7AF6EE007AE6EEA0
:10BB9000877A1D23E7E7BBF80630009308AA1C2329
:10BBA0004FF4807132A800F031FD00283FF4CCAD95
:10BBB00098E6BBF80430009308AA1B234FF4807169
:10BBC00032A800F023FD00283FF4BEAD8AE6BBF8A2
:10BBD0000230009308AA1A234FF4807132A800F0B3
:10BBE00015FD00283FF4B0AD7CE6BBF800300093B3
:10BBF00008AA19234FF4807132A800F007FD00282D
:10BC00003FF4A2AD6EE69BF83330009308AA1823E8
:10BC10004FF4807132A800F0D7FC00283FF494ADB7
:10BC200060E69BF83230042B96BFC34A0023D35CF6
:10BC3000009308AA17234FF4807132A800F0C4FCC7
:10BC400000283FF481AD4DE6BBF83030009308AAE0
:10BC500016234FF4807132A800F0D8FC00283FF47E
:10BC600073AD3FE698F82030009308AA15234FF4EF
:10BC7000807132A800F0A8FC00283FF465AD31E6E1
:10BC80009BF83430009308AA14234FF4807132A833
:10BC900000F09AFC00283FF457AD23E6D8ED017A76
:10BCA0009FEDA67ADFEDA66AF4EEC77AF1EE10FA00
:10BCB000A8BFB0EE677AF6EE007AE7EE267A122396
:10BCC00003E698ED007AB5EEC07AF1EE10FA40F294
:10BCD000B780DFED9B6AF6EE007AE7EE267AFCEE9F
:10BCE000E77A17EE903A009308AA11234FF4807177
:10BCF00032A800F08BFC00283FF426ADF2E5DBED26
:10BD0000076A9FED8F7AF6EE007AE6EE877A0F23C8
:10BD100029E7DBED066A9FED8A7AF6EE007AE6EE19
:10BD2000877A0E231FE7DBED057A9FED847ADFED3E
:10BD3000846AF4EEC77AF1EE10FAA8BFB0EE677A23
:10BD4000F6EE007AE7EE267A0D23BEE59BED047A47
:10BD5000B5EEC07AF1EE10FA70D9DFED796AF6EE41
:10BD6000007AE7EE267AFCEEE77A17EE903A009337
:10BD700008AA0C234FF4807132A800F047FC002879
:10BD80003FF4E2ACAEE5DBED037A9FED6C7ADFEDDC
:10BD90006C6AF4EEC77AF1EE10FAA8BFB0EE677ADB
:10BDA000F6EE007AE7EE267A0B238EE59BED027A1B
:10BDB000B5EEC07AF1EE10FA3ED9DFED616AF6EE2B
:10BDC000007AE7EE267AFCEEE77A17EE903A0093D7
:10BDD00008AA0A234FF4807132A800F017FC00284B
:10BDE0003FF4B2AC7EE5D8F80000FFF7D5F9E8E4FF
:10BDF000D8F80000FFF77CF9E3E4D8F80000FFF77B
:10BE00004DF9DEE4D8F80000FFF79CF9D9E498F882
:10BE10000000FFF7D5F9D4E4D8F80000FFF724F9C3
:10BE2000CFE4D8F80000FFF703F9CAE4FEF7DCFA24
:10BE30005846FFF7DBF880E40023C8E7002396E7C5
:10BE4000002350E7002379E6002358E6FFF7D0F9F6
:10BE50000DF12C0B72AB00934FF484720023CDF8DC
:10BE600008B00599ABF80030184601921A4600F068
:10BE7000D5F900287FF441ACF6F78CF800F11408EE
:10BE800004E0F6F787F880457FF637ACBBF8001082
:10BE900072A8FDF755FF0128F3D02EE472AB0DF127
:10BEA0002C0B00934FF48473CDF808B00246ABF826
:10BEB0000000059901930346FF2000F0AFF9002828
:10BEC0007FF41BACF6F766F800F1140804E0F6F70F
:10BED00061F880457FF611ACBBF8001072A8FDF741
:10BEE0002FFF0128F3D008E472AB0DF12C0B009367
:10BEF0004FF48473ABF800A0019300230599CDF8AB
:10BF000008B01A46FF2000F089F900287FF4F5AB4D
:10BF1000F6F740F800F1140804E0F6F73BF8804526
:10BF20007FF6EBABBBF8001072A8FDF709FF012804
:10BF3000F3D0FFF7E2BB00BF28C8000800000000F4
:10BF400000007A4430B585B0F6F724F84FF6057254
:10BF50000023194DADF8082000F1C804ADF80C30ED
:10BF600017E0F7F779FB64220223009202A903AAE3
:10BF70002846FAF71FFD034601224FF400414FF017
:10BF80009040A3B9F7F768FB9DF80D0010F0010091
:10BF90000BD0F5F7FFFF0346A3424FF000024FF42A
:10BFA00000414FF09040DCD9032005B030BDF7F7D9
:10BFB00053FB012005B030BD300900200B4808B507
:10BFC0004FF4E0620023C2604363FAF74DFB08B10F
:10BFD000012008BD01224FF400414FF09040F7F7D7
:10BFE0003BFBBDE80840FFF7ADBF00BF30090020B4
:10BFF00030B583B009B115461AB90124204603B003
:10C0000030BD030C032240BA8DF80420ADF80600C1
:10C0100000224FF090400C464FF400418DF805305F
:10C02000F7F71AFB0422104864230DEB0201FAF71C
:10C0300099FB88B921460C4864232A46FAF7AAFEE0
:10C04000044648B901224FF400414FF09040F7F701
:10C0500003FB204603B030BD01224FF400414FF0F6
:10C060009040F7F7F9FAC8E73009002070B584B0BE
:10C07000002206234FF40041044664264FF090400E
:10C080008DF808308DF80C20F7F7E6FA2048009676
:10C09000012303AA02A9FAF78DFC48BB0546012239
:10C0A0004FF400414FF09040F7F7D6FA20232A468C
:10C0B0008DF80C304FF40041230C4FF0904064BADF
:10C0C0008DF80D30ADF80E40F7F7C6FA042203A93B
:10C0D0000F483346FAF746FB01224FF4004188B976
:10C0E0004FF09040F7F7B8FAFFF72CFF04B070BD9F
:10C0F00001224FF400414FF09040F7F7ADFA0120D4
:10C1000004B070BD4FF09040F7F7A6FAF7E700BF14
:10C110003009002000296BD02DE9F04F154687B07B
:10C12000002A61D0DFF8DC8006460F464FF0060A91
:10C1300030E0F7F791FA0221330C4A468DF81410DB
:10C140008DF815304FF4004173BA4FF09040ADF8C0
:10C150001630F7F781FA5B46042205A94046FAF744
:10C1600001FB002846D1224639465B464046FAF795
:10C17000F9FA01224FF4004100283BD14FF09040E2
:10C18000F7F76AFAFFF7DEFE2D1BADB260BB26445F
:10C19000274455B3F4B2C4F58074A4B2AC424FF056
:10C1A00000034FF000024FF400414FF090404FF079
:10C1B000640B28BF2C468DF810308DF80CA0F7F7D3
:10C1C0004BFA04AA03A90123CDF800B04046FAF7C0
:10C1D000F1FB814601224FF400414FF09040B9F14C
:10C1E000000FA6D0F7F738FA012007B0BDE8F08FAE
:10C1F0000120704701224FF400414FF09040F7F7C3
:10C200002BFAF1E73009002030B10021A0F8081125
:10C210004FF48472F4F760BB704700BFF8B5069C1A
:10C22000089E8C461146BDF81C20002C00F084802E
:10C23000002E00F081801F46002967D0B3F5807F73
:10C2400077D803F10805ADB2023395429BB270D89E
:10C25000002263F307021B0A63F30F2260F3174205
:10C260006CF31F6245F2AA53C4F802202380002F0A
:10C2700045D1082505230133314904EB030C204641
:10C280004FF6FF7310F8012B534043F300020A40AE
:10C2900082EA530242F300030B40C2F34E025340C2
:10C2A00043F300020A40C3F34E035A4042F3000333
:10C2B0000B40C2F34E02534043F300020A40C3F363
:10C2C0004E035A4042F300030B40C2F34E02534068
:10C2D00043F300020A40C3F34E035A4042F3000303
:10C2E0000B40C2F34E02534084459BB2CAD1AA1EF2
:10C2F0000020A35422441B0A53703580F8BD3A46EF
:10C30000A01DF4F7C1FB7B1D9BB2B4E7A3B9072ABC
:10C310000FD93B46022262F3070367F30F2360F352
:10C3200017436CF31F63C4F8023045F2AA5323800D
:10C330009FE76FF00100F8BD4FF0FF30F8BD00BF80
:10C3400001A0FFFF2DE9F04F83B09DF83070002869
:10C3500000F016819B460D9B002B00F011811446C6
:10C360001A46002305461370002900F00C81BBF12A
:10C37000000F00F00281B5F808211319B3F5847F8E
:10C3800000F20C814CB1A8182246F4F77DFBB5F8F9
:10C3900008311C44A2B2A5F80821052A4FF0000973
:10C3A00040F20D81874CCA4645F2AA562B88B3420B
:10C3B00040F08C80B5F802C0BCF1010F40F2B580AE
:10C3C000BCF5817F00F2A0800CF106081FFA88F806
:10C3D000904574D8A8F10203E9180CF1030015F890
:10C3E00003E04B78CDF804C080B201304EEA032E52
:10C3F000284429464FF6FF7311F801CB83EA0C0C51
:10C400004CF30003234083EA5C0343F3000C0CEA83
:10C41000040CC3F34E038CEA030343F3000C0CEA51
:10C42000040CC3F34E038CEA030343F3000C0CEA41
:10C43000040CC3F34E038CEA030343F3000C0CEA31
:10C44000040CC3F34E038CEA030343F3000C0CEA21
:10C45000040CC3F34E038CEA030343F3000C0CEA11
:10C46000040CC3F34E038CEA030343F3000C0CEA01
:10C47000040CC3F34E038CEA030388429BB2BBD186
:10C480007345DDF804C030D14F4510D909EB89134D
:10C49000ACF102020BEB8300A9882BF8231092B2B7
:10C4A0004280002A52D109F101095FFA89F9B5F8F1
:10C4B0000821904515D84ED30023A5F808310D9BCF
:10C4C00083F80090504603B0BDE8F08F013A691C34
:10C4D0002846F4F753FAB5F80821013A92B2A5F8C4
:10C4E0000821052A3FF662AFE9E790455CD3B5F82D
:10C4F0000821A2EB080292B2052AA5F808216FF0E4
:10C50000030A3FF653AFDAE7023AA91C2846F4F7CC
:10C5100035FAB5F808216FF0010A524492B2052AA3
:10C52000A5F808213FF642AFC9E7023AA91C284600
:10C53000F4F724FAB5F80821023A92B2052A6FF00E
:10C54000020AA5F808213FF631AFB8E7A91D04306B
:10C55000F4F79AFAA7E7A2EB080205EB08012846D0
:10C56000F4F70CFAB5F80821A2EB080292B2052AFA
:10C57000A5F808213FF61AAFA1E7002F3FF4FBAE64
:10C580004FF0FF3A9EE7002CFAD1BBF1000F13D019
:10C59000B5F80821B2F5847F7FF6FFAE0023A5F839
:10C5A00008316FF0010A8DE7A2EB080205EB0801E4
:10C5B0002846F4F7E3F99AE7002FE9D0E0E7CA4606
:10C5C0007DE700BF01A0FFFF70B59DF81040C8B126
:10C5D000C2B1B2F800C00CF1040E8E450FD80CF1B8
:10C5E000010100F80C30451884440126465400230C
:10C5F0006B708CF803401846A2F800E070BD6FF035
:10C60000010070BD4FF0FF3070BD00BFD8B1D2B196
:10C61000B2F800C030B50CF1070E8E4510D80CF101
:10C620000101441800F80C300425844400234554CB
:10C6300063701846039BCCF80330A2F800E030BDCD
:10C640006FF0010030BD4FF0FF30704758B352B368
:10C650004BB3B2F800C08C4528D200B5A1EB0C0E4C
:10C660001FFA8EFEBEF1020F1AD910F80CE083F803
:10C6700000E000EB0C0E0CF1030C1FFA8CFCBEF872
:10C6800001E0A3F802E0A1EB0C0189B28E4507D8C6
:10C690006044E64458600020A2F800E05DF804FB26
:10C6A0006FF00200FAE74FF0FF3070476FF00400C0
:10C6B000704700BF002B45D0002843D0C9B30229E2
:10C6C0003AD92DE9F0474FF00009CA46CC460AE0B6
:10C6D000BA4204D100EB0E08B1464FF0010A6145A1
:10C6E0001BD9022D15D900EB0C040CF1030EB4F884
:10C6F000016010F80C701FFA8EFE06EB0E05A1EB20
:10C700000E04A4B21FFA85FCA1EB0C05A642ADB243
:10C71000DED96FF00200BDE8F087BAF1000F14D047
:10C72000B9F1040F0BD1D8F800201A600020BDE841
:10C73000F0876FF0040070476FF0020070476FF0F1
:10C740000500E8E74FF0FF3070476FF00400E2E7C4
:10C75000024B13B10248F4F759BA704700000000C9
:10C76000190C0008F8B500BFF8BC08BC9E4670471D
:0CC77000F8B500BFF8BC08BC9E4670473E
:10C77C0000000000010203040000000000000000A3
:10C78C000102030406070809010002000400060068
:10C79C0008000A000C00100020004000800000017E
:10C7AC000804020408010101010101030701000052
:10C7BC005546344F564552005546344469676974A2
:10C7CC00616C506F77657200506F77657220436FA4
:10C7DC006E66696700000000506F77657220496EC5
:10C7EC0074657266616365006D5600006D410000F2
:10C7FC006D430000656E756D00000000626F6F6C1C
:10C80C00000000006269746D61736B006164630009
:10C81C007065726D696C6C650000000001020408A3
:10C82C000F0000000A040100F4C700080B0401000B
:10C83C00F8C700080C040100F4C700080D0401003F
:10C84C00F8C700080E040100FCC700080F04010023
:10C85C00FCC7000811040300F4C70008120403000D
:10C86C00F8C700081401010000C8000815010300F6
:10C87C0008C800081604010010C8000817010100C0
:10C88C0010C800081801010000C8000819040100B4
:10C89C0018C800081A04010018C800081B0401007D
:10C8AC0018C800081C04010018C800081D04010069
:10C8BC00FCC700081E040300FCC700081F0401008D
:10C8CC00F4C7000820040300F4C700082104010089
:10C8DC00F8C7000822040300F8C70008260401006A
:0CC8EC001CC80008270403001CC800083A
:08C8F800203CFF7F010000005D
:08C9000051C70008690200089C
:04C9080041020008E0
:10C90C00080000200000000000000000D4020020FD
:10C91C003C030020A40300200000000000000000E5
:10C92C0000000000000000000000000000000000FB
:10C93C0000000000000000000000000000000000EB
:10C94C0000000000000000000000000000000000DB
:10C95C0000000000000000000000000000000000CB
:10C96C0000000000000000000000000000000000BB
:10C97C0000000000000000000000000000000000AB
:10C98C00000000000000000000000000000000009B
:10C99C00000000000000000000000000000000008B
:10C9AC0001000000000000000E33CDAB34126DE628
:10C9BC00ECDE05000B000000000000000000000091
:10C9CC00000000000000000000000000000000005B
:10C9DC00000000000000000000000000000000004B
:10C9EC00000000000000000000000000000000003B
:10C9FC00000000000000000000000000000000002B
:10CA0C00000000000000000000000000000000001A
:10CA1C00000000000000000000000000000000000A
:10CA2C0000000000000000000024F40001000000E1
:10CA3C001000000009074300020104C03209040081
:10CA4C00000102020100052400100105240100016F
:10CA5C0004240202052406000107058203080010C5
:10CA6C0009040100020A0000000705010240000051
:10CA7C00070581024000000009024300020100C0CA
:10CA8C003209040000010202010005240010010516
:10CA9C00240100010424020205240600010705827A
:10CAAC000308001009040100020A00000007050138
:10CABC00024000000705810240000000090243000B
:10CACC00020100C032090400000102020100052429
:10CADC0000100105240100010424020205240600B3
:10CAEC00010705820308001009040100020A000076
:10CAFC000007050102000200070581020002000088
:10CB0C0079920008359200084D9100080000000051
:10CB1C0069900008F5900008C9900008000000001A
:10CB2C000000000000000000A5900008999000088B
:10CB3C00B1900008BD9000080A06000200000040F9
:10CB4C0001000000199D0008E99C0008ED9C0008FC
:10CB5C00F59C0008F19C00081A030000000000007E
:10CB6C0000000000000000000000000000000000B9
:10CB7C00000000000403090412010002020200403C
:10CB8C00D107222200020102030100006D9D000862
:10CB9C00799D0008859D0008A19D0008F59D000861
:10CBAC00BD9D0008D99D0008000000003333D33F21
:04CBBC003333D33FFD
:0400000508001EBD14
:00000001FF
