:020000040800F2
:10000000000002203D1C0008E9150008ED1500085D
:10001000F1150008F5150008F915000800000000AA
:10002000000000000000000000000000FD150008B6
:100030000116000800000000051600080916000857
:100040008D1C00088D1C00088D1C00088D1C0008EC
:100050008D1C00088D1C00088D1C00088D1C0008DC
:100060008D1C00088D1C00088D1C00080D16000852
:1000700019160008251600088D1C00088D1C0008A4
:100080008D1C00088D1C00088D1C00088D1C0008AC
:10009000311600088D1C00088D1C00088D1C0008FE
:1000A0008D1C00088D1C00088D1C00088D1C00088C
:1000B0003D16000849160008551600088D1C00085A
:1000C0008D1C00088D1C00088D1C00088D1C00086C
:1000D0008D1C00088D1C00088D1C00088D1C00085C
:1000E0008D1C00088D1C00088D1C00088D1C00084C
:1000F0008D1C00088D1C00088D1C00088D1C00083C
:100100008D1C00088D1C00088D1C00088D1C00082B
:100110008D1C00088D1C00088D1C00088D1C00081B
:100120008D1C00088D1C00088D1C00088D1C00080B
:100130008D1C00088D1C00088D1C00088D1C0008FB
:100140008D1C00088D1C00088D1C00088D1C0008EB
:10015000611600088D1C00088D1C00088D1C00080D
:100160008D1C00086D1600088D1C00088D1C0008F1
:100170008D1C00088D1C00088D1C00088D1C0008BB
:100180008D1C00088D1C00088D1C00088D1C0008AB
:100190008D1C0008000000008D1C00088D1C00084C
:1001A0008D1C00088D1C00088D1C00088D1C00088B
:1001B0008D1C00088D1C00088D1C00088D1C00087B
:1001C0008D1C00088D1C00088D1C00088D1C00086B
:0801D0008D1C00088D1C0008C5
:100200000348044B834202D0034B03B118477047A5
:100210008C0100208C010020000000000548064BE6
:100220001B1AD90F01EBA301491002D0034B03B1F4
:10023000184770478C0100208C010020000000004E
:1002400010B5064C237843B9FFF7DAFF044B13B11E
:100250000448AFF300800123237010BD90010020FB
:1002600000000000D4BA000808B5044B1BB10449D3
:100270000448AFF30080BDE80840CFE7000000006D
:1002800094010020D4BA000853B94AB9002908BF24
:1002900000281CBF4FF0FF314FF0FF3000F06AB96B
:1002A000ADF1080C6DE904CE00F006F8DDF804E0CD
:1002B000DDE9022304B070472DE9F047089D0E46A2
:1002C00004460F46002B4AD194468C45B2FA82F27E
:1002D00060D942B1C2F12003974020FA03F30CFA2F
:1002E00002FC1F4394404FEA1C4E1FFA8CF6B7FBEA
:1002F000FEF1230C0EFB117743EA074301FB06F0E6
:1003000098420AD91CEB030301F1FF3780F01581F5
:10031000984240F21281023963441B1AA4B2B3FB23
:10032000FEF00EFB103344EA034400FB06F6A6423F
:100330000AD91CEB040400F1FF3380F00081A642CF
:1003400040F2FD806444023840EA0140A41B0021D1
:100350001DB1D4400023C5E90043BDE8F0878B42BE
:1003600005D90DB1C5E9000100210846F5E7B3FA4A
:1003700083F1002946D1B34202D3824200F2F580D4
:10038000841A66EB030201201746002DE5D0C5E96B
:100390000047E2E7002A40F09380A1EB0C034FEA0C
:1003A0001C471FFA8CFE0121B3FBF7F607FB163042
:1003B000230C43EA00430EFB06F0984208D91CEBDD
:1003C000030306F1FF3802D2984200F2D08046467D
:1003D0001B1AA4B2B3FBF7F007FB103344EA034443
:1003E0000EFB00FEA64508D91CEB040400F1FF3308
:1003F00002D2A64500F2B6801846A4EB0E0440EAED
:100400000640A5E7C1F120078B4022FA07FC4CEA21
:10041000030C06FA01FE20FA07F426FA07F344EA71
:100420000E0400FA01F84FEA1C404FEA1449B3FBEE
:10043000F0FE1FFA8CF600FB1E3349EA03430EFB65
:1004400006F9994502FA01F20BD91CEB03030EF1F0
:10045000FF3A80F08580994540F28280AEF1020E2D
:100460006344A3EB0909A4B2B9FBF0F300FB1399B1
:1004700044EA094403FB06F6A64208D91CEB04042F
:1004800003F1FF3068D2A64266D9023B644443EAD6
:100490000E40A41BA0FB02E6B4427346B14652D301
:1004A0004FD05DB1B8EB030264EB090404FA07F71F
:1004B00022FA01F31F43CC40C5E9007400214CE748
:1004C000C2F1200120FA01F30CFA02FC26FA01F134
:1004D000964033434FEA1C471FFA8CFEB1FBF7F0FE
:1004E00007FB1016190C41EA064100FB0EF68E427E
:1004F00004FA02F408D91CEB010100F1FF382DD2F7
:100500008E422BD902386144891B9BB2B1FBF7F6AE
:1005100007FB161143EA014306FB0EF1994208D985
:100520001CEB030306F1FF3814D2994212D9023EA4
:1005300063445B1A46EA004136E73946EDE6184661
:1005400002E7F045ADD2BEEB020366EB0C060138C4
:10055000B146A6E74646ECE7034698E74046D3E7B0
:10056000D6467EE76444023847E708460DE7023E78
:1005700063442DE7704700BF00000000000000004A
:1005800030B490F800F020F007016FF0000C10F08C
:10059000070491F820F040F048804FF000046FF01D
:1005A0000700D1E9002391F840F000F1080082FA39
:1005B0004CF2A4FA8CF283FA4CF3A2FA8CF34BBB04
:1005C000D1E9022382FA4CF200F10800A4FA8CF27D
:1005D00083FA4CF3A2FA8CF3E3B9D1E9042382FA4B
:1005E0004CF200F10800A4FA8CF283FA4CF3A2FA60
:1005F0008CF37BB9D1E9062301F1200182FA4CF298
:1006000000F10800A4FA8CF283FA4CF3A2FA8CF3FE
:10061000002BC6D0002A04BF04301A4612BAB2FA20
:1006200082F200EBD20030BC7047D1E9002304F025
:100630000305C4F100004FEAC50514F0040F91F85A
:1006400040F00CFA05F562EA05021CBF63EA0503F7
:1006500062464FF00004AAE7830730B547D0541E26
:10066000002A3ED0CAB2034601E0013C39D303F868
:10067000012B9D07F9D1032C2CD9CDB205EB052513
:100680000F2C05EB054535D9A4F1100222F00F0C13
:1006900003F1100EE6444FEA121C1A46C2E9005557
:1006A000C2E9025510327245F8D10CF1010214F082
:1006B0000C0F03EB021204F00F0C13D0ACF1040387
:1006C00023F003030433134442F8045B9342FBD149
:1006D0000CF003042CB1C9B21C4403F8011BA34263
:1006E000FBD130BD64461346002CF4D1F9E7034634
:1006F0001446C0E71A46A446E0E700BF88420ED978
:100700008B1883420BD900EB020C002A6ED0624694
:1007100013F801CD02F801CD9942F9D170470F2AA3
:100720000FD8034602F1FF3C002A5FD00CF1010C08
:10073000013B8C4411F8012B03F8012F6145F9D1DD
:10074000704740EA01039B0751D1A2F1100370B535
:1007500001F1200C23F00F0501F1100E00F110043F
:10076000AC441B095EF8105C44F8105C5EF80C5C4D
:1007700044F80C5C5EF8085C44F8085C5EF8045CC5
:1007800044F8045C0EF1100EE64504F11004E9D1C2
:10079000013312F00C0F01EB031102F00F0400EB18
:1007A000031328D0043C24F003064FEA940C1E44A3
:1007B0001C1F8E465EF8045B44F8045FB442F9D116
:1007C0000CF1010402F0030203EB840301EB84014A
:1007D00002F1FF3C4AB10CF1010C013B8C4411F8D1
:1007E000012B03F8012F6145F9D170BD704702F16B
:1007F000FF3C03469AE72246EAE700BF844641EA07
:10080000000313F003036DD1403A41D351F8043B88
:1008100040F8043B51F8043B40F8043B51F8043BDA
:1008200040F8043B51F8043B40F8043B51F8043BCA
:1008300040F8043B51F8043B40F8043B51F8043BBA
:1008400040F8043B51F8043B40F8043B51F8043BAA
:1008500040F8043B51F8043B40F8043B51F8043B9A
:1008600040F8043B51F8043B40F8043B51F8043B8A
:1008700040F8043B51F8043B40F8043B51F8043B7A
:1008800040F8043B51F8043B40F8043B403ABDD2E9
:10089000303211D351F8043B40F8043B51F8043B8B
:1008A00040F8043B51F8043B40F8043B51F8043B4A
:1008B00040F8043B103AEDD20C3205D351F8043B1A
:1008C00040F8043B043AF9D2043208D0D2071CBFE6
:1008D00011F8013B00F8013B01D30B88038060460F
:1008E000704700BF082A13D38B078DD010F0030385
:1008F0008AD0C3F10403D21ADB071CBF11F8013BF5
:1009000000F8013B80D331F8023B20F8023B7BE743
:10091000043AD9D3013A11F8013B00F8013BF9D26E
:100920000B7803704B7843708B7883706046704708
:1009300070B50F4B0F4DAB42A3EB050607D0B610B9
:10094000002455F8043B01349847A642F9D80BF02F
:10095000C1F8094D094B5E1BAB424FEAA60606D013
:10096000002455F8043B01349847A642F9D870BDDD
:1009700070BC000870BC000870BC000878BC00089F
:10098000002301461A46184600F014B838B5074D42
:10099000074C2C1BA41005D0013C55F8043D98478A
:1009A000002CF9D1BDE838400BF09AB87CBC0008A7
:1009B00078BC000870B4164D2C681CB365681F2DF8
:1009C00023DC38B9AB1C0135656044F823100020E6
:1009D00070BC704704EB850C0228CCF88820D4F852
:1009E00088614FF0010202FA05F246EA0206C4F8F5
:1009F0008861CCF80831E5D1D4F88C311343C4F8C0
:100A00008C31DFE7034C2C60D8E74FF0FF30DFE795
:100A1000AC010020B001002030B500248DB02025AD
:100A20002A46214604A8CDE901440394FFF714FEA9
:100A300037480123436180F8383080F8403003653F
:100A40000423036243644FF0A0424FF44033C0E9F3
:100A500000230823C0E902440461848380F8244011
:100A6000C46483614FF4D4644FF48063C0E90B43E2
:100A70004FF480538564C36301F064F9002834D1D6
:100A800000232348019301A901F0D6FE00283CD1A0
:100A900020491F480622CDE9041200237F240422A6
:100AA00004A9CDE90634CDE9082301F0A5FA48BB35
:100AB000194A17480C2304A9CDE9042301F09CFA34
:100AC000E8B9164A1248122304A9CDE9042301F01B
:100AD00093FA88B9124A0E48182304A9CDE90423D1
:100AE00001F08AFA20B90DB030BD00F0CDFCC7E7A7
:100AF00000F0CAFC0DB030BD00F0C6FCEAE700F023
:100B0000C3FCDEE700F0C0FCD2E700F0BDFCBFE7AD
:100B10007C04002002003004040060080800900CEF
:100B20001000C01010B588B0202200216846FFF7E1
:100B300093FD1E4C1E484FF44031C0E90041042192
:100B400081614FF48051C1631C2100230122416463
:100B50008021C0E90233C0E90433C0E90B33C0E9A6
:100B600012138383026280F8243080F8383080F8D2
:100B70004020026501F0E6F888B90E480622CDE96A
:100B8000000200237F24042209486946CDE902348B
:100B9000CDE9042301F030FA20B908B010BD00F00F
:100BA00073FCEAE700F070FC08B010BD00010050D3
:100BB000100400200000524710B588B02022002108
:100BC0006846FFF749FD1E4C1E484FF44031C0E90E
:100BD0000041042181614FF48051C163142100233D
:100BE000012241646021C0E90233C0E90433C0E955
:100BF0000B33C0E912138383026280F8243080F83B
:100C0000383080F84020026501F09CF888B90E4821
:100C10000622CDE9000200237F2404220948694608
:100C2000CDE90234CDE9042301F0E6F920B908B09A
:100C300010BD00F029FCEAE700F026FC08B010BD6A
:100C400000060050A40300201000C09070B50446B8
:100C5000A0B0002154220BA8CDE90611CDE908115E
:100C60000A91FFF7F9FC2368B3F1A04F08D0554A69
:100C7000934253D0544A934200F0828020B070BD1A
:100C80004FF400424FF000530BA80B921C9304F05A
:100C900041FF002840F08A804C4A13680133012B41
:100CA000136009D14A4BDA6C42F40052DA64DB6C0F
:100CB00003F400530193019B454B464DDA6C42F01F
:100CC0000102DA64DB6C03F0010302930F2206A930
:100CD000032300264FF09040CDE906230896029B9F
:100CE00001F0FEFF3C4A0523C5E9002380234FF4B1
:100CF00080712B614FF48063C5E9051320224FF406
:100D000000532846C5E90266C5E9072301F0B0FE95
:100D100000284ED16565AC6220B070BD4FF4004232
:100D20004FF000530BA80B921C9304F0F3FE002825
:100D300042D1264A13680133012B136009D1244B99
:100D4000DA6C42F40052DA64DB6C03F40053039370
:100D5000039B1F4BDA6C42F00102DA64DB6C03F098
:100D60000103049310240023032506A94FF09040AB
:100D7000CDE90645049A089301F0B2FF20B070BD9A
:100D80004FF480324FF000430BA80B921D9304F0F8
:100D9000C1FEA0B90E4BDA6C42F48042DA64DB6C1F
:100DA00003F480430593059B20B070BD00F06CFBFD
:100DB00072E700F069FBADE700F066FBB9E700F011
:100DC00063FBE7E7000100500006005040030020ED
:100DD000001002404403002008000240174B10B5E9
:100DE000986C40F0040098649C6C82B004F0040499
:100DF0000094009C9C6C44F001049C649B6C002259
:100E000003F00103114601930B20019B01F0CCFD7F
:100E10000B2001F005FE002211460C2001F0C4FD5C
:100E20000C2001F0FDFD002211460D2001F0BCFD5B
:100E30000D2002B0BDE8104001F0F2BD00100240EC
:100E4000F0B500248DB0CDE90644CDE90844334B1C
:100E50000A94D96C324F334E41F00401D964D96CF5
:100E600001F0040101910199D96C41F02001D9648C
:100E7000D96C01F0200102910299D96C41F0010175
:100E8000D964D96C01F0010103910399D96C41F047
:100E90000201D964D96C01F0020104910499D96C62
:100EA00041F00801D964DB6C03F008032246059386
:100EB0004FF400414FF09040059B02F0CFF82246DE
:100EC0003846042102F0CAF822463046B82102F022
:100ED000C5F8002400254FF40042012306A94FF075
:100EE0009040CDE90623CDE9084501F0F9FE3846EA
:100EF00006A904220123CDE90623CDE9084501F026
:100F0000EFFEB822012306A93046CDE90845CDE918
:100F1000062301F0E5FE0DB0F0BD00BF0010024059
:100F2000000C004800040048124B02689A4200D0AE
:100F3000704703F5284300B5186E40F080601866CE
:100F40001B6E83B0002203F080631146019344209E
:100F5000019B01F029FD442001F062FD00221146B1
:100F6000492001F021FD492003B05DF804EB01F0B8
:100F700057BD00BF0068014070B51E4B026888B0C5
:100F800000249A42CDE90244CDE90444069401D0FC
:100F900008B070BD03F528430326DA6C164842F00A
:100FA0000202DA64DA6C02F002020092009ADA6C51
:100FB00042F00102DA64DB6C03F0010301934FF4A9
:100FC00040420D2502A90223CDE90223CDE90565A2
:100FD000019B01F085FE4FF44073029302A90223A6
:100FE0004FF09040CDE904460393069501F078FE5A
:100FF00008B070BD00680140000400480000000017
:1010000010B50024BCB06022214624A8CDE90744D5
:10101000CDE90B44CDE90D44CDE90F44009406948D
:101020000A9401940994FFF717FB242221461BA878
:10103000CDE903440594FFF70FFB2022214612A8B7
:10104000FFF70AFBAE48AF4B0360C0E9014402F072
:1010500015F8002840F0FA80A9480C2102F088F821
:10106000002840F0FC80A6480A2102F0B9F80028C8
:1010700040F0FE809FED9C7BA1486A4601218DEDEA
:10108000007B02F009F9002840F029819C480022E9
:10109000012102F029FA002840F01E8146F2905307
:1010A000002106939648082306AACDE90711099363
:1010B00002F0BCF8002840F00C819FED8D7B0021F0
:1010C0008F480A910AAA8DED0C7B109102F020FC4A
:1010D000002840F0FB8010239FED877B24930123A1
:1010E00028934FF0006300212E93854827914FF0FD
:1010F000005324AACDE92511CDE92911CDE92B1101
:10110000CDE92F11CDE93211CDE93811CDE93A11F0
:101110008DED347B2D913691319302F081FA0028C8
:1011200040F0D1809FED727B00237548249324AA60
:1011300003218DED347B2E933193369302F070FAB8
:10114000002840F0BD8043F2C82303936C4803ABF2
:101150000122002102F0A4FC002840F0AE8041F6FC
:1011600064130393664803AB0422002102F098FC49
:10117000002840F09F8064231C934FF400444FF4F8
:1011800080430021CDE91E434FF0004C4FF08043D7
:101190005B481B911BAACDE92011CDE922C31D910B
:1011A00002F030FC002840F08280642354482093F1
:1011B0001BAA032102F026FC002875D10422082373
:1011C0000021CDE913234E48129112AB0122CDE943
:1011D0001511CDE91711199102F022FD002860D1F7
:1011E000474812AB4022032102F01AFD002855D1D6
:1011F0000021434812AB0222CDE9131102F010FD89
:10120000002848D13E4812AB8022032102F008FD9D
:1012100000283DD13A4806AA032102F007F8002829
:1012200033D137480AAA032102F072FB50BB4FF4B6
:1012300082743348039403AB0122032102F030FC93
:10124000C8B92F48FFF798FE3CB010BD00F01CF95C
:101250002B480C2101F08CFF00283FF404AF00F074
:1012600013F927480A2101F0BBFF00283FF402AF21
:1012700000F00AF9FEE600F007F92148FFF77CFECE
:101280003CB010BD00F000F9D1E700F0FDF8C8E770
:1012900000F0FAF8BEE700F0F7F8B3E700F0F4F872
:1012A000A6E700F0F1F89BE700F0EEF886E700F023
:1012B000EBF87AE700F0E8F85DE700F0E5F84EE7D4
:1012C00000F0E2F83FE700F0DFF82BE700F0DCF891
:1012D00001E700F0D9F8F0E600F0D6F8DEE600F01D
:1012E000D3F8D3E6AFF3008000000100000800004F
:1012F000000000000000000000000080000100006D
:10130000E8040020006801400848094908B50322A4
:101310004FF47A73C0E901230160C36002F092FFC9
:1013200000B908BDBDE8084000F0AEB8E8050020EF
:101330000030004010B594B03822002106A8FFF715
:101340008BF90020CDE90100CDE9030005900324CD
:1013500003F0C0FF022301222920CDE90B22CDE9B1
:101360000D344FF480311193139305224423CDE9BA
:101370000601CDE90F2306A80623129304F024F8F2
:1013800008B172B6FEE7042103460F220DEB0100FF
:10139000CDE90124CDE90333059304F093FA08B1B4
:1013A00072B6FEE714B010BD08B500F097FCFFF769
:1013B000C1FFFFF745FDFFF711FDFFF721FEFFF726
:1013C0002BFBFFF7AFFBFFF7F7FBFFF79DFF00F0ED
:1013D0005DF800F0D1F908F04FF900F057F900F08E
:1013E0008FF900F005FA00F019FB00F05BFB0648EE
:1013F000064C08F021FC204602F052FF09F02CF8C0
:101400000A2000F08DFCF6E7F8050020E805002032
:10141000034B834200D070470029FCD108F0C0BCC8
:10142000E804002008B50368B3F1804F03D0104AE8
:10143000934213D008BD0F4802F032FF0E4B0F4805
:101440001A680F4901321A601B6800FB03F3B1EB05
:10145000B30F07D2BDE8084008F0AEBFBDE80840B2
:1014600008F0ACBF0748202101F0FEFDF2E700BF05
:1014700000040040E805002000060020D578E92699
:101480006E1283000004004872B6FEE710B51148E2
:10149000114C4FF482720023C0E900424FF4E06126
:1014A0004FF40072C0E90231102482610721082242
:1014B000C0E90433C0E90743C0E90933C0E90B13AD
:1014C000426304F0D3FD00B910BDBDE81040FFF742
:1014D000DBBF00BFC8060020003C004070B52F4BAA
:1014E000026888B000249A42CDE90244CDE9044460
:1014F000069401D008B070BD03F5EA3305469A6D35
:10150000274E42F400429A659A6D02F4004200921E
:10151000009ADA6C42F00402DA64DB6C03F0040334
:1015200001934FF4E0520223CDE9022301981D48B4
:101530000322062302A9CDE9052301F0D1FB1A4AB3
:1015400034620E23C6E9002330468023C6E90244F4
:10155000C6E90434C6E9064401F08AFAC0B9134C5E
:101560001349AE650F220023C4E900122046102162
:101570008022C4E90213C4E90533C4E90733B56224
:10158000226101F075FA30B96C65A56208B070BDD2
:10159000FFF77AFFE3E7FFF777FFF5E7003C00404E
:1015A00064060020000800481C00024004060020D9
:1015B000300002400B4B1A6E42F001021A661A6E9E
:1015C00082B002F001020092009A9A6D42F08052BD
:1015D0009A659B6D03F080530193019B02B003F069
:1015E000EBBE00BF00100240FEE700BFFEE700BFF9
:1015F000FEE700BFFEE700BFFEE700BF704700BF89
:10160000704700BF704700BF00F078BB014801F091
:1016100019BB00BF44030020014801F013BB00BF09
:1016200064060020014801F00DBB00BF0406002045
:10163000014802F03BBF00BF94200020014805F0A4
:1016400001BE00BF20080020014805F0FBBD00BF1F
:10165000D0070020014805F0F5BD00BF800700203D
:101660000148002102F026BCE80400200148FF21C7
:1016700002F020BCE8040020034AD2F8883043F48A
:101680007003C2F88830704700ED00E000B51B48D9
:101690004FF080420260A922002389B0426040F2EC
:1016A000E732C0E902328022CDE90433CDE90633C6
:1016B000CDE9013303930361826105F0C3FA90B968
:1016C0004FF480530D48049304A905F0D9FC90B958
:1016D00000230A48019301A9039305F0C7FF28B925
:1016E00009B05DF804FBFFF7CFFEE9E7FFF7CCFE9A
:1016F00009B05DF804FBFFF7C7FEE9E7200800200A
:1017000000B51B481B4A0260A922002389B0426031
:1017100041F28732C0E902328022CDE90433CDE9BB
:101720000633CDE9013303930361826105F08AFA40
:1017300090B94FF480530E48049304A905F0A0FC1F
:1017400090B900230A48019301A9039305F08EFF85
:1017500028B909B05DF804FBFFF796FEE9E7FFF74B
:1017600093FE09B05DF804FBFFF78EFEE9E700BFCA
:10177000D00700200004004000B51B481B4A02604F
:10178000A922002389B0426042F20F72C0E90232FE
:101790008022CDE90433CDE90633CDE9013303934B
:1017A0000361826105F04EFA90B94FF480530E4800
:1017B000049304A905F064FC90B900230A4801933E
:1017C00001A9039305F052FF28B909B05DF804FBA5
:1017D000FFF75AFEE9E7FFF757FE09B05DF804FB93
:1017E000FFF752FEE9E700BF800700200008004035
:1017F00030B50024A5B03422214617A8504D0694D8
:10180000CDE90744CDE90344CDE91144CDE91344C2
:10181000CDE91544029410940994FEF71DFF494A3E
:10182000AC600523C5E9002340F2E733EB602846AE
:101830008023C5E90444AB6105F004FA00284FD1C8
:101840004FF480533E48069306A905F019FC002882
:1018500055D13B4805F0D8FA00284DD1002300228D
:10186000CDE902233648002302A9049305F0FEFEC9
:1018700000283ED160229FED307B002310924FF470
:10188000FA72CDE911232E48139310A908228DED89
:10189000147B169305F0FCFD40BB00234FF4005071
:1018A000CDE91B304FF000722548239317A9CDE9ED
:1018B0001733CDE91933CDE91D33CDE91F32CDE919
:1018C000213305F02DFF70B91E4A2968002391428B
:1018D000CDE90A33CDE90C330E9313D025B030BDDA
:1018E000FFF7D2FDACE7FFF7CFFDEDE7FFF7CCFD4B
:1018F000D3E7FFF7C9FDBDE7FFF7C6FDAEE7FFF78A
:10190000C3FDA6E703F1804303F504330E48DA6C08
:1019100042F00202DA64DB6C03F0020301934FF43D
:1019200000740A2302250AA9CDE90A45019A0E93FB
:1019300001F0D6F925B030BD000000000000000025
:1019400030070020003401400004004800B503685F
:10195000B3F1804F85B018D02C4A93422BD02C4A3B
:1019600093423DD02B4A934202D005B05DF804FB70
:10197000294B1A6E42F400521A661B6E03F4005390
:101980000393039B05B05DF804FB03F504330022C9
:10199000986D40F0010098659B6D03F00103009382
:1019A00011461C20009B00F0FFFF1C2005B05DF8D5
:1019B00004EB01F035B8184B986D40F002009865C3
:1019C0009B6D002203F00203019311461D20019B31
:1019D00000F0EAFF1D2005B05DF804EB01F020B82F
:1019E0000D4B986D40F0040098659B6D002203F04C
:1019F0000403029311461E20029B00F0D5FF1E2017
:101A000005B05DF804EB01F00BB800BF0004004026
:101A100000080040003401400010024010B51F488B
:101A20001F4C00234FF4E1310C22C0E90041C0E912
:101A30000233C0E90432C0E90633C0E908338362E7
:101A400006F0A2F970B91548002106F0EFF988B93F
:101A50001248002106F02CFAA0B9104806F0C8F987
:101A6000B8B910BDFFF710FD0C48002106F0DEF9F3
:101A70000028EDD0FFF708FD0848002106F018FA0D
:101A80000028EAD0FFF700FD044806F0B1F900286D
:101A9000E7D0BDE81040FFF7F7BC00BF0809002001
:101AA0000038014010B51F481F4C00234FF4E131AE
:101AB0000C22C0E90041C0E90233C0E90432C0E9A8
:101AC0000633C0E90833836206F05EF970B9154841
:101AD000002106F0ABF988B91248002106F0E8F9B8
:101AE000A0B9104806F084F9B8B910BDFFF7CCFCD6
:101AF0000C48002106F09AF90028EDD0FFF7C4FC4D
:101B00000848002106F0D4F90028EAD0FFF7BCFC11
:101B1000044806F06DF90028E7D0BDE81040FFF753
:101B2000B3BC00BF70080020004800400000000067
:101B300010B504469EB00021542209A8CDE9041135
:101B4000CDE906110891FEF787FD374A23689342D5
:101B500004D0364A93422BD01EB010BD012309A8F1
:101B6000099303F0D7FF00284BD1314B31481A6E4F
:101B700042F480421A661A6E02F480420092009A81
:101B8000DA6C9FED237B42F00402DA64DB6C8DEDAE
:101B9000047B9FED217B03F00403019304A9072339
:101BA0008DED067B019A089301F09AF81EB010BDE6
:101BB000042309A8099303F0ADFF28BB1C4B1E4862
:101BC0009A6D42F480229A659A6D02F48022029204
:101BD000029ADA6C9FED127B42F00202DA64DB6C4F
:101BE0008DED047B9FED0C7B03F00203039304A9AE
:101BF00007238DED067B039A089301F071F81EB060
:101C000010BDFFF741FCB0E7FFF73EFCD6E700BF91
:101C10003000000002000000000000000000000092
:101C2000000C0000020000000038014000480040A5
:101C30000010024000080048000400480D48854696
:101C4000FFF71AFD0C480D490D4A002302E0D45855
:101C5000C4500433C4188C42F9D30A4A0A4C0023F6
:101C600001E013600432A242FBD3FEF761FEFFF7EE
:101C70009BFBFEE700000220000000208C010020FA
:101C80007CBC00089001002030260020FEE7000008
:101C900038B50F4B1B680BB9012038BD0D494FF407
:101CA0007A720546B2FBF3F30868B0FBF3F000F07C
:101CB000C5FE04460028EFD10F2DEDD80246294677
:101CC0004FF0FF3000F070FE034B20461D6038BD22
:101CD00004000020000000200800002010B50320B0
:101CE00000F050FE0F20FFF7D3FF10B10124204673
:101CF00010BD0446FFF75EFC204610BD034A0449B0
:101D0000136809680B441360704700BF9C090020EA
:101D100004000020014B1868704700BF9C09002098
:101D200038B50446FFF7F6FF631C054602D0044BA6
:101D30001B681C44FFF7EEFF401BA042FAD338BDDE
:101D40000400002030B583B00023019300285CD04C
:101D5000C56D0446002D00F0C180226893689B0089
:101D600005D5936823F0204323F03F0393609368E5
:101D7000DD0019D46F4B70481B6891689B09A0FB6C
:101D8000030321F010419B0921F03F0101335B0067
:101D900041F0805191600193019B2BB1019B013B6C
:101DA0000193019B002BF9D19368D80030D4E36DE7
:101DB00043F01003E365236E012003432366936819
:101DC00013F0040FE36D1CD1D9061AD4E36D23F48C
:101DD000817343F00203E3659368DB0729D4B2F112
:101DE000A04F17D0554B9A4214D05549554B89688E
:101DF0009B680B43544989680B43D90719D453494D
:101E000011E0E36D43F01003E365012003B030BD42
:101E10000020D4E7494B4FF0A04189689B680B43F1
:101E2000DD0706D44A498B68656823F47C132B438D
:101E30008B60E568E36B94F824102B43A5682B4373
:101E4000657F012943EA453343EA01434CD0E16A07
:101E500021B1256B01F4787129430B43D5683D49C5
:101E600029401943D1601369616B23F040630B4330
:101E7000136193681B0722D4D16894F83830257F0A
:101E800021F480415B0021F0020143EA85330B43DA
:101E90002169D3601369002933D043F4803313617F
:101EA000D2F8C0306FF30D030B43C2F8C03094F882
:101EB0004030012B2FD0136923F0010313616369B4
:101EC000012B16D0136B23F00F031363E36D23F084
:101ED000030343F00103E36503B030BDFEF7B6FE34
:101EE000256684F8585038E7A16A013943EA41432E
:101EF000ADE7116B236A21F00F01013B0B43136324
:101F0000E4E723F480331361D2F8C0306FF30D039C
:101F1000C2F8C030CBE71169636CA56C6FF38A011E
:101F20002B430B43E16C0B43216D0B4343F0010347
:101F30001361C4E700000020632D3E05000100503E
:101F4000000400500005005000060050000700503B
:101F5000000300500740F0FF704700BF704700BF0C
:101F600008B5806AFFF7FAFF08BD00BF704700BFE1
:101F7000836ADA6D12F0500F10B5DA6D1DD1196851
:101F800042F40072DA650A6812F0080FCA681BD0C2
:101F900012F4406F0DD1CA6894040AD4DA6D22F4A9
:101FA0008072DA65DA6DD10403D4DA6D42F0010291
:101FB000DA651846FFF7D0FF10BDD2060AD45B6D74
:101FC000BDE810405B6B18479007E7D51846FFF750
:101FD000C3FFF1E71846FFF7C9FF10BD806A08B5D7
:101FE000C36D43F04003C365036E43F0040303660F
:101FF000FFF7BCFF08BD00BF2DE9F04190F8582065
:1020000082B00346012A4FF00000019000F01F81CA
:102010001A68012083F858009468640767D44868F8
:102020004FEA901E00F01F0C0EF00C0E086802F133
:102030003004C0F3846054F80E501F2600FA0CF0F0
:1020400006FA0CFC25EA0C0C40EA0C0044F80E00E1
:102050009068470755D5906808689468E50712D4DA
:10206000CE68BD4CD2F8B05006F01807FC40C0F363
:102070001207044025EA07052C43C2F8B040B74CCC
:10208000A64200F09180B64908422ED0B2F1A04F8E
:1020900000F0DB80B34DB449B44CAA4218BF2146CE
:1020A000B34C8968A04201F0E07500F0D480B14CD7
:1020B000A04200F0D080B04CA04200F0F580AF4CC0
:1020C000A04212D1490210D4A6498A420DD0A64896
:1020D00001F5C061B2F1A04F08BF01468A6822F045
:1020E000E0722A4342F480028A60002003E0DA6D45
:1020F00042F02002DA65002283F8582002B0BDE8E1
:10210000F081946808682607A7D48D68C0F3045648
:102110000724C00DB440B5F1004F00F004006FEA91
:10212000040400F0358102F11407B5403E583440F4
:102130002C433C50506920F000405061D1E90464C8
:102140000868D568042E074600F0D980C5F3C1059C
:102150006D0000F0F84704FA05F002F16004884DC4
:1021600054F826C00CEA05053D43284340F00040E2
:1021700044F826000D698E6954F8250020F080701F
:10218000304344F825000E690D7F54F82600A5F170
:102190000105B5FA85F56D0920F0007040EA45604B
:1021A00044F82600086858E7002F00F0928090FA63
:1021B000A0F4002C00F0F680B4FA84F4013404F0AA
:1021C0001F04092C40F2EE8090FAA0F4002C00F0DD
:1021D0009181B4FA84F40134A40604F0F84490FA2E
:1021E000A0F5002D00F09D81B5FA85F5013505F0CB
:1021F0001F05012606FA05F52C4390FAA0F00028E9
:1022000000F08D81B0FA80F0451C05F01F05032019
:102210006FF01D0610FB0560000540F000702043C4
:10222000C50D8C6805F0040502F11406C0F30450D6
:1022300004FA00F74FF0070C74590CFA00F024EA86
:1022400000003843705108681DE7474928E702201D
:1022500002B0BDE8F0810C023FF547AFB2F1A04FEC
:102260004BD048498A427FF440AF4048464A474CE9
:10227000126881689209A4FB0242920921F0E07180
:102280000132294302EB4202920041F400018160D5
:102290000192019A002A3FF428AF019A013A019273
:1022A000019A002AF9D120E7C8013FF51EAFB2F12B
:1022B000A04F00F01D812B4C2B492C48A24218BF87
:1022C00001468A6822F0E0722A4342F080728A60F6
:1022D0000BE7800E013000F01F050124800600F09E
:1022E000F840AC40092D44EA000405EB45007ED9D6
:1022F0001E38000540F0007091E71B48B6E7146EE9
:10230000146EC0F31205C4F38464002D71D1C0F3C0
:102310008460844200F0A580546E556E02F1600422
:10232000C5F3846502F1640E854200F0C580A5689E
:10233000A56804F1080CC5F38465854200F0A68009
:10234000E568E56804F10C06C5F38464A04200F07A
:10235000C980384681E600BFFFFF070000007F40CC
:1023600000000880000100500003005000070050EA
:10237000000021C31000C090000052C7000084CBB1
:1023800000F0FF030006005000000020632D3E0512
:1023900002F1140635582C403450506940F000408A
:1023A0005061CBE690FAA0F4002C00F0AB80B4FAB8
:1023B00084F40134A40604F0F84490FAA0F5002D4A
:1023C00000F09E80B5FA85F5013505F01F05012660
:1023D00006FA05F52C4390FAA0F0002800F08D8055
:1023E000B0FA80F0013000F01F0000EB4000000563
:1023F00015E790FAA0F51DB1B5FA85F5AC4230D0DD
:10240000546E556E02F16004C5F3846502F1640EEA
:1024100097FAA7F604F1080CE046002E7AD0B6FA37
:1024200086F6AE424AD0DCF80050DCF80050C5F326
:10243000846597FAA7FE04F10C06B046BEF1000FC2
:1024400063D0BEFA8EFEAE4522D034683468C4F341
:10245000846497FAA7F5002D3FF4FFADB5FA85F037
:1024600074E7106E144620F0004044F8600F0F68C7
:10247000506E556EC7F3120602F1640EC5F3846503
:102480003846002EC4D1C7F384604DE704F10C0830
:10249000DCF8000020F00040CCF800000F68E06895
:1024A000E468C7F312054646C4F384643846002D39
:1024B000CFD1C7F3846049E704F10808DEF80000D3
:1024C00020F00040CEF800000F68A068A568C7F3B0
:1024D0001206C446C5F384653846002EA9D1C7F359
:1024E00084602AE7306820F0004030600868B4E576
:1024F0000D49E6E64FF0806471E64FF440108EE639
:10250000022567E74FF0806457E7E568E468C4F3A5
:1025100084649EE7A568A568C5F3846589E70348D8
:102520007DE6022568E600BF00030050000050FE73
:1025300070B582B00022036801929A68D20734D441
:1025400099682D4A1142044632D19A6822F000421D
:1025500022F03F0242F00102B3F1A04F9A6048D04E
:102560002648274A2749834218BF0A4693681B0218
:1025700029D4FFF7CFFB23681A68D607054614D481
:10258000214E9A68D00704D49A68324042F0010282
:102590009A60FFF7BFFB431B022B236802D91A681E
:1025A000D10705D51A68D207EBD5002002B070BD5F
:1025B000E36D43F01003E365236E012043F0010354
:1025C000236602B070BD114B114A1B689B09A2FB28
:1025D00003239B09013303EB43039B000193019BFE
:1025E000002BC6D0019B013B0193019B002BF9D12D
:1025F000BFE7034ABAE700BF3F0000800001005078
:102600000003005000070050C0FFFF7F00000020C3
:10261000632D3E052DE9F0410568B5F1A04F044654
:102620000E46174667D0394A39483A4B954218BF8B
:1026300018468268AB685B0715D494F85830012BB4
:1026400011D0354B01209D4202F01F0884F858003C
:102650000CD040F2212323FA08F3034006D184F87A
:102660005830BDE8F0810220BDE8F0812046FFF738
:102670005FFF002841D1E36D216823F4706323F0EC
:10268000010343F48073E365204B99423AD003F58C
:102690008063994236D0E36D23F48013E365E36DE4
:1026A000606D1E4D13F480531CBF236E23F0060390
:1026B0002366C5621A4D05631A4D45631C250D60DE
:1026C000002584F858504D6845F010054D60CD68E0
:1026D00045F001053B463246CD60403100F05AFAE4
:1026E0002268936823F0004323F03F0343F0040380
:1026F0009360BDE8F08106489BE7002384F85830DA
:10270000BDE8F081B8F1000FC9D1C4E70001005065
:10271000000300500007005000060050711F000821
:10272000611F0008DD1F000838B503689A68950727
:1027300002D59B68002038BD9A68D407FAD59A68FC
:1027400002F00D02012A044609D0E36D43F01003A4
:10275000E365236E43F001032366012038BD9A68C8
:1027600022F0004222F03F02032142F002029A606E
:102770001960FFF7CFFA23689B68D907054603D491
:10278000D8E79B68DB07D5D5FFF7C4FA401B0228C2
:102790002368F6D99A68D207F3D5D6E730B590F812
:1027A000583083B00022012B01923FD0012380F8E2
:1027B000583004460D46FFF7B7FFE36DE8B923F440
:1027C000885323F00203226843F00203E365936811
:1027D00023F0404305F0804123F03F030B4343F0D7
:1027E0000043936093681349002B0EDBE36D23F0E5
:1027F000030343F00103E36502E043F01003E365E4
:10280000002384F8583003B030BD019B013301939D
:10281000019B8B42E6D9E36D23F01203002243F0C3
:102820001003E36584F858200120ECE7022003B090
:1028300030BD00BF01DE040090F85820012A4CD0C2
:1028400070B402689DB0034600240120B2F1A04F8D
:10285000189483F8580019940BD0444DAA423AD0EA
:10286000DA6D83F8584042F02002DA651DB070BC82
:1028700070473F48806840070BD59268DA6D42F098
:1028800020020120DA65002283F858201DB070BCB8
:10289000704790684407F1D4B2F1A04F0D681ED084
:1028A000344A002D31D191683348304C21F46041D5
:1028B0009160A468816800F580708068C00708D4C2
:1028C0002143CD0705D4916821F4716121F00F01F6
:1028D00091600020D7E72848CCE702207047002D00
:1028E00033D0264C4E68A06893F838C020F460407E
:1028F000304340EA4C30A0609268D60733D41C4A7B
:102900009268D607E5D4224615E090684C6820F41A
:102910006040204393F8384040EA443090601348C8
:10292000174C866800F580708068A468E407D0D4EE
:102930003043C007CDD49068896820F47160294382
:1029400020F00F0001439160C3E70C49886820F430
:10295000604088609268D20705D4054A9268D6071D
:10296000B7D40A46AFE7024A9268B2E700040050C3
:102970000001005000070050000500500003005007
:10298000000600500749CA6803024FF6FF0003F42F
:10299000E0630240134343F0BF6343F40033CB6072
:1029A000704700BF00ED00E01B4BDB68C3F3022360
:1029B00000B5C3F1070EBEF1040F03F1040C28BFEC
:1029C0004FF0040EBCF1060F1CD9A3F1030C4FF01D
:1029D000FF3303FA0CF322EA03024FF0FF3303FA4A
:1029E0000EF321EA030303FA0CF313431B0100283F
:1029F000DBB20ADB00F1604000F5614080F8003393
:102A00005DF804FB00229446E7E7044A00F00F005B
:102A1000024413765DF804FB00ED00E0FCEC00E0FE
:102A2000002807DB044A4109012300F01F0083400E
:102A300042F82130704700BF00E100E00138B0F1FA
:102A4000807F01D30120704710B44FF0E023074C82
:102A500058614FF0F00C84F823C000220721104683
:102A60009A615DF8044B1961704700BF00ED00E00A
:102A7000002876D0F0B43C4A0468944203465CD9FE
:102A80003A493B4A3B482144A2FB012109098900FC
:102A900002229D6883F82520DA68354E364FC3E957
:102AA000100118692A430243586902439869024396
:102AB000D8690243E0B20838A6FB0060266826F415
:102AC000FF4C1E6A2CF0700C324342EA0C0222606A
:102AD000254E2A4AC0F30410B44298BF3A4606F283
:102AE0007946012404FA00F0DE64B5F5804F01EB6D
:102AF000020618659E644FEA910127D05E68F5B220
:102B0000013E032E42F82150C7F8840024D81C4A05
:102B10001C482A449200013DAC400021C3E9152025
:102B2000DC651160184A546400200122D86383F8E0
:102B3000240083F82520F0BC704714490C4A14483F
:102B40002144A2FB012109098900A1E700245C605E
:102B500042F82140C7F884000022C3E91522DA6553
:102B6000E2E70120704700BF07040240F8FBFDBF09
:102B7000CDCCCCCC0004024000080240200802402A
:102B80003F8200104009024000090240F8FFFDBFEB
:102B900000000240F0B490F82440012C09D0012438
:102BA00080F8244090F82540012C05D0002380F8BF
:102BB00024300220F0BC7047022480F82540002415
:102BC000C4630468C66C256825F001052560D0E95A
:102BD0001475776015B1D0E916677760466C076C9D
:102BE00006F01F0C012606FA0CF67E60636083680F
:102BF000102B036B0BBFA260A160E160E260BBB170
:102C0000236843F00E032360836C1A68D20303D554
:102C10001A6842F480721A601DB12B6843F4807305
:102C20002B60236843F0010300202360F0BC704751
:102C3000236823F004032360236843F00A0323601E
:102C4000E2E700BF70B4436C066C056831682C681D
:102C500003F01F0304229A400A420ED014F0040F1E
:102C60000BD02B689B0603D42B6823F004032B6046
:102C7000036B7260CBB170BC184702229A400A42C3
:102C800015D014F0020F12D02B68990606D42B68C9
:102C900023F00A032B60012380F82530C36A726099
:102CA000002180F82410002BE5D170BC7047082269
:102CB0009A400A42F9D02207F7D52A68416B22F0E0
:102CC0000E022A60012202FA03F300247360C26339
:102CD00080F8244080F825200029E6D070BC084701
:102CE0000B68002B00F098812DE9F04FB0F1904F68
:102CF00085B04FF000024FF0010B00F00D81DFF8BE
:102D00004CE30093009B0BFA02FC1CEA030A77D009
:102D10004D6805F003075400032307F1FF3803FA59
:102D200004F6B8F1010F6FEA060640F21981032F8D
:102D300040F0798107FA04F407683E40344315F403
:102D4000403F04605CD0BE4E346E44F001043466F3
:102D5000346E04F001040394039C22F0030404F194
:102D6000804402F003070F2304F58034BF0003FA08
:102D700007FCB44BA668984226EA0C0600F0408196
:102D8000B14B984200F02D81DFF8C4C2604500F0DD
:102D90003D81DFF8C0C2604500F03F81DFF8B8C276
:102DA00060450CBF4FF0050C4FF0060C0CFA07F70E
:102DB0003E43A660DEF808406FEA0A06EF0254BF01
:102DC00034404AEA0404CEF80840DEF80C40AB0276
:102DD00054BF34404AEA0404CEF80C40DEF8044004
:102DE000AF0354BF34404AEA0404CEF80440DEF88E
:102DF0000040EB0354BF34404AEA0404CEF80040DC
:102E0000009B013233FA02F47FF47CAF05B0BDE8D9
:102E1000F08FD0F80890CE680AEA090906FA07F898
:102E200048EA0908C0F80880D0F8048028EA0E08AB
:102E3000C5F3001E0EFA02FE4EEA080EC0F804E0CA
:102E4000D0F80C808E680AEA080806FA07FE4EEAF7
:102E5000080E022CC0F80CE019D14FEAD20E0E6910
:102E60004FEA8E0E02F007080EF1904E4FEA8808E6
:102E700006FA08F6DEF8209000960F2606FA08F803
:102E8000009E29EA080946EA0908CEF82080BC40DD
:102E9000076807EA0A073C4315F4403F046036D050
:102EA000674F3C6E44F001043C663C6E04F0010444
:102EB0000394039C22F0030404F1804404F580345D
:102EC00002F00307D4F808E00F26BF0006FA07F760
:102ED0002EEA0707A7605D4CEE02A4686FEA0C07B4
:102EE0007CD43C40594EB460F468AE0200F1858059
:102EF0003C40564EF4607468AE037BD43C40534E65
:102F0000ED037460346872D43C40504D2C60013243
:102F100033FA02F43FF47AAF0BFA02FE13EA0E0C16
:102F2000F5D04D685700032606FA07F805F00304AC
:102F30006FEA080A04F1FF38B8F1010F7FF669AFB4
:102F4000032CA4D04FF090488E68D8F80C9006FA65
:102F500007FE0AEA09094EEA090EC8F80CE096E7EE
:102F6000D0F80890CB6809EA060903FA04F848EAA1
:102F70000908C0F80880D0F804808B6828EA0C089B
:102F8000C5F3001C0CFA02FC4CEA080CC0F804C0A3
:102F9000D0F80C8003FA04FC08EA06084CEA080C96
:102FA000022FC0F80CC07FF4C5AE0B694FEAD208FF
:102FB00002F0070C00EB88084FEA8C0C03FA0CF3C4
:102FC000D8F8209001930F2303FA0CFC019B29EA07
:102FD0000C0943EA090CC8F820C0ABE644EA0C042B
:102FE00080E74FF0020C0CFA07F73E43E1E64CEAAB
:102FF00004048AE744EA0C0481E74CEA040478E715
:103000004FF0010C0CFA07F73E43D2E64FF0030CE9
:103010000CFA07F73E43CCE670474FF0040C0CFA6D
:1030200007F73E43C5E6D0F80C808B6808EA06082F
:1030300003FA04FC4CEA080CC0F80CC07AE600BFA6
:10304000001002400004004800080048000401404D
:10305000000C004800100048001400480AB18161CB
:1030600070478162704700BF436901EA030221EAA9
:10307000030141EA02418161704700BF002866D028
:1030800010B5826800230221D207C0E93833C0E9B5
:103090003A33C0E93C3382B0044680F8DD10C0F812
:1030A000F8300FD50168314B994252D0D4E904036E
:1030B0000A6800F4404022F47042024303F4405393
:1030C00013430B602046FDF72FFFA3689B0708D52D
:1030D0002168E3680A6803F4407322F440721343E2
:1030E0000B60002301221846C4E90633C4E9083303
:1030F000C4E90C33C4E90E33C4E91033C4E9133313
:10310000C4E91533C4E91733C4E91A33C4E91C33DD
:10311000C4E91E33C4E92133C4E92333C4E92533A8
:1031200084F8DD2084F8DC30A362C4F8A030C4E960
:103130002933C4E92B33C4E92F33C4E93133C4E95B
:103140003333C4F8B430C4F8D83002B010BD012015
:10315000704703F528431A6E42F080621A661B6EB0
:1031600003F080630193019BA0E700BF006801406A
:1031700090F8DC30012B30D00223012280F8DD30C2
:10318000036880F8DC20B1F1FF3FD3F8CC2315D0E1
:1031900042F00202C3F8CC23D3F8CC2322F00C0275
:1031A0000A43C3F8CC23D3F8CC2342F00102C3F87E
:1031B000CC23012380F8DD300020704722F002028A
:1031C000C3F8CC23D3F8CC2342F00102C3F8CC23BC
:1031D000012380F8DD30002070470220704700BFD7
:1031E00070B50D460446FEF795FD6E1C0BD12268A6
:1031F000D2F88833D903FBD50020012384F8DD30D1
:1032000084F8DC0070BD06462368D3F88833DB03FE
:10321000F2D4FEF77FFD831BAB4201D8002DF3D122
:10322000072384F8DD30032070BD00BF90F8DDC0B7
:10323000BCF1020F2CD003460220F0B4062983F81B
:10324000DD00D2E90276D2E90045186815D000EB1E
:10325000C111D1F8802022F007023A4322F018026F
:103260003243C1F88020C1F89440C1F8985001223F
:1032700083F8DD200020F0BC7047026822F00702CE
:103280003A4322F018023243026044618561EEE75E
:103290005FFA8CF0704700BF90F8DDC0BCF1020F00
:1032A00003465FFA8CF000F0CD8093F8DC00012833
:1032B00000F0C98030B5012483F8DC40186802248E
:1032C00083F8DD402029D0F88053D0F8FC431AD889
:1032D000002900F0E78001F1FF3CBCF11F0F00F274
:1032E000D380DFE80CF0A090D17FD1D1D16DD1D1C6
:1032F000D1D1D1D1D162D1D1D1D1D1D1D1D1D1D12D
:10330000D1D1D1D1D152B1F5807F00F0AE8028D893
:10331000402900F09A80802940F0DA80D2E900123A
:10332000090901F4E04124F4E0440C43D0F8F81317
:10333000120402F4F81221F4F811C0F8F813D0F8CE
:10334000F8130A43C0F8F82393F8DD20072A58D071
:10335000C0F8FC430020012283F8DD2083F8DC0064
:1033600030BDB1F5007F40F0A780D2E9001209011D
:1033700001F4E00124F4E0040C43D0F8F8139206C1
:1033800002F0F84221F0F841D7E7D2E90012090B28
:1033900001F0700124F070040C43D0F8F8135201CE
:1033A00002F4787221F47871C7E75188526861F3AA
:1033B0000204D0F8F81302F01F0221F01F01BCE74D
:1033C000D2E90012C0F8C82393F8DD404A0225F084
:1033D000606502F06062072C45EA020511D0C0F872
:1033E0008053B7E7D2E90012C0F8C42393F8DD4058
:1033F0008A0125F0E07502F0E072072C45EA02052B
:10340000EDD1012030BDD2E90012C0F8C02393F8FD
:10341000DD40CA0025F4601502F46012072C45EA6D
:103420000205DCD1EDE7D2E90012C0F8BC2393F825
:10343000DD4025F4E02501F4E022072C45EA0205F1
:10344000CDD1DEE7704702207047D2E90012090AA9
:1034500001F4E06124F4E0640C43D0F8F813920224
:1034600002F4F84221F4F84167E7D2E9001224F4AB
:10347000E02401F4E0210C43D0F8F813520502F0E7
:10348000787221F0787158E7072283F8DD2093F8ED
:10349000DD204FF0000C072A83F8DCC0B1D00F29E3
:1034A0009DD955E7072283F8DD2093F8DD2083F8C6
:1034B000DC10072A93D1A4E7072283F8DD2093F8D4
:1034C000DD200021072A83F8DC107FF441AF98E764
:1034D000072283F8DD2093F8DD200021072A83F8F6
:1034E000DC108ED034E700BF90F8DDC0BCF1020FD5
:1034F00003465FFA8CF023D093F8DC0001287CD0DF
:103500004FF0010C0220202983F8DCC083F8DD0095
:1035100017D831B301391F2923D8DFE801F0564EFF
:1035200022462222223E22222222222222662222F7
:10353000222222222222222222222222225E012052
:103540007047B1F5807F5AD01CD840295FD08029C0
:1035500007D11868D0F8041462F31031C0F80414CD
:1035600005E00721002283F8DD1083F8DC2093F8C2
:10357000DD20072AE3D00020012283F8DD2083F834
:10358000DC007047B1F5007FEBD11868D0F8041467
:1035900062F31C61C0F80414E9E71868D0F800145D
:1035A00062F39641C0F80014E1E71868D0F80014FF
:1035B00062F31031C0F80014D9E71868D0F800148D
:1035C00062F38A11C0F80014D1E71868D0F800142B
:1035D00062F30401C0F80014C9E71868D0F80414B5
:1035E00062F30401C0F80414C1E71868D0F80014AD
:1035F00062F31C61C0F80014B9E702207047186834
:10360000D0F8041462F39641C0F80414AFE71868C8
:10361000D0F8041462F38A11C0F80414A7E700BFBD
:1036200090F8DD30022B8446D8B200F06B819CF814
:10363000DC30012B00F067812DE9F04F01200223DF
:103640008CF8DC008CF8DD300629DCF800005569C8
:1036500083B000F0C68000EBC11E202DDEF8803064
:1036600023F07043CEF88030DEF88030DEF8E8805A
:10367000DEF8E460D0F8A04323F020094FEAC11738
:1036800049EA05090ED09369022B0BD0032B00F0F9
:103690003481042B06BF29F0800949F4807929F48C
:1036A000D07903E029F4C07949F02009D369956DF8
:1036B00029F4006949EA0309136A29F4806949EA8F
:1036C0000309536A29F0C06949EA0309936A29F09A
:1036D000006949EA0309D36A019329F0704949EA6C
:1036E0000309536B29F40039B3F1005F08BF49F4B3
:1036F000003926F4807A966B29F04003334323F493
:1037000080232B43D56B23F0FC7365F30508156DFF
:1037100023F4803328F000492B43D2F84880156CFD
:1037200028F4805B49EA0509556CBBF5606F4AEAED
:10373000050A53D02AF4F05A48EA0A0AD56C2AF44A
:10374000804A4AEA0508D2F854A0052909D8DFE8DA
:1037500001F0CEC8C2BC03B6166B24F4001444EAD0
:1037600046140744CEF88030C7F8E890C1EBC10397
:10377000C7F8E480C7F8D4A0C0F8A043D2E901A9F3
:10378000D2E903479B00203315684CF803500CEB3B
:103790000306C6E901A9C6E9034705290AD8DFE8F7
:1037A00001F003847D766F68D0F8843343F0020320
:1037B000C0F88433019B43B9DEF88030D26D23F426
:1037C000007343EA4223CEF88030002001238CF8B6
:1037D000DD308CF8DC0003B0BDE8F08F402EADD1B9
:1037E000A8E70468D0F8A01324F020042C43202D6F
:1037F00024F0C00360D09569022D5DD0032D00F048
:103800008480042D0CBF43F0800324F0E003D469CE
:1038100023F400632343146A23F480632343546A2C
:1038200023F0C0632343946A23F000632343D46AE4
:1038300023F0404343EA8403546B23F000532343B3
:10384000146B036021F480312143C0F8A013D2E946
:103850000213D2E900541269CCF8D820CCE93254D2
:10386000CCE93413D0F8843343F00103C0F8843337
:10387000ABE7D0F8843343F04003C0F8843399E7D2
:10388000D0F8843343F02003C0F8843392E7D0F8B3
:10389000843343F01003C0F884338BE7D0F88433CB
:1038A00043F00803C0F8843384E7D0F8843343F04E
:1038B0000403C0F884337DE743F02003A7E7166BC9
:1038C00024F4800444EA86144BE7166B24F4801435
:1038D00044EA061445E7166B24F4002444EAC604BF
:1038E0003FE7166B24F4802444EA860439E7166B1C
:1038F00024F4003444EA460433E729F4807949F09B
:103900008009D3E670470220704743F040037EE70A
:1039100090F8DD30022B8446D8B246D09CF8DC30DB
:10392000012B6DD0DCF80000022310B58CF8DD30DF
:1039300000EBC1131468D3F8EC3023F0100343EA12
:103940000413546823F480132343D46823F480338E
:103950002343946823F4003323439469012C4FEAF2
:10396000C11E17D08644CEF8EC3006290BD8DFE80C
:1039700001F0242B323904401D00D0F8843343F089
:103980002003C0F88433002001238CF8DD308CF84C
:10399000DC0010BD1469526923F00403234323F0B3
:1039A0000203134343F00103DCE77047D0F884338C
:1039B00043F00103C0F88433E5E7D0F8843343F0E3
:1039C0000203C0F88433DEE7D0F8843343F0040305
:1039D000C0F88433D7E7D0F8843343F00803C0F845
:1039E0008433D0E7D0F8843343F01003C0F8843335
:1039F000C9E7D0F8843343F04003C0F88433C2E70A
:103A00000220704790F8DD30022B8446D8B23FD0B8
:103A10009CF8DC30012B3CD0022310B58CF8DD3053
:103A2000D2E90003C3F3080300F4E050184393689D
:103A3000546903F400731843136903F48043184373
:103A4000D36803F400430343906900F0007003431C
:103A5000106A00F080400343D06900F00042134335
:103A6000DCF8002002EBC1110B4AD1F8B80002EAE1
:103A700004421343094A02404FF0000E134301224F
:103A8000C1F8B8308CF8DD208CF8DCE0704610BD51
:103A900070470220704700BF0000FF010020003C7B
:103AA00000B590F8DDE0BEF1020F84465FFA8EF0BB
:103AB00027D09CF8DC00012800F0A08001208CF8C1
:103AC000DC0006294FF002008CF8DD0002F1FF3225
:103AD00019D0072A05D8DFE802F02B610439040465
:103AE0000441072200238CF8DD208CF8DC309CF8A0
:103AF000DD30072B27D0002001238CF8DD308CF837
:103B0000DC005DF804FB072AEBD801A151F822F094
:103B1000E93B0008DF3B0008E33A0008F33B0008FC
:103B2000E33A0008E33A0008E33A0008D53B00080E
:103B3000DCF800201B6802EBC112C2F89C309CF834
:103B4000DD30072BD7D101205DF804FBDCF8002025
:103B50001B6802EBC112C2F8A830C8E7DCF80020ED
:103B6000186802EBC1125968C2F8AC0000294FD0A6
:103B7000D2F8800020F44040C2F88000D2F88000E3
:103B8000B1F5005F40EA8100C2F880001ED0B1F5B7
:103B9000405FACD19B68C2F8A830A8E7DCF80020F1
:103BA000186802EBC1125968C2F8A40049B3D2F8F0
:103BB000800020F44050C2F88000D2F88000B1F5B7
:103BC000005F40EA0100C2F88000E0D19B68C2F8C3
:103BD0009C308CE7DCF800201B68D36287E7DCF8B8
:103BE00000201B68536282E7DCF800201B68D36169
:103BF0007DE7DCF800201B68936278E702205DF81F
:103C000004FBD2F8803023F44053C2F880306EE7D2
:103C1000D2F8803023F44043C2F8803067E700BF19
:103C2000F0B590F8DD40022C8446E0B244D09CF818
:103C3000DC0001284FF002003ED08CF8DD00DCF8FB
:103C400000004FEAC11E00EBC111402AD1F8E46028
:103C5000D1F8B8503AD030D8012A37D0023A1E2ACB
:103C60003CD8012101FA02F228490A4248D000EB6F
:103C70000E025968C2F8C4109968C2F8C81010241E
:103C80006FF47E0206EA0201DE681A685F69324359
:103C90001E6932433A439F693A43A240082E42EAE2
:103CA00001021FD000EB0E0301210020C3F8E42025
:103CB0008CF8DD108CF8DC00F0BDB2F5007FD6D0BA
:103CC00017D8802AD3D0B2F5807F07D100EB0E023F
:103CD0005968C2F8BC109968C2F8C0106FF0FE02B3
:103CE0000024CFE715F0022FDCD1DB69A3401A4393
:103CF000D8E7B2F5806FE9D0B2F5006FEED1B6E744
:103D000044F204010A42E1D1E8E700BF410000406B
:103D100090F8DC20012A034611D00068022283F8C3
:103D2000DD20D0F894234FF0000C0A430121C0F8A5
:103D30009423604683F8DD1083F8DCC070470220CE
:103D4000704700BF90F8DC20012A034611D00068BC
:103D5000022283F8DD20D0F898234FF0000C0A43AC
:103D60000121C0F89823604683F8DD1083F8DCC099
:103D700070470220704700BF90F8DC20012A0346FC
:103D80000FD00068022283F8DD2002684FF0000C9B
:103D90000A4301210260604683F8DD1083F8DCC02D
:103DA00070470220704700BF90F8DC20012A51D0F4
:103DB00003460268022010B583F8DD00D2F89003B4
:103DC0005C682043C2F89003C80304D5D068D3F8D8
:103DD000C8402043D0608C0305D5D2F88C001C6A03
:103DE0002043C2F88C00480305D5D2F80C01DC6BE7
:103DF0002043C2F80C010C0305D5D2F88C019C6D50
:103E00002043C2F88C01C80205D5D2F80C025C6FC1
:103E10002043C2F80C028C0206D5D2F88C02D3F8EB
:103E200090402043C2F88C02480206D5D2F80C0319
:103E3000D3F8AC402043C2F80C0310684FF0000CDC
:103E400001434FF0010E116083F8DDE083F8DCC020
:103E5000604610BD02207047704700BF704700BF2A
:103E6000704700BF704700BF704700BF704700BF7A
:103E7000704700BF704700BF704700BF704700BF6A
:103E8000704700BF704700BF704700BF704700BF5A
:103E9000704700BF704700BF704700BF704700BF4A
:103EA000704700BF704700BF704700BF704700BF3A
:103EB000704700BFFF292DE9F0410368074600F075
:103EC000908006290D4650D04A1C03EBC21203EB2A
:103ED000C1135468D3F88C60E2074FEAC11802D5C9
:103EE000F20700F1AC80A20702D5B30700F1B88059
:103EF000600702D5710700F1BD80220702D53307A4
:103F000000F1C280E00602D5F10600F1C78062062A
:103F100002D5730600F1CC80200602D5310600F1EF
:103F2000D180E20502D5F30500F1D680A00502D5C7
:103F3000B10500F1DC80620502D5730500F1E28075
:103F4000200502D5310500F1E880E20402D5F30432
:103F500000F1EE80A00402D5B10400F1F480620407
:103F600001D5730471D4BDE8F081D3F88863D3F828
:103F700090835C68DD68F10303D518F4803F40F05E
:103F8000ED80B20303D518F4003F40F0F480E3075E
:103F900002D5EE0700F1F880A00702D5A90700F1CD
:103FA000FB80620702D56B0700F1FE80260702D571
:103FB000280700F10181E10602D5EA0600F104813B
:103FC000A30602D5AE0600F107816006CBD56906CF
:103FD000C9D53B6840229A6006213846FFF750FF5A
:103FE000C1E7D3F88843D3F89053E20702D5EE0730
:103FF00000F1F980A00702D5A90700F1FA80620755
:1040000002D56B0700F1FD80260702D5280700F1D5
:104010000081E10602D5EA0600F10381630602D5BC
:104020006E0600F10681A4069DD5A8069BD53B68C7
:104030002022C3F88C233846FFF71AFF93E70122AA
:10404000C3F88820FFF71EFF4DE73B6843444FF459
:1040500080422946C3F888203846FFF71FFF82E7D1
:104060003B6843440222C3F8882029463846FFF7BC
:104070000BFF3DE73B6843440422C3F888202946F0
:104080003846FFF703FF38E73B6843440822C3F88C
:10409000882029463846FFF7FBFE33E73B68434458
:1040A0001022C3F8882029463846FDF7B1F92EE7DB
:1040B0003B6843444022C3F8882029463846FFF72E
:1040C000DFFE29E73B6843448022C3F88820294665
:1040D0003846FFF7DFFE24E73B6843444FF4807225
:1040E000C3F8882029463846FFF7D6FE1EE73B680E
:1040F00043444FF40072C3F8882029463846FFF73E
:10410000D1FE18E73B6843444FF48062C3F888202F
:1041100029463846FFF7C8FE12E73B6843444FF490
:104120000062C3F8882029463846FFF7BFFE0CE737
:104130003B6843444FF48052C3F8882029463846F0
:10414000FFF7B6FE06E73B6843444FF40052C3F85E
:10415000882029463846FFF7A3FE00E74FF4803257
:10416000C3F88C23012380F8DD30002380F8DC3095
:10417000FFF780FE05E73B684FF40032C3F88C235D
:104180003846FFF779FE02E73B6801229A60062174
:104190003846FFF777FEFFE63B6802229A60062169
:1041A0003846FFF771FEFCE63B6804229A60062160
:1041B0003846FFF76BFEF9E63B6808229A60062155
:1041C0003846FFF765FEF6E63B6810229A60062146
:1041D0003846FDF71DF9F3E63B6820229A60384621
:1041E000FFF74CFEF1E60122C3F88C23FFF734FE03
:1041F00000E73B680222C3F88C233846FFF72EFE07
:10420000FDE63B680422C3F88C233846FFF728FEFE
:10421000FAE63B680822C3F88C233846FFF722FEF3
:10422000F7E63B681022C3F88C233846FFF71CFEE4
:10423000F4E63B684022C3F88C233846FFF716FEAD
:10424000F1E600BF28B338B5D0E9003182680446F2
:104250004CF6CC40186045F25550186059609A6091
:10426000FDF758FD23680546DA6851070AD0FDF7C7
:1042700051FD401B31282368F6D9DA685207F3D084
:10428000032038BD1969E268914204D01A61002008
:1042900038BD012070474AF6AA221A60F7E700BF2E
:1042A00003684AF6AA2200201A607047002800F02E
:1042B000D78010B590F89132044603F0FF02002B2E
:1042C00000F0C9800323206884F8913203F03CFE9B
:1042D0002279002A00F0AE8000234FF48071012A79
:1042E000C4E908332182E374A36200F0C08040F285
:1042F0000111022AC4E91233218784F83B30236577
:1043000044D04FF48171032AC4E91C33A4F860102F
:1043100084F86330A36739D040F20311042AC4E95A
:104320002633A4F8881084F88B30C4F8A0302DD040
:104330004FF48271052AC4E93033A4F8B01084F830
:10434000B330C4F8C83021D040F20511062AC4E9C0
:104350003A33A4F8D81084F8DB30C4F8F03015D024
:104360004FF48371072AC4E94433A4F8001184F898
:104370000331C4F8183109D0C4E94E3340F20711B3
:10438000A4F8281184F82B31C4F84031002301210E
:10439000022AC4E95833C4E96233A4F8503184F8DE
:1043A0005331C4F86831A4F8781184F87B31C4F82B
:1043B00090313FD00221032AC4E96C33A4F8A01144
:1043C00084F8A331C4F8B83134D00321042AC4E9F5
:1043D0007633A4F8C81184F8CB31C4F8E03129D081
:1043E0000421052AC4E98033A4F8F01184F8F331DC
:1043F000C4F808321ED00521062AC4E98A33A4F87D
:10440000181284F81B32C4F8303213D00621072A60
:10441000C4E99433A4F8401284F84332C4F8583203
:1044200008D0C4E99E330722A4F8682284F86B32CE
:10443000C4F88032234653F8040B93E8060003F0D7
:104440008DFDA37A012200219342217384F89122E9
:1044500008D0002010BD80F8902205F075FA31E7F1
:1044600001207047204600F01BFF002010BDC4E96A
:104470005833A4F8503184F85331C4F86831D9E77F
:1044800090F89032012B0FD010B50446012300683C
:1044900084F8903203F04EFD206804F09DFA00236A
:1044A00084F89032184610BD022070472DE9F04F75
:1044B000044683B0006804F09BFA10F400452CD148
:1044C000430500F17B8147041BD410F4005140F0F8
:1044D000D781C60400F18B80050500F13183010608
:1044E00000F10183820500F11F84C30512D5226803
:1044F000B2F8443023F480731B041B0CA2F8443040
:1045000008E02268B2F8443023F480431B041B0CFB
:10451000A2F8443003B0BDE8F08F2068B0F8443012
:104520001F04F7D5DFF8BCBA10E011F0100100F05D
:10453000C580018811F400658BB240F0E7801E044D
:1045400000F15A81B0F844301A04E3D5B0F8445071
:10455000A9B215F00F05E8D00FFA85F830F8283029
:1045600019049EB266D43106ECD530F828309BB2DF
:1045700003EA0B0343F4004305EB850220F82830DF
:1045800004EBC202AF00D37C012B00F0858108EB65
:10459000880804EBC80C117CDCF82830009316F472
:1045A000807A4FEAC8094FEAC10E0FFA81F840F04D
:1045B000A381B0F850501EFA85F50544B5F80254B1
:1045C000C5F309059D4280F091815B1BCCF8283032
:1045D000536A2B445362DCF82C3009F110012B4450
:1045E0002144CCF82C3003F0D1FF2068AAE72268E0
:1045F000B2F8403023F004031B041B0CA2F8403037
:10460000B2F8403023F008031B041B0CA2F8403022
:1046100094F8C832012B00F09583204605F004FA87
:104620002268B2F8443023F480531B041B0CA2F818
:1046300044306FE730F8283023F070031B051B0D62
:1046400043F0800305EB850120F8283004EBC1011D
:10465000AF0091F85C31002B7BD1B0F8503000F204
:10466000064212FA83F391F8502133F83290C9F3DD
:104670000909B9F1000F40F0D0814FF000097B1912
:1046800004EBC303D3F86C214A44C3F86C21D3F87C
:1046900064214A44C3F86421D3F8682122B1D3F8D5
:1046A00060314B4540F29B812F4404EBC707204605
:1046B00097F8501105F07EF9206854E703889BB203
:1046C00003EA0B0343F400430380B0F8503010FAC0
:1046D00083F2207C40F2024303EBC0032046D35A0E
:1046E000626AC3F309031A44E362626205F06CF97B
:1046F000237B63B3A36A2068002B7FF423AF227B64
:1047000042F08002A0F84C2023731BE7B0F8502041
:1047100094F8501140F2064310FA82F203EBC10301
:1047200004F52671D35AB4F85621C3F30903C4F82B
:104730006C3104F071F92268138823F070031B05B3
:104740001B0D43F080031380204605F02DF92068EF
:10475000F8E691F8533191F85021022B00F00B82CA
:1047600012B230F8223023F4E04323F070031B042C
:104770001B0C43F4004343F0C00320F8223091F8AF
:1047800050311AB230F8222012F4804FB0F8502085
:1047900000F02F8100F2024C1CFA82F232F83390C2
:1047A000C9F30909B9F1000F3FF467AFB1F8582117
:1047B000D1F864114B4604F02FF960E72268B2F893
:1047C000443023F480631B041B0CA2F844302046C1
:1047D00005F008F994F89032012B3FF49BAE0123C9
:1047E000206884F890322573294604F0EFF884F8A5
:1047F000905203B0BDE8F08F028840F68F731340EB
:1048000043F080030380B0F8502094F8501140F238
:10481000064310FA82F203EBC103D35AC3F3090330
:10482000C4F86C3193B1D4F8641179B1B4F856215D
:1048300004F0F2F8D4F86431D4F86C211344204623
:104840002946C4F8643105F0B5F8206803881D05D1
:104850009AB23FF577AE02F44052B2F5405F3FF4B2
:1048600071AE038823F4804323F070031B041B0CF8
:1048700083F4405343F4004343F08003038061E634
:104880002268B2F8443023F400531B041B0CA2F836
:10489000443003B0BDE8F08F6B1C03EB83030021B1
:1048A00044F83310137FC3B116F04006537C40F038
:1048B0000F81002B40F05982137CB0F8502000EBA0
:1048C000C30303F2064392B2995AC1F30901995204
:1048D000995A89B241F4004199523D4404EBC5050F
:1048E0002046297C05F070F820682BE6CCF828A03B
:1048F000204605F069F82AE706F4804316F04006E2
:10490000019340F09280B0F85020009B00F2064ADC
:104910001AFA82F232F83890C9F30909994540F23F
:10492000A581CCF828607B1904EBC3035B7C002BCA
:1049300040F0A382B0F850200EF2024692B2064434
:10494000B35AC3F30903B352B35A6FEA43436FEA4E
:1049500053439BB2B352B0F850201AFA82F232F8A5
:104960003830C3F3090322F8383032F838306FEAB0
:1049700043436FEA53439BB222F838307B1904EB70
:10498000C303DB7C022B0FD130F8283023F4E04343
:1049900023F040031B041B0C83F0200343F400436B
:1049A00043F0800320F82830204605F00DF8019BE5
:1049B000002B7FF4CCAE7B1904EBC30320681A7C78
:1049C00030F8223023F4E04323F070031B041B0C67
:1049D00043F4404343F0800320F82230B2E528211D
:1049E00001FB0541206801F5A87103F0CFFD2068A7
:1049F000B9E500F2064C1CFA82F232F83390C9F3A2
:104A00000909B9F1000F3FF438AEB1F85A21D1F8D5
:104A100064114B4604F000F831E6B1F85621D1F8A4
:104A200064114B4603F0F8FF29E6B0F85060009B94
:104A300000F2024A1AFA86F636F83890C9F30909E4
:104A40009945C0F0E2800026CCF82860537C002B0A
:104A500040F02582B0F850301AFA83F30EF2064285
:104A600033F83860C6F3090623F8386033F8386045
:104A7000B6B246F4004623F83860B0F8503002442D
:104A80009BB2D65AC6F30906D652D65AB6B246F4E7
:104A90000046D6527B1904EBC303DB7C022B0FD1FB
:104AA00030F8283023F4E04323F040031B041B0CB0
:104AB00083F0200343F4004343F0800320F82830C0
:104AC000204604F081FF019B002B7FF474AF3EE68B
:104AD000002B40F03D81137CB0F8502000EBC30365
:104AE00003F20243EFE62268B2F8443023F0800379
:104AF0001B041B0CA2F8443094F8C832002B40F081
:104B00000E81B2F840309BB243F00403A2F840306B
:104B1000B2F840309BB2012143F00803A2F84030C4
:104B200084F8C812B2F85430C3F38D0303F03C0389
:104B30002046C4F8CC3203B0BDE8F04F05F04CB8C5
:104B40002268B2F840309BB243F00803A2F840302C
:104B5000B2F8443023F400631B041B0CA2F8443069
:104B6000B2F840309BB243F004032046A2F8403034
:104B700004F04AFFCEE4B0F850E0D1F868310FFA03
:104B800082FCD20012FA8EF216F4804A024400F03F
:104B9000F980B2F802E4CEF3090E9E45F14600F228
:104BA0006581A3EB0E03C1F868317BB930F82C2086
:104BB00022F4804222F070021204120C82F400529D
:104BC00042F4004242F0800220F82C2072060DD5FB
:104BD00030F82C3023F4E04323F070031B041B0C4B
:104BE00043F4004343F0C00320F82C30BEF1000F23
:104BF0003FF445AD791904EBC1017346B1F8582172
:104C0000D1F8641103F008FF39E5A3EB0903CCF8F0
:104C10002830019B6BB130F8283023F4E04323F0B7
:104C200070031B041B0C43F4404343F0800320F843
:104C300028307B1904EBC30393F83420012A00F0D9
:104C4000DC803D4404EBC5052A7C30F8223023F497
:104C5000E04323F040031B041B0C83F0300343F4B8
:104C6000004343F0800320F822306BE4A3EB0903F8
:104C7000CCF82830002B3FF456AE019B6BB930F8CE
:104C8000283023F4E04323F070031B041B0C43F48F
:104C9000404343F0800320F828307B1904EBC30322
:104CA00093F83420012ACCD15A6A02EB09015962E7
:104CB000DCF82C604E44CCF82C601E6B1A6A9642CD
:104CC000C0F00981B61A1E631FFA82F97B1904EB42
:104CD000C30393F811C0BCF1000F40F0F180B0F8AD
:104CE00050301AFA83F39E4433F83860C6F309064D
:104CF00023F83860002A40F0198133F838206FEA31
:104D000042426FEA524292B223F838207A1904EBF9
:104D1000C2024B46528B03F06FFE206891E720469B
:104D200004F072FEFFF7F6BB2268B2F8443023F4B9
:104D300000731B041B0C2046A2F8443004F04EFE06
:104D4000FFF7E8BB84F8C812204604F045FF64E48E
:104D5000012B7FF4C2AD137CB0F8502000EBC303ED
:104D600003F2024392B29952B7E5012B7FF4B5AD3D
:104D7000137CB0F8502000EBC30303F2064392B259
:104D80009E52AAE5B2F806E4CEF3090E9E45F1461E
:104D900070D8A3EB0E03C1F868317BB930F82C2032
:104DA00022F4804222F070021204120C82F40052AB
:104DB00042F4004242F0800220F82C2073060DD409
:104DC00030F82C3023F4E04323F070031B041B0C59
:104DD00043F4004343F0C00320F82C30BEF1000F31
:104DE0003FF44DAC791904EBC1017346B1F85A2177
:104DF000D1F8641103F010FE41E45A6A02EB090194
:104E00005962DCF82C604E44CCF82C601E6B1A6A98
:104E100096426FD3B61A1E631FFA82F97B1904EB10
:104E2000C30393F811C0BCF1000F59D1B0F8503052
:104E30001AFA83F39E4433F83860C6F3090623F860
:104E40003860002A40F0988033F838206FEA4242F8
:104E50006FEA524292B223F838207A1904EBC20268
:104E60004B46128B03F0C8FD2068EAE60023C1F828
:104E700068319BE6C1F868A190E7012B7FF47EAD15
:104E8000B0F850300EF202429BB202440026D652D5
:104E9000B0F850301AFA83F323F838606EE5012B2E
:104EA0007FF4F8ADB0F850301AFA83F30EF20642F0
:104EB00023F83860B0F8503002449BB2D652E9E58E
:104EC000BCF1010F7FF422AFB0F850301AFA83F32F
:104ED00023F838901AE796B983F834604A46F5E625
:104EE000BCF1010FB9D1B0F850301AFA83F323F8AE
:104EF0003890B2E74EBB83F834604A468EE793F8A9
:104F000011C000221A6383F834201FFA86F9BCF11D
:104F1000000FD5D1B0F850301AFA83F3324633F887
:104F20003860C6F3090623F838609E443E2A32D81A
:104F3000BEF800305608D20748BF01369BB243EA9C
:104F400086239BB2AEF80030E0E693F811C0002251
:104F500083F834201A631FFA86F9BCF1000FBFD121
:104F6000B0F850301AFA83F3324633F83860C6F39B
:104F7000090623F838609E443E2A1FD8BEF8003048
:104F80005608D20748BF01369BB243EA86239BB23C
:104F9000AEF8003061E7D306BEF800304FEA521693
:104FA00008BF06F1FF369BB243EA86236FEA43430C
:104FB0006FEA53439BB2AEF80030A7E6D306BEF8C3
:104FC00000304FEA521608BF06F1FF369BB243EAA3
:104FD00086236FEA43436FEA53439BB2AEF8003037
:104FE0003BE700BF0F8FFFFF90F89022012A0DD002
:104FF00010B504460122006884F89022217303F062
:10500000E5FC002384F89032184610BD022070475A
:1050100010B501F0070E0EEB8E0C090604464FEAA0
:10502000CC0C23D40CF5A87101440EEB8E0004EBDC
:10503000C0004FF0000C80F851C1022BCB70C2F3BE
:105040000A0204BF00230B7181F800E00A6194F8A2
:105050009032012B16D0012384F89032206802F0A0
:1050600091FF002384F89032184610BD0CF1100116
:1050700001440EEB8E0004EBC0004FF0010C80F8F1
:1050800011C0DAE7022010BD01F0070301F00702AA
:1050900010B503EB83030446090602EB82004FEAD6
:1050A000C30304EBC00016D403F5A873E1184FF056
:1050B000000C80F851C10A7094F89032012B15D081
:1050C000012384F89032206803F07AF9002384F8F1
:1050D0009032184610BD1033E1184FF0010C80F8E3
:1050E00011C00A7094F89032012BE9D1022010BD52
:1050F00010B501F0070E0EEB8E0C00EBCC0C282146
:10510000002401FB0E01CCF8642100688CF850E10A
:10511000CCE95A348CF8514101F5A87103F036FA04
:10512000204610BD01F0070101EB810100EBC10039
:10513000D0F86C01704700BF10B501F0070E0EEB00
:105140008E0100EBC10C6146CCF82830CCF8303031
:10515000002401230068CCF8242010318CF834306E
:10516000CCF82C408CF811308CF810E003F00EFADB
:10517000204610BD027901F007039A4233D30A0694
:1051800010B504461CD401EB8102282000FB01412C
:1051900004EBC20201F5A871002082F8510101223E
:1051A0008A700B7094F8903293421AD0206884F879
:1051B000902203F095FB002384F89032184610BD2E
:1051C00003EB8302282101FB030100EBC202103133
:1051D0000120507401228A700B7094F8903293422F
:1051E000E4D1022010BD0120704700BF38B502791C
:1051F00001F00F039A4232D301F0070301F00702D6
:10520000044603EB830302EB820009064FEAC30363
:1052100004EBC00016D403F5A873E118002580F84C
:10522000515100258D700A7094F89032012B14D0E2
:105230000123206884F8903203F07AFB84F89052BE
:10524000284638BD1033E1180125457400258D70BE
:105250000A7094F89032012BEAD1022038BD012067
:1052600038BD00BF11F0800F0CD001F0070101EB39
:10527000810100EBC100103099B262B9C1800273A4
:105280000020704701EB810100EBC10000F5A87020
:1052900099B2002AF2D00122836002730020704785
:1052A00002460020116810B482F8C802B1F85430E8
:1052B00001249BB22343C2F8D042A1F85430B1F884
:1052C00054305DF8044B9BB243F00203A1F8543014
:1052D000704700BF354A136860B903F4C063B3F583
:1052E000806FD2F880301BD023F48073C2F88030F6
:1052F00000207047B0F5007F06D023F4C06343F46C
:10530000806313600020704703F4C063B3F5806FBF
:10531000D2F8803029D043F48073C2F88030F1E7AE
:1053200023F48073C2F8803013682148214923F4A4
:10533000C06343F4007313600368322000FB03F37F
:105340005069A1FB03139B0C400503F1010306D533
:1053500000E023B15169490503F1FF33F9D4134B40
:105360005B695B05CED50320704743F48073C2F8B8
:10537000803013680E480F4923F4C06343F4007370
:1053800013600368322000FB03F35069A1FB031391
:105390009B0C400503F10103E1D501E0002BDED0B9
:1053A0005169490503F1FF33D9D5F7E70070004093
:1053B0000000002083DE1B43024A936843F48043CD
:1053C0009360704700700040002800F0BD812DE917
:1053D000F0410368D90782B0044612D5A6498A680D
:1053E000C96802F00C020C2A00F0D080082A40F0B4
:1053F000D280A14A1268920303D56268002A00F0A5
:1054000037819A0722D59C4A9368D26803F00C032F
:105410000C2B00F0F880042B40F0FA80964B1B68B0
:105420005B0503D5E368002B00F02281924A2069D6
:105430005368924923F0FE4343EA006353600868CF
:10544000FCF726FC002840F0138123681A0719D5C1
:105450006369894D002B00F0C280D5F8943043F089
:105460000103C5F89430FCF755FC064605E0FCF74F
:1054700051FC801B022800F21781D5F894309B075D
:10548000F5D523685D0741D57B4B9A6DD00000F1BF
:105490000F819A6D42F080529A659B6D03F08053A4
:1054A0000193019B0125764E3368D90540F12E8189
:1054B000A368012B00F0FE80052B00F084816E4E66
:1054C000D6F8902022F00102C6F89020D6F890205D
:1054D00022F00402C6F89020002B40F0F280FCF786
:1054E00019FC41F28838074605E0FCF713FCC01BA5
:1054F000404500F2D980D6F890309907F5D425B10F
:105500005D4A936D23F08053936523689A0618D5FE
:10551000A369594D002B00F0E580D5F8983043F091
:105520000103C5F89830FCF7F5FB064605E0FCF7EB
:10553000F1FB801B022800F2B780D5F898309B075A
:10554000F5D5E369F3B14C4DAA6802F00C020C2AC0
:1055500000F04781022B2B6823F080732B6000F052
:10556000F580FCF7D7FB044605E0FCF7D3FB001BF6
:10557000022800F299802B689B01F6D4EA68414B1F
:105580001340EB60002002B0BDE8F08101F00301A0
:1055900003293FF42EAF6368B3F5803F55D0B3F5D0
:1055A000A02F00F0C480344D2A6822F480322A6093
:1055B0002A6822F480222A60002B4BD1FCF7AAFB38
:1055C000064604E0FCF7A6FB801B64286CD82B6819
:1055D0009903F7D423689A077FF538AF13E7D5F816
:1055E000943023F00103C5F89430FCF793FB064692
:1055F00004E0FCF78FFB801B022855D8D5F89430C7
:105600009F07F6D43DE702F00302022A3FF406AFFB
:10561000E368194D002B37D02B6843F480732B605F
:10562000FCF778FB064604E0FCF774FB801B0228BD
:105630003AD82B685F05F7D56B68226923F0FE43E3
:1056400043EA02636B60236800E70B4A136843F484
:1056500080331360FCF75EFB074E054604E0FCF761
:1056600059FB401B64281FD833689F03F7D5B1E767
:10567000012002B0BDE8F0810010024008000020C7
:1056800000700040FCFFEEFE2B6823F480732B605B
:10569000FCF740FB06462B6859057FF5D6AEFCF7B4
:1056A00039FB801B0228F6D9032002B0BDE8F08147
:1056B0000025F8E6654AD2F8903043F00103C2F8BD
:1056C0009030FCF727FB614F064641F2883804E032
:1056D000FCF720FB801B4045E6D8D7F890309B07AD
:1056E000F6D50CE7D5F8983023F00103C5F89830CB
:1056F000FCF710FB064604E0FCF70CFB801B0228BD
:10570000D2D8D5F898309F07F6D41AE7336843F417
:1057100080733360FCF7FEFA07463368DA053FF51D
:10572000C7AEFCF7F7FAC01B0228F6D9BCE703F1B5
:105730008043A3F53C331A6842F480221A601A6849
:1057400042F480321A6085E701207047FCF7E2FAE4
:10575000064604E0FCF7DEFA801B0228A4D82B687A
:105760009901F7D4E9683A4B226A606A0B40134307
:10577000D4E90A1243EA012343EAC263D4E90C12D2
:105780000138490843EA00130139520843EA4153FA
:10579000013A43EA4263EB602B6843F080732B606D
:1057A000EB6843F08073EB60FCF7B4FA274D0446D6
:1057B00005E0FCF7AFFA001B02283FF675AF2B6837
:1057C0009A01F6D5DEE6214BD3F8902042F0040290
:1057D000C3F89020D3F8902042F00102C3F8902043
:1057E0006FE7012B3FF444AFEB68226A03F003013B
:1057F00091427FF43DAF616A03F0F0020139B2EBF0
:10580000011F7FF435AFA16A03F4FE42B2EB012F12
:105810007FF42EAFE16A03F07842B2EBC16F7FF400
:1058200027AF226B520803F4C001013AB1EB425F8B
:105830007FF41EAF626B520803F0C063013AB3EB12
:10584000426F14BF012000209DE600BF00100240FF
:105850000C809F01184B9A6802F00C02042A26D093
:105860009A6802F00C02082A23D09A6802F00C020F
:105870000C2A01D000207047D968DA68D86801F096
:1058800003010329C2F30312C0F306200CBF0B4B24
:105890000B4B0132B3FBF2F303FB00F0064BDB686A
:1058A000C3F3416301335B00B0FBF3F0704704487E
:1058B00070470248704700BF0010024040787D01E9
:1058C0000024F400002800F0EE80784A2DE9F84327
:1058D000136803F00F038B420D4604460CD2136885
:1058E00023F00F030B431360136803F00F038B4285
:1058F00002D00120BDE8F8832368DF0769D5676817
:10590000032F00F0A0806A4B022F1B6800F09780E5
:105910005B05EED5FFF79EFF664B984240F2C080D4
:10592000634A936823F0F00343F0800393604FF0E1
:1059300080095F4EB36823F003033B43B360FCF779
:10594000E9F941F28838074604E0FCF7E3F9C01BA7
:10595000404571D8B368626803F00C03B3EB820F63
:10596000F3D123689F0736D4B9F1000F03D0B36891
:1059700023F0F003B3604D4E336803F00F03AB42E6
:1059800046D823685A0706D54949E0688A6822F450
:10599000E06202438A601B0707D5454A2169936884
:1059A00023F4605343EAC1039360FFF753FF404A77
:1059B000414C92684149C2F303120346A25C40483D
:1059C00002F01F02D3400B600068BDE8F843FCF70B
:1059D0005FB99E07CFD5580704D535498A6842F488
:1059E000E0628A60190706D5314A936823F47C5334
:1059F00043F4E06393602E4AA16893682B4E23F032
:105A0000F0030B439360336803F00F03AB42B8D944
:105A1000336823F00F032B433360FCF77BF941F22B
:105A200088380746336803F00F03AB42A9D0FCF770
:105A300071F9C01B4045F5D90320BDE8F8839A03EE
:105A40003FF568AF55E71A4A116888017FF551AFF5
:105A5000D068D168D268174E00F003000328C1F364
:105A600003110CBF174818480131B0FBF1F1104881
:105A7000C2F3062201FB02F2C168C1F341610131A8
:105A80004900B2FBF1F2B2420AD9826812F0F00F7B
:105A90003FF446AF990703D5A368002B3FF440AF0E
:105AA0004FF0000945E70120704700BF0020024089
:105AB0000010024000B4C404F4BA00080000002042
:105AC0000800002040787D010024F400054B064AC0
:105AD0009B680649C3F302230868D35C03F01F03E5
:105AE000D840704700100240ECBA000800000020C7
:105AF000054B064A9B680649C3F3C2230868D35C7A
:105B000003F01F03D840704700100240ECBA0008B1
:105B1000000000202DE9F0410368044613F4002042
:105B200082B052D0AC4B9A6DD50040F13A8100273B
:105B3000AA4D2B6843F480732B60FCF7EBF8064604
:105B400005E0FCF7E7F8831B022B00F235812B6898
:105B5000D805F6D5A04D226DD5F8903013F44073DA
:105B600026D0934224D0D5F89010D5F8903043F445
:105B70008033C5F89030D5F8903023F48033C5F8E1
:105B8000903021F44073C907C5F8903010D5FCF768
:105B9000C1F841F28838064605E0FCF7BBF8801BE7
:105BA000404500F20981D5F890309B07F5D5226D6C
:105BB0008949D1F8903023F440731343C1F89030F1
:105BC00023680020002F40F0FC80DD0708D58249C3
:105BD0006568D1F8882022F003022A43C1F88820A2
:105BE000990708D57C49A568D1F8882022F00C02D5
:105BF0002A43C1F888205A0708D57749E568D1F8C3
:105C0000882022F030022A43C1F888201F0708D5D7
:105C100071492569D1F8882022F0C0022A43C1F8D1
:105C20008820DE0608D56C496569D1F8882022F401
:105C300040722A43C1F888209D0608D56649A569A7
:105C4000D1F8882022F440622A43C1F888205906FE
:105C500008D56149E569D1F8882022F440522A43E9
:105C6000C1F888201A0608D55B49256AD1F8882032
:105C700022F440422A43C1F88820DF0508D556495E
:105C8000656AD1F8882022F440322A43C1F888207E
:105C90009E0308D55049A56AD1F89C2022F0030242
:105CA0002A43C1F89C209D0508D54B49E56AD1F8E7
:105CB000882022F440222A43C1F8882059050BD5B8
:105CC0004549256BD1F8882022F440122A43B5F5C6
:105CD000801FC1F888207AD01A050BD53E49656B24
:105CE000D1F8882022F440022A43B5F5800FC1F88C
:105CF000882075D0DF040BD53749A56BD1F88820F3
:105D000022F040722A43B5F1807FC1F888206CD020
:105D10009E040BD53049E56BD1F8882022F0406213
:105D20002A43B5F1006FC1F8882063D05D040BD51C
:105D30002949256CD1F8882022F040622A43B5F128
:105D4000006FC1F888205AD019040BD52249656C20
:105D5000D1F8882022F040522A43B5F1805FC1F883
:105D6000882051D0DA030BD51B49A56CD1F88820C7
:105D700022F040422A43B5F1804FC1F8882048D034
:105D80005B030BD5144AE16CD2F89C3023F440132A
:105D90000B43B1F5001FC2F89C303FD002B0BDE804
:105DA000F0819A6D42F080529A659B6D03F08053AA
:105DB0000193019B0127BBE623680320002F3FF4DA
:105DC00004AF05498A6D22F080528A65FDE6CA68F3
:105DD00042F48012CA607FE7001002400070004069
:105DE000CA6842F48012CA6084E7CA6842F480122A
:105DF000CA608DE7CA6842F48012CA6096E7CA6832
:105E000042F48012CA609FE7CA6842F48032CA60D6
:105E1000A8E7CA6842F48032CA60B1E7D36843F4A5
:105E20008013D36002B0BDE8F08100BF2DE9F041DE
:105E300082B000230E4615468DF803300746FBF767
:105E400069FF35442D1AFBF765FF324B3C681B6830
:105E500003EB8303C3EBC3031B0D05FB03F3013605
:105E6000019311D1A36813F4C06F09D0237BDBB277
:105E70008DF803309DF80330A36813F4C06FF5D19B
:105E8000002002B0BDE8F081804623469B6813F4F1
:105E9000C06FF5D0237BDBB28DF803309DF8033063
:105EA000FBF738FFA0EB0800A84209D2019A019B3A
:105EB000002A03F1FF33019308BF00253B68E5E7A3
:105EC000D7E900315A68B1F5827F22F0E0025A60CA
:105ED00013D0BA6AB2F5005F07D11A6822F40052F3
:105EE0001A601A6842F400521A600122002387F8EF
:105EF0005D2087F85C300320C3E7BA68B2F5004F35
:105F000002D0B2F5806FE4D11A6822F040021A6024
:105F1000DFE700BF000000202DE9F04784B0002338
:105F20000E4617468DF807300546FBF7F3FEDFF8FF
:105F3000389106EB0708A8EB0004FBF7EBFED9F855
:105F4000003003EB8303C3EBC3031B0D04FB03F31C
:105F50000293731C26D12C68A36813F4C05FFBD195
:105F6000FBF7D8FEA8EB0008FBF7D4FED9F8003009
:105F70002A68C3F3CB3308FB03F303939368190632
:105F8000FCD43A4631462846FFF750FF10B904B01A
:105F9000BDE8F0872B6E43F020032B66032004B08E
:105FA000BDE8F08782462B689B6813F4C05F0ED073
:105FB000FBF7B0FEA0EB0A03A34220D2029A029B99
:105FC000002A03F1FF3308BF00240293EBE7FBF73D
:105FD000A1FEA8EB0004FBF79DFED9F80030C3F347
:105FE000CB3304FB03F3804603932B689B681B06AB
:105FF000C7D5FBF78FFEA0EB0803A3421FD3D5E95B
:1060000000315A68B1F5827F22F0E0025A601FD059
:10601000AA6AB2F5005F07D11A6822F400521A602A
:106020001A6842F400521A60012385F85D302B6E25
:10603000002243F0200385F85C202B66AEE7039A2C
:10604000039B002A03F1FF3308BF00240393CCE72E
:10605000AA68B2F5004F02D0B2F5806FD8D11A68A5
:1060600022F040021A60D3E700000020002877D019
:10607000426A2DE9F0410446002A57D00023C0E9C6
:10608000043394F85D300021A16203F0FF01002B7E
:106090005AD02168E768022384F85D300B68B7F5B1
:1060A000E06F23F040030B6046D854D1A56A4FF44B
:1060B000805005F40055A368A66902F0100C6268D0
:1060C00003F4044302F482721A43236903F00203C7
:1060D0001343626902F001021A43636B07F47067AD
:1060E00003F0080343EA070EE36903F03808236A64
:1060F00003F0800706F40073134343EA08033B43AD
:10610000360C2B4306F004060B604EEA060343EA06
:106110000C0303434B60CB69002023F4006301228E
:10612000CB61206684F85D20BDE8F0814368B3F55B
:10613000827FA6D0C261A4E7B7F5706F12D1A56ABD
:10614000002005F40055B6E784F85C102046FBF704
:10615000C5F9626A9DE74FF480500025A562AAE761
:10616000012070470020F8E72DE9F041044682B095
:106170001D460F469046FBF7CDFD94F85D30012B90
:106180007ED10646D8B2002F77D0B8F1000F74D078
:1061900094F85C30012B73D0A168236884F85C000C
:1061A00000220320B1F5004F84F85D00C4E91322FA
:1061B00022662264A4F84420A4F83E80A763A4F8D1
:1061C0004620A4F83C801A4607D1196821F0400106
:1061D0001960196841F4804119601968490603D4AF
:1061E000196841F040011960E1686068B1F5E06F3D
:1061F0004AD8002800F0C380B8F1010F00F0BF803A
:10620000E38F9BB2F3B1681C12D091E0E38FA06BD7
:106210009BB2012B014640F29F8031F8023BD360D4
:10622000E38FA163023B9BB2E387E18F89B249B15F
:10623000226893689907E9D4FBF76CFDE18F89B276
:106240000029F5D1324629462046FFF765FE08B100
:1062500020232366A36833B922680193D36801938E
:1062600093680193019B012384F85D30206E002325
:10627000C01A84F85C3018BF012002B0BDE8F0817C
:10628000022002B0BDE8F08100286FD0B8F1010F04
:106290006CD0E18F89B20029D4D0691C2CD19A68C6
:1062A000970713D5A26B32F8021BD960B4F83EC031
:1062B000A2630CF1FF3C1FFA8CFCA4F83EC0E28FF5
:1062C00092B2002ABED09A689707EBD4FBF722FD62
:1062D000E38F9BB2002BB5D02368E0E7A16B31F8C8
:1062E000023BD360E38FA163013B9BB2E387E38F63
:1062F0009BB2002BA6D0226893689807EED4FBF7D8
:1063000009FD801BA842F2D3012384F85D300023ED
:1063100084F85C300320B0E731F8022BDA60E38FB9
:10632000A163023B9BB2E387E38F9BB2002B89D032
:1063300023689A68920739D5E28FA06B92B2012A3E
:106340000146E9D802781A73E38FA26B013B013250
:106350009BB2A263E387E7E703781373E38FA26B33
:10636000013B01329BB2A263E3875EE737F8021B71
:10637000D960E18FA763013989B2E18789E7E28FAC
:1063800092B2012A08D937F8022BDA60E38FA763AB
:10639000023B9BB2E38733E73A781A73E38FA26B31
:1063A000013B01329BB2A263E38729E7FBF7B2FC12
:1063B000801BA842B8D3A7E72DE9F04104469046D8
:1063C0001E460F46FBF7A6FC94F85D306268012B71
:1063D00005460BD0B2F5827F40F08C80D9B2A3681D
:1063E000002B40F08780042940F08480002F00F0CB
:1063F0006981B8F1000F00F06581002E00F0628124
:1064000094F85C30012B75D094F85D30C4F840806E
:106410000121042B84F85C10E168A4F844601CBFDF
:10642000052384F85D300023B1F5E06F2366E36453
:10643000A4F846602365A7632368A687E6875CD92E
:10644000596821F4805159601968480603D41968C5
:1064500041F040011960002A00F00081012E00F097
:10646000FD80069B01334FF0010628D09AE0226898
:10647000936899070DD5E38F9BB253B146B1A16BD9
:1064800031F8023BD360E38FA163013B9BB2E3870A
:106490000026936813F001030FD0B4F8461089B2B8
:1064A00059B1216CD26821F8022B1E46B4F846304F
:1064B0002164013B9BB2A4F84630FBF72BFCE38F31
:1064C0009BB2002BD3D1B4F846309BB2002BCED177
:1064D00006992A462046FFF71FFD002840F0ED8070
:1064E000012384F85D30236E84F85C00181E18BF09
:1064F000012000E00220BDE8F081012E00F01881AB
:10650000596821F480515960196849065EBF1968BD
:1065100041F04001196062B9E28F92B2012A40F263
:10652000D38037F8022BDA60E38FA763023B9BB27C
:10653000E387069B01334FF001067DD1E38F9BB2C9
:1065400023B9B4F846309BB2002BC1D022689368BF
:106550009F0706D5E38F9BB21BB1002E40F09380BE
:106560000026936813F0010319D0B4F8461089B2DD
:10657000A9B1B4F84600216C80B2012877D9D0685F
:1065800021F8020B2164B4F84610023989B2A4F84C
:106590004610B4F8461089B2012935D91E46FBF7DA
:1065A000B9FBCBE7E38F9BB223B9B4F846309BB27B
:1065B000002B8DD02268936898070DD5E38F9BB28E
:1065C00053B146B1A16B31F8023BD360E38FA163B5
:1065D000013B9BB2E3870026936813F0010304D0CC
:1065E000B4F8461089B2002978D1FBF793FB069BDB
:1065F000401B9842D6D3012384F85D30002384F8F1
:106600005C300320BDE8F081516841F48051516055
:10661000C4E7002E40F0A6800026936813F0010323
:1066200004D0B4F8461089B2002964D1FBF772FB9C
:10663000069B401B9842DED2E38F9BB22BB9B4F885
:1066400046309BB2002B3FF443AF226893689B0710
:10665000E3D5E38F9BB2002BDFD0DAE737F8022BCC
:10666000DA60E38FA763013B9BB2E387F9E6127B15
:106670000A70B4F84620216C013A013192B22164CB
:10668000A4F846208AE7E18FA36B89B2012908D9D3
:1066900033F8021BD160E18FA3638B1E9BB2E387AB
:1066A0005EE71B781373E38FA26B013B511C9BB217
:1066B0002268A163E387002653E720220023226695
:1066C00084F85C30012016E73A781A73E38FA26BE6
:1066D000013B01329BB2A263E3872AE7216CD268B7
:1066E00021F8022B1E46B4F846302164013B9BB2D0
:1066F000A4F8463079E7B4F84600216C80B201284E
:1067000023D9D06821F8020B2164B4F8461002396D
:1067100089B2A4F84610B4F8461089B2012901D90B
:106720001E4683E7516841F4805151601E467DE763
:106730005A6842F480525A601A6856063FF5ECAE29
:106740001A6842F040021A60E6E6127B0A70B4F85A
:106750004620216C013A013192B22164A4F846200E
:106760001E4663E7E38FA16B9BB2012B09D90B4651
:1067700033F8021BD160E18FA3638B1E9BB2E387CA
:106780004AE70B781373E38FA26B013B511C9BB25A
:106790002268A163E3873FE72DE9F04190F85D604F
:1067A000012E84B040F095801D468846F3B2002942
:1067B00000F08B801746002A00F087804368B3F50D
:1067C000827F044603D18368002B00F02781FBF70A
:1067D000A1FA94F85C30012B06467AD00120E268D9
:1067E000216884F85C000023042084F85D00B2F581
:1067F000E06F2366A4F84670E387C4E91333A3630C
:10680000A3874868C4F84080A4F844700B4665D953
:1068100020F480504860A068B0F5004F00F0CC80B4
:106820000868400665D4086840F040000860B2F58A
:10683000E06F5ED8B4F8462092B2EAB1691C11D07C
:10684000AAE0226C1B7B1370B4F84620216C013A3D
:1068500092B2A4F84620B4F8463001319BB22164CC
:1068600053B123689A68D207EBD4FBF753FAB4F814
:1068700046309BB2002BF4D16368B3F5827F00F001
:10688000A880FBF747FAAF193F1AFBF743FA884B8A
:106890001B68C3F3CB3307FB03F3691C80460393E8
:1068A00040F0C68023689A681206FCD46368B3F58A
:1068B000827F00F09C80012384F85D30236E0022EB
:1068C0009B1A84F85C2018BF0123184604B0BDE869
:1068D000F0810223184604B0BDE8F08140F48050F6
:1068E0004860A068B0F5004F66D0086847069AD5A2
:1068F000A0E7B4F8462092B2002ABDD06F1C2FD179
:106900008B68D80712D5236CCA6823F8022BB4F819
:1069100046202364013A92B2A4F84620B4F84630E7
:106920009BB2002BA8D08B68D807ECD4FBF7F2F908
:10693000B4F846309BB2002B9ED02168E0E7226C71
:10694000DB6822F8023BB4F846302264013B9BB27C
:10695000A4F84630B4F846309BB2002B8CD02368A4
:106960009A68D007EBD4FBF7D5F9831BAB42F1D380
:106970001AE0226C1B7B1370B4F84630226C013B8A
:1069800001329BB22264A4F84630B4F846309BB280
:10699000002B3FF471AF23689A68D707E9D4FBF75F
:1069A000B9F9831BAB42F0D3012384F85D30002397
:1069B00084F85C30032388E7086820F04000086012
:1069C000086820F480400860086840063FF52FAF53
:1069D00029E7A368B3F5004F03D0B3F5806F7FF4C8
:1069E00050AF2268136823F04003136049E7A3689F
:1069F000B3F5004F03D0B3F5806F7FF45CAF324640
:106A000029462046FFF712FA00283FF454AF236EC0
:106A100043F020032366202323664CE700950425DA
:106A2000134680F85D500A46FFF7C6FC03464CE764
:106A300023689B681B067FF539AFFBF76BF9A0EB6A
:106A40000803BB420BD2039A039B013B03932368C9
:106A50009B68002A08BF00271B06EED426E7D4E96E
:106A600000315A68B1F5827F22F0E0025A6013D0FB
:106A7000A26AB2F5005F07D11A6822F400521A60C8
:106A80001A6842F400521A60012384F85D30236EC4
:106A900043F020032366BEE7A268B2F5004F02D0A0
:106AA000B2F5806FE4D11A6822F040021A60DFE785
:106AB00000000020036A026A22F00102026270B440
:106AC000446882690D6822F4803222F073022A43FE
:106AD0008D6823F002032B43154DA84213D005F512
:106AE0000065A8420FD005F54065A8420BD005F51A
:106AF0008065A84207D005F58065A84203D005F55A
:106B00000065A8420DD1CD6823F008032B43D1E9DD
:106B1000056524F4407446EA050C23F004034CEAAE
:106B2000040449684460826170BC41630362704739
:106B3000002C0140036A026A22F48072026270B47F
:106B40004468C2690D6822F4803222F073022A433D
:106B50008D6823F4007343EA0523174DA84214D02F
:106B600005F50065A84210D005F5E055A8420CD007
:106B7000A5F58055A8420FD005F58065A8420BD039
:106B800005F58065A8420FD106E0CD6823F40063C7
:106B900043EA052323F48063D1E9056524F44054D6
:106BA00046EA050C44EA0C1449684460C26170BCB2
:106BB000C1630362704700BF002C0140036A026A90
:106BC00022F48052026270B44468C2690D6822F0F7
:106BD000807222F4E64242EA05228D6823F40053D3
:106BE00043EA0533164DA84214D005F50065A842C6
:106BF00010D005F5E055A8420CD0A5F58055A84267
:106C00000FD005F58065A8420BD005F58065A84238
:106C10000FD106E0CD6823F4004343EA053323F4A3
:106C20008043D1E9056524F4404446EA050C44EA72
:106C30008C1449684460C26170BC0164036270478F
:106C4000002C0140002800F0998038B590F83D30C4
:106C5000044603F0FF02002B7DD02368484902223E
:106C600084F83D208B421A6861D0B3F1804F29D05F
:106C7000A1F594318B4225D001F580618B4221D062
:106C800001F580618B421DD001F594318B424ED0CD
:106C900001F5E0518B424AD0A1F580518B425FD083
:106CA00001F580618B425BD001F580618B4257D04A
:106CB000A5696168E06822F080022A431A60D86200
:106CC000996210E0A168206922F070020A4322F460
:106CD0004072A169024322F08002E0680A436168C1
:106CE0001A60D862996201225A611A69D20703D5E3
:106CF0001A6922F001021A61012384F8483084F8ED
:106D00003E3084F83F3084F8403084F8413084F8D5
:106D1000423084F8433084F8443084F8453084F8B5
:106D2000463084F8473084F83D30002038BDA068F4
:106D3000216922F07002024322F440720A43A169E1
:106D400022F080020A431A60E268DA6262689A629C
:106D500062691A63C7E780F83C20FAF7F7FD7CE721
:106D60002069A16922F44072024322F08002E068A7
:106D70000A4361681A60D8629962E9E701207047A6
:106D8000002C014090F83D30012B32D103681A49A4
:106D9000022280F83D20DA688B4242F00102DA607C
:106DA00019D0B3F1804F16D0144A934213D002F594
:106DB000806293420FD002F5806293420BD002F5BD
:106DC0009432934207D002F54062934203D002F519
:106DD0008052934207D19968094A0A40062A06D090
:106DE000B2F5803F03D01A6842F001021A60002019
:106DF00070470120704700BF002C01400004004094
:106E000007000100704700BF002800F0998038B5E6
:106E100090F83D30044603F0FF02002B7DD023683C
:106E20004849022284F83D208B421A6861D0B3F1B0
:106E3000804F29D0A1F594318B4225D001F5806196
:106E40008B4221D001F580618B421DD001F5943138
:106E50008B424ED001F5E0518B424AD0A1F58051D2
:106E60008B425FD001F580618B425BD001F5806180
:106E70008B4257D0A5696168E06822F080022A43FE
:106E80001A60D862996210E0A168206922F070024D
:106E90000A4322F44072A169024322F08002E068B2
:106EA0000A4361681A60D862996201225A611A69BC
:106EB000D20703D51A6922F001021A61012384F86E
:106EC000483084F83E3084F83F3084F8403084F80D
:106ED000413084F8423084F8433084F8443084F8F8
:106EE000453084F8463084F8473084F83D3000203F
:106EF00038BDA068216922F07002024322F440727A
:106F00000A43A16922F080020A431A60E268DA6249
:106F100062689A6262691A63C7E780F83C20FFF7EB
:106F200071FF7CE72069A16922F44072024322F0DC
:106F30008002E0680A4361681A60D8629962E9E7F2
:106F400001207047002C014010290AD8DFE801F029
:106F500019090909530909095B090909630909099B
:106F60006B0090F84330012B6ED10B1F0C2B62D8B5
:106F7000DFE803F0456161614D6161615561616107
:106F80005D0090F83E30012B5ED1022380F83E3048
:106F9000036801F01F01186A01228A4020EA0200FA
:106FA0001862186A324902438B421A6247D0314A4A
:106FB000934244D002F54062934240D002F5806291
:106FC000934243D002F5806293423FD002F50062C3
:106FD000934234D0B3F1804F3DD19968264A0A409C
:106FE000062A06D0B2F5803F03D01A6842F00102AB
:106FF0001A600020704790F83F30012B24D1022303
:1070000080F83F30C4E790F84030012B1CD10223B8
:1070100080F84030BCE790F84130012B14D10223B6
:1070200080F84130B4E790F84230012B0CD10223B4
:1070300080F84230ACE7022380F84330A8E75A6C6E
:1070400042F400425A64C8E7012070475A6C42F487
:1070500000425A64C9E7094A9342BED002F58062F1
:107060009342BAD002F580629342B6D0BDE700BF2A
:10707000002C0140003401400700010000040040E2
:1070800090F83C20012A7AD0034630B402680224EA
:10709000012083F83D4083F83C009568614C2C400A
:1070A00094600C68702C6CD027D8502C79D02DD8D7
:1070B000402C40F0A0804868CC68116A21F00A0199
:1070C0000843116A21F001011162916921F0F00178
:1070D00041EA041191611062916821F4401121F09C
:1070E000700141F04701916000200121002283F8E6
:1070F0003D1083F83C2030BC7047B4F5005F6AD087
:1071000021D8B4F5805018BF0120EEE7602CECD1F7
:107110004868CC68116A21F0A00141EA0011106AA8
:1071200020F010001062906920F4704040EA0430B2
:1071300090611162916821F4401121F0700141F0D9
:1071400067019160D0E738498C420ED05DD8203974
:107150008C420AD006D824F01001B1F5801F04D06B
:107160000120C2E731498C42FAD1916821F44011E3
:1071700021F07001214341F007019160B4E7022042
:107180007047D1E9015094682843CD6824F47F41C9
:1071900040EA052008439060916841F077019160D2
:1071A000A2E74868CC68116A21F00A010843116A15
:1071B00021F001011162916921F0F00141EA04110D
:1071C00091611062916821F4401121F0700141F049
:1071D0005701916088E7D1E9015094682843CD6850
:1071E00024F47F4140EA052008439060916841F40F
:1071F0008041916078E73FF678AF202CB5D00ED86B
:1072000034F010017FF471AFAFE709498C42ACD084
:1072100024F0200510398D427FF467AFA5E7302CAC
:10722000A3D09DE78800CEFF400010003000100082
:1072300060001000704700BF704700BF704700BF7C
:10724000704700BF036870B5DE681C69A207054679
:1072500001D5B10768D4630701D5700754D421075D
:1072600001D532073ED4E00601D5F10626D4E20767
:1072700001D5F3077AD414F4025F62D030067DD4CE
:10728000600602D5710600F18480A20602D5B3061D
:1072900000F18780E00202D5F10200F18A80A202AB
:1072A00002D5B30200F18D80600202D5710200F1B7
:1072B0009080220201D533024FD470BD2B686FF04D
:1072C00010021A6108222A77DB6913F4407F2846EE
:1072D00040F09680FFF7AEFF2846FFF7AFFF002390
:1072E0002B77C4E72B686FF008021A6104222A7713
:1072F000DB699B07284674D1FFF79CFF2846FFF700
:107300009DFF00232B77AEE72B686FF004021A6114
:1073100002222A779B6913F4407F284664D0FFF746
:107320008BFF00232B779AE76FF002021A6101228C
:1073300002779B699A075DD0FFF77EFF00232B77CA
:1073400089E7E2059CD533069AD52B686FF48072E5
:107350001A61284600F03AFA92E72B686FF40002AF
:1073600028461A61BDE8704000F038BA2B686FF00B
:1073700001021A612846FAF755F87CE72B686FF48A
:1073800002521A61284600F01FFAE1057FF578AF36
:10739000DBE72B686FF040021A612846FFF750FFC9
:1073A00073E72B686FF020021A61284600F00AFA92
:1073B00070E72B686FF480121A61284600F008FA13
:1073C0006DE72B686FF400121A61284600F002FA8C
:1073D0006AE72B686FF480021A61284600F0FCF916
:1073E00067E7FFF729FF8CE7FFF724FF2846FFF741
:1073F00025FF96E7FFF71EFF2846FFF71FFF9DE7D3
:10740000FFF71AFF6BE700BF036A026A22F010025F
:10741000026270B4446882690D6822F0807222F4BE
:10742000E64242EA05228D6823F0200343EA051371
:10743000164DA84214D005F50065A84210D005F5F8
:10744000E055A8420CD0A5F58055A8420FD005F50F
:107450008065A8420BD005F58065A8420FD106E0F3
:10746000CD6823F0800343EA051323F04003D1E9FC
:10747000056524F4406446EA050C44EA8C04496836
:107480004460826170BC816303627047002C0140DC
:1074900090F83C30012B00F0E480012370B50446E5
:1074A0000D4680F83C30142A0CD8DFE802F0530B6C
:1074B0000B0B670B0B0B780B0B0B880B0B0B990B48
:1074C0000B0B1000002384F83C30012070BD0368D2
:1074D0002E681A6A196A21F4801119625868196DA8
:1074E00021F0807121F4E04141EA0621AE6822F4E6
:1074F000001242EA06525C4EB34213D006F5006613
:10750000B3420FD006F54066B3420BD006F5806655
:10751000B34207D006F58066B34203D006F5006695
:10752000B34204D16E6920F4802040EA862058607E
:1075300019656968D9641A621A6D296942F4006292
:107540001A651A6D22F480621A651A6D42EA0122E8
:107550001A650EE00068FFF7ADFA83692A6943F007
:1075600008038361836923F0040383618369134300
:107570008361002384F83C30002070BD0068FFF771
:1075800043FF83692A6943F400638361836923F4B9
:1075900080638361836943EA02238361E9E70068CA
:1075A000FFF7C8FAC3692A6943F00803C361C369D6
:1075B00023F00403C361C3691343C361D9E70068BF
:1075C000FFF7FCFAC3692A6943F40063C361C36926
:1075D00023F48063C361C36943EA0223C361C8E73C
:1075E00003682E681A6A196A21F480311962586892
:1075F000196D21F4803121F070013143AE6822F41D
:10760000003242EA0642184EB34213D006F5006635
:10761000B3420FD006F54066B3420BD006F5806644
:10762000B34207D006F58066B34203D006F5006684
:10763000B34204D16E6920F4803040EA06205860DD
:107640001965696899641A621A6D296942F008021D
:107650001A651A6D22F004021A651A6D0A431A653A
:1076600087E70220704700BF002C014090F83C30B3
:10767000012B4FD030B40268274D022380F83D30F3
:10768000AA4253680C68844690681DD005F50065D1
:10769000AA4234D005F5E055AA4215D023F0007374
:1076A00023F070032343B2F1804F536017D18B68EE
:1076B00020F0800018439060002001238CF83D30BA
:1076C0008CF83C0030BC70474D6823F470032B43AA
:1076D00023F0007323F0700323435360E7E70F4B5D
:1076E0009A42E4D003F580639A42E0D003F58063C8
:1076F0009A42DCD003F59A339A42DDD1D7E74D6840
:1077000023F470032B4323F0007323F070031C4316
:107710005460CCE702207047002C01400004004078
:1077200090F83C30012B48D010B4D1E9024323F447
:1077300040730246234348680C6823F48063034384
:1077400023F400630869234323F480534C69034303
:1077500023F40053086B234323F480438C690343D1
:1077600023F47023C86943EA044323F08053144C84
:1077700003431068A04207D004F50064A04203D080
:1077800004F5E054A04210D18C6A23F4700343EA5C
:1077900004530C6A23F0807323434C6AC96A23F0B4
:1077A0000073234323F000530B430021436482F80A
:1077B0003C1008465DF8044B70470220704700BF3C
:1077C000002C0140704700BF704700BF704700BFEA
:1077D000704700BF704700BF704700BF704700BFD1
:1077E00070B5044603688268006961691D680243D8
:1077F0000A43E0699749024329400A431A605A68DC
:10780000E168656A22F440520A4393495A608B4208
:107810009968A26921F06E4121F4306100F0C180C5
:10782000266A32430A439A60DA6A22F00F022A4338
:10783000DA628A4A934239D0894A934211D0894AFE
:10784000934259D0884A934244D0884A934200F0E8
:107850009B80012000234FF00112C4E91D33A26672
:1078600070BD834BD3F8883003F00C030C2BF0D899
:1078700001A252F823F000BF7D7900085378000878
:107880005378000853780008EB7800085378000814
:1078900053780008537800083F79000853780008AF
:1078A00053780008537800080D790008704BD3F81E
:1078B000883003F00303022B41D0032B26D0012B89
:1078C00013D0B0F5004F00F0B380FEF711F9A0B36C
:1078D000656A20E0664BD3F8883003F0C003802B44
:1078E0002DD000F29B80002B48D0B0F5004F00F067
:1078F000A780FDF7AFFFEAE75D4BD3F8883003F0D0
:107900003003202B1BD0EED9302BA2D1B0F5004F85
:1079100019D04FF400406368564A32F81510B0FB96
:10792000F1F04FF6EF7200EB5300B0FBF3F0A0F173
:10793000100393428DD82368D86000208AE7B0F501
:10794000004F4D48E7D162684A4B33F81510B0FB41
:10795000F1F0530803EB40034FF6EF71B3FBF2F382
:10796000A3F110028A423FF674AF23F00F022168A0
:1079700092B2C3F342031343CB60DEE7B0F5004F8E
:1079800050D0FEF7A3F8A2E7394BD3F8883003F4C0
:107990004073B3F5007FD2D0A5D9B3F5407FB5D001
:1079A00057E711439960DA6A314922F00F022A43FE
:1079B000DA62D1F8883003F44063B3F5006F3AD04F
:1079C00041D8002B39D0FDF745FF0028B5D0656AB6
:1079D0006668284B06EB460133F81520B0FBF2F33E
:1079E00099423FF636AFB3EB063F3FF632AF002386
:1079F0001946F8F749FC72080302090241EA1061CE
:107A0000981841F1000132460023F8F73DFC1B4B6A
:107A1000A0F540729A423FF61CAF8CE7C02B3FF4B2
:107A200075AF16E7FEF752F8002886D0656A8AE738
:107A3000FEF75EF8F8E71048CAE7FEF747F8C4E734
:107A4000FDF708FFF0E7B3F5406F7FF402AF4FF4A6
:107A50000040BDE7F369FFCF0080004000380140DF
:107A60000044004000480040004C004000500040EE
:107A70000010024004BB00080024F400FFFC0F00CB
:107A8000836A1A0710B406D50168846B4A6822F429
:107A9000004222434A60DC0706D50168C46A4A688E
:107AA00022F4003222434A60990706D50168046B2C
:107AB0004A6822F4803222434A605A0706D5016898
:107AC000446B4A6822F4802222434A60DC0606D5D1
:107AD0000168C46B8A6822F4805222438A60990646
:107AE00006D50168046C8A6822F4005222438A6039
:107AF0005A0609D50168446C4A6822F48012224370
:107B0000B4F5801F4A600BD01B0606D50268C16C15
:107B1000536823F400230B4353605DF8044B704714
:107B20004A68846C22F4C00222434A60ECE700BF3A
:107B300038B500230446C0F89030FAF7EBF8226815
:107B400013681B0705460FD41368590731D4002367
:107B50002022C4F888201846C4F88C20E3662367E6
:107B6000002384F8843038BDD3699802ECD40CE04B
:107B7000196849071A4605D5D96908074AD4D96949
:107B8000090575D4DB699802DED4FAF7C3F8431B04
:107B9000B3F1007F2368EBD353E8002F22F080027B
:107BA00043E800210029F7D12023C4F888300320BE
:107BB000D6E7D3695B02CAD40DE01A68500707D52F
:107BC000DA69110700F18280DA69120500F1AC80F0
:107BD000DB695B02BBD4FAF79DF8431BB3F1007F6E
:107BE0002368EAD353E8002F22F4907243E800217F
:107BF0000029F7D103F1080252E8002F22F0010218
:107C000003F1080040E800210029F3D12023C4F843
:107C10008C30CCE708221A6253E8002F22F49072CD
:107C200043E800210029F7D1564803F1080252E841
:107C3000002F024003F1080545E800210029F4D196
:107C4000E26E012A0BD0002220200821C4F88C000B
:107C50006267E26684F88420C4F890109CE753E8D9
:107C6000002F22F0100243E800210029F7D1EAE7B3
:107C70004FF400621A6253E8002F22F4907243E836
:107C800000210029F7D13F4803F1080252E8002FF4
:107C9000024003F1080545E800210029F4D1E26E15
:107CA000012A0AD000222021C4F88C106267E26603
:107CB00084F88420C4F890106EE753E8002F22F077
:107CC000100243E800210029F7D1EBE708221A62ED
:107CD00053E8002F22F4907243E800210029F7D1E5
:107CE000284803F1080252E8002F024003F108057A
:107CF00045E800210029F4D1E26E012A0BD00022D0
:107D000020200821C4F88C006267E26684F8842091
:107D1000C4F8901066E753E8002F22F0100243E801
:107D200000210029F7D1EAE74FF400621A6253E814
:107D3000002F22F4907243E800210029F7D1114866
:107D400003F1080252E8002F024003F1080545E85C
:107D500000210029F4D1E26E012A0AD0002220215C
:107D6000C4F88C106267E26684F88420C4F890102E
:107D700038E753E8002F22F0100243E800210029E1
:107D8000F7D1EBE7FEFFFFEF80B3D0F8883010B5F6
:107D9000044633B32268A16A2423C4F888301368E8
:107DA00023F001031360C1B92046FFF719FD012834
:107DB00011D023685A6822F490425A609A6822F0DF
:107DC0002A029A601A6842F0010220461A60BDE851
:107DD0001040FFF7ADBE012010BD2046FFF750FE5A
:107DE000E2E780F88430F9F7A3FED3E7012070477B
:107DF00090F88430012B17D00268242310B4C0F807
:107E0000883011681468002324F0010421F0005127
:107E100014604366116080F884302022C0F8882006
:107E20005DF8044B184670470220704790F8842094
:107E3000012A37D003460268242030B5C3F88800F1
:107E40001468106820F001001060906820F0604015
:107E50000143586E916010B391689068124DC1F360
:107E6000426C4FEA507E114911F80E0011F80C10C7
:107E700015F80EE015F80C50C000C900B0FBFEF07C
:107E8000B1FBF5F1A3F868100021A3F86A002025E2
:107E9000146083F884100846C3F8885030BD01216F
:107EA0000846EFE7022070471CBB000824BB00080F
:107EB00090F88420012A37D003460268242030B588
:107EC000C3F888001468106820F001001060906802
:107ED00020F060600143586E916010B39168906823
:107EE000124DC1F3426C4FEA507E114911F80E0059
:107EF00011F80C1015F80EE015F80C50C000C90070
:107F0000B0FBFEF0B1FBF5F1A3F868100021A3F877
:107F10006A002025146083F884100846C3F888504E
:107F200030BD01210846EFE7022070471CBB000866
:107F300024BB000803464BF680720020A3F84400DF
:107F4000A3F84020704700BFB0F84010034644F249
:107F50007F020A400020A3F840207047034682B009
:107F60004FF0010C0020A3F840C00DF1080CA3F85D
:107F700040000CE90600A3F84400A3F8500002B04A
:107F8000704700BF70B50C7891F803E00FFA84FCDD
:107F9000034630F82C2022F4EC4222F07002120446
:107FA000120CBEF1030F00F2F181DFE81EF0F200C7
:107FB000F500AB00040042F4C06248F280000243C6
:107FC00023F82C2033F82C2022F4E04222F0700217
:107FD0001204120C2243104323F82C000A7B002ABF
:107FE00000F0A280002033F82C2022F4E24222F09C
:107FF00070021204120C42F4004242F0800223F894
:108000002C20B3F850500A8903EBC40414FA85F508
:1080100052085200A5F80024B3F850504A8914FAC7
:1080200085F552085200A5F804244A78002A40F049
:10803000078133F82C2055040DD533F82C2022F479
:10804000E04222F070021204120C42F4404242F06C
:10805000800223F82C2033F82C2052060DD533F85B
:108060002C2022F4E04222F070021204120C42F49E
:10807000004242F0C00223F82C20B3F850200D69D2
:1080800014FA82F204F20644B2F80214C1F30901B0
:10809000A2F80214002D00F019813E2D00F2578144
:1080A0006908EE0748BF01318D02B2F80214ADB283
:1080B00089B22943A2F80214B3F8502092B2115B9E
:1080C000C1F309011153115B89B20D43155333F804
:1080D0002C2022F4804222F070021204120C48F28A
:1080E000800182F440520A4323F82C2033F82C20DC
:1080F00022F4E04222F040021204120C114323F851
:108100002C1070BD48F28000024323F82C2033F875
:108110002C20AA4D92B22A402243104323F82C006F
:108120000A7B002A40F0F4800020CA884E7852086A
:10813000520003EBC405DEB3B3F8501015FA81F119
:10814000A1F8002433F82C2052060DD533F82C204A
:1081500022F4E04222F070021204120C42F40042B7
:1081600042F0C00223F82C2033F82C2022F4E04205
:1081700022F040021204BEF1010F4FEA124210D069
:1081800082F0200242F4004242F0800223F82C20C8
:1081900070BD42F4007210E742F480620DE782F491
:1081A000005242F4004242F0800223F82C2070BDBD
:1081B0000E69B3F8501015FA81F1A1F80424B3F850
:1081C000502015FA82F2B2F80614C1F30901A2F8A0
:1081D0000614002E00F092803E2E00F2A580B2F828
:1081E00006147508F60748BF013589B241EA8521B2
:1081F00089B2A2F8061433F82C2056040DD533F8B2
:108200002C2022F4E04222F070021204120C42F4FC
:10821000404242F0800223F82C2033F82C2022F434
:10822000804222F070021204120C002CB7D182F4AA
:10823000405242F4004242F0800223F82C2070BDEC
:1082400033F82C2051040DD533F82C2022F4E042D1
:1082500022F070021204120C42F4404242F08002FA
:1082600023F82C2033F82C2052060DD533F82C207F
:1082700022F4E04222F070021204120C42F4004296
:1082800042F0C00223F82C2033F82C2022F4E042E4
:1082900022F040021204120CBEF1010F18BF82F04E
:1082A000200242F4004242F0800223F82C2033F8EE
:1082B0002C2022F4804222F070021204120C42F4AC
:1082C000004242F0800223F82C2070BDB2F8021464
:1082D0006FEA41416FEA514189B2A2F80214B3F842
:1082E000501089B20A5BC2F309020A530A5B6FEAB3
:1082F00042426FEA524292B20A53E8E6B2F80614DA
:108300006FEA41416FEA514189B2A2F8061472E75F
:1083100033F82C2092B22A4042F4014242F080020B
:1083200023F82C2000206CE6F106B2F806144FEA80
:10833000561508BF05F1FF3589B241EA85216FEA7C
:1083400041416FEA514189B2A2F8061453E7690925
:10835000ED0608BF01F1FF31B2F80254890289B27B
:10836000ADB20D4345F40045A2F80254B3F85050A5
:10837000ADB22A5BC2F309022A532A5B0A436FEAB1
:1083800042426FEA524292B22A53A0E648F280007B
:10839000024323F82C2033F82C2022F4E04222F070
:1083A00070021204120C2243104323F82C000A7BA3
:1083B0000120002A7FF417AEB7E600BF8F8FFFFFC2
:1083C00010B40C7B4A780B78CCB9002A00F0B58049
:1083D00030F82320540600F1C98030F8232022F41D
:1083E000E04222F040021204120C42F4004242F039
:1083F000800220F823205DF8044B00207047002AFB
:108400004DD130F8232052040DD530F8232022F42A
:10841000E04222F070021204120C42F4404242F098
:10842000800220F8232030F8232054060DD530F8A0
:10843000232022F4E04222F070021204120C42F4D3
:10844000004242F0C00220F8232030F823205DF8DB
:10845000044B22F4E04222F070021204120C42F4A7
:10846000004242F0C00220F8232030F8232022F4FA
:10847000804222F07002120448F28001120C0A437A
:1084800020F8232030F8232022F4E04222F040029A
:108490001204120C114320F823100020704730F80A
:1084A000232051040DD530F8232022F4E04222F09D
:1084B00070021204120C42F4404242F0800220F892
:1084C000232030F8232052060DD530F8232022F443
:1084D000E04222F070021204120C42F4004242F018
:1084E000C00220F8232030F823205DF8044B22F44A
:1084F000E04222F070021204120C42F4404242F0B8
:10850000800220F8232030F8232022F4E04222F0D9
:108510004002120448F28001120C0A4320F8232082
:1085200030F8232022F4804222F070021204120C50
:10853000114320F823100020704730F82320510405
:108540000DD530F8232022F4E04222F0700212040C
:10855000120C42F4404242F0800220F8232030F80E
:10856000232022F4804222F070023CE730F82320DE
:1085700022F4E04222F070021204120C42F4004293
:1085800042F0C00220F8232027E700BF2DE9F04F7A
:108590004B780C7B012B83B036D0F4B1CB78022B17
:1085A00000F0A880012B40F0A18000230A788B61A5
:1085B00012B230F8223023F4804323F070031B04FE
:1085C0001B0C83F4405343F4004343F0800320F832
:1085D0002230002003B0BDE8F08F8A690C78002AB1
:1085E0006ED1CB78002B00F0A68030F8243023F435
:1085F000E24323F070031B041B0C43F4004343F0DD
:10860000800320F82430D0E70D698A694B69AA42BB
:1086100028BF2A4600F5806C54BB95B2CE88013540
:108620006D08664407D003EB4505F61A1C889C5379
:108630000233AB42FAD1B0F850300C7800F2024568
:1086400015FA83F303EBC40392B21A800A7830F868
:10865000223023F4E04323F040031B041B0C83F07F
:10866000300343F4004343F0800320F82230B0E7A6
:10867000CE780C6A91F800E0022E6BD0A41A30F884
:108680002E500C6294B2013415F0400F92B2B0F843
:1086900050504FEA540400F0AE8000F2064616FA3D
:1086A00085F525F83E204D896544002CCED003EB9E
:1086B0004404ED1A1A885A5302339C42FAD1C5E792
:1086C00030F8243023F4E24323F070031B041B0C26
:1086D00043F4004343F0800320F824300B699A42AE
:1086E0007FF663AFD31A8B610A7861E7012003B08C
:1086F000BDE8F08FCB690A78002B3FF459AF14B274
:1087000044F2400330F8245003EA0506AB4302D09C
:10871000002E7FF44DAF30F8243023F4E04323F0F3
:1087200070031B041B0C43F4004343F0C00320F808
:1087300024300A783CE730F8243023F4E04323F077
:1087400070031B041B0C43F4014343F0800320F827
:1087500024302AE7A54200F2024B60D230F82E60A6
:1087600026F4E04626F070063604360C46F4014640
:1087700046F0800620F82E6030F82E6097B2A41ADA
:10878000013716F0400F0C62B0F850604FEA5707FF
:108790001FFA82F800F2064966D019FA86F626F822
:1087A0003E804E89664467B1A6EB030903EB470A96
:1087B0001E460195358826F8095002365645F9D1EE
:1087C000019D1344A5424B617CD2A21A0A62B0F803
:1087D00050201BFA82F222F83E800A896244002F60
:1087E0003FF434AF03EB4707D41A1A881A53023305
:1087F000BB42FAD12AE700F2024616FA85F525F8BF
:108800003E200D896544002C3FF420AF03EB440467
:10881000ED1A1A885A5302339C42FAD116E730F8FF
:108820002E2022F4E24222F070021204120C42F4D2
:10883000004242F0800220F82E20B0F850201BFAAF
:1088400082F2A5B222F83E502C4601340D8962080E
:1088500065443FF4FBAE03EB4202ED1A1C885C5307
:1088600002339A42FAD1F1E61BFA86F626F83E80E8
:108870000E89664467B1A6EB030A03EB470B1E465D
:108880000195358826F80A5002365E45F9D1019DDA
:108890001344A5424B611CD2A41AB0F850200C62BC
:1088A00019FA82F222F83E804A896244002F3FF48E
:1088B000CDAE03EB4707D41A1A881A530233BB42D2
:1088C000FAD1C3E6A7B201371FFA84F87F08002265
:1088D0007CE7A7B201371FFA84F87F080024DCE7A1
:1088E0004B780A788BB130F8223023F4E04323F040
:1088F00040031B041B0C83F0100343F4004343F0BC
:10890000800320F822300020704730F8223023F412
:10891000804323F070031B041B0C83F4805343F447
:10892000004343F0800320F822300020704700BF4E
:108930004B780A7833B330F822305B060DD530F827
:10894000223023F4E04323F070031B041B0C43F498
:10895000004343F0C00320F82230CB78012B0FD026
:1089600030F8223023F4E04323F040031B041B0CB7
:1089700083F0200343F4004343F0800320F82230C7
:108980000020704730F822305B040DD530F82230DB
:1089900023F4E04323F070031B041B0C43F4404317
:1089A00043F0800320F8223030F8223023F4804353
:1089B00023F070031B041B0C83F4405343F4004367
:1089C00043F0800320F822300020704711B9802343
:1089D000A0F84C300020704702460020B2F8583012
:1089E0006FEA43436FEA53439BB2A2F85830704793
:1089F000B0F8440080B27047013302F580625B0832
:108A0000104408D00A46801A01EB43011388135220
:108A100002328A42FAD1704770B502F580625E0870
:108A200000EB02051CD06FF00104641A8A1C2C4470
:108A3000B64634F802C002321FFA8CFC4FEA1C2002
:108A4000BEF1010E02F804CC02F8030CF1D105EBE3
:108A50004602DB0701EB460144BF13880B7070BD73
:108A60002A46DB0744BF13880B7070BD10B5D0F8E1
:108A7000BC4284B1D0F8C0325BB194F80002FF2848
:108A800007D09B6894F8012221469847FF2384F879
:108A90000032002010BD032010BD00BF432303801F
:108AA000004870475000002043230380004870476F
:108AB0009400002043230380004870470C000020EE
:108AC0000A230380004870471001002038B5D0F811
:108AD000BC527DB1044601F07BF8D4F8C0320246A6
:108AE000DB68D5F80402C5F80C2205F50371984738
:108AF000002038BD032038BD70B5D0F8BC52D0F886
:108B0000C4421DB301EB810E00EB8E068446B369AF
:108B10000A466BB9DCF8C0321B690021C5F8141293
:108B200023B1D5F8080205F504719847002070BDFF
:108B300004EBCE04246AB3FBF4FE04FB1E33002BCB
:108B4000E8D1B3611A4601F02BF8EFE7032070BDBE
:108B500070B5D0F8BC5282B000238DF80530ADF866
:108B600006305DB10B7813F0600206460C461DD04E
:108B7000202A06D02146304600F006FD032002B030
:108B800070BDCA8891F801C072B31B064CD5D6F8E7
:108B9000C03229469B6860469847E288072A2946E2
:108BA00028BF0722304600F023FD22E04B780B2B34
:108BB000E0D801A252F823F0018C0008F38B0008E2
:108BC000758B0008758B0008758B0008758B000885
:108BD000758B0008758B0008758B0008758B000875
:108BE000158C0008F78B0008D0F8C03260469B68EF
:108BF00098470020C3E790F89C32032BF9D0B9E7DF
:108C000090F89C32032BB5D102220DF1060100F041
:108C1000EFFCEEE790F89C32032BABD101220DF173
:108C2000050100F0E5FCE4E785F800C285F80122C3
:108C3000294600F0F3FCDCE738B504460025812125
:108C400000F06AFF01212587204600F065FF8221A0
:108C5000A4F87851204600F05FFFD4F8BC32E564F8
:108C60004BB1D4F8C0325B689847D4F8BC0200F02E
:108C7000E1FFC4F8BC52002038BD00BF70B5044607
:108C80004FF4077000F0D2FF0546002849D0237C3E
:108C9000C4F8BC027BB3402302228121204600F0AD
:108CA0002DFF0121402321870222204600F026FFCC
:108CB000012610230322A4F84E3082210823A4F8B1
:108CC0007861204600F01AFFD4F8C032A4F84C6056
:108CD0001B6898470023C5F81432C5F81832237C66
:108CE000D5F80422BBB94FF400733146204600F09A
:108CF00063FF002070BD4FF40073022281212046E3
:108D000000F0FCFE01214FF400732187022220466F
:108D100000F0F4FECCE740233146204600F04CFF43
:108D2000E7E7C4F8BC02022070BD00BF19B1C0F86B
:108D3000C012002070470320704700BFD0F8BC323B
:108D40002BB1C3F80812C3F810220020704703208B
:108D5000704700BFD0F8BC321BB1C3F8041200202A
:108D600070470320704700BFD0F8BC2292B110B505
:108D7000D2F814420CB1012010BD0123C2F8143204
:108D8000D2F81032D2F80822C362812100F008FF25
:108D9000204610BD03207047D0F8BC228AB108B528
:108DA000037CD2F804222BB14023012100F004FF00
:108DB000002008BD4FF40073012100F0FDFE0020EB
:108DC00008BD0320704700BF78B10023C0F8B83257
:108DD000C0F8C032C0F8CC3209B1C0F8B4120123D7
:108DE00080F89C32027000F039BE0320704700BF4B
:108DF00010B582B00023ADF8063061B1CB6AC0F87F
:108E0000B812044623B10DF106009847C4F8CC020D
:108E1000002002B010BD032002B010BD00F062BE01
:108E2000D0F8B8320BB11B6818470320704700BF59
:108E300008B5D0F8B8320BB15B689847002008BD80
:108E400038B5044600F2AA25284600F091FB94F8B4
:108E5000AA12B4F8B022C4F898220123C4F89432BC
:108E600001F01F03012B0ED0022B06D08BB929462F
:108E70002046BDE8384000F0F7B829462046BDE856
:108E8000384000F0D9BA29462046BDE8384000F005
:108E90009DBA204601F08001BDE8384000F048BE90
:108EA00010B5044631B91346D0F89422032A0DD0E8
:108EB000002010BD90F89C32032BF9D1D0F8B832C5
:108EC0009B69002BF4D0BDE810401847D0E9571239
:108ED000914208D890F89C32032B0ED0204600F027
:108EE000B3FB002010BD891A8A4228BF0A46C0F889
:108EF0005C11194600F0A0FBDAE7D0F8B8321B6924
:108F0000002BEBD09847E9E770B5044651B91346FA
:108F1000D0F89422022A11D094F8A032012B22D04A
:108F2000002070BD90F89C32032BF9D1D0F8B832F4
:108F30005B69002BF4D0BDE870401847D0E90726E4
:108F4000B2420D4614D81FD094F89C32032B28D07F
:108F50008021204600F0ECFD204600F081FB94F8D3
:108F6000A032012BDCD1002384F8A032002070BD98
:108F7000921BC261194600F049FB2B462A4629463E
:108F8000204600F019FEC7E783699A42DCD8D0F882
:108F900098229342D8D20A4600F038FBC4F898527F
:108FA000EBE7D4F8B832DB68002BD1D020469847E5
:108FB000CEE700BFD0F8B8320021012280F89C2211
:108FC0004160C0F89412C0F8A412EBB1D0F8BC22F2
:108FD00070B5044612B15B6803B198470022402582
:108FE000114601264023204600F088FDA4F8646164
:108FF000C4F860512B4600228021204600F07EFDFF
:109000000020A684256270BD0320704701740020F3
:10901000704700BF90F89C2203460421D2B283F827
:109020009D22002083F89C12704700BF90F89C326C
:10903000042B04D190F89D32DBB280F89C320020E2
:10904000704700BFD0F8B82262B108B590F89C32E2
:10905000032B01D0002008BDD369002BFAD098471C
:10906000002008BD0320704730B50B7803F0600383
:10907000202B83B00D46044628D0402B26D05BB170
:109080008021204600F054FD0021204600F050FDD4
:109090000025284603B030BD4B78092BF0D801A23B
:1090A00052F823F0179100083F91000881900008C2
:1090B0005D91000881900008659100089F9100086B
:1090C00081900008F5910008DF900008D4F8B832CC
:1090D0009B682946204603B0BDE830401847897890
:1090E000B74D0129297000F24A8190F89C32022B79
:1090F000DAB200F02B81032A00F00681802100F013
:1091000017FD0021204600F013FD29782046FFF7C7
:109110008FFE0325BDE790F89C32013B022BAFD8B0
:10912000CA88022AACD1D0F8A4320146002B0CBF69
:109130000123032341F80C3F00F05AFAA8E790F806
:109140009C32013B022B9BD84B88012BA0D10023E2
:10915000C4F8A432204600F077FA99E74B88012B37
:1091600096D1F5E78B88002B8AD1CB88002B87D14D
:109170004B887F2B84D890F89C22032A80D0DDB2C4
:1091800080F89E52294600F0FFFC204600F05CFA71
:10919000002D00F01781022384F89C3278E74A887A
:1091A000130A0021013BADF806100E2B3FF668AF05
:1091B00001A151F823F000BF979200087D920008AA
:1091C0006B92000881900008819000085592000879
:1091D000A792000881900008819000088190000803
:1091E000819000088190000881900008819000081B
:1091F0001D920008CA88012A7FF442AF90F89C3281
:10920000022BD9B200F2B48000293FF439AF0146F5
:10921000002341F8083F00F0EBF939E7D0F8B43209
:10922000DB69002B3FF42CAF207C0DF10601984741
:10923000EB88002B8ED0BDF80620002A3FF420AF2B
:109240009A4228BF1A4601462046ADF8062000F093
:10925000CFF91DE7037C002B7FF412AFD0F8B832B2
:109260000DF106005B6B9847E2E7D2B2052A3FF6A4
:1092700007AFDFE802F0433D37312B25027CD0F801
:10928000B832002A40F08D809B6A0DF106009847A5
:1092900002234370CCE7D0F8B432007C1B680DF198
:1092A00006019847C4E7037C002B7FF4E9AED0F8B1
:1092B000B8320DF106001B6B984707234370B7E7E0
:1092C000D0F8B4329B69002BAED1D9E6D0F8B432D5
:1092D0005B69002BA8D1D3E6D0F8B4321B69002B10
:1092E000A2D1CDE6D0F8B432DB68002B9CD1C7E622
:1092F000D0F8B4329B68002B96D1C1E6D0F8B432D6
:109300005B68002B90D1BBE6002940D04168012961
:109310003FF420AFC9B2FFF78BFD2978616020468A
:10932000FFF77EFD054600283FF414AF802120465C
:1093300000F0FEFB0021204600F0FAFB21792046D8
:10934000FFF776FD022384F89C32A2E600293FF461
:1093500001AF01214160FFF763FD054640B3802165
:10936000204600F0E5FB0021204600F0E1FB90E6FE
:1093700003297FF485AE011D00F03AF988E68021CB
:1093800000F0D6FB0021204600F0D2FBC1E602230C
:1093900080F89C324160FFF74BFD204600F054F905
:1093A00076E6DB6A0DF106009847022343703FE73B
:1093B000204600F049F9032384F89C3268E600BF98
:1093C000A0090020012384F89C3261E670B50B7877
:1093D0005A060D4604460DD503F06002402A09D016
:1093E000802100F0A5FB0021204600F0A1FB002613
:1093F000304670BD94F89C32013B022B12D82B7979
:10940000012B0FD8D4F8B83229469B6820469847DC
:10941000EB880646002BEBD10028E9D1204600F06E
:1094200013F9E5E78021204600F082FB0021204669
:1094300000F07EFBDBE700BF70B50B788A8803F095
:109440006003202B0C4605464AD0402B48D04BB138
:109450008021284600F06CFB0021284600F068FBC4
:10946000002070BD6378012BD1B22AD0032B3FD0EE
:10947000002BEDD190F89C32022BD8B252D00328A9
:10948000E6D101F00F0303EB8303120605EB830320
:1094900057D4B3F86431002BDAD0142404FB015400
:1094A00004F5AA74002958D0284600F059FB00287A
:1094B00059D00123236002222146284600F098F863
:1094C000CEE790F89C32022BDAB222D0032ABFD129
:1094D0006388002BC4D14E0642D1284600F0B4F870
:1094E000D5F8B832214628469B68BDE87040184739
:1094F00090F89C32022BDAB20BD0032AA8D16388F1
:109500001BB94A0601D0E3887BB3284600F09CF8DB
:10951000A6E74B069CD000F00BFB8021284600F00C
:1095200007FB9DE7480693D111064CBF05F11401D6
:1095300005F5AA7100230B600222284600F058F8B6
:109540008EE79B8C002B83D001F07F04013404EB69
:109550008404802905EB8404A6D100232360AAE7B4
:1095600000F0F2FAB9E72060A5E700F0E1FACCE7F5
:109570000B7803704B7843704B8843808B888380D3
:10958000CB88C380704700BF10B58021044600F02F
:10959000CFFA20460021BDE8104000F0C9BA00BF54
:1095A00008B370B503780E4614460546E3B10130A2
:1095B000F6F7E6FF431CDBB201335B00DAB223802F
:1095C0000323327073702C7864B128460223002183
:1095D0005A1CD2B2F454B15410F8014F0233DBB22A
:1095E000002CF5D170BD704702221346E7E700BF9B
:1095F00008B513460A460221C0E90633C0F89412A2
:10960000002100F0CDFA002008BD00BF08B51346C8
:109610000A46002100F0C4FA002008BD08B5134630
:109620000A460321C0E95633C0F89412002100F025
:10963000C3FA002008BD00BF08B513460A46002142
:1096400000F0BAFA002008BD08B504210023C0F8D4
:1096500094121A46194600F0A3FA002008BD00BF74
:1096600008B505210023C0F894121A46194600F0E7
:10967000A3FA002008BD00BF08B518491848002209
:10968000FFF7A2FB70B917491548FFF7B1FB88B97E
:1096900015491348FFF74AFBA0B91148FFF7BEFB75
:1096A000B8B908BDF7F7F0FE0E490D48FFF7A0FB6B
:1096B0000028EDD0F7F7E8FE0B490948FFF736FB25
:1096C0000028EAD0F7F7E0FE0548FFF7A7FB0028DF
:1096D000E7D0BDE80840F7F7D7BE00BF640100201F
:1096E000A4090020D80000201C01002000207047A1
:1096F000002070470020704738B5074D09880446A0
:1097000001F0A8F921462846FFF724FB2846FFF779
:1097100043FB002038BD00BFA409002010B5064C53
:10972000064900222046FFF709FB05492046FFF7BE
:1097300011FB002010BD00BFA4090020740C002004
:109740007414002010B5094CD4F8BC32D3F814328C
:109750000BB1012010BD0A4601462046FFF7EEFA84
:109760002046BDE81040FFF7FFBA00BFA409002063
:10977000122301480B807047500100200423014848
:109780000B8070474C01002010B5044C04480A4679
:109790002146FFF705FF204610BD00BF741C0020C6
:1097A0002CBB000810B5044C04480A462146FFF7BC
:1097B000F7FE204610BD00BF741C002034BB00081B
:1097C00010B5044C04480A462146FFF7E9FE20463E
:1097D00010BD00BF741C002044BB000810B5044C31
:1097E00004480A462146FFF7DBFE204610BD00BFB5
:1097F000741C002054BB0008514AD2F89035D2F8AE
:1098000098054FF01A0C1B18A1F800C001D14D4863
:109810007047D2F894154B4A180FB3F1204F4FF010
:10982000000C2CBF3730303082F803C0C3F3036C18
:10983000BCF1090F907060464FF0000C8CBF3730C0
:10984000303082F805C0C3F3035CBCF1090F10711E
:1098500060464FF0000C8CBF3730303082F807C0C4
:10986000C3F3034CBCF1090F907160464FF0000C3C
:109870008CBF3730303082F809C0C3F3033CBCF1F1
:10988000090F107260464FF0000C8CBF373030303B
:1098900082F80BC0C3F3032CBCF1090F9072604631
:1098A0004FF0000C8CBF3730303082F80DC0C3F35E
:1098B000031CBCF1090F107360468CBF3730303089
:1098C000907303F00F000346092894BF30333733F9
:1098D0000020B1F1204F13744FEA11732CBF3733BE
:1098E00030335074C1F303600928937403468CBF6E
:1098F00037333033C1F3035009284FF0000C137590
:1099000003468CBF37333033C1F3034082F80FC0B6
:109910004FF0000C092882F813C093754FF0000C2B
:10992000034682F815C098BF30334FF0000C88BF53
:1099300037330021034882F817C0137651767047F9
:109940000070FF1F3001002010B5044696B054226D
:10995000002101A8F6F780FE114B22689A4201D03F
:1099600016B010BD4FF4005301A80193FCF7D2F8D4
:1099700098B90C4B986D40F4000098659B6D0022DF
:1099800003F40003114600931420009BF9F70CF830
:109990001420F9F745F816B010BDF7F775FDE8E7A4
:1099A000005C00400010024000F52671D0F8D8029B
:1099B000FFF746BA01EB810300EBC303D0F8D802EE
:1099C000D3F86421FFF76CBA01EB810300EBC3030A
:1099D000D0F8D8025A6AFFF797BA00BFD0F8D80279
:1099E000FFF730BB10B54379022B044601D0F7F7DF
:1099F0004BFDD4F8D8020121FFF708FBD4F8D802B8
:109A0000BDE81040FFF7D6BA10B50446D0F8D8022A
:109A1000FFF700FB637A23B1024A136943F00603A0
:109A2000136110BD00ED00E010B5437A04462BB978
:109A3000D4F8D802BDE81040FFF7F8BA064A136917
:109A400023F006031361F7F775FCD4F8D802BDE8DC
:109A50001040FFF7EBBA00BF00ED00E010B51F4B60
:109A600004464FF402721E48C3F8D842022118601F
:109A70009A80C4F8C43200221846C3F80710DA727C
:109A8000FAF714FC30BB00221146D4F8C4021823A4
:109A9000FBF7E8FBD4F8C402582300228021FBF72F
:109AA000E1FBD4F8C402C02300228121FBF7DAFBDA
:109AB000D4F8C4024FF4887300220121FBF7D2FBD3
:109AC000D4F8C4024FF4807300228221FBF7CAFB52
:109AD000002010BDF7F7D8FCD5E700BF9420002088
:109AE000005C004008B5D0F8C402FAF7C9FC18B110
:109AF00002280CBF0120032008BD00BF944608B512
:109B00001A46D0F8C4026346FBF782FA18B102285D
:109B10000CBF0120032008BD08B5D0F8C402FBF734
:109B2000B3FA18B102280CBF0120032008BD00BF02
:109B300008B5D0F8C402FBF71DFB18B102280CBF12
:109B40000120032008BD00BF08B5D0F8C402FBF710
:109B50004DFB18B102280CBF0120032008BD00BF37
:109B60000A06D0F8C43206D401EB810103EBC1032D
:109B700093F85201704701F07F0101EB810103EB83
:109B8000C103987C704700BF08B5D0F8C402FBF74A
:109B90002BFA18B102280CBF0120032008BD00BF1A
:109BA00008B5D0F8C402FBF7C7FA18B102280CBFF9
:109BB0000120032008BD00BF08B5D0F8C402FBF7A0
:109BC00097FA18B102280CBF0120032008BD00BF7E
:109BD000D0F8C402FBF7A6BA10B5044679B1012942
:109BE00000D010BDD0F8D802FFF714FA637A002B2A
:109BF000F7D00D4A136943F00603136110BD437A91
:109C00002BB9D4F8D802BDE81040FFF70FBAF7F728
:109C100091FB054AD4F8D802136923F00603BDE886
:109C200010401361FFF702BA00ED00E000487047F2
:109C3000741E0020704700BF3C4AF8B50024147021
:109C40003B4A3C4B14803C4A3C4D14803C4A3D4FBF
:109C500013603D4A3D4E1360214638603C22284641
:109C6000F6F7FAFC21463822A5F11C043046F6F737
:109C7000F3FC374BE360374B2361E363364B2364DC
:109C8000A365364BE365364A3649374B45F8181C11
:109C900045F81C2C2362354D354B63623549364AF5
:109CA000364BA160A26163640122354B63617F2161
:109CB0002846227786F83420F8F770FD7F21314856
:109CC000F8F76CFD7F213048F8F768FD28462F4DE6
:109CD00039680422F8F79EFC4FF400312846FAF761
:109CE00063F84FF480112846FAF746F82848FDF744
:109CF00049F82848FDF746F82748FDF743F80821BA
:109D00002648FDF721F900F0ABFD204600F0AAFD42
:109D100000233046E36223636363E3642365636582
:109D200000F09EFCBDE8F84000F066BE7423002001
:109D3000722300203333D33F70230020D023002030
:109D40008801002078230020840100207C2300204B
:109D500000000442000020410AD7A33C3333733F84
:109D60000000A040000040408FC2F53C7C04002071
:109D70006F12033A0000A0420000104252499D3980
:109D80000000C04010040020A4030020E8040020CC
:109D900020080020D0070020800700203007002086
:109DA00038B5DD4BDD4C1B68002B00F08B801A882A
:109DB00059889888A080D888E0806180228019889E
:109DC0009A8894ED026AD4ED046ADFEDD55A89B21F
:109DD00007EE901A92B2B8EE677A07EE902AB0EECC
:109DE000465AF8EE677A97EE255A5A88DB88CD49AD
:109DF000B0EE667A97EEA57A92B29BB2DFEDCA7AA0
:109E0000DFEDCA5A097FA5EE276AE7EE276A07EE5B
:109E1000102A07EE903AB8EE477AF8EE677AC44A0D
:109E2000C44B92ED005A84ED026A27EE257A67EE64
:109E3000A57AC4ED046AD3ED005A002900F05281DE
:109E400037EE457A9FEDBC6AD4ED036AB4EEC67A6C
:109E5000F1EE10FA77EEE57A00F18081DFEDB75A86
:109E600027EE257AB2EE086AB4EEC67AF1EE10FA61
:109E700088BFB0EE467A37EE667ADFEDAB5A9FEDDB
:109E8000AE6AE7EE256AF4EEC67AF1EE10FA94EDCA
:109E9000057AC4ED036A00F164819FEDA86A67EE5C
:109EA000867AF2EE086AF4EEE67AF1EE10FA88BFEE
:109EB000F0EE667A77EEC77ADFED9B6AA7EEA67AB8
:109EC00084ED057A94F832309A1E012A00F2198145
:109ED000944DD4ED026AD5ED057AF4EEE76AF1EE21
:109EE00010FA00F14181D5ED067AF4EEE76AF1EE61
:109EF00010FA00F3F98194ED046AD5ED037AB4EE1B
:109F0000E76AF1EE10FA00F3FD8194ED057AD5EDE4
:109F1000047AB4EEE77AF1EE10FA00F34A81F1EE3A
:109F2000675AB4EEE57AF1EE10FA00F14281032BA4
:109F300000F00382F7EE007AD5ED003A76EEE77A8C
:109F4000F4EEE37AF1EE10FA40F33E81012084F85A
:109F500033007B4B9FED7B7A1B8807EE903AF8EE3F
:109F6000677A67EE877AF4EEE73AF1EE10FA88BF87
:109F7000F0EE673A744A138801339BB2092B1380C1
:109F800000F25081D4ED087AD5ED014AF5EEC07AA1
:109F9000F1EE10FA00F14381F4EEE74AF1EE10FA27
:109FA0008CBFB0EE677AB0EE647A94ED056A95EDF9
:109FB000114AD5ED137AD5ED165A95ED175A37EEAD
:109FC000466A26EE044A74EE277AF4EEE57AF1EE5C
:109FD00010FA00F12181F4EEC57AF1EE10FA88BF93
:109FE000F0EE457A95ED103AC5ED137AB0EE670ABA
:109FF000A6EE030AF4EEC05AF1EE10FA00F3FE806A
:10A00000B4EEC05AF1EE10FA98BFB0EE450AB4EEC5
:10A01000C05AF1EE10FA00F2E480B5EEC06AF1EE3B
:10A0200010FA40F3DE8077EEC47AF4EEE75AF1EEF0
:10A0300010FA08DCB4EEE75AF1EE10FA8CBFF0EE3D
:10A04000675AF0EE455AC5ED135AF6EE007AF4EE73
:10A05000E76AF1EE10FA57D4012800F04281022895
:10A0600015D19FED3A6AF4EEC63AF1EE10FAF7EE2A
:10A07000007A98BFB0EE636AB4EEE76AF1EE10FAC8
:10A08000B8BFB0EE676AC6EE865A77EEE57A30EE74
:10A09000270ADFED2F7AB4EEE70AF1EE10FA00F1AD
:10A0A0001D81F6EE007A30EE670ADFED2A7AB4EE13
:10A0B000E70AF1EE10FA88BFB0EE670ADFED217A09
:10A0C00084ED090A74EEE74A1449B4EEE47AF1EE3D
:10A0D00010FA4CBF0123002384F83430BDE8384027
:10A0E00000F004BBDFED1C6A77EE454A37EEE56A07
:10A0F000A4EEA65AE6EE265A82ED005AC3ED005AA7
:10A100009EE6042B00D138BDBDE8384003499FEDE1
:10A11000120A002000F0EABA782300207C230020F5
:10A12000579AAF3BB42300209A99193E6840D3391F
:10A13000880100208401002091C2F5BFFFFFC740C5
:10A1400072230020CDCC4C3D7023002000007042D3
:10A15000B81E053F3333733F0AD7A33CBAEE087AE3
:10A1600089E6FAEE087AA5E6238E8E48042243F0AB
:10A170000103238684F8322000F09CFA94F83230F0
:10A18000042BC0D09A1E012ABED8D4ED026AD5EDA8
:10A19000003AF7EE007A76EEE77AF4EEE73AF1EE7F
:10A1A00010FA12D50120022B84F833007FF4E2AEBE
:10A1B000CFE6238E7B48042243F01003238684F8E5
:10A1C000322000F077FAD9E70223F7EE007A76EE34
:10A1D000A77AF4EEE37AF1EE10FA4CBF02200320E6
:10A1E000E1E7F4EEC05AF1EE10FAFFF62EAFB5EE4D
:10A1F000C06AF1EE10FA7FF528AF14E7F4EEC55A05
:10A20000F1EE10FA7BDBB5EEC06AF1EE10FAB0EEBB
:10A21000650A3FF708AFEAE7F0EE657AE2E69FED00
:10A22000627AC2E694ED046AD5ED094A95ED0B7A9F
:10A23000D5ED0E5A95ED0F5A33EEC66A002366EE41
:10A24000244A138034EE877AB4EEE57AF1EE10FA00
:10A2500063D4B4EEC57AF1EE10FA88BFB0EE457A59
:10A2600095ED084A85ED0B7AF0EE477AE6EE047A32
:10A27000F4EEE75AF1EE10FA52DCB4EEE75AF1EEE2
:10A2800010FA98BFF0EE457AB4EEE75AF1EE10FA04
:10A2900019D8B5EEC06AF1EE10FA14DD37EE647A23
:10A2A000F4EEC75AF1EE10FA08DCB4EEC75AF1EE3C
:10A2B00010FA8CBFF0EE475AF0EE455AC5ED0B5A36
:10A2C000C4ED087A60E6F4EEE75AF1EE10FAF7DB37
:10A2D000B5EEC06AF1EE10FAF2D5DFE79FED330A72
:10A2E000ECE6C3EEA67AD2E6238E2E48042243F093
:10A2F0000203238684F8322000F0DCF93EE7B0EE5A
:10A30000650A74E7238E2748042243F00803238656
:10A3100084F8322000F0CEF930E7B0EE657A9FE79E
:10A32000F4EEC55AF1EE10FA2EDBB5EEC06AF1EE8E
:10A3300010FAF0EE657AB1DCCAE71D4A1288B2F570
:10A34000FA6F11D9F6EE005AB4EEE56AF1EE10FAA2
:10A350000AD5DFED186A67EEA67AB4EEE77AF1EE79
:10A3600010FA14DCD4ED026AD5ED003AF7EE007A6B
:10A3700076EEE77AF4EEE37AF1EE10FA7FF725AFA6
:10A38000012084F83300F5E5F0EE657AA0E7238E2E
:10A390000448042243F02003238684F8322000F08E
:10A3A00089F9EBE67C230020000000000AD7A33CDB
:10A3B000722300209A99193F00F034BB2249234AA6
:10A3C00091F83230107FABB9002832D010B44FF082
:10A3D000020C1F4C81F832C00020002320805DF861
:10A3E000044B0886D36213635363D36413655365C8
:10A3F00000F052B9D8B1012BE8D0022B16D1144885
:10A40000DFED146A038892ED007A01339BB207EE08
:10A41000903AF8EE677A038067EEA67AF4EEC77A90
:10A42000F1EE10FAA4BF032381F832307047042BF9
:10A43000FCD0074B04484FF0010C0022A1F832C0B9
:10A440001A8000F037B900BF7C230020B42300201D
:10A4500072230020CDCC4C3D08B500F0E5FA054B49
:10A460001A7802B908BD00221A70BDE808400248F7
:10A4700000F058BA74230020B423002090B110B427
:10A48000094C84460FCCACE80F000FCCACE80F00B1
:10A490000FCCACE80F0094E803005DF8044B8CE8A7
:10A4A00003007047704700BF7C23002028B108B527
:10A4B00002496022F6F7A2F908BD7047B4230020D4
:10A4C00007EE900ADFED096A9FED097A094BF8EE75
:10A4D000677A67EEA67AF4EEC77AF1EE10FA88BFD3
:10A4E000F0EE477AC3ED007A704700BF6F12833AEF
:10A4F00000000442B423002007EE900ADFED096A51
:10A50000094BF8EE677AB2EE047A67EEA67AF4EEBB
:10A51000C77AF1EE10FA88BFF0EE477AC3ED017A00
:10A52000704700BF6F12833AB423002007EE900AF1
:10A530009FED0F7AF8EE677AF4EEC77AF1EE10FA33
:10A5400010D4DFED0C6A9FED0C7A0C4B67EEA67A07
:10A55000F4EEC77AF1EE10FA88BFF0EE477AC3ED59
:10A56000037A7047054BF7EE007AC3ED037A704724
:10A57000FFFF79446F12833A00000442B4230020A5
:10A5800007EE900A9FED0F7AF8EE677AF4EEC77A3D
:10A59000F1EE10FA10D4DFED0C6A0C4B67EEA67AE0
:10A5A000B2EE087AF4EEC77AF1EE10FA88BFF0EE58
:10A5B000477AC3ED047A7047DFED057A034BC3EDAC
:10A5C000047A70470000C8426F12833AB423002017
:10A5D000CDCCCC3D07EE900A9FED0F7AF8EE677A6E
:10A5E000F4EEC77AF1EE10FA10D4DFED0C6A9FEDAD
:10A5F0000C7A0C4B67EEA67AF4EEC77AF1EE10FAFD
:10A6000088BFF0EE477AC3ED027A7047054BF3EE50
:10A61000047AC3ED027A704700409C466F12833A79
:10A620000000F042B423002018B1084B01221A7731
:10A630007047074B054993F832200877042A00D069
:10A640007047012283F8322018867047B423002017
:10A650007C230020014B01221A70704774230020D4
:10A6600038B50B4D032104462846F9F76BFBC02192
:10A670002846F9F767FB2B6847F230514FF4827296
:10A68000C3F89C10C3F81C220CB1024BE36238BD26
:10A69000E80400203075040110B5054C0321204664
:10A6A000F9F736FB2046C021BDE81040F9F730BB72
:10A6B000E804002038B50B4D032104462846F9F77D
:10A6C00041FBC0212846F9F73DFB2B6847F230518A
:10A6D0004FF48272C3F89C10C3F81C220CB1024BD9
:10A6E000E36238BDE8040020307504019FED567A1E
:10A6F000DFED567AB4EEC70AF1EE10FA88BFB0EE7D
:10A70000470AB4EEE70AF1EE10FAB8BFB0EE670AF6
:10A71000022870B450D0032829D0012871D1F7EE57
:10A72000007A77EEC07A9FED4A7A67EE877AFCEE80
:10A73000E77A17EE903A9BB2B3F5E16F76D307EE66
:10A74000903A9FED447AF8EE677AF4EEC77AF1EE2C
:10A7500010FA88BFF0EE477AFCEEE77A17EE903AEF
:10A760009AB2144656084FF482752B4651E0DFED3D
:10A77000387A20EE270ABCEEC00A10EE103A9BB2DF
:10A78000B3F5827F5CD307EE903A9FED337AF8EE13
:10A79000677AF4EEC77AF1EE10FA88BFF0EE477AE6
:10A7A000FCEEE77A17EE903A9BB21D4641F27074C8
:10A7B00040F6B83622462CE0DFED257A20EE270A57
:10A7C000BCEEC00A10EE103A9BB2B3F5827F33D3D1
:10A7D00007EE903A9FED207AF8EE677AF4EEC77AAA
:10A7E000F1EE10FA88BFF0EE477AFCEEE77A17EE4A
:10A7F000903A9BB21D464FF4E1644FF461762246D5
:10A8000007E04FF4827547F2305443F698262B4602
:10A81000224612480068C0F89C40C0F8A860C0F802
:10A820001C5209B18A85CB8570BC70474FF4E16436
:10A830004FF46176224696E74FF482752B46DAE7AD
:10A840004FF482752B46B1E73333733F0AD7A33CED
:10A850000060EA460058E8460050DC46E804002064
:10A8600000F064BD002857D010B59CB004466C229F
:10A8700001A9002000F074FD00284BD127494FF6B4
:10A88000FF7301A80DF16E0C10F8012B534043F338
:10A8900000020A4082EA530242F300030B40C2F373
:10A8A0004E02534043F300020A40C3F34E035A40A2
:10A8B00042F300030B40C2F34E02534043F3000245
:10A8C0000A40C3F34E035A4042F300030B40C2F365
:10A8D0004E02534043F300020A40C3F34E035A4072
:10A8E00042F300030B40C2F34E02534060459BB25B
:10A8F000CAD10B4A019991420CD1BDF80820012A16
:10A9000008D1BDF86C209A4204D1602203A92046E8
:10A91000F5F774FF1CB010BD704700BF01A0FFFF2A
:10A9200052575055002862D010B59CB0044666229C
:10A9300000210DF10A00F5F78FFE2D48019001234B
:10A940006022214603A8ADF80830F5F757FF002232
:10A9500028490E924FF6FF7316920F92179210929B
:10A96000189201A80DF16E0C10F8012B534043F31F
:10A9700000020A4082EA530242F300030B40C2F392
:10A980004E02534043F300020A40C3F34E035A40C1
:10A9900042F300030B40C2F34E02534043F3000264
:10A9A0000A40C3F34E035A4042F300030B40C2F384
:10A9B0004E02534043F300020A40C3F34E035A4091
:10A9C00042F300030B40C2F34E02534060459BB27A
:10A9D000CAD10020ADF86C3000F000FD08B11CB009
:10A9E00010BD6C2201A900F04DFD1CB010BD7047D8
:10A9F0005257505501A0FFFF10B5064800F0BCFDAE
:10AA0000054B00241C70F7F785F9044B044A1C70B1
:10AA1000148010BD242500202025002014240020AF
:10AA200016240020704700BF10B5074C237813B1DF
:10AA3000064B198801B910BD0548FEF783FE0028B2
:10AA4000F9D1207010BD00BF14240020162400206E
:10AA5000182400202DE9F04FADF2D44D00278DF8D9
:10AA6000197000B119B90DF2D44DBDE8F08F022371
:10AA70000DF11902CDE900320A46B2AB0146BB48DE
:10AA800000F018FEB842EEDB9DF81930002BEAD03A
:10AA90009DF8C832B64C9DF8C912012BB3AD30AE4B
:10AAA0002BD0022B6ED070AB00934FF48472002336
:10AAB0000296FF20338001921A4600F067FD70B9BC
:10AAC000F7F728F900F1140803E0F7F723F98045B8
:10AAD00005D9318870A8FEF735FE0128F5D09DF81C
:10AAE00019200137FBB29A4205F58275BBD915F8DA
:10AAF000043C15F8031C012BD3D10DF1280A0023C7
:10AB000050460DF160080491ADF81A30ADF81C30D4
:10AB100035F8029CFFF7B2FC4046FFF7C7FC0DF189
:10AB2000200B5B460DF11A024946284600F046FF0D
:10AB3000002840F023819BF80030A3F10A021D2A6F
:10AB400000F2B580DFE812F0F102DE02C102AE02CF
:10AB5000A4029A02B3007C026902B3005B024D02B8
:10AB60003F022C021E0210020202F401E501DB0189
:10AB7000C401A601880175019400B300B300B300BD
:10AB8000680168010DF160080DF1200B4FF000091C
:10AB900035F802AC0497ADF820905F46C8F80090F5
:10ABA0008B4633463A465146284600F007FF0028B8
:10ABB00040F00083B6F802C0BCF1040F03D0BCF132
:10ABC000010F40F022833278002302E0192B00F0BD
:10ABD0009B8014F83310914204EBC30003F101038E
:10ABE000F4D183789B0740F18F804378634540F030
:10ABF0008B80BCF1010FC8F8009040F0AC80736806
:10AC00001B78C8F80030113A162A00F2DE8001A342
:10AC100053F822F097B100088DB10008CBAD0008C1
:10AC2000CBAD000883B10008CBAD0008CBAD000868
:10AC3000CBAD0008CBAD0008CBAD0008CBAD000814
:10AC4000CBAD0008CBAD000879B10008CBAD000852
:10AC50006FB10008CBAD000865B10008CBAD0008AE
:10AC6000CBAD0008CBAD0008CBAD0008A3AB00080E
:10AC7000D8ED047A9FED3F7ADFED3F6AF4EEC77AB4
:10AC8000F1EE10FAA8BFB0EE677AF6EE007AE7EEC2
:10AC9000267A222307AAFDEEE77A4FF48071CDEDE4
:10ACA000007A30A800F06AFE00283FF43AAF70AB9B
:10ACB0000DF11E0800934FF484720023CDF8088034
:10ACC0000499A8F80030FF2001921A4600F05EFCBB
:10ACD00000287FF404AFF7F71DF8B8F8001000F172
:10ACE000140970A8FEF72EFD01287FF4F8AEF7F7DF
:10ACF00011F881457FF6F3AEB8F8001070A8FEF7A2
:10AD000021FD0128F3D0EAE670AB0DF1280A00938B
:10AD10004FF484720023CDF808A05946AAF80030F9
:10AD2000FF2001921A46049F00F030FC00287FF4B7
:10AD3000D6AEF6F7EFFF00F1140804E0F6F7EAFFED
:10AD400080457FF6CCAEBAF8001070A8FEF7FAFC8A
:10AD50000128F3D0C3E643465146284600F062FE80
:10AD6000002840F0798232784DE700BF242500208A
:10AD7000A0BB00080000000000007A4470AA0DF19A
:10AD80001E08009200204FF48472CDF808800499C8
:10AD9000A8F80000BDF81C30019230AA00F0F6FBC4
:10ADA00000287FF49CAEF6F7B5FF00F1140904E02B
:10ADB000F6F7B0FF81457FF692AEB8F8001070A8A4
:10ADC000FEF7C0FC0128F3D089E670AB0DF1280A2C
:10ADD00000934FF484720023CDF808A05946AAF8D6
:10ADE0000030FF2001921A46049F00F0CFFB00289C
:10ADF0007FF475AEF6F78EFF00F1140804E0F6F765
:10AE000089FF80457FF66BAEBAF8001070A8FEF798
:10AE100099FC0128F3D062E6DAF8282000924FF47A
:10AE2000807107AA30A800F0A9FD00283FF479AE90
:10AE30003DE7DAED057A1FED317A5FED316AF4EE28
:10AE4000C77AF1EE10FAA8BFB0EE677AF6EE007A94
:10AE5000E7EE267A21231DE798ED037AB5EEC07A56
:10AE6000F1EE10FA40F2A4815FED3D6AF6EE007A51
:10AE7000E7EE267AFCEEE77A17EE903A009307AAFF
:10AE800020234FF4807130A800F078FD00283FF4B3
:10AE900048AE0CE79AED047AB5EEC07AF1EE10FAFE
:10AEA00040F284815FED4C6AF6EE007AE7EE267A96
:10AEB000FCEEE77A17EE903A009307AA1F234FF4AF
:10AEC000807130A800F05AFD00283FF42AAEEEE66B
:10AED000D8ED026A1FED587AF6EE007AE6EE877A30
:10AEE0001E2307AAFCEEE77A4FF48071CDED007ABD
:10AEF00030A800F043FD00283FF413AED7E6DAEDAA
:10AF0000076A1FED637AF6EE007AE6EE877A1D2374
:10AF1000E7E7BAF8063000931C230DEB03024FF469
:10AF2000807130A800F02AFD00283FF4FAADBEE69B
:10AF3000BAF80430009307AA1B234FF4807130A89D
:10AF400000F01CFD00283FF4ECADB0E6BAF802308A
:10AF5000009307AA1A234FF4807130A800F00EFD69
:10AF600000283FF4DEADA2E6BAF80030009307AA4D
:10AF700019234FF4807130A800F000FD00283FF441
:10AF8000D0AD94E69AF83330009307AA18234FF413
:10AF9000807130A800F0D0FC00283FF4C2AD86E6F6
:10AFA0009AF83230042B96BFBF4A0023D35C00933B
:10AFB00007AA17234FF4807130A800F0BDFC0028C9
:10AFC0003FF4AFAD73E6BAF83030009307AA16230A
:10AFD0004FF4807130A800F0D1FC00283FF4A1ADFF
:10AFE00065E698F81C30009307AA15234FF480718A
:10AFF00030A800F0A1FC00283FF493AD57E69AF882
:10B000003430009307AA14234FF4807130A800F065
:10B0100093FC00283FF485AD49E6D8ED017A9FED19
:10B02000A37ADFEDA36AF4EEC77AF1EE10FAA8BFB7
:10B03000B0EE677AF6EE007AE7EE267A122329E67A
:10B0400098ED007AB5EEC07AF1EE10FA40F2AC80DD
:10B05000DFED976AF6EE007AE7EE267AFCEEE77A05
:10B0600017EE903A009307AA11234FF4807130A88D
:10B0700000F084FC00283FF454AD18E6DAED076ACE
:10B080009FED8B7AF6EE007AE6EE877A0F2328E7BB
:10B09000DAED066A9FED867AF6EE007AE6EE877ABA
:10B0A0000E231EE7DAED057A9FED807ADFED806AE8
:10B0B000F4EEC77AF1EE10FAA8BFB0EE677AF6EEBA
:10B0C000007AE7EE267A0D23E4E59AED047AB5EEF0
:10B0D000C07AF1EE10FA65D9DFED756AF6EE007A06
:10B0E000E7EE267AFCEEE77A17EE903A009307AA8D
:10B0F0000C234FF4807130A800F040FC00283FF48E
:10B1000010ADD4E5DAED037A9FED687ADFED686A79
:10B11000F4EEC77AF1EE10FAA8BFB0EE677AF6EE59
:10B12000007AE7EE267A0B23B4E59AED027AB5EEC3
:10B13000C07AF1EE10FA33D9DFED5D6AF6EE007AEF
:10B14000E7EE267AFCEEE77A17EE903A009307AA2C
:10B150000A234FF4807130A800F010FC00283FF45F
:10B16000E0ACA4E5D8F80000FFF70AFA19E5D8F832
:10B170000000FFF7DBF914E5D8F80000FFF72AFA22
:10B180000FE598F80000FFF74FFA0AE5D8F800003D
:10B19000FFF7B2F905E5D8F80000FFF791F900E5EF
:10B1A0000023D3E70023A1E700235BE7002383E626
:10B1B000002363E60DF1280A049FCDF814B0FFF7D1
:10B1C00049FA70AB00934FF484720023CDF808A0C5
:10B1D0000599AAF80030184601921A4600F0D6F9EF
:10B1E00000287FF47CACF6F795FD00F1140804E02C
:10B1F000F6F790FD80457FF672ACBAF8001070A8A3
:10B20000FEF7A0FA0128F3D069E470AB0DF1280A2B
:10B2100000934FF48473CDF808A00246AAF800000A
:10B22000594601930346FF20049F00F0AFF9002820
:10B230007FF455ACF6F76EFD00F1140804E0F6F764
:10B2400069FD80457FF64BACBAF8001070A8FEF798
:10B2500079FA0128F3D042E470AB0DF1280A00938B
:10B260004FF48473AAF80090019300235946CDF857
:10B2700008A01A46FF20049F00F088F900287FF4F8
:10B280002EACF6F747FD00F1140804E0F6F742FD96
:10B2900080457FF624ACBAF8001070A8FEF752FA89
:10B2A0000128F3D01BE400BF98BB00080000000099
:10B2B00000007A4430B585B0F6F72CFD4FF60572E4
:10B2C0000023194DADF8082000F1C804ADF80C308A
:10B2D00017E0F7F7C3FE64220223009202A903AA33
:10B2E0002846FBF769F8034601224FF400414FF06E
:10B2F0009040A3B9F7F7B2FE9DF80D0010F00100E1
:10B300000BD0F6F707FD0346A3424FF000024FF4BF
:10B3100000414FF09040DCD9032005B030BDF7F775
:10B320009DFE012005B030BDC80600200B4808B5C1
:10B330004FF4E0620023C2604363FAF797FE08B15E
:10B34000012008BD01224FF400414FF09040F7F773
:10B3500085FEBDE80840FFF7ADBF00BFC80600206E
:10B3600030B583B009B115461AB90124204603B09F
:10B3700030BD030C032240BA8DF80420ADF806005E
:10B3800000224FF090400C464FF400418DF80530FC
:10B39000F7F764FE0422104864230DEB0201FAF76C
:10B3A000E3FE88B921460C4864232A46FBF7F4F9EA
:10B3B000044648B901224FF400414FF09040F7F79E
:10B3C0004DFE204603B030BD01224FF400414FF046
:10B3D0009040F7F743FEC8E7C806002070B584B078
:10B3E000002206234FF40041044664264FF09040AB
:10B3F0008DF808308DF80C20F7F730FE20480096C5
:10B40000012303AA02A9FAF7D7FF48BB0546012288
:10B410004FF400414FF09040F7F720FE20232A46DA
:10B420008DF80C304FF40041230C4FF0904064BA7B
:10B430008DF80D30ADF80E40F7F710FE042203A989
:10B440000F483346FAF790FE01224FF4004188B9C5
:10B450004FF09040F7F702FEFFF72CFF04B070BDED
:10B4600001224FF400414FF09040F7F7F7FD012023
:10B4700004B070BD4FF09040F7F7F0FDF7E700BF64
:10B48000C806002000296BD02DE9F04F154687B083
:10B49000002A61D0DFF8DC8006460F464FF0060A2E
:10B4A00030E0F7F7DBFD0221330C4A468DF814102B
:10B4B0008DF815304FF4004173BA4FF09040ADF85D
:10B4C0001630F7F7CBFD5B46042205A94046FAF794
:10B4D0004BFE002846D1224639465B464046FAF7E5
:10B4E00043FE01224FF4004100283BD14FF0904031
:10B4F000F7F7B4FDFFF7DEFE2D1BADB260BB2644AF
:10B50000274455B3F4B2C4F58074A4B2AC424FF0F2
:10B5100000034FF000024FF400414FF090404FF015
:10B52000640B28BF2C468DF810308DF80CA0F7F76F
:10B5300095FD04AA03A90123CDF800B04046FAF70F
:10B540003BFF814601224FF400414FF09040B9F19A
:10B55000000FA6D0F7F782FD012007B0BDE8F08FFD
:10B560000120704701224FF400414FF09040F7F75F
:10B5700075FDF1E7C806002030B10021A0F80811E0
:10B580004FF48472F5F768B8704700BFF8B5069CB1
:10B59000089E8C461146BDF81C20002C00F08480CB
:10B5A000002E00F081801F46002967D0B3F5807F10
:10B5B00077D803F10805ADB2023395429BB270D83B
:10B5C000002263F307021B0A63F30F2260F31742A2
:10B5D0006CF31F6245F2AA53C4F802202380002FA7
:10B5E00045D1082505230133314904EB030C2046DE
:10B5F0004FF6FF7310F8012B534043F300020A404B
:10B6000082EA530242F300030B40C2F34E0253405E
:10B6100043F300020A40C3F34E035A4042F30003CF
:10B620000B40C2F34E02534043F300020A40C3F3FF
:10B630004E035A4042F300030B40C2F34E02534004
:10B6400043F300020A40C3F34E035A4042F300039F
:10B650000B40C2F34E02534084459BB2CAD1AA1E8E
:10B660000020A35422441B0A53703580F8BD3A468B
:10B67000A01DF5F7C3F87B1D9BB2B4E7A3B9072A59
:10B680000FD93B46022262F3070367F30F2360F3EF
:10B6900017436CF31F63C4F8023045F2AA532380AA
:10B6A0009FE76FF00100F8BD4FF0FF30F8BD00BF1D
:10B6B00001A0FFFF2DE9F04F83B09DF83070002806
:10B6C00000F016819B460D9B002B00F01181144663
:10B6D0001A46002305461370002900F00C81BBF1C7
:10B6E000000F00F00281B5F808211319B3F5847F2B
:10B6F00000F20C814CB1A8182246F5F77FF8B5F896
:10B7000008311C44A2B2A5F80821052A4FF000090F
:10B7100040F20D81874CCA4645F2AA562B88B342A7
:10B7200040F08C80B5F802C0BCF1010F40F2B5804A
:10B73000BCF5817F00F2A0800CF106081FFA88F8A2
:10B74000904574D8A8F10203E9180CF1030015F82C
:10B7500003E04B78CDF804C080B201304EEA032EEE
:10B76000284429464FF6FF7311F801CB83EA0C0CED
:10B770004CF30003234083EA5C0343F3000C0CEA20
:10B78000040CC3F34E038CEA030343F3000C0CEAEE
:10B79000040CC3F34E038CEA030343F3000C0CEADE
:10B7A000040CC3F34E038CEA030343F3000C0CEACE
:10B7B000040CC3F34E038CEA030343F3000C0CEABE
:10B7C000040CC3F34E038CEA030343F3000C0CEAAE
:10B7D000040CC3F34E038CEA030343F3000C0CEA9E
:10B7E000040CC3F34E038CEA030388429BB2BBD123
:10B7F0007345DDF804C030D14F4510D909EB8913EA
:10B80000ACF102020BEB8300A9882BF8231092B253
:10B810004280002A52D109F101095FFA89F9B5F88D
:10B820000821904515D84ED30023A5F808310D9B6B
:10B8300083F80090504603B0BDE8F08F013A691CD0
:10B840002846F4F75BFFB5F80821013A92B2A5F853
:10B850000821052A3FF662AFE9E790455CD3B5F8C9
:10B860000821A2EB080292B2052AA5F808216FF080
:10B87000030A3FF653AFDAE7023AA91C2846F4F769
:10B880003DFFB5F808216FF0010A524492B2052A33
:10B89000A5F808213FF642AFC9E7023AA91C28469D
:10B8A000F4F72CFFB5F80821023A92B2052A6FF09E
:10B8B000020AA5F808213FF631AFB8E7A91D043008
:10B8C000F4F79CFFA7E7A2EB080205EB0801284666
:10B8D000F4F714FFB5F80821A2EB080292B2052A8A
:10B8E000A5F808213FF61AAFA1E7002F3FF4FBAE01
:10B8F0004FF0FF3A9EE7002CFAD1BBF1000F13D0B6
:10B90000B5F80821B2F5847F7FF6FFAE0023A5F8D5
:10B9100008316FF0010A8DE7A2EB080205EB080180
:10B920002846F4F7EBFE9AE7002FE9D0E0E7CA4695
:10B930007DE700BF01A0FFFF70B59DF81040C8B1C2
:10B94000C2B1B2F800C00CF1040E8E450FD80CF154
:10B95000010100F80C3045188444012646540023A8
:10B960006B708CF803401846A2F800E070BD6FF0D1
:10B97000010070BD4FF0FF3070BD00BFD8B1D2B133
:10B98000B2F800C030B50CF1070E8E4510D80CF19E
:10B990000101441800F80C30042584440023455468
:10B9A00063701846039BCCF80330A2F800E030BD6A
:10B9B0006FF0010030BD4FF0FF30704758B352B305
:10B9C0004BB3B2F800C08C4528D200B5A1EB0C0EE9
:10B9D0001FFA8EFEBEF1020F1AD910F80CE083F8A0
:10B9E00000E000EB0C0E0CF1030C1FFA8CFCBEF80F
:10B9F00001E0A3F802E0A1EB0C0189B28E4507D863
:10BA00006044E64458600020A2F800E05DF804FBC2
:10BA10006FF00200FAE74FF0FF3070476FF004005C
:10BA2000704700BF002B45D0002843D0C9B302297E
:10BA30003AD92DE9F0474FF00009CA46CC460AE052
:10BA4000BA4204D100EB0E08B1464FF0010A61453D
:10BA50001BD9022D15D900EB0C040CF1030EB4F820
:10BA6000016010F80C701FFA8EFE06EB0E05A1EBBC
:10BA70000E04A4B21FFA85FCA1EB0C05A642ADB2E0
:10BA8000DED96FF00200BDE8F087BAF1000F14D0E4
:10BA9000B9F1040F0BD1D8F800201A600020BDE8DE
:10BAA000F0876FF0040070476FF0020070476FF08E
:10BAB0000500E8E74FF0FF3070476FF00400E2E761
:10BAC000024B13B10248F4F75BBF7047000000005F
:10BAD0008D090008F8B500BFF8BC08BC9E46704749
:0CBAE000F8B500BFF8BC08BC9E467047DB
:10BAEC000000000001020304000000000000000040
:10BAFC000102030406070809010002000400060005
:10BB0C0008000A000C00100020004000800000011A
:10BB1C0008040204080101010101010307010000EE
:10BB2C005546344F5645520055463444696769743E
:10BB3C00616C506F77657200506F77657220436F40
:10BB4C006E66696700000000506F77657220496E61
:10BB5C0074657266616365006D5600006D4100008E
:10BB6C006D430000656E756D00000000626F6F6CB8
:10BB7C00000000006269746D61736B0061646300A6
:10BB8C007065726D696C6C65000000000102040840
:10BB9C000F0000000A04010064BB00080B04010044
:10BBAC0068BB00080C04010064BB00080D04010014
:10BBBC0068BB00080E0401006CBB00080F040100F8
:10BBCC006CBB00081104030064BB000812040300E2
:10BBDC0068BB00081401010070BB000815010300CC
:10BBEC0078BB00081604010080BB00081701010097
:10BBFC0080BB00081801010070BB0008190401008B
:10BC0C0088BB00081A04010088BB00081B04010053
:10BC1C0088BB00081C04010088BB00081D0401003F
:10BC2C006CBB00081E0403006CBB00081F04010061
:10BC3C0064BB00082004030064BB0008210401005D
:10BC4C0068BB00082204030068BB0008260401003E
:0CBC5C008CBB0008270403008CBB000810
:08BC68005046FF7F01000000BF
:08BC7000C1BA000869020008D6
:04BC7800410200087D
:10BC7C000024F4000100000010000000090743003C
:10BC8C00020104C032090400000102020100052473
:10BC9C000010010524010001042402020524060001
:10BCAC00010705820308001009040100020A0000C4
:10BCBC00000705010240000007058102400000005A
:10BCCC0009024300020100C0320904000001020213
:10BCDC0001000524001001052401000104240202C6
:10BCEC000524060001070582030800100904010061
:10BCFC00020A00000007050102400000070581024E
:10BD0C004000000009024300020100C03209040097
:10BD1C0000010202010005240010010524010001AC
:10BD2C000424020205240600010705820308001002
:10BD3C0009040100020A00000007050102000200CC
:10BD4C0007058102000200007D8C0008398C000878
:10BD5C00518B0008000000006D8A0008F98A000869
:10BD6C00CD8A000800000000000000000000000068
:10BD7C00A98A00089D8A0008B58A0008C18A0008B3
:10BD8C000A06000200000040010000001D97000898
:10BD9C00ED960008F1960008F9960008F596000853
:10BDAC001A0300000000000000000000000000006A
:10BDBC000000000000000000000000000403090463
:10BDCC001201000202020040D107222200020102ED
:10BDDC0003010000719700087D97000889970008FF
:10BDEC00A5970008F9970008C1970008DD9700088F
:0CBDFC00000000003333D33F3333D33F4B
:0400000508001C3D96
:00000001FF
